day,hour,cost_to_go,T1,T2,H,Occ1,Occ2,price_t,price_previous,vent_counter,low_override_r1,low_override_r2,current_time
0,0,53.75451083471953,21.0,21.0,40.0,32.969097664154,15.4710408718597,3.48812593193225,0.0,0,0,0,0
0,1,53.75451083471953,19.259381953283082,18.909420817437194,48.71922493648246,32.969097664154,15.4710408718597,3.48812593193225,3.48812593193225,0,0,0,1
0,2,53.75451083471953,17.56274080967607,17.374090213668598,58.35209347337499,34.098941577065816,19.416994739003783,2.237250383112821,3.48812593193225,0,1,1,2
0,3,47.09986319068779,19.272911408778356,19.07237404525661,68.14002304022256,33.61700679934285,20.76037968314361,1.1091079406719566,2.237250383112821,0,1,1,3
0,4,43.922833924697954,21.02690597664489,20.87471425928213,78.98910121625781,35.44515142724666,24.827505106282526,0.5295048776649726,1.1091079406719566,0,1,1,4
0,5,39.538814044164084,22.025669071430876,22.02126296208406,75.23967383725861,32.503181227782214,30.0,0.5480024850667341,0.5295048776649726,1,0,0,5
0,6,38.972321475557514,20.0253547643662,20.016462668766533,71.03588126398216,30.24481328432489,29.73411686413934,0.2832462843032866,0.5480024850667341,2,0,0,6
0,7,36.93860215815816,18.052032438742266,18.156427944342802,65.80461173374793,24.59216549300006,29.67855933903202,1.016859658699676,0.2832462843032866,3,0,0,7
0,8,33.456024312544514,16.21603590837599,16.179629849714775,60.00838268395103,25.69321559175705,25.438845242704595,1.7412889228068242,1.016859658699676,4,1,1,8
0,9,17.9338137588799,18.070992284355196,17.941275223925427,69.38258938756617,29.555435016300837,22.523491114894377,2.587035092277435,1.7412889228068242,4,1,1,9
1,0,122.58210639416271,21.0,21.0,40.0,25.7342414983848,16.144992366405123,3.0877237926443666,0.0,0,0,0,0
1,1,122.58210639416271,19.114684829967697,18.922899847328104,47.53826209566218,25.7342414983848,16.144992366405123,3.0877237926443666,3.0877237926443666,0,0,0,1
1,2,122.58210639416271,17.302330971862702,17.296435778180683,55.19141872958136,22.844535639400757,19.67300121570576,1.9380198740122785,3.0877237926443666,0,1,1,2
1,3,113.8176546937062,19.04789028395751,18.90608432835929,64.19587133470586,28.60173119013869,21.42300550499739,1.4607419500760848,1.9380198740122785,0,1,1,3
1,4,103.74108581040545,20.637725397590426,20.663470416990094,72.81074753653974,24.350130853755847,23.510292489765718,1.679428147216791,1.4607419500760848,0,1,1,4
1,5,82.42791492021273,21.821641522020062,21.566179012282593,67.9927544775367,34.47682771181968,22.089877515941293,2.66414636127409,1.679428147216791,1,1,1,5
1,6,55.81526594236899,22.730457068696058,22.59525996204609,62.68286142636451,32.21286023602414,21.62106725746368,3.326581122230468,2.66414636127409,2,0,0,6
1,7,47.175403795840204,20.659410869241853,20.397331246654456,58.28654075079517,37.02063365464495,21.88869592552539,4.319931073264391,3.326581122230468,3,0,0,7
1,8,36.227590787791314,18.544228919034364,18.329877070535787,53.52519174854169,35.76509059783254,21.116303834092516,5.473906504024445,4.319931073264391,4,0,0,8
1,9,36.227590787791314,17.27543173215104,17.012585289491955,65.10577819743516,40.34709562158727,23.989495761154217,5.904224431669166,5.473906504024445,4,1,1,9
2,0,54.45015513810219,21.0,21.0,40.0,27.721293233033787,22.818338600598924,2.160487259115344,0.0,0,0,0,0
2,1,54.45015513810219,19.154425864660677,19.05636677201198,49.09713373005388,27.721293233033787,22.818338600598924,2.160487259115344,2.160487259115344,0,0,0,1
2,2,54.45015513810219,17.465241147270408,17.4829168738033,58.49182733229344,26.389921148875032,25.80282108578918,0.7137980780762005,2.160487259115344,0,1,1,2
2,3,47.68680870789449,19.18276864088928,19.107127418149584,67.68950366257089,27.307563536933053,23.790638297941637,1.127224405034616,0.7137980780762005,0,1,1,3
2,4,41.84845214627744,20.90562790065472,20.80022912963293,77.22536708732025,29.69078795928531,23.286231067100054,0.9730594269361756,1.127224405034616,0,1,1,4
2,5,31.32926687245734,21.853278905746336,21.758750128071885,71.14749467672955,27.937397972883996,21.629977523834345,1.3148981592275122,0.9730594269361756,1,1,1,5
2,6,22.37496683790048,22.83323900157819,22.706613241387224,65.94872968949066,31.100262650557788,23.35104297589282,1.119287504319607,1.3148981592275122,2,0,0,6
2,7,21.106130235997803,20.5172968835056,20.499877741311153,59.46180637519686,25.032606994366216,22.26226348177931,0.6344183009513386,1.119287504319607,3,0,0,7
2,8,19.187029818509945,18.377139313497146,18.300769438583234,53.25517891327986,26.46592526731451,22.386144388702185,0.9595502087439296,0.6344183009513386,4,0,0,8
2,9,19.187029818509945,16.919516816798332,16.802172264667856,61.3280115242492,25.930922895586534,18.918147165354213,2.5247596241545507,0.9595502087439296,4,1,1,9
3,0,101.55767595643292,21.0,21.0,40.0,32.26903443186937,16.978933102062314,3.585774298766909,0.0,0,0,0,0
3,1,101.55767595643292,19.24538068863739,18.93957866204125,48.864634156107705,32.26903443186937,16.978933102062314,3.585774298766909,3.585774298766909,0,0,0,1
3,2,101.55767595643292,17.5616743986562,17.420512610182083,58.77483826478002,33.350904657636065,21.70578483498792,2.587347300506578,3.585774298766909,0,1,1,2
3,3,88.36626603945255,19.240563436160016,19.17787910299573,68.85379811521634,30.62293243831953,25.37128895299335,2.1985683194967263,2.587347300506578,0,1,1,3
3,4,76.102919167567,21.04804103108651,20.921672917762535,79.72314731807145,33.82197200642916,26.56330134276599,2.043891145314259,2.1985683194967263,0,1,1,4
3,5,62.35322540156072,22.125425665089686,22.048031592293153,76.56088787921502,35.765225339686424,30.0,1.7187117207507852,2.043891145314259,1,0,0,5
3,6,57.594913082663716,20.107119098553824,20.048862606590948,72.35971944071693,32.03362218255116,27.959886492459493,2.379156159448504,1.7187117207507852,2,0,0,6
3,7,51.5300352616574,18.235729424754552,18.12918653058755,67.61181945749844,31.57855164606743,25.377559558274285,3.032438910503157,2.379156159448504,3,0,0,7
3,8,44.629389573030124,16.45032174390809,16.303975211516025,63.775981048419766,35.46929499083572,26.55382495872718,3.450322844313641,3.032438910503157,4,1,1,8
3,9,23.54192795665763,18.263372508059646,18.221204825389623,74.49606348015257,31.929797814504514,27.62621569512222,3.5145769360620824,3.450322844313641,4,1,1,9
4,0,154.7356351755074,21.0,21.0,40.0,31.365327650566044,22.007154082152155,6.196280805323791,0.0,0,0,0,0
4,1,154.7356351755074,19.22730655301132,19.040143081643045,49.607046711889275,31.365327650566044,22.007154082152155,6.196280805323791,6.196280805323791,0,0,0,1
4,2,154.7356351755074,17.582244547932362,17.491791035446393,59.675716691222405,31.633591567781178,24.30346387295844,6.631269941074765,6.196280805323791,0,1,1,2
4,3,118.93547829267679,19.40407216590391,19.283038566540153,71.42871682747575,36.35146392844239,28.94298127296512,5.966692813805103,6.631269941074765,0,1,1,3
4,4,75.36221238502233,20.614056795039488,20.38643880962867,68.99888856706754,41.51534535158693,28.31894209058969,5.446658238456807,5.966692813805103,1,1,1,4
4,5,40.14735090450267,21.665174437505982,21.627070818224784,65.75638970120758,35.319450745222504,30.0,4.401857685064957,5.446658238456807,2,1,1,5
4,6,18.176129896074006,22.82327895752652,22.552722831916352,61.67321923477422,37.37420676699273,23.27484619726643,2.746402626053583,4.401857685064957,3,0,0,6
4,7,13.396997410929444,20.707975477382877,20.497970695058246,58.21242852263234,39.33264963313126,24.77406863274712,2.3895662425722803,2.746402626053583,4,0,0,7
4,8,13.396997410929444,19.369693841998167,19.244700341447274,70.30512040724344,38.29068417179338,28.890937409379404,2.1835716775522105,2.3895662425722803,4,0,0,8
4,9,8.967596129614668,17.265065494259122,17.175726139439583,66.76434399424842,35.002111755189766,28.660241505949053,2.214700640657388,2.1835716775522105,5,1,1,9
5,0,263.1974841922693,21.0,21.0,40.0,32.81367886473842,16.657447977782923,7.626198917282052,0.0,0,0,0,0
5,1,263.1974841922693,19.25627357729477,18.93314895955566,48.90480283165384,32.81367886473842,16.657447977782923,7.626198917282052,7.626198917282052,0,0,0,1
5,2,263.1974841922693,17.526190715182874,17.3902893842528,58.18749294771116,31.606218228676816,19.96428241608611,7.878775016079938,7.626198917282052,0,1,1,2
5,3,217.78688528848917,19.276562210123547,19.058614845162886,68.04928940948483,33.86182316647451,20.925934954490288,7.568433150630026,7.878775016079938,0,1,1,3
5,4,175.03110005239046,21.016457499369583,20.838185727939262,78.55745253781963,35.28074154611529,23.09794250018918,7.125964206016454,7.568433150630026,0,1,1,4
5,5,123.59354372484913,22.028798669297178,21.85245258271201,73.69741189507597,33.91224422051305,22.42086331979994,6.429694540942667,7.125964206016454,1,0,1,5
5,6,98.54461629062413,19.921122677878213,22.891712603711486,68.7747942881088,30.050576373092493,25.934881365978743,5.009785486844997,6.429694540942667,2,0,0,6
5,7,89.73551038841424,19.797076227706746,18.896104227888795,63.46076083796737,27.15033819019525,26.66058708679685,4.404552951104948,5.009785486844997,3,0,0,7
5,8,80.86249338485021,17.28568711167284,17.43521540001437,58.46542998320365,30.809830415752774,24.771664835559893,4.436508501782018,4.404552951104948,4,1,1,8
5,9,48.01063801327119,19.34908769072516,19.025977863384615,70.27040139514993,39.74787077635845,25.835303734454214,5.475309228596505,4.436508501782018,4,1,1,9
6,0,76.51628834608316,21.0,21.0,40.0,29.01257819165574,17.67497995388691,5.474584484043433,0.0,0,0,0,0
6,1,76.51628834608316,19.180251563833117,18.95349959907774,48.40376046619768,29.01257819165574,17.67497995388691,5.474584484043433,5.474584484043433,0,0,0,1
6,2,76.51628834608316,17.440608110918568,17.430995056586426,57.73349632378941,27.85689903172367,23.974966843785936,3.747444294252605,5.474584484043433,0,1,1,2
6,3,61.20776219158846,19.221730789761878,19.118642827064754,68.00556498806338,31.18282104234684,25.88422709250853,2.551421025749117,3.747444294252605,0,1,1,3
6,4,47.52558739744093,20.890152800374498,20.86113128782188,77.54140371591035,27.98713844472981,24.989743376642245,2.2803624656912547,2.551421025749117,0,1,1,4
6,5,35.011349619161855,21.981978909446322,21.822430984971916,72.8269998816591,32.77745991641811,24.364741004408312,1.5642797222848843,2.2803624656912547,1,1,1,5
6,6,25.682134467625776,22.929638997864625,22.84292914892884,68.16439305801254,32.079336702378924,25.35062538847351,1.1661518939420097,1.5642797222848843,2,0,0,6
6,7,21.854109515615868,20.739594944127116,20.65546588158133,63.19344673073677,30.61203285489704,25.1049319935709,1.914012476004954,1.1661518939420097,3,0,0,7
6,8,17.56355081020692,18.616927667942328,18.56340473704902,58.447753917795765,30.453227872145572,26.515145389293345,2.145279352704473,1.914012476004954,4,0,0,8
6,9,17.56355081020692,17.239418638051635,17.200688389347434,68.91671645358218,30.45012968760041,27.7107732889908,2.16845960480527,2.145279352704473,4,1,1,9
7,0,262.9586632840194,21.0,21.0,40.0,30.779173783334635,20.680614680722343,7.845378414083635,0.0,0,0,0,0
7,1,262.9586632840194,19.215583475666694,19.013612293614447,49.262761923530256,30.779173783334635,20.680614680722343,7.845378414083635,7.845378414083635,0,0,0,1
7,2,262.9586632840194,17.550517869063643,17.35387967486956,58.11454585737656,31.01902742537257,18.15754998488469,7.8555193269582,7.845378414083635,0,1,1,2
7,3,218.77814727697478,19.268053317723382,19.093935960420303,68.31552102443551,34.16376251975196,22.508321741686643,7.363419334507431,7.8555193269582,0,1,1,3
7,4,179.86013099458185,21.09269060451214,20.899862623181882,79.84769515109312,38.16039673152284,25.90723730546388,6.486336047065486,7.363419334507431,0,1,1,4
7,5,126.08288115108749,22.144179897946714,21.96555062466907,75.92689694068889,36.68750221857296,24.863618834736847,6.722156230436796,6.486336047065486,1,0,1,5
7,6,91.76469369336368,20.137540209408233,23.032335288647534,72.36695919000292,35.74779326113881,27.808108123939096,6.86363749154476,6.722156230436796,2,0,0,6
7,7,77.99602706877769,20.1269192840974,19.11609693952504,69.10942189872846,36.17754748869626,29.05835644866782,6.884333312292993,6.86363749154476,3,0,0,7
7,8,65.28497473470783,17.682815607516158,17.784004204310538,66.3736770242022,39.11882801297138,29.015922684104915,6.355526167034934,6.884333312292993,4,1,1,8
7,9,31.999509205689566,19.58994119264925,19.45218552749037,78.14026879928726,35.36995430602813,30.0,5.547577588169711,6.355526167034934,4,1,1,9
8,0,71.43906578584175,21.0,21.0,40.0,32.21736375634937,19.458250283585784,2.6155685206487416,0.0,0,0,0,0
8,1,71.43906578584175,19.244347275126987,18.989165005671715,49.30161052718833,32.21736375634937,19.458250283585784,2.6155685206487416,2.6155685206487416,0,0,0,1
8,2,71.43906578584175,17.5536214361425,17.488215197723108,59.355382527134005,31.47616742569292,24.378121462894168,1.0817492472498542,2.6155685206487416,0,1,1,2
8,3,65.61058985309808,19.361916438763984,19.252478879751408,70.71475542908586,34.780299379992755,28.32732785307307,0.9714126554572792,1.0817492472498542,0,1,1,3
8,4,56.77607806683773,20.400134448265028,20.233379239751837,65.57108477163821,32.368354523625115,22.389030712776854,1.104313973282543,0.9714126554572792,1,1,1,4
8,5,43.59743599417892,21.525790721819583,21.44452723994885,62.40379378499277,36.150887258824426,29.586385037589807,1.6473302590823506,1.104313973282543,2,1,1,5
8,6,32.487850385172266,22.651446242526493,22.520543677326305,59.09212757334362,36.34963410056533,28.58555361249489,1.3886982011258318,1.6473302590823506,3,0,0,6
8,7,29.12814867601623,20.445702399757238,20.321222339088166,53.33264010251982,29.761861114551024,21.574319603094565,1.679850854578018,1.3886982011258318,4,0,0,7
8,8,29.12814867601623,18.930750061128492,18.879253863135087,61.741893266619556,25.580041971796938,21.138031162090503,2.113517757771345,1.679850854578018,4,0,0,8
8,9,29.12814867601623,17.51275106314744,17.45792959231588,71.88567914887919,29.933941262016344,26.420424750537165,2.6739149201227184,2.113517757771345,4,1,1,9
9,0,163.11316947886178,21.0,21.0,40.0,33.24437219818739,19.98399187856279,4.816835470534411,0.0,0,0,0,0
9,1,163.11316947886178,19.26488744396375,18.999679837571257,49.581105533815034,33.24437219818739,19.98399187856279,4.816835470534411,4.816835470534411,0,0,0,1
9,2,163.11316947886178,17.49365050940033,17.404208131024973,58.08753008683389,27.85407359904675,19.40384058439131,3.2669729024753416,4.816835470534411,0,1,1,2
9,3,147.10047705941926,19.09811742414377,19.11403235135496,66.99291484850224,25.01012455105857,24.464235235987815,2.6687820699070857,3.2669729024753416,0,1,1,3
9,4,131.69417218065024,20.95168503413475,20.80053746683937,77.57581240610489,33.056264888307936,25.737610431706766,2.567717479794837,2.6687820699070857,0,1,1,4
9,5,106.87146626997956,21.96907399724012,21.95280482773048,73.91102780332514,33.02704542917933,29.946373444266555,3.102838238833836,2.567717479794837,1,1,1,5
9,6,70.19118657712173,23.06911337590115,22.96728584666322,70.67140232414258,35.33541400454128,30.0,4.58503496160723,3.102838238833836,2,0,0,6
9,7,58.218440085147854,21.010795112722022,20.814923263829815,67.43934224071302,38.349224682063095,27.028219298883776,5.986373245986933,4.58503496160723,3,0,0,7
9,8,45.550040214091496,18.987281174534623,18.824846998732042,64.89148518041836,40.11917920538199,29.059392681869905,6.334199935528179,5.986373245986933,4,0,0,8
9,9,45.550040214091496,17.756276853184524,17.547117706027905,78.01248977949496,42.89446999487001,30.0,5.905328841960904,6.334199935528179,4,1,1,9
10,0,84.6231662579367,21.0,21.0,40.0,25.90433139596119,21.46027891507768,3.540414306427775,0.0,0,0,0,0
10,1,84.6231662579367,19.118086627919226,19.029205578301553,48.525629855987,25.90433139596119,21.46027891507768,3.540414306427775,3.540414306427775,0,0,0,1
10,2,84.6231662579367,17.520030440883517,17.361826924433377,57.83797104307545,30.489310191965156,21.24591862519289,1.297423150968267,3.540414306427775,0,1,1,2
10,3,80.31734539607561,19.276691005092715,19.118224791892303,68.51786032649848,34.814540824005924,24.518177417233144,0.7176368103101821,1.297423150968267,0,1,1,3
10,4,73.82546960669136,21.12381389406782,20.94792847230017,80.49603189860704,38.858330954607,27.68706666821836,1.0819792982307084,0.7176368103101821,0,1,1,4
10,5,64.02608952911073,22.196815559756175,22.049812518932008,77.16587966959523,37.41046049216204,27.422027124438983,1.224922509697578,1.0819792982307084,1,0,0,5
10,6,60.456538625982674,20.241893627636408,20.06158667004335,73.69951491133878,37.64807241751762,26.427678925502114,1.7847754515640313,1.224922509697578,2,0,0,6
10,7,55.610556097563745,18.36639900471789,18.250339543186772,70.02327966164998,35.70869080442363,27.201113363971903,2.4229912642094638,1.7847754515640313,3,0,0,7
10,8,49.91491056863232,16.644426961744195,16.487646364099252,67.54766558658852,39.57992180521409,30.0,2.8478227644657115,2.4229912642094638,4,1,1,8
10,9,29.315962136681033,18.527731719735936,18.44024498796381,79.55835378617903,36.72604555328055,30.0,3.4331580719918824,2.8478227644657115,4,1,1,9
11,0,77.81099073098918,21.0,21.0,40.0,34.82587986096777,15.596075442048257,4.799463810209832,0.0,0,0,0,0
11,1,77.81099073098918,19.296517597219356,18.911921508840965,49.07595195454289,34.82587986096777,15.596075442048257,4.799463810209832,4.799463810209832,0,0,0,1
11,2,77.81099073098918,17.53096206546597,17.393368765696664,58.27526444554273,31.8779489654034,19.22934265126242,3.0888686722699545,4.799463810209832,0,1,1,2
11,3,64.86365171168525,19.272338177586565,19.029533875364987,67.77372495931408,33.48666984206323,19.282555234444267,2.157889836550654,3.0888686722699545,0,1,1,3
11,4,52.402954964799264,20.95911785054163,20.773512346085738,77.4535413304281,33.34954868670936,20.42720893059076,2.0767827911476653,2.157889836550654,0,1,1,4
11,5,40.89434453741442,21.8477543532275,21.815470610815222,71.61956964450617,27.660324605054164,23.26205491760185,1.4385763034231056,2.0767827911476653,1,1,1,5
11,6,29.9596137424667,22.694025476715254,22.68234574252689,64.53478840893945,22.52084021289357,21.452597367291343,1.3668413493684646,1.4385763034231056,2,0,0,6
11,7,26.925687207932903,20.507842476982244,20.33969320524944,57.84531090353846,27.3761145069524,18.79345490748656,1.5169632672668991,1.3668413493684646,3,0,0,7
11,8,22.309702192741103,18.215351953555857,18.178233895395827,50.453852748402255,23.323909449951604,18.945767465958323,2.307992507595899,1.5169632672668991,4,0,0,8
11,9,22.309702192741103,16.707176707482464,16.706409396988214,58.056774081754384,21.41679412453456,20.82165772742172,3.1948679005549963,2.307992507595899,4,1,1,9
12,0,38.15939190286093,21.0,21.0,40.0,26.68594523517113,17.989768671675385,3.320456356147975,0.0,0,0,0,0
12,1,38.15939190286093,19.133718904703425,18.959795373433508,48.041628503232374,26.68594523517113,17.989768671675385,3.320456356147975,3.320456356147975,0,0,0,1
12,2,38.15939190286093,17.39715829982498,17.40985551154767,57.11597892230178,26.19352513331667,24.21953275040224,1.379961674883056,3.320456356147975,0,1,1,2
12,3,31.92579956953933,19.231407323211847,19.076674753102424,67.62059750663646,32.9525812324119,25.406410902780777,1.0389320555536008,1.379961674883056,0,1,1,3
12,4,24.648016732725193,20.950046061233536,20.92457865607363,78.52806337463066,32.095695704802225,28.501336895165583,1.212963806135689,1.0389320555536008,0,1,1,4
12,5,16.283639932363435,21.980705737764303,21.930878318551795,73.77916790166276,29.91198137187892,27.03859933385496,1.0455471000452197,1.212963806135689,1,1,1,5
12,6,8.382701123630827,22.875909115806206,22.942248764526088,68.658757968493,26.158520167291893,28.728091315098357,0.9876173510915758,1.0455471000452197,2,0,0,6
12,7,6.324634924145508,20.587006272427864,20.738169076745137,62.68956551073374,20.808959032893394,29.362193979555126,1.02903309974266,0.9876173510915758,3,0,0,7
12,8,4.574110224730866,18.47582310348091,18.46466651836588,56.351360009428845,23.20573386964927,24.915346678656856,0.8752623497073209,1.02903309974266,4,0,0,8
12,9,4.574110224730866,17.047152323021436,17.086058646122964,66.00098456439417,25.91552896350606,27.693496341856868,0.434782182388589,0.8752623497073209,4,1,1,9
13,0,151.59905649791165,21.0,21.0,40.0,29.72369114070828,15.898684800310212,4.21110481848003,0.0,0,0,0,0
13,1,151.59905649791165,19.194473822814167,18.917973696006207,48.21202766938333,29.72369114070828,15.898684800310212,4.21110481848003,4.21110481848003,0,0,0,1
13,2,151.59905649791165,17.536817816914052,17.315488841640192,57.54065446355119,33.51982753892794,18.305876873115736,3.424457236432632,4.21110481848003,0,1,1,2
13,3,131.40494721398466,19.11804403469671,19.120556240187042,67.05306477284032,28.020524147543284,24.82619979295188,3.3656848806544994,3.424457236432632,0,1,1,3
13,4,106.8068917815943,20.876708559463047,20.75899044209323,76.3730017906637,28.812825331466435,22.964602545330152,4.099675905398395,3.3656848806544994,0,1,1,4
13,5,72.54671317835209,21.821732847703768,21.86000907033308,71.49082537076474,28.031045814821496,28.179085185739893,4.282522325405276,4.099675905398395,1,1,1,5
13,6,44.18154735229691,22.799655205748113,22.84799206826032,66.69754130074213,26.85649546185668,29.847481926906653,3.5456457282568987,4.282522325405276,2,0,0,6
13,7,36.57515780402552,20.662847571190536,20.66448467204658,62.12889680078315,28.57253350987129,29.37944149035664,3.803194774135694,3.5456457282568987,3,0,0,7
13,8,27.631989451505362,18.588132215267805,18.589759042640782,57.909835182115074,29.894102118510705,30.0,4.471584176260079,3.803194774135694,4,0,0,8
13,9,27.631989451505362,17.242687286119168,17.196001469165743,68.38580656024446,30.254864713342,27.944976276265702,4.6814320876455815,4.471584176260079,4,1,1,9
14,0,280.14180454494,21.0,21.0,40.0,26.261996141262443,21.0592616014806,6.718174782949236,0.0,0,0,0,0
14,1,280.14180454494,19.12523992282525,19.021185232029612,48.517826393693746,26.261996141262443,21.0592616014806,6.718174782949236,6.718174782949236,0,0,0,1
14,2,280.14180454494,17.570890894040453,17.3888198851944,58.53787142210776,33.165643814379706,22.501273010142626,7.095742357852822,6.718174782949236,0,1,1,2
14,3,233.97264140011686,19.301850767461467,19.1733648485563,69.30984642409005,34.49983332225874,25.34447224430956,7.694860524137188,7.095742357852822,0,1,1,3
14,4,191.66693748746277,21.044637273419696,21.025825013356254,80.62606874570497,32.86790178674952,30.0,7.050950652109013,7.694860524137188,0,1,1,4
14,5,138.4964214677342,22.151535324810162,22.073546492935172,77.11236881290304,33.99720182290064,29.8155763281998,6.646314502466072,7.050950652109013,1,0,0,5
14,6,125.76850804961803,20.13803823961458,20.102448769774938,73.25358917367151,32.42248732052146,29.47318135041445,6.363956709058075,6.646314502466072,2,0,0,6
14,7,111.60806212060537,18.303445542427536,18.212094773748955,69.17681547358009,32.89298551828559,27.79160503676208,7.0802229645063335,6.363956709058075,3,0,0,7
14,8,97.79976105596452,16.497313406525787,16.27011775817345,64.23912762521888,34.3158890617833,21.585845113987737,6.904150532320421,7.0802229645063335,4,1,1,8
14,9,55.07623091761467,18.291613758985374,18.146145721083045,74.43146228139557,33.65270902180258,22.97137240140121,7.120588356391643,6.904150532320421,4,1,1,9
15,0,326.791140133368,21.0,21.0,40.0,27.966960170684136,18.15766526431868,7.050567612508024,0.0,0,0,0,0
15,1,326.791140133368,19.159339203413683,18.963153305286376,48.302432578300504,27.966960170684136,18.15766526431868,7.050567612508024,7.050567612508024,0,0,0,1
15,2,326.791140133368,17.558086371394566,17.3140283399951,57.72796742996174,33.754886275556096,18.60919623367299,7.3089941957224385,7.050567612508024,0,1,1,2
15,3,279.80750002676723,19.185010260257965,19.1243056733046,67.71637343939324,31.09362215775104,24.397522339090624,7.830606684433463,7.3089941957224385,0,1,1,3
15,4,231.164167010439,21.080495080615474,20.863692376747267,79.23990972417641,37.885175012142064,26.134471014431107,8.107222169388034,7.830606684433463,0,1,1,4
15,5,165.53338297365428,22.086162641995735,21.99742002354126,75.47554353974644,35.054679672512414,27.36550819176548,8.20384800459809,8.107222169388034,1,0,1,5
15,6,128.31405221107676,20.052458039319877,22.954696983664896,70.66291915575974,31.40786162982004,25.18866957025388,7.443866152515507,8.20384800459809,2,0,0,6
15,7,113.97631455587639,19.843030223004007,19.01124233920129,65.22472475980602,25.58847613483113,27.532666109870476,7.168868827600191,7.443866152515507,3,0,0,7
15,8,99.46285457915589,17.274202646868027,17.60189593387528,60.32131246300813,26.092153906678394,30.0,7.25672998836025,7.168868827600191,4,1,1,8
15,9,53.96796548203016,19.334721014863828,19.103934769203473,71.44150778521775,34.2013879395368,27.577474961627782,7.582481516187621,7.25672998836025,4,1,1,9
16,0,207.0414427045107,21.0,21.0,40.0,34.62841056110579,15.575079902738878,7.829453572332031,0.0,0,0,0,0
16,1,207.0414427045107,19.292568211222118,18.91150159805478,49.036628283492036,34.62841056110579,15.575079902738878,7.829453572332031,7.829453572332031,0,0,0,1
16,2,207.0414427045107,17.59821416619066,17.373942355730204,58.701763295261685,35.31239211518222,18.38280239464918,7.930253572494083,7.829453572332031,0,1,1,2
16,3,168.27974622592956,19.287372553133252,19.05604339499562,68.18673077048724,33.81239940752076,18.88186434373233,6.4602827464301935,7.930253572494083,0,1,1,3
16,4,135.25297375645232,20.950466064350444,20.806772744981924,77.75151910501,31.89615815503073,21.24155481454018,5.504462078246204,6.4602827464301935,0,1,1,4
16,5,96.33013487131605,21.960569364290823,21.740184182720718,72.05597490289695,32.433039984202544,19.258381115169357,4.865354860642032,5.504462078246204,1,1,1,5
16,6,53.8201704847958,22.835426692831955,22.7229662151777,66.30540734419037,30.157268695613837,21.228467089349618,5.313745548315031,4.865354860642032,2,0,0,6
16,7,43.608044519494996,20.656771309569802,20.512492753769482,61.037109589741036,31.48292371505573,22.58208876022572,5.106062982650403,5.313745548315031,3,0,0,7
16,8,32.81461981889676,18.438486019543056,18.472425700762138,55.69558438981484,27.062693804896934,26.59549952884645,5.396712350299118,5.106062982650403,4,0,0,8
16,9,32.81461981889676,16.99105470142825,16.97848527703958,64.11175103117796,23.437928671026736,23.31855266987953,6.212880434788941,5.396712350299118,4,1,1,9
17,0,75.21316900303114,21.0,21.0,40.0,25.81871451238587,16.634519240858396,2.162420574632746,0.0,0,0,0,0
17,1,75.21316900303114,19.11637429024772,18.93269038481717,47.64158207558397,25.81871451238587,16.634519240858396,2.162420574632746,2.162420574632746,0,0,0,1
17,2,75.21316900303114,17.382145859313844,17.337459713132375,56.28930012919906,26.516221983085657,21.52665609255376,0.0,2.162420574632746,0,1,1,2
17,3,75.21316900303114,19.06006620231753,18.971407129042426,65.01244674424899,26.782585747821816,21.67933989134448,0.0,0.0,0,1,1,3
17,4,72.11361726728528,20.773389176547344,20.57050699735247,73.38388655570697,28.990997005707317,17.517001946836952,0.5165919559576447,0.0,0,1,1,4
17,5,61.512538812220626,21.714352848745254,21.59690539932775,67.53096001015075,29.866339952854123,20.95073479405577,1.3251348068830813,0.5165919559576447,1,1,1,5
17,6,42.682385433828756,22.75483833102305,22.528042634691843,62.45569689219343,34.11946184014111,21.0179652823182,2.353769172298984,1.3251348068830813,2,0,0,6
17,7,37.24617554929005,20.465352227398533,20.370792523904832,56.42097206200833,28.96850244820124,20.838581828548215,2.718104942269352,2.353769172298984,3,0,0,7
17,8,30.275926810287004,18.355737009955565,18.27883403255406,51.290647189412965,30.047536454031103,24.783992031550195,3.485124369501524,2.718104942269352,4,0,0,8
17,9,30.275926810287004,16.85221508991681,16.822943615559478,59.29574186399632,23.54493328550933,20.92781490662042,4.446323825838461,3.485124369501524,4,1,1,9
18,0,197.66528268138012,21.0,21.0,40.0,34.443744382523725,18.677464581644607,5.439305139141203,0.0,0,0,0,0
18,1,197.66528268138012,19.288874887650476,18.973549291632892,49.5618176135503,34.443744382523725,18.677464581644607,5.439305139141203,5.439305139141203,0,0,0,1
18,2,197.66528268138012,17.571494775311347,17.515530586613608,59.78810178830429,32.17039161744754,24.64229824229684,5.173678751356942,5.439305139141203,0,1,1,2
18,3,172.35954484500135,19.434041245002533,19.147545954762716,70.4861729242241,37.29897793767242,22.13475059521549,4.217622972729792,5.173678751356942,0,1,1,3
18,4,136.49739914610308,20.374781738673107,20.240642842960703,65.44544607120515,33.166834700111565,22.16246056089426,4.482768212362283,4.217622972729792,1,1,1,4
18,5,95.13524644360896,21.426547142998977,21.306716578486053,60.29118868371181,31.351090865406764,23.34747920407466,5.170269087811764,4.482768212362283,2,1,1,5
18,6,48.36450708205341,22.391508175194996,22.330873635978204,54.853188840241856,28.975704260183488,24.14651883165008,5.846342420194445,5.170269087811764,3,0,0,6
18,7,37.02641669985599,20.36655675954194,20.169020120196482,50.65339631776001,35.39375135420171,24.60740129867693,5.669045191098707,5.846342420194445,4,0,0,7
18,8,37.02641669985599,18.962580033485136,18.898807239396174,61.39901727818587,32.92479175960908,26.77310246497904,5.452723249038635,5.669045191098707,4,0,0,8
18,9,37.02641669985599,17.656905844763234,17.50901527864996,72.88376224819073,36.07762946962353,27.72650925262572,5.09481180561829,5.452723249038635,4,1,1,9
19,0,76.641230652474,21.0,21.0,40.0,27.195361581889124,23.8040828251533,2.545518663374168,0.0,0,0,0,0
19,1,76.641230652474,19.143907231637783,19.076081656503067,49.17989999326764,27.195361581889124,23.8040828251533,2.545518663374168,2.545518663374168,0,0,0,1
19,2,76.641230652474,17.551462326097315,17.50220692202259,59.44970500203058,30.267313050831127,26.78715922007411,0.3549780248563962,2.545518663374168,0,1,1,2
19,3,76.641230652474,19.159663622094538,19.2444731533773,68.82090684113064,24.28029346821377,27.78193897123093,0.0,0.3549780248563962,0,1,1,3
19,4,72.37779660263547,20.93559452393641,20.9618452175824,79.15566486385332,27.41532234845933,30.0,0.7105723416397536,0.0,0,1,1,4
19,5,64.27322440710921,21.984531493391387,21.95220846983053,74.44837085692348,29.202045367427065,27.97965459407385,1.0130715244407815,0.7105723416397536,1,1,1,5
19,6,47.903842995959636,23.07623885041132,22.8633740736421,70.2172934713067,35.477716024779184,24.34963183290538,2.046172676393698,1.0130715244407815,2,0,0,6
19,7,40.23019996339619,20.805245956569166,20.704358972000723,64.9241813739783,31.08223794740131,22.84491706744089,3.836821516281724,2.046172676393698,3,0,0,7
19,8,32.369198730684325,18.741199237840647,18.596710220782104,60.668874810542206,34.2152484678489,25.47749284639502,3.9305006163559337,3.836821516281724,4,0,0,8
19,9,32.369198730684325,17.25784858709894,17.20270851592403,70.04551389252939,28.50838907949843,23.58405026487481,4.076617915245646,3.9305006163559337,4,1,1,9
20,0,131.84045947458358,21.0,21.0,40.0,34.03487760059643,23.695520081705304,4.413504388883472,0.0,0,0,0,0
20,1,131.84045947458358,19.28069755201193,19.07391040163411,50.39147158281431,34.03487760059643,23.695520081705304,4.413504388883472,4.413504388883472,0,0,0,1
20,2,131.84045947458358,17.630752155860794,17.535067547226863,60.58021625569502,32.24508737946167,24.35904969209785,3.656268232980983,4.413504388883472,0,1,1,2
20,3,118.2917641503261,19.287488204926348,19.24482266864239,70.19656629242833,28.496356407223654,24.927810463516977,2.2581158873762464,3.656268232980983,0,1,1,3
20,4,100.14037550356032,20.397014219881612,20.326134195332838,66.52449218382688,33.55845294528952,29.37446867359129,2.2689235808457227,2.2581158873762464,1,1,1,4
20,5,80.42488232776594,21.456640679581792,21.478753888841304,62.31684936677297,29.957539905256056,30.0,2.464436646974297,2.2689235808457227,2,1,1,5
20,6,48.3992396925877,22.518422686473365,22.45229789973737,57.476638638442495,29.708907464702243,26.73436626679511,4.00320532939728,2.464436646974297,3,0,0,6
20,7,38.04651829264675,20.412745389865552,20.227466336449456,52.20701565734592,32.15673728843194,21.90091281658705,5.176360699970475,4.00320532939728,4,0,0,7
20,8,38.04651829264675,18.961957125805256,18.83858296951711,61.55746976247089,30.44743043317154,21.49953681752274,5.582599594033492,5.176360699970475,4,0,0,8
20,9,38.04651829264675,17.521497289256175,17.313941263109637,70.56073373127677,31.12327340584094,18.89485975419172,5.259059928808536,5.582599594033492,4,1,1,9
21,0,88.44466166435065,21.0,21.0,40.0,34.599403986625305,23.335456982769287,2.858771193312025,0.0,0,0,0,0
21,1,88.44466166435065,19.29198807973251,19.066709139655387,50.428274974491025,34.599403986625305,23.335456982769287,2.858771193312025,2.858771193312025,0,0,0,1
21,2,88.44466166435065,17.73435533804549,17.629347836118626,62.36484783455082,37.47192643224938,28.842367234749485,0.8403912450439786,2.858771193312025,0,1,1,2
21,3,87.33030229246056,19.710166357052636,19.4367124553504,75.90945320507352,45.24780761401495,30.0,0.1857265619816808,0.8403912450439786,0,1,1,3
21,4,75.67990474446171,20.91777683491245,20.58865608225587,74.30893930949911,47.49971781369669,26.941871655334356,1.4562996934998558,0.1857265619816808,1,1,1,4
21,5,56.08052693954795,22.004810388197402,21.783726775412312,71.43497538329842,41.67892950288291,25.687937573779973,2.44992222561422,1.4562996934998558,2,0,1,5
21,6,41.03091035363839,20.00952266786886,22.917899160600204,68.29462081428133,36.89217430811269,28.99474475290343,3.009923317181913,2.44992222561422,3,0,0,6
21,7,34.49745717885053,19.981807982041037,19.023788447213864,64.86418009735128,34.2753293503886,30.0,3.2667265873939293,3.009923317181913,4,0,0,7
21,8,34.49745717885053,18.158916173269468,18.388926421701267,76.18074060549844,32.86978060081759,30.0,3.187670722431196,3.2667265873939293,4,0,0,8
21,9,27.969845094798327,16.2203240825187,16.158604521139114,70.82226478878053,26.599923791479128,26.96409944897689,3.2638060420261024,3.187670722431196,5,1,1,9
22,0,73.29375009983595,21.0,21.0,40.0,28.166889866459577,18.23033519432189,2.6887926733070837,0.0,0,0,0,0
22,1,73.29375009983595,19.16333779732919,18.96460670388644,48.35150051094067,28.166889866459577,18.23033519432189,2.6887926733070837,2.6887926733070837,0,0,0,1
22,2,73.29375009983595,17.36929593942902,17.306742342591587,55.96818635890426,24.211783810544198,18.10313756703134,0.7776770281755178,2.6887926733070837,0,1,1,2
22,3,66.99591946644654,19.08466086536438,18.97250923638662,65.2754989599211,29.126588814660344,22.580703413210927,1.0496384388982352,0.7776770281755178,0,1,1,3
22,4,61.00459425293551,20.777714863056794,20.72302578187808,74.85039517052708,28.80529816515105,24.38856967154888,0.9985542022518386,1.0496384388982352,0,1,1,4
22,5,56.58319176648142,21.873570654520474,21.695730471169682,70.04941430814128,33.18678140820518,23.474436022984865,0.5526753108067615,0.9985542022518386,1,1,1,5
22,6,44.054620933750506,22.789833469192914,22.693574216618575,64.68874436235444,30.516199506748173,23.035634127769363,1.5660713540913638,0.5526753108067615,2,0,0,6
22,7,39.693354694074614,20.710657027892466,20.548919362512482,60.84063785130118,35.74286794254805,26.212095884933824,2.1806331198379447,1.5660713540913638,3,0,0,7
22,8,33.47786212109392,18.646317122082213,18.567460266986945,57.49337382101879,35.553164894724866,29.18425715926184,3.107746286490346,2.1806331198379447,4,0,0,8
22,9,33.47786212109392,17.356338997086272,17.26532325503293,69.32542900825614,35.73363992909633,30.0,4.690460433701024,3.107746286490346,4,1,1,9
23,0,111.14650527334092,21.0,21.0,40.0,25.76796364159105,19.968384727961094,5.173609915985651,0.0,0,0,0,0
23,1,111.14650527334092,19.11535927283182,18.999367694559222,48.23254270651938,25.76796364159105,19.968384727961094,5.173609915985651,5.173609915985651,0,0,0,1
23,2,111.14650527334092,17.482457367932682,17.400306977080938,57.81682514539924,29.54670338300439,23.69931016632816,3.286395155416964,5.173609915985651,0,1,1,2
23,3,98.16943282289726,19.027008347351188,19.141410676491127,66.45089693499445,21.739602451765208,26.227463045985957,2.162845408407277,3.286395155416964,0,1,1,3
23,4,91.78810081964554,20.739472117632538,20.779446798084784,75.28828131370287,22.69090546100109,26.405674420712387,1.0635553338752883,2.162845408407277,0,1,1,4
23,5,79.30328720089315,21.773126050942444,21.690391131315852,69.38800096709252,27.045561924466508,23.508436149920485,1.5606017023440475,1.0635553338752883,1,1,1,5
23,6,55.480019893960616,22.681345229251605,22.74047849704446,64.32992532746489,26.75863675896801,28.47427635421184,2.9779084133665665,1.5606017023440475,2,0,0,6
23,7,45.46149975255061,20.604033283812896,20.49923301186397,59.57385803593384,30.631875924912688,26.27886134435924,5.009260070705006,2.9779084133665665,3,0,0,7
23,8,34.220493463478924,18.478986103071556,18.405556255578425,54.52959049917634,30.27656062484088,25.03306417095077,5.620503144535842,5.009260070705006,4,0,0,8
23,9,34.220493463478924,17.11653696060284,17.001093662181205,64.49216476879262,31.11062373234024,24.237011098861345,5.905771797368791,5.620503144535842,4,1,1,9
24,0,175.8826905002856,21.0,21.0,40.0,28.419619496676518,21.42062755476349,5.087325733921341,0.0,0,0,0,0
24,1,175.8826905002856,19.168392389933533,19.028412551095272,48.971244469259204,28.419619496676518,21.42062755476349,5.087325733921341,5.087325733921341,0,0,0,1
24,2,175.8826905002856,17.53519924347207,17.538588276091353,59.609903892621446,30.516954707366715,28.586708755756867,5.010087191728491,5.087325733921341,0,1,1,2
24,3,146.45678761812866,19.241882818181647,19.231520899876983,69.44155021631012,27.543758889885048,27.076498463940936,4.904317147026156,5.010087191728491,0,1,1,3
24,4,117.99659706628061,21.01849727475016,20.938386200016076,79.7502396033066,30.71573955284951,26.55475704157539,4.743365091974677,4.904317147026156,0,1,1,4
24,5,81.19523923729179,22.062761901513397,21.893626131261527,74.73828398304971,32.573795038310955,22.91534040470633,4.600169728623603,4.743365091974677,1,0,1,5
24,6,59.56484458996307,19.880091316069812,22.887359120352254,68.79859484537141,26.254353342943705,24.080707003287944,4.326078929465744,4.600169728623603,2,0,0,6
24,7,51.13872399261736,19.757499510509984,18.881068397506564,63.360665712876894,25.91757725826013,27.205038672325863,4.2130602986728585,4.326078929465744,3,0,0,7
24,8,42.4305091259249,17.17906663472195,17.40248283815152,57.55351914417935,26.523532237626466,24.547875714053824,4.354107433346229,4.2130602986728585,4,1,1,8
24,9,19.592903390364313,19.098754925596513,18.85171862916205,66.66592217635606,29.81251653007518,20.81194475979547,3.806267622593431,4.354107433346229,4,1,1,9
25,0,50.346011685742354,21.0,21.0,40.0,32.18852103928587,21.555851194735737,3.82053127158419,0.0,0,0,0,0
25,1,50.346011685742354,19.24377042078572,19.031117023894716,49.67398700212389,32.18852103928587,21.555851194735737,3.82053127158419,3.82053127158419,0,0,0,1
25,2,50.346011685742354,17.60567989960589,17.46619694036851,59.66298202960666,32.82918286729137,22.66523395205737,1.782093593711708,3.82053127158419,0,1,1,2
25,3,46.00354670396892,19.361816639614943,19.294216307149252,71.15376791631655,34.654980191227864,29.182719179382627,0.7237441636289053,1.782093593711708,0,1,1,3
25,4,42.07487637809611,20.425830620761207,20.333611750093958,66.80619061559833,32.402537313734385,26.77758879338659,0.4910837907341021,0.7237441636289053,1,1,1,4
25,5,37.75664284462872,21.490527094769842,21.398402253652183,61.886379777845036,30.99528800863112,25.005762892739455,0.5397791916834228,0.4910837907341021,2,1,1,5
25,6,29.481887870397383,22.562683071892426,22.383299407021326,57.19989436585038,33.82417956350818,23.473123703188172,1.0343443717789171,0.5397791916834228,3,0,0,6
25,7,25.74025396049136,20.410124936658992,20.340357789662896,53.12308905392126,33.43176362829917,27.252651305427925,1.8708169549530116,1.0343443717789171,4,0,0,7
25,8,25.74025396049136,19.139862994391063,18.907688648152995,63.80345198398577,35.995287064157075,23.34006254731237,2.24619696437095,1.8708169549530116,4,0,0,8
25,9,25.74025396049136,17.726147095904434,17.557557871840086,74.8403201587043,36.61400535039012,24.70192895360177,2.925182112335702,2.24619696437095,4,1,1,9
26,0,248.9482270671706,21.0,21.0,40.0,27.940953683034884,18.170431886567712,6.965563246551776,0.0,0,0,0,0
26,1,248.9482270671706,19.1588190736607,18.963408637731355,48.300049402528465,27.940953683034884,18.170431886567712,6.965563246551776,6.965563246551776,0,0,0,1
26,2,248.9482270671706,17.46055131655773,17.3408949776891,57.09171335809904,28.87827550665968,19.96430202428799,8.037966652431532,6.965563246551776,0,1,1,2
26,3,201.5734585867244,19.03170670589832,18.988935697628094,65.05447177606217,24.08547113150123,20.152075634960617,7.895794746741033,8.037966652431532,0,1,1,3
26,4,156.1227854346355,20.698787411229258,20.621051320355857,73.29712512213958,25.160444128521195,20.632074460797707,7.57511219201482,7.895794746741033,0,1,1,4
26,5,96.31727962871014,21.60131812380489,21.647926140271487,67.08093800336286,23.81730049550588,24.981659955734564,7.475688225740667,7.57511219201482,1,1,1,5
26,6,38.786961020657934,22.606395513329858,22.618732412505512,61.98821079686249,26.86221960127477,28.178184807056525,7.191289826006526,7.475688225740667,2,0,0,6
26,7,27.20829369003646,20.463441120320752,20.44429803479754,57.06563522403589,28.3788960253002,27.606795236774268,5.789333665310738,7.191289826006526,3,0,0,7
26,8,18.662108638116695,18.43842073195449,18.38349386945735,53.04148771065957,32.005223833362955,28.97173442565745,4.273092525959882,5.789333665310738,4,0,0,8
26,9,18.662108638116695,17.13902887661179,17.085395501697416,64.4724906136312,33.50557168317574,30.0,3.819352347703983,4.273092525959882,4,1,1,9
27,0,116.02868990972861,21.0,21.0,40.0,33.71081447619661,15.18451614086729,2.9478453291346094,0.0,0,0,0,0
27,1,116.02868990972861,19.274216289523935,18.903690322817347,48.8011595110715,33.71081447619661,15.18451614086729,2.9478453291346094,2.9478453291346094,0,0,0,1
27,2,116.02868990972861,17.504148437252063,17.436814050920752,58.39747011428719,31.118722750848004,22.19411393368359,1.4201837540545412,2.9478453291346094,0,1,1,2
27,3,111.39172901405975,19.32120765562035,19.147470548389393,69.26246956579978,35.02898961023811,25.332118453720696,0.772826815944811,1.4201837540545412,0,1,1,3
27,4,108.45920507357388,20.965594714532457,20.98140897145285,79.52051751756395,29.40224952501167,27.586905762567007,0.4887539900809765,0.772826815944811,0,1,1,4
27,5,99.99708302785076,21.895131485026138,22.0157569044275,74.179091396541,23.695129474110423,29.96361429798427,1.0577652557153892,0.4887539900809765,1,1,0,5
27,6,88.73914876690226,23.008664260533894,19.941805962343935,70.25512744786698,31.53353361847768,30.0,2.2515868521897,1.0577652557153892,2,0,0,6
27,7,83.14845321268172,18.982166725819752,19.911006650693256,65.6261872615489,28.588938597036996,29.02806036786257,2.7953477771102757,2.2515868521897,3,0,0,7
27,8,74.50714944393545,17.760456539444256,17.268664697474698,61.78488227443941,36.32487164849459,25.66787842311929,4.320651884373138,2.7953477771102757,4,1,1,8
27,9,42.024429521720435,19.345531748152695,19.157760839117145,72.24732531044916,37.44505330735414,20.67963022603335,5.413786653702503,4.320651884373138,4,1,1,9
28,0,241.27617057037995,21.0,21.0,40.0,25.97211810438348,22.462361213165437,6.63486851691597,0.0,0,0,0,0
28,1,241.27617057037995,19.11944236208767,19.04924722426331,48.71820627715881,25.97211810438348,22.462361213165437,6.63486851691597,6.63486851691597,0,0,0,1
28,2,241.27617057037995,17.551136119118507,17.349931100760028,58.030117376247375,31.42300871233525,20.309830727045707,6.234863696921138,6.63486851691597,0,1,1,2
28,3,207.11310089746314,19.22603539624754,19.109449630910156,68.0195299092752,32.17204991842274,23.324686376176302,5.693844945486135,6.234863696921138,0,1,1,3
28,4,172.30939350953915,20.97982424111965,20.831423399214618,78.13463818268156,32.68193726934052,23.513108694028084,5.800617897987333,5.693844945486135,0,1,1,4
28,5,124.41524915605156,21.95365963651004,21.973294180236095,74.03742487706447,30.9076613166444,29.66337587437175,5.98676804418595,5.800617897987333,1,1,1,5
28,6,80.09776684237333,23.15182150773682,22.964184035976853,71.47314885484377,39.08735543210727,30.0,5.539685289209778,5.98676804418595,2,0,0,6
28,7,68.92763632854474,21.004587173160076,20.884456385653976,68.16620421046476,36.89126004702173,28.070158595317093,5.585065256914295,5.539685289209778,3,0,0,7
28,8,55.8354028233168,18.974221541296178,18.790646088806906,64.68006828537393,37.47332298216413,26.4925885451091,6.546116752613965,5.585065256914295,4,0,0,8
28,9,55.8354028233168,17.597350595437945,17.50142882693181,76.34234705249149,36.17007890387185,28.620358691225714,7.114802477509094,6.546116752613965,4,1,1,9
29,0,144.74105798276275,21.0,21.0,40.0,30.31986999720141,18.504111555298973,6.086083192820235,0.0,0,0,0,0
29,1,144.74105798276275,19.20639739994403,18.97008223110598,48.78831667945007,30.31986999720141,18.504111555298973,6.086083192820235,6.086083192820235,0,0,0,1
29,2,144.74105798276275,17.48838229431698,17.4281140385726,58.17599043357589,29.355941699133417,22.79780137934336,5.850459089465539,6.086083192820235,0,1,1,2
29,3,114.96213075335147,19.28863453898445,19.044167625124594,68.01628138377644,33.897826292914075,20.770456763755654,4.963154538235211,5.850459089465539,0,1,1,3
29,4,90.42517244219854,20.892874993125506,20.837207425482628,77.42263385234168,29.353947902146498,22.9035658121048,4.089493051858822,4.963154538235211,0,1,1,4
29,5,65.5322431752608,21.957354479988993,21.813907219321752,72.58162978578778,32.2231214224641,24.21574487445868,3.1116161583672173,4.089493051858822,1,1,1,5
29,6,43.2202156517879,22.902800617928527,22.81946174022919,67.73477124479021,31.362497116938822,25.04384432196351,2.789003440434112,3.1116161583672173,2,0,0,6
29,7,37.9729117719752,20.6771694248146,20.644277034663226,62.50877250938842,28.597354849302185,25.702652176243443,2.6236519399063525,2.789003440434112,3,0,0,7
29,8,29.0153797803632,18.623570562005373,18.500210652078696,57.85039534474991,32.057420772528616,25.396039423924105,4.478765995805999,2.6236519399063525,4,0,0,8
29,9,29.0153797803632,17.198504487859466,17.088263105372146,67.3973676193782,30.20060131615604,22.83813354288997,5.009997585552624,4.478765995805999,4,1,1,9
30,0,123.74699450486786,21.0,21.0,40.0,26.98377311064561,24.58554254525746,4.959174443712167,0.0,0,0,0,0
30,1,123.74699450486786,19.139675462212914,19.09171085090515,49.28247681806255,26.98377311064561,24.58554254525746,4.959174443712167,4.959174443712167,0,0,0,1
30,2,123.74699450486786,17.526688304369042,17.45579837860454,58.81931959819316,28.623212673727974,24.359247215886565,4.803832261004551,4.959174443712167,0,1,1,2
30,3,97.80151157314111,19.237461964570443,19.197786543499266,69.04710580835925,29.934077220474578,26.886957280448097,4.32424715528779,4.803832261004551,0,1,1,3
30,4,74.148278106588,20.987627744623566,20.902399466414433,79.06314602271185,30.2506065420194,25.394061315495023,3.9422055777588527,4.32424715528779,0,1,1,4
30,5,44.4114285058795,22.07048437000182,22.006001585010956,75.67360743879433,34.502563422680495,30.0,3.7171062000885615,3.9422055777588527,1,0,0,5
30,6,37.75819359551563,20.061899555844402,19.949642264563604,70.95794758686284,31.85766469186392,25.277558352961115,3.3266174551819354,3.7171062000885615,2,0,0,6
30,7,31.697157546333727,18.12128638095403,18.027230421749145,65.43241829626183,29.51130285750289,23.12464552804701,3.0305180245909504,3.3266174551819354,3,0,0,7
30,8,27.200631037528634,16.163984968229926,16.068994116169424,58.657552184335515,25.92778512908729,19.76740313798875,2.2482632544025463,3.0305180245909504,4,1,1,8
30,9,15.966718693979594,17.81596700316233,17.817034000546677,65.93612240370659,20.90400706520915,19.53249415351907,1.87231872392484,2.2482632544025463,4,1,1,9
31,0,225.13180945440345,21.0,21.0,40.0,33.50093312201388,19.75388834365709,7.58331455309953,0.0,0,0,0,0
31,1,225.13180945440345,19.27001866244028,18.995077766873145,49.58586786382077,33.50093312201388,19.75388834365709,7.58331455309953,7.58331455309953,0,0,0,1
31,2,225.13180945440345,17.636841654281298,17.43292759867354,59.63520183260029,35.07472468689059,20.75490847299558,8.229294183696464,7.58331455309953,0,1,1,2
31,3,178.40801502911455,19.45840628172416,19.228872945670204,71.42427569984005,40.01511622740632,25.479738590592348,7.787299070881485,8.229294183696464,0,1,1,3
31,4,115.20251926994678,20.550093363399434,20.304125557789135,67.67659247901807,39.127130658378846,23.38574033705456,7.900686969895974,7.787299070881485,1,1,1,4
31,5,59.486554157795766,21.59611532609229,21.494290623356438,63.80238099280446,35.29534420432466,26.514591983377496,6.964495639018876,7.900686969895974,2,1,1,5
31,6,20.710471241410556,22.57951408028915,22.512580663354612,58.79894549506365,30.205255422380155,25.331214034615343,4.847010364548152,6.964495639018876,3,0,0,6
31,7,13.686007045733945,20.39299275839794,20.44418774549236,54.31891083693715,28.444251899297225,30.0,3.512232097838306,4.847010364548152,4,0,0,7
31,8,13.686007045733945,19.02479164306934,18.992130744711883,64.02135847583197,27.38380349710275,26.51868338564631,2.823222914886224,3.512232097838306,4,0,0,8
31,9,13.686007045733945,17.62552320102644,17.51229538553028,73.99334618343926,30.775617979549487,24.624313729379868,2.5918647187003905,2.823222914886224,4,1,1,9
32,0,260.77840684681246,21.0,21.0,40.0,31.66212388872196,21.294204847178563,7.35711691912836,0.0,0,0,0,0
32,1,260.77840684681246,19.23324247777444,19.02588409694357,49.532139172462095,31.66212388872196,21.294204847178563,7.35711691912836,7.35711691912836,0,0,0,1
32,2,260.77840684681246,17.614518195347294,17.515691696551144,60.17379471395684,33.58600460806516,25.53430395579454,7.848297385853472,7.35711691912836,0,1,1,2
32,3,208.23831277190047,19.24889031034387,19.181140687118464,69.15806533636521,27.39124660607387,22.521367962861547,8.75668234581866,7.848297385853472,0,1,1,3
32,4,153.89641098944827,20.966943129685063,20.892745917558386,78.94332391248663,29.544326299916992,24.818221345202023,9.0569836304087,8.75668234581866,0,1,1,4
32,5,85.7829431673366,21.95889488745874,21.800151703721532,72.94257018081238,29.522964985285064,20.472847616524625,8.51418347776396,9.0569836304087,1,1,1,5
32,6,29.425611198729616,22.86411756515898,22.73489130758182,67.08537264691934,29.81790383442188,20.97544319950564,7.044666496075872,8.51418347776396,2,0,0,6
32,7,20.489060702176097,20.57073396151486,20.59688932371652,61.473318575176606,26.392940455279607,25.76231470170524,4.468275248276759,7.044666496075872,3,0,0,7
32,8,15.32421515392731,18.512575610011535,18.426337891435047,56.39709970819689,29.52583645073378,25.606280954934427,2.582422774124393,4.468275248276759,4,0,0,8
32,9,15.32421515392731,17.09678305478444,16.983480833782686,65.58296711320841,28.995636761621714,22.036959932886727,2.258648202625749,2.582422774124393,4,1,1,9
33,0,283.7007045746276,21.0,21.0,40.0,26.00162013788841,16.797779870414136,7.6579645831349055,0.0,0,0,0,0
33,1,283.7007045746276,19.12003240275777,18.935955597408284,47.70389200149446,26.00162013788841,16.797779870414136,7.6579645831349055,7.6579645831349055,0,0,0,1
33,2,283.7007045746276,17.36796755420864,17.212245673434058,55.04100001855842,25.654478662441235,15.107232543469667,9.65702320297105,7.6579645831349055,0,1,1,2
33,3,222.71694502750725,19.05477067910966,18.89959916669345,64.19929325650526,30.48690535495586,20.3925015225266,10.16395992452006,9.65702320297105,0,1,1,3
33,4,166.58021488607557,20.78851796594137,20.62379142222632,73.8109902293846,31.98110819399595,21.417208322000366,9.356121690238613,10.16395992452006,0,1,1,4
33,5,97.61399420596553,21.778497576119154,21.79510396819176,69.76500631439981,31.24811173442331,29.60753318232789,8.620777585013757,9.356121690238613,1,1,1,5
33,6,36.423504942019385,22.705489512550056,22.7937692616482,64.51216277326571,24.74389293996263,29.406976275959007,7.648811157993268,8.620777585013757,2,0,0,6
33,7,25.058261125195585,20.620384233731283,20.52387397289925,59.49779879230988,29.48853623324298,25.987219428113484,5.6826219084119005,7.648811157993268,3,0,0,7
33,8,16.372778071127975,18.52906018231655,18.513566984025225,55.54426004605378,31.79577150725637,29.57345768020978,4.342741527033804,5.6826219084119005,4,0,0,8
33,9,16.372778071127975,17.17740972226755,17.127494100753257,65.91180617549742,30.16282877349672,27.434649723412427,3.5323790611115102,4.342741527033804,4,1,1,9
34,0,134.52754591684345,21.0,21.0,40.0,28.28820844287196,17.71995470429493,5.676146240065776,0.0,0,0,0,0
34,1,134.52754591684345,19.16576416885744,18.9543990940859,48.28146936649004,28.28820844287196,17.71995470429493,5.676146240065776,5.676146240065776,0,0,0,1
34,2,134.52754591684345,17.48445383417334,17.404198382273265,57.87470865429316,30.23951126885254,23.056262552275875,4.332161365992684,5.676146240065776,0,1,1,2
34,3,112.84469792225963,19.273000215044984,19.175629701435085,68.98298671902101,33.892506687075425,27.820149228079316,3.613807999097305,4.332161365992684,0,1,1,3
34,4,94.5995998605328,21.03707509537772,21.009194137770002,80.29681572423722,32.85460558453446,30.0,3.040849676954469,3.613807999097305,0,1,1,4
34,5,72.05335084362078,22.043009225149472,22.06602018826064,75.93460788680696,29.18325577808365,29.91558956952605,2.8182811271140045,3.040849676954469,1,0,0,5
34,6,64.15896899494386,20.081719891988243,19.98244303318508,71.42893596474495,31.460250574350667,26.841572080860384,3.947190924338456,2.8182811271140045,2,0,0,6
34,7,55.678835707241284,18.166820411319033,18.039707563665804,65.99927627607984,30.50667627495129,22.661881010242528,4.240066643851292,3.947190924338456,3,0,0,7
34,8,47.765825257503664,16.38076157136058,16.23126335945469,62.165932286415355,35.70929057264517,26.327687262552125,3.956505224868811,4.240066643851292,4,1,1,8
34,9,24.832043081582626,18.33411713437133,18.136856652473213,73.91598619803729,38.6917872801413,26.5862900066472,3.8222970293201737,3.956505224868811,4,1,1,9
35,0,200.43015475666994,21.0,21.0,40.0,33.91127088394596,20.42283520936855,4.080045843852792,0.0,0,0,0,0
35,1,200.43015475666994,19.27822541767892,19.008456704187374,49.78013909679661,33.91127088394596,20.42283520936855,4.080045843852792,4.080045843852792,0,0,0,1
35,2,200.43015475666994,17.595448750349885,17.533109990328168,60.183734345406805,32.48061004231343,25.317141338854327,4.290070929384669,4.080045843852792,0,1,1,2
35,3,171.3912004714747,19.357221431601566,19.21229072839613,70.43670975551856,32.57129553060911,24.38967897001181,4.839825714199206,4.290070929384669,0,1,1,3
35,4,126.40995265737664,20.42461669589122,20.356223730672433,66.9825333289854,34.86853655302945,29.27492774400851,5.622655976762259,4.839825714199206,1,1,1,4
35,5,79.85350258155025,21.602574820581683,21.476569261606052,63.60133084388471,35.9375237549187,28.61135132785524,5.8195562594783,5.622655976762259,2,1,1,5
35,6,33.74615949762731,22.64126978962839,22.604515670830825,60.072332922296965,33.72778932451251,30.0,5.763417885490367,5.8195562594783,3,0,0,6
35,7,23.811277965386868,20.602467129652922,20.49766674232592,56.713983770762155,35.233584597671275,29.44225344935753,4.967440766120221,5.763417885490367,4,0,0,7
35,8,23.811277965386868,19.40214212721559,19.157941236979102,69.17495791586106,41.50484223058399,27.72279190885437,5.014560465496604,4.967440766120221,4,0,0,8
35,9,23.811277965386868,18.021721156787436,17.886682834860668,81.68261036034174,39.950943737389096,29.536014287503573,5.234779722672472,5.014560465496604,4,0,1,9
36,0,209.35929216065642,21.0,21.0,40.0,27.685076794675016,24.52235008408805,7.375738873931075,0.0,0,0,0,0
36,1,209.35929216065642,19.1537015358935,19.090447001681763,49.39733683817735,27.685076794675016,24.52235008408805,7.375738873931075,7.375738873931075,0,0,0,1
36,2,209.35929216065642,17.553631872257775,17.452158340575316,59.04053736894024,29.797915439657466,23.7754208423586,6.794390280786736,7.375738873931075,0,1,1,2
36,3,169.63519278823514,19.283985766946145,19.06723291929429,68.32329659078084,31.96531496180538,19.60556960397569,6.620683228736877,6.794390280786736,0,1,1,3
36,4,128.89588229112934,20.96236662307418,20.742975705225085,77.35781441730197,32.20630215506365,17.985463547831475,6.7898850828509705,6.620683228736877,0,1,1,4
36,5,79.99628955255844,21.89895845274213,21.739171043377123,71.51901525352646,31.087897218617087,19.807662982630116,6.112449092321362,6.7898850828509705,1,1,1,5
36,6,36.256401721319016,22.93800941913937,22.64401245818251,66.48836323085743,36.2409628645229,19.144303676204725,5.467485978904927,6.112449092321362,2,0,0,6
36,7,27.372090546583216,20.667773719923943,20.538426017932686,61.36109189563514,32.86291604800712,21.985576534091265,4.4421555873679,5.467485978904927,3,0,0,7
36,8,20.181808993048442,18.471931452292843,18.491289807191354,56.19117358472948,27.79193136217813,26.81963357723485,3.5951407767673875,4.4421555873679,4,0,0,8
36,9,20.181808993048442,17.181621171469384,16.978182027838486,65.89600194630302,31.89864748896018,22.017065630892795,3.3091032055361915,3.5951407767673875,4,1,1,9
37,0,172.46300096866418,21.0,21.0,40.0,33.93792267834392,22.819069160221524,7.953062398517254,0.0,0,0,0,0
37,1,172.46300096866418,19.27875845356688,19.05638138320443,50.21625853094178,33.93792267834392,22.819069160221524,7.953062398517254,7.953062398517254,0,0,0,1
37,2,172.46300096866418,17.612575337076454,17.46458674333511,59.76477634642296,31.89120346981068,21.156117727307,8.053705764268091,7.953062398517254,0,1,1,2
37,3,126.61067596955635,19.35545603587445,19.09689676210889,69.37963044656408,34.281824353146646,19.13403175874846,7.64205416651797,8.053705764268091,0,1,1,3
37,4,86.74152361332574,20.970969870258266,20.894942411068023,79.04009154521091,30.674495195905592,22.994733129910152,6.644858726038436,7.64205416651797,0,1,1,4
37,5,51.271959924324314,21.958678215419358,21.770644130896297,72.72141141368414,29.385835469428915,18.843719355422373,4.433695461125177,6.644858726038436,1,1,1,5
37,6,25.789136520573074,22.88826415227325,22.766051457898463,67.60274090007275,31.91371045548319,22.982564468898016,3.185352925468905,4.433695461125177,2,0,0,6
37,7,21.266445736041597,20.67360614371015,20.628267074298165,62.750951650131995,30.239546248830663,26.139402362609644,2.2613453922657376,3.185352925468905,3,0,0,7
37,8,16.388095435897647,18.656088534564457,18.5089067668399,58.622044527279115,34.21706742800142,26.177893000593663,2.4391751500719754,2.2613453922657376,4,0,0,8
37,9,16.388095435897647,17.339783241853702,17.172397508644508,69.86390111001245,36.51588598464552,25.938872808317434,2.5055689530439653,2.4391751500719754,4,1,1,9
38,0,189.81696325831746,21.0,21.0,40.0,27.41719516140864,24.44350780714981,6.733652532076555,0.0,0,0,0,0
38,1,189.81696325831746,19.148343903228174,19.088870156143,49.33492653434052,27.41719516140864,24.44350780714981,6.733652532076555,6.733652532076555,0,0,0,1
38,2,189.81696325831746,17.513826154714632,17.55031080482766,59.55941705893938,27.93529941864322,28.867425718017135,6.869949038682512,6.733652532076555,0,1,1,2
38,3,150.8265134561264,19.265906084706984,19.21149108335395,69.50517396881992,28.713842685424147,26.54036236946776,6.498408300365173,6.869949038682512,0,1,1,3
38,4,117.1532945777497,20.976531218264398,20.93247577234308,79.35062805336892,28.85798222637257,25.83898491001079,5.612203146396117,6.498408300365173,0,1,1,4
38,5,73.76672002901623,21.987901926436084,21.939289190921514,74.46369971604203,29.637599961921737,26.54613149737328,5.423321818591685,5.612203146396117,1,1,1,5
38,6,38.69602030918383,23.05508958283085,22.974527913138107,71.12000912916606,34.75727451735574,30.0,4.383837464979049,5.423321818591685,2,0,0,6
38,7,31.127970334052726,21.026675797126973,20.835910336125743,68.27469084146726,39.13635380411853,28.389655708665888,3.784024987565551,4.383837464979049,3,0,0,7
38,8,23.485870258723526,19.053809866493268,18.82305188058562,66.0108071162055,42.57779136836207,28.178410157961466,3.8210500376646,3.784024987565551,4,0,0,8
38,9,23.485870258723526,17.705346211814135,17.5728871503176,78.38101899367686,39.40386109136349,29.319538227921853,3.4429446129317776,3.8210500376646,4,1,1,9
39,0,92.67750949461623,21.0,21.0,40.0,26.884939390196006,24.75378607633906,3.549699653460328,0.0,0,0,0,0
39,1,92.67750949461623,19.13769878780392,19.095075721526783,49.29497058397631,26.884939390196006,24.75378607633906,3.549699653460328,3.549699653460328,0,0,0,1
39,2,92.67750949461623,17.469098851675632,17.331796831067077,57.18624997270672,25.67244403654346,18.167997011958807,2.6241006566328373,3.549699653460328,0,1,1,2
39,3,81.85515189017035,19.101842512012656,18.990736512604776,65.80089793367236,27.73699280911009,20.12216252958788,1.8037262674076469,2.6241006566328373,0,1,1,3
39,4,72.5265194148158,20.77824155550997,20.662384922121422,74.54795436332901,28.02708980154136,20.56766814099561,1.5547720792257582,1.8037262674076469,0,1,1,4
39,5,54.0628942371268,21.676976219694883,21.67159559303305,68.24733443944139,25.1683850728276,23.161504238907817,2.307953147211124,1.5547720792257582,1,1,1,5
39,6,32.550553542679566,22.6489606115856,22.540282359463866,62.02708949579029,27.145519492865287,21.63089748685088,2.689042586805904,2.307953147211124,2,0,0,6
39,7,26.237573085810748,20.473477231876174,20.404003079346865,57.12285246167224,30.595726720484485,25.491845312192996,3.15649022843441,2.689042586805904,3,0,0,7
39,8,20.550414091231808,18.38739886356525,18.291005971075798,52.052213682910335,30.51243740408976,24.650680491677463,2.84357949728947,3.15649022843441,4,0,0,8
39,9,20.550414091231808,16.99964066871194,16.955485348285464,62.22196044491922,30.076126265468627,26.42246685680295,3.1455647244653067,2.84357949728947,4,1,1,9
40,0,246.06436165849385,21.0,21.0,40.0,26.13526509433376,24.3194108763197,7.44725631006753,0.0,0,0,0,0
40,1,246.06436165849385,19.122705301886675,19.086388217526395,49.08184167471762,26.13526509433376,24.3194108763197,7.44725631006753,7.44725631006753,0,0,0,1
40,2,246.06436165849385,17.461729293338024,17.51923974083672,58.78559724466917,25.789493528433376,28.120259637964104,8.158871391106395,7.44725631006753,0,1,1,2
40,3,196.30776628536663,19.195962466159745,19.201777208095297,68.68809690577379,26.93024659843937,28.08364040769745,8.292765895521203,8.158871391106395,0,1,1,3
40,4,147.17337884965582,21.02620340215819,20.970815740436922,79.97088605803917,32.6821619570299,30.0,8.189064572618467,8.292765895521203,0,1,1,4
40,5,90.41967560944286,22.001884605470455,22.049671861738478,75.49034743827441,28.441452112418013,30.0,7.094212905026619,8.189064572618467,1,0,0,5
40,6,79.09985206685016,20.052606084926563,20.006942044998247,71.40867322320533,31.111879312116848,29.545486159721573,5.659911771296353,7.094212905026619,2,0,0,6
40,7,68.47618959321116,18.27227081290488,18.176351362767896,68.1952411822446,35.48093310577375,30.0,5.311831236819503,5.659911771296353,3,0,0,7
40,8,57.369876511293995,16.5096891363562,16.381119560375936,64.90998806025962,36.474598825575775,28.607328274507715,5.553156540958584,5.311831236819503,4,1,1,8
40,9,28.438229612362306,18.31290079257355,18.256877227788525,75.29113156961272,31.2013706876807,26.47164880872539,4.821941149821948,5.553156540958584,4,1,1,9
41,0,161.2160653914365,21.0,21.0,40.0,26.44633370645822,20.839991102824285,3.102958583894277,0.0,0,0,0,0
41,1,161.2160653914365,19.128926674129165,19.016799822056488,48.51153846567085,26.44633370645822,20.839991102824285,3.102958583894277,3.102958583894277,0,0,0,1
41,2,161.2160653914365,17.316714574724557,17.39303888450037,56.28762674921613,20.533088878220013,22.667401585920437,2.561894358551016,3.102958583894277,0,1,1,2
41,3,143.2404639406337,19.167078755728387,18.990932172259082,66.22941385100614,31.44730754616413,23.784843019335973,2.9959335751337983,2.561894358551016,0,1,1,3
41,4,122.95496822231289,20.775565978625696,20.781402267788987,75.49354778241509,26.90889751196228,24.558513218087423,3.380915953053469,2.9959335751337983,0,1,1,4
41,5,87.51122667018326,21.742653032233182,21.677654147041398,68.89617783030266,24.92183898297999,21.75943906083988,4.430467694016202,3.380915953053469,1,1,1,5
41,6,46.7523571055976,22.69706381648359,22.588547696610274,62.96219329602333,28.383770929439788,21.982981657897223,5.094858695573207,4.430467694016202,2,0,0,6
41,7,37.01608474128558,20.4268394534154,20.389415846845427,56.72634597268575,26.094329609583674,22.595407482985337,4.86813618215601,5.094858695573207,3,0,0,7
41,8,26.533615458578396,18.263656356078563,18.222947659066524,50.425422407254075,25.46249568170993,22.865706732558507,5.241234641353593,4.86813618215601,4,0,0,8
41,9,26.533615458578396,16.877399338868006,16.881353988421154,60.381401599806026,27.86194674585024,27.449048768327252,5.14979609092859,5.241234641353593,4,1,1,9
42,0,205.46659985442858,21.0,21.0,40.0,29.987010434134508,19.76712411690996,5.834657414711694,0.0,0,0,0,0
42,1,205.46659985442858,19.19974020868269,18.995342482338202,48.955744219188006,29.987010434134508,19.76712411690996,5.834657414711694,5.834657414711694,0,0,0,1
42,2,205.46659985442858,17.580409106410617,17.410634775789898,58.86366113134814,33.29933263576874,21.74465020956532,5.9607067277296135,5.834657414711694,0,1,1,2
42,3,169.94781664918978,19.228307131906895,19.149490835991795,68.50507916623688,30.025431641112768,23.53800188604692,5.919797200873134,5.9607067277296135,0,1,1,3
42,4,138.30129444607456,20.964380898109322,20.811083282822814,77.95540148502197,30.67445793148462,21.82733272843251,5.274420367185867,5.919797200873134,0,1,1,4
42,5,102.53205883701136,22.003367720754547,21.861385152036753,73.58822570496861,34.23491916577876,24.83632650059146,4.471154451132899,5.274420367185867,1,0,1,5
42,6,79.15863957232287,19.97414801248634,22.78096908950666,68.27978135329604,32.8153302518961,21.026645572145227,4.674683852937698,4.471154451132899,2,0,0,6
42,7,68.81646461359807,19.948384236375084,18.78079022702774,63.757211228153466,37.24266403063518,20.96527971857273,5.1710874793624,4.674683852937698,3,0,0,7
42,8,58.73168284836705,17.275099803744546,17.48635490232811,58.83529865961974,31.470264915144558,24.51910970411249,5.04239088261551,5.1710874793624,4,1,1,8
42,9,29.69516869149302,19.278231285379587,19.024351215491045,69.65944981789158,34.829675058591924,25.30449804291834,4.839419026145672,5.04239088261551,4,1,1,9
43,0,57.85064450055836,21.0,21.0,40.0,29.811094768392017,22.949714610376667,2.890251659731517,0.0,0,0,0,0
43,1,57.85064450055836,19.19622189536784,19.058994292207533,49.496945688178364,29.811094768392017,22.949714610376667,2.890251659731517,2.890251659731517,0,0,0,1
43,2,57.85064450055836,17.702858525300062,17.514877147489848,60.95800739355175,37.56502398388372,26.107541045968468,0.8512263544070675,2.890251659731517,0,1,1,2
43,3,53.60359825700867,19.453541296864913,19.339728945380728,72.50247239378896,36.323127454673454,27.81278921331106,0.7078410405916155,0.8512263544070675,0,1,1,3
43,4,49.63242922192748,20.52148647435538,20.462844840313966,69.06727349399867,34.444080987749395,29.80481401341568,0.4963961293851486,0.7078410405916155,1,1,1,4
43,5,42.414504782087164,21.70481498852415,21.568423941375883,65.78464844465249,36.39785218583333,28.698675317799022,0.9022405549800392,0.4963961293851486,2,1,1,5
43,6,31.28692708752487,22.774925758270196,22.59785775069815,61.826464693177314,36.121344844371016,25.22207875854469,1.3909472118202864,0.9022405549800392,3,0,0,6
43,7,28.44386050095828,20.59274616208044,20.57621398186262,58.05886779639651,32.942434293400204,29.45980516892865,1.4215332932832951,1.3909472118202864,4,0,0,7
43,8,28.44386050095828,19.245113493332283,19.078765932008427,67.83651368889943,31.44280786390493,22.87744709444464,1.578607628335505,1.4215332932832951,4,0,0,8
43,9,28.44386050095828,17.795561039732775,17.655344583454912,78.13993272195358,33.37362654202585,23.867590308275037,2.4838392107567238,1.578607628335505,4,1,1,9
44,0,101.21799596924683,21.0,21.0,40.0,25.90418423101937,18.722284496043383,4.654610242215172,0.0,0,0,0,0
44,1,101.21799596924683,19.118083684620387,18.97444568992087,48.0327643708713,25.90418423101937,18.722284496043383,4.654610242215172,4.654610242215172,0,0,0,1
44,2,101.21799596924683,17.39622337140043,17.314469118068015,56.24820061192786,25.941797518713987,19.69951493160024,1.7241495182611497,4.654610242215172,0,1,1,2
44,3,95.18162604392495,19.058039009913553,18.939226701946875,64.73567462360201,27.15978129825489,19.992852099934836,1.006061654220312,1.7241495182611497,0,1,1,3
44,4,85.595022579592,20.72859107503106,20.58288432138636,73.09240915566457,27.74691262881912,18.67939032708398,1.5977672440554924,1.006061654220312,0,1,1,4
44,5,68.66694508302022,21.619816727790763,21.524990026878868,66.00402746708542,25.440185706857164,18.513249356592056,2.116009687071472,1.5977672440554924,1,1,1,5
44,6,48.102510719433134,22.54505213485887,22.42511429773166,59.46259064757618,27.205655019715987,19.786362649677116,2.5705542954483858,2.116009687071472,2,0,0,6
44,7,42.35983246260977,20.39016914750487,20.27196979270765,54.394801235880834,31.443991504786457,23.7349562080172,2.871339128411679,2.5705542954483858,3,0,0,7
44,8,35.7646694473003,18.304052639981325,18.24481113128932,49.90255799197047,31.555746089639232,26.82068033308093,3.297581507654737,2.871339128411679,4,0,0,8
44,9,35.7646694473003,16.95952376973155,16.960334526857245,60.80417788360208,30.70631986380228,29.85823508970669,4.743905309020032,3.297581507654737,4,1,1,9
45,0,46.07974386904655,21.0,21.0,40.0,30.254637820087137,24.15019091140085,3.5976983036800734,0.0,0,0,0,0
45,1,46.07974386904655,19.205092756401744,19.08300381822802,49.79286917166784,30.254637820087137,24.15019091140085,3.5976983036800734,3.5976983036800734,0,0,0,1
45,2,46.07974386904655,17.55073018111815,17.469842290960205,59.21313093549671,29.105258078665106,23.22952949816192,2.0809784299933503,3.5976983036800734,0,1,1,2
45,3,42.526005805385616,19.29314522175383,19.17727131309632,69.4489344949381,31.93629455773724,24.92928077249275,0.5922896772768235,2.0809784299933503,0,1,1,3
45,4,39.3692534932201,21.131151459308736,20.94987349629627,80.89909339347224,37.20700033061553,26.404993550129674,0.5261253853609194,0.5922896772768235,0,1,1,4
45,5,32.34408290105583,22.189134649164306,22.10635802278661,77.93353353100517,36.858000764071846,30.0,0.8781463240205345,0.5261253853609194,1,0,0,5
45,6,30.792564603901454,20.272994627105362,20.145388196334565,75.10548829916208,37.621970934205024,30.0,0.7757591485771851,0.8781463240205345,2,0,0,6
45,7,29.158356703503753,18.407532825055277,18.350118333476072,71.7667560864561,34.784821040522374,30.0,0.8171039501988502,0.7757591485771851,3,0,0,7
45,8,26.746365905630604,16.652904484148017,16.534292180378255,68.6458599134639,36.39342691166532,29.601594349489066,1.205995398936574,0.8171039501988502,4,1,1,8
45,9,17.304357958655356,18.53013978759646,18.36639316290991,79.56705525498317,35.31991162187953,25.353395831005383,1.573667991162541,1.205995398936574,4,1,1,9
46,0,125.9044559141139,21.0,21.0,40.0,29.4495500706672,18.6187221624415,4.5438854064702365,0.0,0,0,0,0
46,1,125.9044559141139,19.188991001413346,18.97237444324883,48.652289001959566,29.4495500706672,18.6187221624415,4.5438854064702365,4.5438854064702365,0,0,0,1
46,2,125.9044559141139,17.633868661879266,17.373555945127933,58.98074213288544,36.822589690922285,20.557705480888096,3.318594556676413,4.5438854064702365,0,1,1,2
46,3,109.33849100110244,19.286018359684558,19.283253308757597,70.21273960173126,33.221464617825134,29.178521320207217,2.760994152168577,3.318594556676413,0,1,1,3
46,4,90.66616060755939,20.397835147046003,20.34714616789476,66.43777915219192,32.46862777867955,29.89270305721302,2.3340412991928807,2.760994152168577,1,1,1,4
46,5,71.72666003997199,21.54784975289081,21.402128355465884,62.184541706757244,33.87532048638328,25.828915927868483,2.3674375709484248,2.3340412991928807,2,1,1,5
46,6,45.61885788802685,22.545948593883338,22.381086272589663,56.83303282732503,32.01583273682822,21.586895710770563,3.263475268993142,2.3674375709484248,3,0,0,6
46,7,38.66514063168434,20.38111397423437,20.27917921547979,52.097997346696445,32.298626710154295,24.728953953020262,3.4768586281712563,3.263475268993142,4,0,0,7
46,8,38.66514063168434,19.001161928179666,18.849002487453557,61.73241048108606,31.33075541544981,22.19376199782585,4.762002933142295,3.4768586281712563,4,0,0,8
46,9,38.66514063168434,17.530883970482027,17.430464449371154,71.4669062627603,30.691949893423917,23.388582226988508,4.7117340763246425,4.762002933142295,4,1,1,9
47,0,78.93858583797274,21.0,21.0,40.0,29.243793583307443,15.3766626812058,4.877650132873091,0.0,0,0,0,0
47,1,78.93858583797274,19.18487587166615,18.907533253624116,48.031682127612385,29.243793583307443,15.3766626812058,4.877650132873091,4.877650132873091,0,0,0,1
47,2,78.93858583797274,17.513988604646734,17.249365724225846,56.722048942239184,32.835549464245176,15.444266172570392,3.821886412746363,4.877650132873091,0,1,1,2
47,3,65.86194995509992,19.161875743364256,19.013754043019006,66.38823872544538,32.53824128736074,21.16281306378475,2.179439313812137,3.821886412746363,0,1,1,3
47,4,54.715363893317665,20.943245101098647,20.77541101423871,76.96485072415244,34.68624269827398,24.072712850098597,1.857764343630376,2.179439313812137,0,1,1,4
47,5,44.40287229794841,21.934072079233463,21.848148060424048,72.31502567721274,32.15734210240793,25.3436298590382,1.2890614494211567,1.857764343630376,1,1,1,5
47,6,33.5518036925637,22.951077261559043,22.857188822768155,68.15343730493164,33.09834007672874,27.11505785504288,1.356383575673089,1.2890614494211567,2,0,0,6
47,7,29.21034388708824,20.74048535604459,20.664150337446145,62.97951149367324,29.907189280175064,24.682111768389365,2.170729902737732,1.356383575673089,3,0,0,7
47,8,23.966384903031148,18.65694048471527,18.55948820985838,58.48112885793641,32.179978856086194,26.16233983426476,2.621979492028545,2.170729902737732,4,0,0,8
47,9,23.966384903031148,17.305749510994442,17.199997988206235,69.24847569432066,33.283976898865824,26.534616636602195,3.019997386790584,2.621979492028545,4,1,1,9
48,0,148.2631844806095,21.0,21.0,40.0,32.077185826254336,16.38042125620044,5.698919282270699,0.0,0,0,0,0
48,1,148.2631844806095,19.241543716525086,18.92760842512401,48.72236927484186,32.077185826254336,16.38042125620044,5.698919282270699,5.698919282270699,0,0,0,1
48,2,148.2631844806095,17.64368851599453,17.508310881508912,60.288923274639885,37.868272213754224,26.39036111845704,5.13764505915,5.698919282270699,0,1,1,2
48,3,119.36862518929703,19.384926671429067,19.329375323375316,71.65513787772619,33.97693430189244,29.16870238192036,4.815759881885412,5.13764505915,0,1,1,3
48,4,83.64056135647621,20.488720815195226,20.374004182334478,67.7651249279533,34.14562607144157,27.576524207597902,4.466007979102603,4.815759881885412,1,1,1,4
48,5,56.17794607796314,21.612475185604524,21.548138842129962,64.45388692794833,34.93756666663909,30.0,3.432826909814134,4.466007979102603,2,1,1,5
48,6,33.50641064673116,22.71956583574471,22.61310955090791,61.04699178317257,35.346998739268926,29.05913934531021,2.833941928903997,3.432826909814134,3,0,0,6
48,7,27.51305965025428,20.64313892973709,20.558377465031686,57.89727693458062,35.834917507822496,30.0,2.996675498238441,2.833941928903997,4,0,0,7
48,8,27.51305965025428,19.282973200064387,19.17124970367313,68.58430850096644,33.11499719058823,26.257400400444176,3.4115616200073817,2.996675498238441,4,0,0,8
48,9,27.51305965025428,17.772151135948185,17.700787748838632,78.03024471339863,28.860722601873697,23.61670080052735,3.813120106325147,3.4115616200073817,4,1,1,9
49,0,96.63676866732723,21.0,21.0,40.0,34.66788230859014,19.37149424433721,3.408745208019633,0.0,0,0,0,0
49,1,96.63676866732723,19.293357646171803,18.987429884886744,49.727087779526926,34.66788230859014,19.37149424433721,3.408745208019633,3.408745208019633,0,0,0,1
49,2,96.63676866732723,17.67635369628029,17.488453127442245,60.504661961080224,36.92967849045933,22.945733629281232,1.647990222651701,3.408745208019633,0,1,1,2
49,3,92.31921931510209,19.4927524097114,19.211106637425896,71.6731498827881,39.473976133722616,22.573178986876645,0.7195915587041898,1.647990222651701,0,1,1,3
49,4,84.81798759582406,20.544374049930575,20.375813247857224,68.38488551144147,38.858962312456505,26.206235624506657,0.9376539649097528,0.7195915587041898,1,1,1,4
49,5,67.28702462598534,21.69651158885856,21.49707108213229,64.9049206686532,38.25031634262834,25.74987897521464,2.1913703712298416,0.9376539649097528,2,1,1,5
49,6,43.04885207560788,22.714677444108506,22.625990008749753,61.302908109351634,35.37406590857813,27.9480865397465,3.029771568797183,2.1913703712298416,3,0,0,6
49,7,37.92000216446617,20.618920365830785,20.559308567402518,57.87887037067473,34.310901451794976,30.0,2.564424955570855,3.029771568797183,4,0,0,7
49,8,37.92000216446617,19.271649436189485,19.22333921676867,69.12142211848368,32.88415438431264,29.574466436848137,2.7039689645424,2.564424955570855,4,0,0,8
49,9,37.92000216446617,17.884327073283,17.7847060111958,80.00200355945657,33.0766905338719,27.37098413819972,3.462652050004342,2.7039689645424,4,1,1,9
50,0,204.82899560959035,21.0,21.0,40.0,29.218066717050583,15.959486398172444,7.9803937171331825,0.0,0,0,0,0
50,1,204.82899560959035,19.184361334341013,18.91918972796345,48.13195956074014,29.218066717050583,15.959486398172444,7.9803937171331825,7.9803937171331825,0,0,0,1
50,2,204.82899560959035,17.383306577859564,17.330763539507924,56.288518782006115,25.95947195458388,19.354745941338184,8.00085261415287,7.9803937171331825,0,1,1,2
50,3,159.55986851629115,19.07593716230576,18.91625260417262,64.70295049925963,27.759608177781093,18.98723469584954,7.5448545155498685,8.00085261415287,0,1,1,3
50,4,126.00635476913664,20.714756275060843,20.705612281085127,74.08083862647376,27.475923277652807,24.62345520687017,5.592252291192419,7.5448545155498685,0,1,1,4
50,5,87.1711018598252,21.848541041807877,21.551649996253257,68.40888089461693,33.40208461630324,18.420372428936545,4.854406613663929,5.592252291192419,1,1,1,5
50,6,52.23231138371279,22.721358681895914,22.598587961178325,62.9468532739899,31.79031858007983,21.198416860881103,4.367348809514051,4.854406613663929,2,0,0,6
50,7,42.87581527095445,20.570707122950957,20.406770547413284,57.88389272874197,32.62208216813495,22.58369258048766,4.678248056379172,4.367348809514051,3,0,0,7
50,8,33.41564328556375,18.52241692798785,18.330403480783527,53.57301550810931,35.721868217105595,23.662147223824093,4.730085992695345,4.678248056379172,4,0,0,8
50,9,33.41564328556375,17.07764238626325,17.097093344264977,64.30648354143992,30.769015885463187,28.861362077484664,5.528298786979815,4.730085992695345,4,1,1,9
51,0,111.56734951436822,21.0,21.0,40.0,30.64393802657934,20.32068332507236,2.1840935358026163,0.0,0,0,0,0
51,1,111.56734951436822,19.212878760531588,19.006413666501448,49.17363184329731,30.64393802657934,20.32068332507236,2.1840935358026163,2.1840935358026163,0,0,0,1
51,2,111.56734951436822,17.488444493709334,17.444704888546873,58.36439939426033,28.17188819807372,22.88793152949864,0.3721148471313862,2.1840935358026163,0,1,1,2
51,3,108.47360946170315,19.184326527648764,19.063220215987485,67.30250186033605,28.18376723601623,21.472357575515527,0.5156233421108458,0.3721148471313862,0,1,1,3
51,4,100.94931018723281,20.912120139607413,20.81055782653129,77.33278316250609,31.30924767039048,24.41453734166527,1.2540498790783896,0.5156233421108458,0,1,1,4
51,5,79.50019514753154,21.905623041575815,21.83702941662016,72.29427199092166,30.14736027311659,25.19424432919215,2.681139379962658,1.2540498790783896,1,1,1,5
51,6,50.251620899713586,22.796279873648277,22.795221664462343,66.5023009225298,26.11876556017168,25.03695072654021,3.656071780977245,2.681139379962658,2,0,0,6
51,7,40.953222214733415,20.604094788599575,20.60412808620241,61.316452567426936,27.268636475760243,27.254428218112764,4.649199342490084,3.656071780977245,3,0,0,7
51,8,31.476338233149562,18.423494708009944,18.490254838668243,55.68490143200977,24.35421606980689,27.6927220667644,4.738441990791925,4.649199342490084,4,0,0,8
51,9,31.476338233149562,17.004727528019725,17.020230002441536,64.57683964769254,23.81156553641412,25.58809121737903,4.8353946008621,4.738441990791925,4,1,1,9
52,0,227.97992431472971,21.0,21.0,40.0,26.97908180760525,21.78795921492037,7.628802819259527,0.0,0,0,0,0
52,1,227.97992431472971,19.139581636152105,19.03575918429841,48.77806738405461,26.97908180760525,21.78795921492037,7.628802819259527,7.628802819259527,0,0,0,1
52,2,227.97992431472971,17.502261972379873,17.495674509116384,58.90792684149646,29.081853463384,27.19514352240409,8.686858000619516,7.628802819259527,0,1,1,2
52,3,175.86174372680318,19.205556125417342,19.238986646501306,69.09421805826933,27.508896327301755,29.081610432547564,8.68636343132109,8.686858000619516,0,1,1,3
52,4,128.85563506641896,21.055381946518356,20.910019383357564,79.71334180498685,32.88090113399442,26.11423079221399,7.834351443397368,8.68636343132109,0,1,1,4
52,5,75.26147210659144,22.152398666820734,21.915012054622363,75.63159575635507,37.35336772691018,23.303598669579863,6.69927036997844,7.834351443397368,1,0,1,5
52,6,51.736862510772774,20.163305782066164,23.001533155167273,72.3691193477669,38.4289474623262,26.779516934406207,4.704921919163732,6.69927036997844,2,0,0,6
52,7,44.31212152068484,20.137150642987123,19.01776519337996,68.35947471385508,37.22669584772122,23.830833963879797,3.712370495043966,4.704921919163732,3,0,0,7
52,8,38.28964587466289,17.63836204000521,17.724296724893218,65.39989355374281,39.69263163843063,27.198584138723422,3.011237823010976,3.712370495043966,4,1,1,8
52,9,23.400488778701863,19.607566930993674,19.38921169180909,77.60205693291513,38.70926911843311,29.08052743252425,2.481526182660171,3.011237823010976,4,1,1,9
53,0,165.66536937650653,21.0,21.0,40.0,32.15040635947739,16.98588571567614,6.51305022031198,0.0,0,0,0,0
53,1,165.66536937650653,19.243008127189547,18.939717714313524,48.84453257352764,32.15040635947739,16.98588571567614,6.51305022031198,6.51305022031198,0,0,0,1
53,2,165.66536937650653,17.40622236693653,17.38115716238843,57.019560790902105,25.609719925201645,19.8071035046565,6.485602323948595,6.51305022031198,0,1,1,2
53,3,126.87638429866558,19.092320971399182,19.063782691888786,66.31541134258637,26.723253109882407,24.9203610661413,6.464830846306827,6.485602323948595,0,1,1,3
53,4,92.0959030929157,20.84421033880891,20.697514990901322,75.45780786772124,29.276966697170145,21.514125109134675,5.796746867624979,6.464830846306827,0,1,1,4
53,5,53.581260408888596,21.813555753485204,21.72900896492139,70.08422339310297,29.95392794946264,23.526158302658114,4.814330335503388,5.796746867624979,1,1,1,5
53,6,23.95530444718235,22.79558246008529,22.7116201831679,65.15427296328825,30.705517754344644,25.239202080017986,3.703244495213281,4.814330335503388,2,0,0,6
53,7,17.413488360120574,20.5546301937351,20.61391248019418,60.294123848676264,27.31391237481465,29.01859254400765,3.2709080435308877,3.703244495213281,3,0,0,7
53,8,12.40161637729058,18.389093364785694,18.45821586678604,54.38601950436998,23.082586011808587,27.427945408712063,2.5059359914149963,3.2709080435308877,4,0,0,8
53,9,12.40161637729058,17.00236259835919,17.04132923378969,63.98473298760358,25.170508358217145,28.15567765974726,2.2656475064263253,2.5059359914149963,4,1,1,9
54,0,134.4160996840188,21.0,21.0,40.0,33.19546111629865,19.02161508290255,4.375828190331141,0.0,0,0,0,0
54,1,134.4160996840188,19.263909222325974,18.980432301658052,49.39907371585622,33.19546111629865,19.02161508290255,4.375828190331141,4.375828190331141,0,0,0,1
54,2,134.4160996840188,17.567400457008247,17.472558318727646,59.34822812283336,32.133670381405466,23.139409657356428,3.096660304303766,4.375828190331141,0,1,1,2
54,3,123.80747245392618,19.251834081080546,19.159378201939674,68.8941643561793,29.539202552698423,23.493776521445675,1.7681045383487723,3.096660304303766,0,1,1,3
54,4,111.37426852898065,20.9375554322724,20.891571242174106,78.55679316410934,28.6836594235974,24.997611731569428,2.072200654157589,1.7681045383487723,0,1,1,4
54,5,88.68606397104261,21.94401481206001,21.884940369683775,73.43277196716197,29.25501693806712,25.61153196778081,2.8360255697422554,2.072200654157589,1,1,1,5
54,6,64.59541523470344,22.899638663427336,22.89811334142623,68.79800303871937,29.27349989995337,28.311117164254465,3.011331092042398,2.8360255697422554,2,0,0,6
54,7,57.38136647191374,20.717066757115976,20.725938599419386,64.05456823859902,28.280102745977533,28.7008150311316,3.6070243813948495,3.011331092042398,3,0,0,7
54,8,48.4121704957329,18.727817487217713,18.536777090628142,59.678884281650554,34.22146010594014,24.802517911012835,4.484597988090421,3.6070243813948495,4,0,0,8
54,9,48.4121704957329,17.331322647486015,17.22507015099127,70.51189515701944,34.18081226281503,26.002581489234323,4.81569859788665,4.484597988090421,4,1,1,9
55,0,202.58942583508795,21.0,21.0,40.0,28.997468520857502,17.531056450986682,6.586273447994834,0.0,0,0,0,0
55,1,202.58942583508795,19.17994937041715,18.950621129019734,48.375134494931956,28.997468520857502,17.531056450986682,6.586273447994834,6.586273447994834,0,0,0,1
55,2,202.58942583508795,17.384016654802014,17.274373789042254,55.81171921371631,25.11821322887552,16.196146319926427,6.586015885204269,6.586273447994834,0,1,1,2
55,3,164.65235355585116,18.983830079795396,18.915796708926514,63.84408948669963,24.83529541209621,19.7889838822556,6.322845379872796,6.586015885204269,0,1,1,3
55,4,131.3628437707424,20.727519597381107,20.64998054514503,73.58592201116268,29.509372488704827,24.611919313867688,5.5482516308514604,6.322845379872796,0,1,1,4
55,5,93.46358503200327,21.76498446758366,21.5878746383299,67.83521104029828,30.70175814849115,20.68318090226213,4.73740734234239,5.5482516308514604,1,1,1,5
55,6,56.53324590426491,22.70407268501744,22.547342535816014,62.139789269899495,31.09262808722004,20.599473188342312,4.616292390967295,4.73740734234239,2,0,0,6
55,7,46.431610081806355,20.443630837121432,20.455311947301144,56.92511927132696,28.064920590705103,26.29802386166976,5.050817911229276,4.616292390967295,3,0,0,7
55,8,35.15712923578693,18.41755186442061,18.39520148327638,52.88977107715232,30.928517329550584,29.986214925034695,5.63724042300971,5.050817911229276,4,0,0,8
55,9,35.15712923578693,17.115772705006144,16.940529888872167,62.88188407533622,32.30456770133104,23.207171177468403,6.1499460162947726,5.63724042300971,4,1,1,9
56,0,273.1505581569156,21.0,21.0,40.0,26.619574452116694,15.038631154240514,7.097909666639003,0.0,0,0,0,0
56,1,273.1505581569156,19.132391489042334,18.900772623084812,47.498477009144295,26.619574452116694,15.038631154240514,7.097909666639003,7.097909666639003,0,0,0,1
56,2,273.1505581569156,17.390040285067663,17.259010788932905,55.639999136544205,27.628218140827848,17.6024603447272,7.459345216170991,7.097909666639003,0,1,1,2
56,3,229.0486972248915,19.06855271929122,18.90684730218106,64.42997740001478,29.44196293618293,19.39124963865361,7.350310155337353,7.459345216170991,0,1,1,3
56,4,183.62814751057584,20.833389504934612,20.675159501766608,74.73748651677562,33.800510476306364,23.46342906125385,7.5700916190526115,7.350310155337353,0,1,1,4
56,5,120.29987198144443,21.78137725245865,21.73279688634261,69.37711504208232,29.17798008029097,24.37551172696851,7.916034441141425,7.5700916190526115,1,1,1,5
56,6,62.56128908022204,22.846245260955218,22.73821912293309,65.37248397278688,33.60769767060292,27.47768527775572,7.217322862652798,7.916034441141425,2,0,0,6
56,7,48.856299194293655,20.632309390697255,20.627086757277258,60.70419602543747,29.63996201691753,27.758438275585707,6.852494942964192,7.217322862652798,3,0,0,7
56,8,36.1067825847239,18.656799860605673,18.498560471593944,56.8326384470157,34.90749453588269,26.917185583996357,6.374758304784875,6.852494942964192,4,0,0,8
56,9,36.1067825847239,17.247472568270283,17.1671615383794,67.27461848567069,32.20007127223505,25.810928942514856,6.010626798466414,6.374758304784875,4,1,1,9
57,0,277.82381092600326,21.0,21.0,40.0,31.569373378022984,21.37348539219084,7.750110584172605,0.0,0,0,0,0
57,1,277.82381092600326,19.23138746756046,19.027469707843817,49.52971457863849,31.569373378022984,21.37348539219084,7.750110584172605,7.750110584172605,0,0,0,1
57,2,277.82381092600326,17.621831029935592,17.377619668564737,58.99671951399151,33.931903163682385,18.662568699389933,9.04507127154356,7.750110584172605,0,1,1,2
57,3,221.83404123907803,19.382682529122025,19.194775181905516,70.36698002501147,38.11332586574945,25.05478808436148,9.3316282811542,9.04507127154356,0,1,1,3
57,4,150.7895468484529,20.56262372614159,20.357220947638154,68.09948286008137,41.91243799745935,28.823688864040044,8.880561798828143,9.3316282811542,1,1,1,4
57,5,87.89485129951197,21.614178531431964,21.515351879471737,64.04582293097403,34.41768733470548,26.39531305914268,7.861836943617614,8.880561798828143,2,1,1,5
57,6,36.09871448272352,22.703843962381757,22.607130149425412,60.69539360891858,35.51896376345633,29.200873336235624,6.474517102098555,7.861836943617614,3,0,0,6
57,7,25.621401055541206,20.71543985539971,20.52352796363402,58.05852190495935,39.86517393587248,28.818872153242918,5.238656713591158,6.474517102098555,4,0,0,7
57,8,25.621401055541206,19.451907805044687,19.279027400642516,70.93260765234623,41.52269859659381,30.0,3.9557327294411153,5.238656713591158,4,0,0,8
57,9,18.70780980309664,17.458279482056817,17.18559838347335,68.27562504567614,42.39978992351935,26.17252892831344,3.4567956262222816,3.9557327294411153,5,1,1,9
58,0,129.24997538969893,21.0,21.0,40.0,25.37415128584443,15.58139350111973,5.08344749683471,0.0,0,0,0,0
58,1,129.24997538969893,19.10748302571689,18.911627870022397,47.37199806165355,25.37415128584443,15.58139350111973,5.08344749683471,5.08344749683471,0,0,0,1
58,2,129.24997538969893,17.39963755001902,17.19792193299503,55.1639269229165,28.15605093014989,15.1324427435332,4.609003204200628,5.08344749683471,0,1,1,2
58,3,108.44323394936,18.93328234740025,18.842983633543138,62.57878070861791,24.36715104550054,16.826481097285097,3.46779024005649,4.609003204200628,0,1,1,3
58,4,92.66024674697654,20.68832265512827,20.499872519181572,71.6160910621403,30.4921336234914,19.715146118299657,2.6304978670639123,3.46779024005649,0,1,1,4
58,5,69.67733532346713,21.694251692615353,21.514344461024116,66.10038376336107,32.25631431277226,20.434200694009803,2.8728639279386754,2.6304978670639123,1,1,1,5
58,6,42.891239889655026,22.679227875172835,22.535279707473173,61.24132316269544,33.11728453868787,23.22126767983641,3.348261929226514,2.8728639279386754,2,0,0,6
58,7,36.10406313491303,20.554436315294552,20.380954042767844,56.653633196199564,34.339751497315454,23.50641535548529,3.393588377371001,3.348261929226514,3,0,0,7
58,8,28.997170267233347,18.455258038175682,18.339630849845182,52.1622795184572,33.382480980706234,24.99888747628065,3.55344643383984,3.393588377371001,4,0,0,8
58,9,28.997170267233347,17.145143126296606,16.96865937700615,62.81659382483774,34.874615162463826,24.31601987298364,3.9171450458364174,3.55344643383984,4,1,1,9
59,0,261.1782277174318,21.0,21.0,40.0,26.483845303341628,21.9133357931149,7.650094558098215,0.0,0,0,0,0
59,1,261.1782277174318,19.129676906066834,19.0382667158623,48.711492597362174,26.483845303341628,21.9133357931149,7.650094558098215,7.650094558098215,0,0,0,1
59,2,261.1782277174318,17.519285641855035,17.401269519965517,58.20483748574591,30.00638194150466,22.73442299396057,8.519821414727545,7.650094558098215,0,1,1,2
59,3,206.545374472018,19.176439234895607,19.13423492303258,67.81309986597785,28.629846433613373,24.74938901211956,9.1054755409023,8.519821414727545,0,1,1,3
59,4,154.3151138047614,20.90660738682378,20.78857693173365,77.0846062841517,29.021478211153376,22.48689077870142,8.705043444542765,9.1054755409023,0,1,1,4
59,5,88.91528069743796,21.88516988230319,21.750421417891197,71.30524323596127,29.86682044516908,21.3589403982174,8.17497913841543,8.705043444542765,1,1,1,5
59,6,30.089095840785227,22.805259397570307,22.747256025956816,66.0295925161308,29.47277910723153,24.55138356037698,7.353273107081593,8.17497913841543,2,0,0,6
59,7,18.96221505049506,20.61582658043099,20.608403780077918,61.30359906051655,29.159502363666185,27.918311771810146,5.563440395145084,7.353273107081593,3,0,0,7
59,8,10.63153909442226,18.51437699971815,18.475180933448144,56.22466276926629,28.59408296148077,26.522937642684443,4.1653379780364,5.563440395145084,4,0,0,8
59,9,10.63153909442226,17.183098494225437,17.049358557971836,66.37004875001952,31.81909662767957,24.544158820949477,2.637130635304324,4.1653379780364,4,1,1,9
60,0,160.6837827609831,21.0,21.0,40.0,28.238716441256617,21.80676443699532,6.108384533467637,0.0,0,0,0,0
60,1,160.6837827609831,19.164774328825132,19.036135288739906,49.00818655808535,28.238716441256617,21.80676443699532,6.108384533467637,6.108384533467637,0,0,0,1
60,2,160.6837827609831,17.511382437637966,17.435085838938786,58.46772491462403,29.14870320294833,23.404287666710992,6.232227172576165,6.108384533467637,0,1,1,2
60,3,124.7182394014687,19.303667221068885,19.09130763897238,68.62479738434843,34.0953042363352,22.33287615102256,5.994257226585736,6.232227172576165,0,1,1,3
60,4,94.44273008088503,21.012607017228095,20.908640596497655,79.24803777192119,33.70085846057591,25.31714369260612,5.045918220097278,5.994257226585736,0,1,1,4
60,5,62.44235329227058,21.98983264463697,21.979383850067784,74.64018878346063,29.90805416287307,27.826118123457118,4.000047098576806,5.045918220097278,1,1,1,5
60,6,38.19881182204244,22.926039596624804,22.921859203283297,69.32062437552506,27.072974659652346,26.707223074038943,3.0304426837785177,4.000047098576806,2,0,0,6
60,7,32.79961625475288,20.731705290184927,20.710982615245015,64.16814347551414,27.903639545750966,26.80479989863286,2.69959778364478,3.0304426837785177,3,0,0,7
60,8,26.277920942186984,18.647297200819626,18.645023056996944,60.04456199225601,30.42454731523256,30.0,3.2608476562829454,2.69959778364478,4,0,0,8
60,9,26.277920942186984,17.273231153851523,17.28918013927838,70.70716131173559,29.236662885997664,30.0,3.1088326505662414,3.2608476562829454,4,1,1,9
61,0,110.03690507254862,21.0,21.0,40.0,34.80509278865018,22.839674169226885,5.950740135573955,0.0,0,0,0,0
61,1,110.03690507254862,19.296101855773006,19.05679348338454,50.376058052417875,34.80509278865018,22.839674169226885,5.950740135573955,5.950740135573955,0,0,0,1
61,2,110.03690507254862,17.75687915529114,17.61297726672678,62.41500537302776,38.833880342049866,28.04916032800504,5.4358662334361165,5.950740135573955,0,1,1,2
61,3,84.17905106463698,19.52121776476218,19.38384660137255,73.73343941951991,35.95363782256288,26.92655132461576,4.309642334651941,5.4358662334361165,0,1,1,3
61,4,57.85533137420648,20.595188938058,20.495919794560923,70.35370487777418,35.790527474666575,28.766502848968244,3.290464961303813,4.309642334651941,1,1,1,4
61,5,37.466567571016654,21.591143428397277,21.648594399515563,65.90467282515172,28.616488596541927,30.0,2.548595475398728,3.290464961303813,2,1,1,5
61,6,12.839548723317414,22.735588296871068,22.64926437689304,62.32647048293467,33.45443143212744,30.0,3.078377355962405,2.548595475398728,3,0,0,6
61,7,7.754989205717384,20.678140266962224,20.569987447600543,59.17362148688558,36.26000267262987,29.557502904875232,2.5422797588000146,3.078377355962405,4,0,0,7
61,8,7.754989205717384,19.398522577619485,19.26649268619704,71.38023260365115,38.01914653290039,29.79535967135276,1.9463679792041957,2.5422797588000146,4,0,0,8
61,9,4.771269136397278,17.342416735804736,17.226356254118322,68.58125764566951,37.78347245565754,30.0,1.491860034660053,1.9463679792041957,5,1,1,9
62,0,131.25448240454222,21.0,21.0,40.0,26.99117210300796,17.055563209259258,4.628507097592875,0.0,0,0,0,0
62,1,131.25448240454222,19.13982344206016,18.941111264185185,47.9284123562081,26.99117210300796,17.055563209259258,4.628507097592875,4.628507097592875,0,0,0,1
62,2,131.25448240454222,17.428249863744036,17.31224191925877,56.5059590522708,28.21705854636809,19.43597865398028,3.984692125971716,4.628507097592875,0,1,1,2
62,3,111.7619256653943,19.211245187257465,19.015038565200282,66.81322115169249,34.40650874457375,22.85605847443565,3.248759456524652,3.984692125971716,0,1,1,3
62,4,92.63798187347643,21.013261920231393,20.806862642048866,77.89275204768235,37.40800633107499,24.14494309109093,3.187323965319643,3.248759456524652,0,1,1,4
62,5,62.13817078105755,21.997048773042728,21.80529824062411,72.60217444658909,33.312375671575445,20.62885987790645,3.812476386552361,3.187323965319643,1,1,1,5
62,6,32.96706043657002,22.835814465132284,22.819308742033733,66.89927250038184,27.67604444225004,23.974500301043022,3.646388793060941,3.812476386552361,2,0,0,6
62,7,26.75689226756649,20.69490646185641,20.638220458002472,62.32222503144229,30.49358893919986,27.41170290002481,3.1050840845017684,3.646388793060941,3,0,0,7
62,8,21.032142494769218,18.647319306629562,18.53233037635033,58.072052357779654,33.160499747933585,26.560763176162883,2.862374886398635,3.1050840845017684,4,0,0,8
62,9,21.032142494769218,17.275921591882838,17.18825969073239,68.76321323880433,32.751633619812885,26.643704608101917,3.2634216898493698,2.862374886398635,4,1,1,9
63,0,159.09343412256334,21.0,21.0,40.0,28.010417639701927,24.12407232294737,4.690605438706013,0.0,0,0,0,0
63,1,159.09343412256334,19.16020835279404,19.08248144645895,49.384208193276876,28.010417639701927,24.12407232294737,4.690605438706013,4.690605438706013,0,0,0,1
63,2,159.09343412256334,17.653497643755088,17.460648316877762,60.01442623464805,34.9325684176997,24.12419847880682,4.369617276530197,4.690605438706013,0,1,1,2
63,3,135.7873727331474,19.289077785300666,19.2534210371246,70.14102512497406,30.46723001799835,25.791652706035077,3.8843435649026543,4.369617276530197,0,1,1,3
63,4,108.01756865130143,20.315062926267302,20.247901358256716,64.94477145442086,29.17909350449297,25.286163881322544,3.4712255102307457,3.8843435649026543,1,1,1,4
63,5,77.36615603766815,21.38645568792018,21.335980897439804,60.11799824839143,30.024544838673823,26.49338179449605,3.831426576704161,3.4712255102307457,2,1,1,5
63,6,48.342210436157316,22.39848504546045,22.36724994551735,55.15787682577576,29.04799003102562,26.72911317666512,3.6279932001888544,3.831426576704161,3,0,0,6
63,7,41.904112471218596,20.34368331681706,20.286065363078755,51.45446974829319,33.05413687780154,29.704712691739772,3.2190489824693582,3.6279932001888544,4,0,0,7
63,8,41.904112471218596,19.127484609255042,18.98473469732635,63.69478743074487,38.001764902509294,30.0,3.10594675328625,3.2190489824693582,4,0,0,8
63,9,41.904112471218596,17.82206426299951,17.679206076438447,76.16593587200191,39.28415800698361,30.0,4.324745483419124,3.10594675328625,4,1,1,9
64,0,225.75164010339785,21.0,21.0,40.0,34.4068780681242,19.315241752097823,7.994737768917611,0.0,0,0,0,0
64,1,225.75164010339785,19.288137561362486,18.986304835041956,49.669981567639965,34.4068780681242,19.315241752097823,7.994737768917611,7.994737768917611,0,0,0,1
64,2,225.75164010339785,17.526714373719173,17.461721694678626,58.9116145419689,29.559765129886983,21.78264028305155,9.1885897638927,7.994737768917611,0,1,1,2
64,3,172.32928178271519,19.271235144193263,19.196594856327,69.3844441622538,31.444645679141026,26.737741100219523,8.903726386780443,9.1885897638927,0,1,1,3
64,4,127.46500876929122,21.0464458875105,20.935722561872666,79.96584543286346,32.72066660719193,26.06489600730617,7.477378835570661,8.903726386780443,0,1,1,4
64,5,75.29718760402287,22.036567769976063,21.920020990308267,74.75088806579403,30.92476841434141,23.436579546384007,6.520977645658543,7.477378835570661,1,0,1,5
64,6,52.7334427177229,19.91970202056586,22.888140177594977,69.17309889093849,27.83595476940409,24.50966092584292,4.512748977259994,6.520977645658543,2,0,0,6
64,7,45.39202999627292,19.755293798291735,18.868606766077757,63.27599039553641,25.189699362625134,25.3819201073633,3.6707063607249935,4.512748977259994,3,0,0,7
64,8,38.6390974478804,17.19779096160236,17.506463407110854,58.691993372937745,27.866683207785176,30.0,3.376466274196257,3.6707063607249935,4,1,1,8
64,9,19.42746471790565,19.158376815511698,19.077908500782193,69.38279260263042,29.39332905384817,30.0,3.2019387883291253,3.376466274196257,4,1,1,9
65,0,212.28336640780122,21.0,21.0,40.0,34.33634858119019,18.15807638443375,7.0228212557817855,0.0,0,0,0,0
65,1,212.28336640780122,19.286726971623803,18.963161527688676,49.44899649381231,34.33634858119019,18.15807638443375,7.0228212557817855,7.0228212557817855,0,0,0,1
65,2,212.28336640780122,17.626622244032028,17.44562293745361,59.64379805237667,35.27061671220827,21.3671697242604,7.711789031980055,7.0228212557817855,0,1,1,2
65,3,168.88878048584107,19.266416058249295,19.25019461250518,69.876799888758,30.188036044000228,26.661974158118323,7.232430986993362,7.711789031980055,0,1,1,3
65,4,128.62013541825712,20.95853847022158,20.962720662968078,79.51489388472899,26.78958934655997,26.75537729772327,6.711440844597323,7.232430986993362,0,1,1,4
65,5,78.95322991897673,22.08257976619945,21.936149190486805,75.35256374644435,33.73403645198226,26.475240557547476,6.2083631874100496,6.711440844597323,1,0,1,5
65,6,56.37782833420113,20.07033573939213,22.951435035419056,71.19679617058634,34.19361476201069,26.052120927667072,4.515080316955119,6.2083631874100496,2,0,0,6
65,7,49.637362344687794,19.98410260398486,18.959221924737292,66.44168188349035,32.471788130164946,24.444243608190643,3.37023299475667,4.515080316955119,3,0,0,7
65,8,44.59194460822903,17.501970536963046,17.662830844892397,63.41527386791516,36.92507513063641,29.59488033839036,2.522708868229384,3.37023299475667,4,1,1,8
65,9,26.77291279656037,19.386998228476877,19.18243930110269,73.37401221072687,31.570682938250407,23.75564118848134,2.969838635278109,2.522708868229384,4,1,1,9
66,0,175.61506209157076,21.0,21.0,40.0,29.31504360639344,20.614515398284745,2.814576139775495,0.0,0,0,0,0
66,1,175.61506209157076,19.18630087212787,19.012290307965696,48.98732062084207,29.31504360639344,20.614515398284745,2.814576139775495,2.814576139775495,0,0,0,1
66,2,175.61506209157076,17.612913450973455,17.464392481822074,59.643177226868644,34.61770514340814,24.58149822340617,1.4225511163806484,2.814576139775495,0,1,1,2
66,3,165.1110451311558,19.351832271508506,19.12724247734843,69.49736368056205,34.10139227178551,20.64408802651121,1.7506694934024931,1.4225511163806484,0,1,1,3
66,4,149.8780468773239,20.99819022288311,20.927454341178045,79.4789675217465,31.179497835450704,24.27385683779628,2.5388330423053187,1.7506694934024931,0,1,1,4
66,5,119.83102595448548,22.025393268762123,21.95412655674015,74.92823321274687,31.33792494389403,26.713551117219197,3.7558776153548017,2.5388330423053187,1,0,1,5
66,6,98.26933409039127,20.06201970072341,23.00147392827932,71.46556528720303,34.096289302534245,30.0,4.312338372818843,3.7558776153548017,2,0,0,6
66,7,89.38328690391519,20.022827610184525,19.058468312894806,67.61423843037014,33.03161223437124,28.905460783223774,4.443023593238041,4.312338372818843,3,0,0,7
66,8,80.23099542687467,17.57866860418305,17.723942158291646,64.71054654607507,37.20171175391626,30.0,4.57614573852026,4.443023593238041,4,1,1,8
66,9,46.38757194400449,19.494170433909453,19.303375190210218,75.60600175673177,33.945482799601685,26.58482392626893,5.640570580478364,4.57614573852026,4,1,1,9
67,0,194.9328916997101,21.0,21.0,40.0,25.590782627592905,16.699253631893868,5.1715351288320885,0.0,0,0,0,0
67,1,194.9328916997101,19.111815652551858,18.933985072637878,47.61220652670762,25.590782627592905,16.699253631893868,5.1715351288320885,5.1715351288320885,0,0,0,1
67,2,194.9328916997101,17.36771997603214,17.231262852355457,55.20075787778387,25.824466749817184,16.334151867273114,4.362102633009901,5.1715351288320885,0,1,1,2
67,3,170.94297233918866,18.9796744282934,18.920137282007836,63.715994130180164,26.165291119148453,21.141576949719823,3.99831989342024,4.362102633009901,0,1,1,3
67,4,146.0371550847458,20.740971902109955,20.64464337336788,73.52936498641594,30.11410530523745,24.404621673850244,4.150969542407144,3.99831989342024,0,1,1,4
67,5,107.6819835620199,21.759896829025795,21.62775961677266,68.02609749760681,30.40570680297966,22.353918259191868,4.794396440340735,4.150969542407144,1,1,1,5
67,6,65.02240510939818,22.709372757325266,22.59601064847824,62.53453093887087,30.237396927696437,22.58723330154833,5.3324473065777145,4.794396440340735,2,0,0,6
67,7,54.30783309832928,20.59118903593595,20.371814777214027,57.459267900587534,33.90328606694702,21.234141498145576,5.357286005534448,5.3324473065777145,3,0,0,7
67,8,42.06985966142745,18.404821023940364,18.393485297989333,52.775002141815264,30.583517425933955,26.72611724755344,6.118986718450916,5.357286005534448,4,0,0,8
67,9,42.06985966142745,17.088943881801267,16.963373620638823,62.84827022577024,31.205574706902144,24.757025759514413,6.654304997452504,6.118986718450916,4,1,1,9
68,0,211.2313744846618,21.0,21.0,40.0,28.73783201908008,24.222883992666183,6.008913957213684,0.0,0,0,0,0
68,1,211.2313744846618,19.174756640381602,19.084457679853326,49.53292888211433,28.73783201908008,24.222883992666183,6.008913957213684,6.008913957213684,0,0,0,1
68,2,211.2313744846618,17.568697090318402,17.492327681336192,59.55120760272748,30.415029430220592,25.242074573185807,6.373371290740911,6.008913957213684,0,1,1,2
68,3,172.46626002164177,19.269857251998506,19.12585069072936,68.78697020650077,29.82783072068763,21.48196152249732,6.460852410503342,6.373371290740911,0,1,1,3
68,4,134.8891838972893,20.87517685256677,20.779770992970352,77.00757471061443,26.300208210855885,19.369816811997826,6.26284602072541,6.460852410503342,0,1,1,4
68,5,83.82107576469154,21.769965614396117,21.6302554267683,69.43579476261881,24.842243226569572,16.425645951232532,6.383513516574722,6.26284602072541,1,1,1,5
68,6,34.60552069393553,22.6398949454634,22.564233168261485,62.93115735271098,26.5376002541792,20.65885857966617,6.151944383844501,6.383513516574722,2,0,0,6
68,7,23.85394318374734,20.406846535338808,20.28260579316463,56.21409881844562,26.68165262152072,19.334688854782826,5.375788755094094,6.151944383844501,3,0,0,7
68,8,15.543405202057734,18.211708886482473,18.003855971793314,48.50092691242515,26.36931758347845,14.113060716407826,4.155268990844802,5.375788755094094,4,0,0,8
68,9,15.543405202057734,16.69642214029782,16.617234810383522,56.646455886148054,26.16504947947876,19.08788926342626,2.72163668981307,4.155268990844802,4,1,1,9
69,0,202.25949211990587,21.0,21.0,40.0,34.47897559257653,17.000405795484077,4.6768886963296925,0.0,0,0,0,0
69,1,202.25949211990587,19.28957951185153,18.940008115909684,49.26628864985091,34.47897559257653,17.000405795484077,4.6768886963296925,4.6768886963296925,0,0,0,1
69,2,202.25949211990587,17.596335898839996,17.320681682279186,58.2284788646824,34.40811370256054,15.38183193539219,4.253408460395866,4.6768886963296925,0,1,1,2
69,3,177.364728473613,19.235911926056573,19.101361897883532,68.1047926427027,32.86536226747748,22.00304761041306,4.149127274382144,4.253408460395866,0,1,1,3
69,4,152.22695290021278,20.87943965501223,20.821741962516153,77.21481745691858,27.75719200763277,22.85405696023317,4.189629262233371,4.149127274382144,0,1,1,4
69,5,111.02365492556825,21.85941082345972,21.794528452816568,71.55200807180054,27.99143255669372,23.881848637094976,5.150412246830568,4.189629262233371,1,1,1,5
69,6,65.53774584771861,22.776248177202284,22.750224969757593,65.89335825660153,27.08539292372149,24.810996991839588,5.685738634731204,5.150412246830568,2,0,0,6
69,7,53.30771891946603,20.589362215254592,20.60401761539892,61.100652472483375,28.18238409634329,28.52480599188921,6.1150134641262905,5.685738634731204,3,0,0,7
69,8,40.31120829581018,18.529327205658788,18.524351366327053,56.84869122243775,29.87014367652861,29.84118271210683,6.498255311827925,6.1150134641262905,4,0,0,8
69,9,40.31120829581018,17.177159201216522,17.127061515470164,67.12057300915733,29.82276590175704,27.243244024462804,6.703457272273133,6.498255311827925,4,1,1,9
70,0,182.1634654927002,21.0,21.0,40.0,33.24299805047452,19.67141175253978,6.786970779366362,0.0,0,0,0,0
70,1,182.1634654927002,19.264859961009492,18.993428235050796,49.52459376454257,33.24299805047452,19.67141175253978,6.786970779366362,6.786970779366362,0,0,0,1
70,2,182.1634654927002,17.59760952894965,17.52975824691393,60.1474611288512,33.23998489644054,25.77594490527406,6.647151138405601,6.786970779366362,0,1,1,2
70,3,145.21718238384668,19.278325156404296,19.260406943472972,70.13306281287635,28.694622394176463,26.78094251707436,6.1577138514755845,6.647151138405601,0,1,1,3
70,4,103.95273495310698,20.33859201951146,20.277701300670373,65.44728091588226,30.307260409695303,26.993951273670845,5.158055928842461,6.1577138514755845,1,1,1,4
70,5,69.50581863459617,21.403921230986963,21.338526117471027,60.36863938890659,29.650887320940804,25.46777086252769,4.305864539813851,5.158055928842461,2,1,1,5
70,6,35.67065518804686,22.4865232986643,22.408767197550965,56.412430332334225,33.111562944279505,28.242831185874,4.229395430818664,4.305864539813851,3,0,0,6
70,7,26.930011812004185,20.27797169630591,20.340898919005824,51.56172108117147,27.20246449317786,29.182484111473507,4.370321688021336,4.229395430818664,4,0,0,7
70,8,26.930011812004185,18.875216221924248,18.932108370079586,61.1460986555562,24.72901316582481,28.51752891409037,4.55443460088959,4.370321688021336,4,0,0,8
70,9,26.930011812004185,17.427761124088175,17.506406589710146,70.98297065413472,24.93181668878156,29.71747219221017,4.017515900285096,4.55443460088959,4,1,1,9
71,0,114.5225392861723,21.0,21.0,40.0,28.72181787013057,20.095375539056203,6.050453322083965,0.0,0,0,0,0
71,1,114.5225392861723,19.174436357402612,19.001907510781127,48.78709481365362,28.72181787013057,20.095375539056203,6.050453322083965,6.050453322083965,0,0,0,1
71,2,114.5225392861723,17.43670476948196,17.443949086521894,57.85328595502475,26.29672270524913,24.071005857923826,5.343228179213513,6.050453322083965,0,1,1,2
71,3,93.69634034758178,19.08527359003474,19.015354982227283,65.89433864137644,24.029890279474827,20.642624644701154,3.471033156431753,5.343228179213513,0,1,1,3
71,4,77.50829611506421,20.786483860708227,20.767583756289156,75.59716398940579,27.94918480244765,25.955400464382063,2.698007372086262,3.471033156431753,0,1,1,4
71,5,57.26511717769377,21.870822220511762,21.789841267521282,71.18649591439966,31.581085510665662,27.24853629485583,2.5303973671713065,2.698007372086262,1,1,1,5
71,6,36.08054382780067,22.891562746575072,22.758554695033595,66.58617863581003,32.82056599543873,24.95544912350779,2.648071668736638,2.5303973671713065,2,0,0,6
71,7,29.789439964496943,20.58022788418367,20.690026677927104,61.483826648152046,25.7460572439253,29.240876157974792,3.145551931651861,2.648071668736638,3,0,0,7
71,8,23.02768410029675,18.464734063668693,18.522007542657356,56.006747382364495,24.19722966724224,28.70788552282689,3.380877932100096,3.145551931651861,4,0,0,8
71,9,23.02768410029675,17.170216633665866,17.060564738908003,66.15986449391303,30.514849364166583,25.89135681110311,3.745234305208885,3.380877932100096,4,1,1,9
72,0,281.02084052692726,21.0,21.0,40.0,33.43253265588527,20.77564676857712,5.925435235459448,0.0,0,0,0,0
72,1,281.02084052692726,19.268650653117707,19.015512935371543,49.75747229640323,33.43253265588527,20.77564676857712,5.925435235459448,5.925435235459448,0,0,0,1
72,2,281.02084052692726,17.556952157596303,17.384870675399487,58.50084449622711,30.487714937527382,18.08657506149419,6.463224790188449,5.925435235459448,0,1,1,2
72,3,238.31885180761896,19.243529321122377,19.007066284796792,67.39613177185845,31.91131834581384,17.506944296582464,7.116998119884714,6.463224790188449,0,1,1,3
72,4,192.39000911729468,20.938449642402144,20.794615905870234,77.49520552873987,33.42229884374357,22.68366647226437,7.654807115054047,7.116998119884714,0,1,1,4
72,5,131.4038536971952,21.995531924002666,21.7649303134563,72.53284295523959,34.72611947236998,21.038532897072848,7.623269427512436,7.654807115054047,1,1,1,5
72,6,71.67810515948423,22.851381572981232,22.862344879405278,67.69663690330053,29.68819038533247,26.77733154833945,7.465718567213869,7.623269427512436,2,0,0,6
72,7,57.52149151418714,20.808838249977516,20.712237505922808,64.33644267244799,34.66558760637477,30.0,7.07830682264855,7.465718567213869,3,0,0,7
72,8,43.546899248559065,18.624654883567764,18.651371404219237,59.43127387011364,28.0977903354171,27.98460520716984,6.987296132814039,7.07830682264855,4,0,0,8
72,9,43.546899248559065,17.325439685682746,17.243511388155728,70.28471237320991,31.9962738196679,28.300606753089177,5.887188673327382,6.987296132814039,4,1,1,9
73,0,278.8238292904831,21.0,21.0,40.0,25.474168939060327,20.465489228499244,7.0736347763371406,0.0,0,0,0,0
73,1,278.8238292904831,19.109483378781206,19.009309784569986,48.269138470160726,25.474168939060327,20.465489228499244,7.0736347763371406,7.0736347763371406,0,0,0,1
73,2,278.8238292904831,17.436658967124647,17.409186318998895,57.48821319175268,27.046659053039008,24.17042273358294,7.199726216458332,7.0736347763371406,0,1,1,2
73,3,234.17125267727198,19.268581210430483,19.06077500653989,67.8697640965101,34.238841360311966,23.436441443895887,7.442096102201857,7.199726216458332,0,1,1,3
73,4,188.90825941627736,20.903211258661024,20.856560157471105,77.57122971461449,29.673339664773003,24.22369154691809,7.543832210165772,7.442096102201857,0,1,1,4
73,5,127.36559931100214,21.95737279584927,21.831354548554852,72.64693557395661,31.488411272790582,24.4877323902212,7.692832513159404,7.543832210165772,1,1,1,5
73,6,68.21625556451788,23.028572749198126,22.821146739106982,68.80571947902918,37.127409065521626,24.86583485154816,7.393667968310534,7.692832513159404,2,0,0,6
73,7,52.91970195901624,20.876299841754356,20.751579810490046,65.30521672433268,36.61674376091208,27.26935204632958,7.64827680275082,7.393667968310534,3,0,0,7
73,8,39.3926704832497,18.778971064005198,18.667193895980763,61.066184411401906,33.6214063436187,26.16174747343252,6.763515737883267,7.64827680275082,4,0,0,8
73,9,39.3926704832497,17.368087459233596,17.253442302614616,71.01470786177424,31.339245037803185,23.930329686487603,5.917140363314141,6.763515737883267,4,1,1,9
74,0,124.83208867438262,21.0,21.0,40.0,27.61324893252996,23.59697709440789,4.492950277699023,0.0,0,0,0,0
74,1,124.83208867438262,19.1522649786506,19.07193954188816,49.21784068484881,27.61324893252996,23.59697709440789,4.492950277699023,4.492950277699023,0,0,0,1
74,2,124.83208867438262,17.509342475553098,17.540691438472557,59.4207810643405,28.16021775687547,28.522784351411705,3.309782832618107,4.492950277699023,0,1,1,2
74,3,106.95490109073921,19.14145240019198,19.204003331722014,68.2932997175834,22.84699463775018,26.444775658043657,2.9795312639405687,3.309782832618107,0,1,1,3
74,4,88.13106614655237,20.831957638784093,20.861329002683313,77.26599629266197,23.72074106904016,26.127573236951893,3.13730582403114,2.9795312639405687,0,1,1,4
74,5,65.35526837645284,21.82426346651858,21.7782610083534,71.2044030009991,25.758683748044064,23.89913129827333,2.8469747212624408,3.13730582403114,1,1,1,5
74,6,44.79018899180787,22.771972658058406,22.709654055507688,65.55859517663089,27.886850654539508,24.08088365452599,2.5706349230806227,2.8469747212624408,2,0,0,6
74,7,37.775835193655695,20.54760263157277,20.51816898846601,59.98067160746983,27.375665126907545,24.969203933308822,3.507176899076086,2.5706349230806227,3,0,0,7
74,8,30.76672133402695,18.503196037357824,18.38525562520471,55.27529467859381,31.76543782469518,25.426912570438063,3.5045569298143717,3.507176899076086,4,0,0,8
74,9,30.76672133402695,17.042225305476148,17.00701931320843,64.59072954962318,27.640910872922845,24.11150507724029,4.128791438126283,3.5045569298143717,4,1,1,9
75,0,255.4939015810807,21.0,21.0,40.0,28.476900101995167,21.864983821136708,7.152679963622342,0.0,0,0,0,0
75,1,255.4939015810807,19.169538002039904,19.037299676422734,49.061539106163735,28.476900101995167,21.864983821136708,7.152679963622342,7.152679963622342,0,0,0,1
75,2,255.4939015810807,17.667459702576906,17.387034599611376,59.445294399935655,36.84617972118896,20.84134968865505,6.560177498422845,7.152679963622342,0,1,1,2
75,3,220.00821712478825,19.30685708072615,19.196641561955516,69.70407010597029,33.35517542493694,23.638022941922184,5.914280742715407,6.560177498422845,0,1,1,3
75,4,183.1207454119201,21.019323525398075,20.97906466959536,80.14253308556499,30.82881828472181,27.16264271302652,6.147911952144689,5.914280742715407,0,1,1,4
75,5,133.8422456145966,22.076315408983945,21.98364435781509,75.72653483768478,32.01872256474113,26.78128716925768,6.159812474665438,6.147911952144689,1,0,1,5
75,6,100.89023848975316,19.928929759579756,23.012155656386227,70.51062947030641,25.79242610977573,28.5636551825667,6.590401424968687,6.159812474665438,2,0,0,6
75,7,88.11313008116757,19.94389229171447,18.877862421121304,65.31493824687918,30.76074358481608,23.70763850725488,6.3885542042927925,6.590401424968687,3,0,0,7
75,8,75.99914392268735,17.37958043293793,17.461306311253054,60.35801400100358,33.84950972191625,21.945355578774866,6.056993079240105,6.3885542042927925,4,1,1,8
75,9,42.851903258178915,19.35467312396061,19.036151668668097,71.33294627633965,37.836015281993966,23.13583069209533,5.524540110751405,6.056993079240105,4,1,1,9
76,0,99.82212256250074,21.0,21.0,40.0,33.50485911613399,19.047745093036703,2.7940986427010595,0.0,0,0,0,0
76,1,99.82212256250074,19.270097182322683,18.980954901860734,49.459468757650725,33.50485911613399,19.047745093036703,2.7940986427010595,2.7940986427010595,0,0,0,1
76,2,99.82212256250074,17.675809350420256,17.475720853853694,60.35841048385528,37.44561764597466,23.10405861071733,1.420482864278352,2.7940986427010595,0,1,1,2
76,3,97.2690803341026,19.311683151858254,19.338907032004144,71.15501925362258,30.810646636622188,29.17051319541834,0.425507038066358,1.420482864278352,0,1,1,3
76,4,92.83870879544394,20.377510548450296,20.321920493948124,66.31142637629819,29.39781426889224,27.026669745972203,0.5537964423323327,0.425507038066358,1,1,1,4
76,5,77.45971810160654,21.426360685203495,21.429203568451612,61.577421446142196,28.86250629935225,28.170799644225564,1.922373836729674,0.5537964423323327,2,1,1,5
76,6,54.27955510264351,22.448850906945573,22.429666719907356,56.55400963321222,28.171028015677887,27.254461912488868,2.897520374870379,1.922373836729674,3,0,0,6
76,7,46.78081644041169,20.38290157912278,20.336222799494337,52.74144449363281,32.3870588391105,29.765357052115,3.749369331115913,2.897520374870379,4,0,0,7
76,8,46.78081644041169,19.057971693845168,19.023312885634457,63.97940647252605,32.43312210496244,30.0,4.305853257486647,3.749369331115913,4,0,0,8
76,9,46.78081644041169,17.744159051624738,17.58477821621506,75.150128558924,35.274245520149904,26.785321626505382,5.016752035089215,4.305853257486647,4,1,1,9
77,0,163.90354815779392,21.0,21.0,40.0,28.620354843606734,16.604283629544724,4.139397285665213,0.0,0,0,0,0
77,1,163.90354815779392,19.172407096872135,18.932085672590897,48.14043492516726,28.620354843606734,16.604283629544724,4.139397285665213,4.139397285665213,0,0,0,1
77,2,163.90354815779392,17.466403393650456,17.384551109817227,57.521325793350556,29.906747967338028,22.209312411458072,2.742404308123496,4.139397285665213,0,1,1,2
77,3,147.22768455440297,19.20868295811008,19.145226749899948,68.0824734569773,31.53681862185452,27.13622395384961,2.7793106005651573,2.742404308123496,0,1,1,3
77,4,128.8848781060828,21.096365913513377,20.958783016986505,80.24345342697028,37.69599389139493,29.865005941899373,3.0571344080533605,2.7793106005651573,0,1,1,4
77,5,98.15921088738975,22.23932842112121,22.088159551516465,77.77544707403557,39.62218692814047,30.0,3.840708402336632,3.0571344080533605,1,0,0,5
77,6,89.23641130113859,20.24601717967214,20.17004491812767,74.66735337586864,36.06614612129484,30.0,4.461399793125583,3.840708402336632,2,0,0,6
77,7,79.01677146676543,18.467923931965032,18.341328881554073,71.8118339357374,37.46933644371529,30.0,5.109819917186576,4.461399793125583,3,0,0,7
77,8,67.13945644172472,16.611082781063242,16.575858121957726,68.27066250379661,33.66015871144008,30.0,5.938657512520356,5.109819917186576,4,1,1,8
77,9,36.13385965456186,18.472773388795943,18.44670200691278,79.40041152032998,31.83193898074097,30.0,5.167599464527142,5.938657512520356,4,1,1,9
78,0,129.9635032999202,21.0,21.0,40.0,33.4912242231306,22.07624053967252,4.663755522675906,0.0,0,0,0,0
78,1,129.9635032999202,19.269824484462614,19.04152481079345,50.00214365730456,33.4912242231306,22.07624053967252,4.663755522675906,4.663755522675906,0,0,0,1
78,2,129.9635032999202,17.76382431708294,17.44577444459019,60.93529499041327,40.03335917902833,20.706370449353376,3.909751409048031,4.663755522675906,0,1,1,2
78,3,109.61989308246869,19.503853419040354,19.229839403830926,72.00947219632718,39.99732777369208,21.52587892582965,3.390601702908586,3.909751409048031,0,1,1,3
78,4,86.59465746221558,20.508485724515786,20.37527191040366,68.15168727572014,36.336047909632015,25.56514697588437,2.878154452531639,3.390601702908586,1,1,1,4
78,5,64.4673143217011,21.59129504240859,21.375019755945235,62.92139184843228,33.54405402495851,20.732082490108937,2.765917892564311,2.878154452531639,2,1,1,5
78,6,48.39519023095751,22.51587908584,22.411887546347625,57.44414167145493,30.673935977514184,22.230229705945003,2.0090155113429478,2.765917892564311,3,0,0,6
78,7,42.45993077126093,20.475469340682725,20.287550458034314,53.627718369563766,36.54339944048313,25.58758221567705,2.967629729848289,2.0090155113429478,4,0,0,7
78,8,42.45993077126093,19.066278420537756,18.94383512501981,63.86958814034913,32.92011225999333,23.979164244369805,4.265675590056193,2.967629729848289,4,0,0,8
78,9,42.45993077126093,17.585670046892083,17.561559947986463,73.98143014486448,29.60952720156772,26.56737282351751,5.11797380976956,4.265675590056193,4,1,1,9
79,0,137.91108905002847,21.0,21.0,40.0,30.807503813548443,18.64224440194048,4.007768253181071,0.0,0,0,0,0
79,1,137.91108905002847,19.21615007627097,18.97284488803881,48.900954678788004,30.807503813548443,18.64224440194048,4.007768253181071,4.007768253181071,0,0,0,1
79,2,137.91108905002847,17.425241376057492,17.372273775633676,57.116423602724,25.969725933269896,19.67176808859674,2.6501905878231597,4.007768253181071,0,1,1,2
79,3,124.1653033770996,19.025657398294754,19.084965336607628,65.92084725777174,23.371290920489397,25.542173829775805,2.2909642788214786,2.6501905878231597,0,1,1,3
79,4,109.06378803157392,20.801820578412027,20.736691390169128,75.4027190526681,27.52195293232688,25.15511259487516,2.5169192242542806,2.2909642788214786,0,1,1,4
79,5,82.69949204053299,21.74352871425764,21.78579510978273,69.93599475389937,25.913130416003447,27.049512368614696,3.295536998880117,2.5169192242542806,1,1,1,5
79,6,52.2418088308489,22.78152619935179,22.74376791245293,65.27611878541488,29.34952596024305,28.09560754817648,3.8072104012105097,3.295536998880117,2,0,0,6
79,7,42.91660165650298,20.520204886448585,20.516973889950922,59.08715369776745,24.83905904294019,24.11113491457406,4.66260358717296,3.8072104012105097,3,0,0,7
79,8,33.420131530571794,18.392773578146592,18.374233178357226,53.52037464784107,26.69113399644885,25.71564905951573,4.748235062965594,4.66260358717296,4,0,0,8
79,9,33.420131530571794,17.078990692864863,17.010124885278614,64.17835189307617,31.466190535951757,27.744794159798808,5.403708387483926,4.748235062965594,4,1,1,9
80,0,128.89865837515987,21.0,21.0,40.0,26.668875993709456,19.651798152097108,4.345339683436851,0.0,0,0,0,0
80,1,128.89865837515987,19.13337751987419,18.993035963041944,48.33772134624518,26.668875993709456,19.651798152097108,4.345339683436851,4.345339683436851,0,0,0,1
80,2,128.89865837515987,17.349197291208775,17.236255602814857,55.151539950461896,22.803377786691687,15.051170014512271,3.579495477606298,4.345339683436851,0,1,1,2
80,3,105.07613212212038,18.93688005344201,18.854995735563893,62.80494537954829,24.153630135147267,18.365288915332712,3.9704210421732458,3.579495477606298,0,1,1,3
80,4,81.19371533023782,20.597486027558613,20.472504819895565,70.65197734606336,25.53597359375954,18.058648442435253,3.9804027986470927,3.9704210421732458,0,1,1,4
80,5,48.04125512645041,21.58119751223573,21.476677431670016,64.73723420721149,28.78718568591612,21.686463542684567,4.144057525473427,3.9804027986470927,1,1,1,5
80,6,18.256200464863475,22.629463230676443,22.466483672710794,60.03196929206007,33.4548759001857,23.738096793417515,3.7231318326983662,4.144057525473427,2,0,0,6
80,7,12.17984295832625,20.379463545144628,20.423261880319068,55.210636434171974,28.401463700136645,28.14668708937397,3.038178753268614,3.7231318326983662,3,0,0,7
80,8,8.90567256795582,18.30252478085672,18.308117002284348,50.13564476656093,27.101174540470343,28.03776063946832,1.6370851951852148,3.038178753268614,4,0,0,8
80,9,8.90567256795582,17.022352248729067,16.850807742704095,60.11657801564148,31.971485570696498,23.47814359086209,1.460620370893315,1.6370851951852148,4,1,1,9
81,0,28.878360566848652,21.0,21.0,40.0,32.4798363971435,15.52353309201925,3.696061366009841,0.0,0,0,0,0
81,1,28.878360566848652,19.249596727942873,18.910470661840385,48.640606508049295,32.4798363971435,15.52353309201925,3.696061366009841,3.696061366009841,0,0,0,1
81,2,28.878360566848652,17.52129887669244,17.439513322222496,58.56006221066407,32.14212797589164,22.96595926085714,1.9838421851704933,3.696061366009841,0,1,1,2
81,3,19.805421441960522,19.2313339576137,19.08032228298702,67.85108133448428,30.19706997924777,21.41970293086449,1.5121565208146883,1.9838421851704933,0,1,1,3
81,4,16.868584978576752,20.925396775776118,20.87541247409175,78.06525726480456,30.754906019365556,25.99051581574712,0.489472743897295,1.5121565208146883,0,1,1,4
81,5,14.229745362906979,21.91588444676813,21.939683530673527,73.410122368225,28.51564156338798,28.95583123339225,0.3298549519587216,0.489472743897295,1,1,1,5
81,6,10.728094599870376,22.914426050882874,22.901178279761748,68.72046072674918,28.79252992241598,28.487127624940552,0.4377063453795754,0.3298549519587216,2,0,0,6
81,7,9.425763758019064,20.82352942771773,20.61542465408438,63.79596061512203,33.289477314166845,22.685522065682303,0.651165420925656,0.4377063453795754,3,0,0,7
81,8,7.613133876514534,18.73313758321399,18.506283087419593,59.22652681860242,36.20594320677768,21.741646812557875,0.9063149407522648,0.651165420925656,4,0,0,8
81,9,7.613133876514534,17.339701976502987,17.22551425354147,70.34285722649524,35.43479736997602,26.322593784984075,0.6669692918988646,0.9063149407522648,4,1,1,9
82,0,54.69466987150547,21.0,21.0,40.0,32.118625764341864,20.045580003349063,2.3580738591899677,0.0,0,0,0,0
82,1,54.69466987150547,19.24237251528684,19.00091160006698,49.389557038184364,32.118625764341864,20.045580003349063,2.3580738591899677,2.3580738591899677,0,0,0,1
82,2,54.69466987150547,17.646544664970296,17.49680764824657,60.277818292394954,35.79955243282704,24.69078786834289,0.916266914162338,2.3580738591899677,0,1,1,2
82,3,51.74133256922488,19.403200301400297,19.217168539583586,70.86867589381804,35.1928705636875,23.64522722199628,0.4922228837134313,0.916266914162338,0,1,1,3
82,4,47.93563698666213,20.369369789636373,20.266223453792044,65.6953357030796,31.270173857682444,23.32238063821515,0.4757119478203432,0.4922228837134313,1,1,1,4
82,5,46.582923033589616,21.416316111730413,21.39309330659024,61.06302342657061,30.15330021258947,27.44496491791611,0.1690892441340645,0.4757119478203432,2,1,1,5
82,6,46.582923033589616,22.555707209674047,22.43214011695961,57.3974330778762,34.74781961003898,28.221122897214283,0.0,0.1690892441340645,3,0,0,6
82,7,44.115303442085455,20.491707046810124,20.405771459204797,54.30448451665313,36.15028577098298,30.0,1.2338097957520815,0.0,4,0,0,7
82,8,44.115303442085455,19.257697962261222,19.07169044212245,66.33071248776061,38.70089371914127,28.111483898122447,2.9636320665985685,1.2338097957520815,4,0,0,8
82,9,44.115303442085455,17.789265551271146,17.7636130663553,77.5072657405156,33.08234978158966,29.00961273371587,4.735385102262343,2.9636320665985685,4,1,1,9
83,0,71.51515146165657,21.0,21.0,40.0,30.29744152613354,20.98275176836561,2.111446034459793,0.0,0,0,0,0
83,1,71.51515146165657,19.205948830522672,19.019655035367315,49.23043479300985,30.29744152613354,20.98275176836561,2.111446034459793,2.111446034459793,0,0,0,1
83,2,71.51515146165657,17.3715682869636,17.4602903836288,57.458463284257284,22.034785744944717,23.67648365087439,0.5773363591575897,2.111446034459793,0,1,1,2
83,3,68.36229819401198,19.20853869633057,19.110152219806533,67.85731806731748,30.67995391883464,27.09146154261088,0.5254755446074306,0.5773363591575897,0,1,1,3
83,4,68.20735311386863,20.924384976469494,20.950873982052787,78.68456050368275,30.15134686869589,30.0,0.0258241800238916,0.5254755446074306,0,1,1,4
83,5,64.11677370903203,22.00718533445909,21.982598278810016,74.6343236894495,30.83201769870422,30.0,0.5113224256045756,0.0258241800238916,1,0,1,5
83,6,63.23991866787751,20.09111332242527,22.97653177391206,71.12588228900569,34.9699377400764,28.87205447968017,0.175371008230905,0.5113224256045756,2,0,0,6
83,7,60.73855696072108,20.005740231930176,19.09033262394127,67.37392094189156,32.4891036271437,30.0,1.2506808535782177,0.175371008230905,3,0,0,7
83,8,55.45750326588626,17.637636316013907,17.723249024652972,64.87500710571001,39.45047868788029,30.0,2.640526847417409,1.2506808535782177,4,1,1,8
83,9,33.55874217378568,19.456147527331204,19.36482620888413,75.50929124187101,31.18061580238675,27.898740509618836,3.649793515350097,2.640526847417409,4,1,1,9
84,0,202.42886785976737,21.0,21.0,40.0,33.42525817019494,23.205074348317183,4.985180508612881,0.0,0,0,0,0
84,1,202.42886785976737,19.2685051634039,19.064101486966344,50.19345985333218,33.42525817019494,23.205074348317183,4.985180508612881,4.985180508612881,0,0,0,1
84,2,202.42886785976737,17.683345829850925,17.57288707601469,61.374133907748444,35.35192434812153,26.762931509746625,4.444664822477446,4.985180508612881,0,1,1,2
84,3,176.15234904757853,19.474653049164065,19.33989190350558,72.79824371388847,35.93110764562279,27.53616905515513,4.379419802031475,4.444664822477446,0,1,1,3
84,4,135.4617530329161,20.542966320894738,20.4794644988626,69.53361520545565,35.196508286484296,30.0,5.0863245018328005,4.379419802031475,1,1,1,4
84,5,93.42585119923802,21.70561977028507,21.61232424050811,66.3447298929351,35.61730381933035,30.0,5.25448772920976,5.0863245018328005,2,1,1,5
84,6,50.04632762392562,22.815078654847095,22.69289513711727,63.24114753318962,36.799908972835375,29.291300139689685,5.42244044691405,5.25448772920976,3,0,0,6
84,7,40.53450332717881,20.6408994508717,20.56622226149794,58.721963459980316,31.896683691736225,26.330071457100964,4.755912148373406,5.42244044691405,4,0,0,7
84,8,40.53450332717881,19.324196600768786,19.140563809310752,69.45842951087735,34.97441551480144,24.672618101293164,4.525128556229441,4.755912148373406,4,0,0,8
84,9,40.53450332717881,17.85599599716862,17.823303481315296,80.67625726521308,33.355191483200976,28.966073818664164,4.1343955875923895,4.525128556229441,4,1,1,9
85,0,227.28032791577735,21.0,21.0,40.0,32.71446738656055,22.068956455189312,7.212015054668651,0.0,0,0,0,0
85,1,227.28032791577735,19.254289347731213,19.041379129103788,49.86101629151497,32.71446738656055,22.068956455189312,7.212015054668651,7.212015054668651,0,0,0,1
85,2,227.28032791577735,17.709240441499983,17.48965457433817,60.82484854131957,37.541562901541525,23.36861626403956,7.789259514443041,7.212015054668651,0,1,1,2
85,3,180.13090060993164,19.514049335302264,19.24211596761296,72.18797840889226,40.0094778280926,23.119021436200143,7.858237884307617,7.789259514443041,0,1,1,3
85,4,123.31556601732595,20.513734038917384,20.40163256417211,68.43264711345965,36.07722797232219,26.39315371971887,7.101916824075714,7.858237884307617,1,1,1,4
85,5,74.84813837379963,21.643499770343098,21.46607554254547,64.23566367480714,35.28474609260663,24.73201258154608,6.05842845544079,7.101916824075714,2,1,1,5
85,6,36.71832229130766,22.666435811888714,22.625922524969504,60.87932867213365,34.68702776292505,30.0,4.766227010311496,6.05842845544079,3,0,0,6
85,7,27.936147488951647,20.59895834695879,20.530343342936565,57.40624958301552,34.03844950489925,30.0,4.391087401178006,4.766227010311496,4,0,0,7
85,8,27.936147488951647,19.279068222270805,19.211183109368726,69.00247610999423,34.42348070543724,30.0,4.219266088295347,4.391087401178006,4,0,0,8
85,9,27.936147488951647,17.957534791476416,17.838090767860617,81.06076212737206,36.99047787432122,30.0,3.725028458529561,4.219266088295347,4,1,1,9
86,0,88.6856769790054,21.0,21.0,40.0,28.11959436668013,18.532111711560244,6.032954694450151,0.0,0,0,0,0
86,1,88.6856769790054,19.162391887333605,18.970642234231207,48.39730709408327,28.11959436668013,18.532111711560244,6.032954694450151,6.032954694450151,0,0,0,1
86,2,88.6856769790054,17.406237267452074,17.325493871606067,56.474002730556286,25.89197295128752,18.97855836245149,5.131881555186517,6.032954694450151,0,1,1,2
86,3,68.53795793039167,19.049031013354085,18.973655826768603,65.01985383491424,26.228430423365204,21.24852015640127,3.3579531747689524,5.131881555186517,0,1,1,3
86,4,56.768328688411614,20.712214848704086,20.679048645290074,73.88877010624319,26.030347516210725,23.24140954672781,1.9616048736633425,3.3579531747689524,0,1,1,4
86,5,52.16058555421446,21.79597722569074,21.762143229571294,69.8739281326241,31.608924279649404,29.419731422466786,0.5759678917746444,1.9616048736633425,1,1,1,5
86,6,42.65527283364343,22.957890657436508,22.79353146022654,67.015951503969,38.09057759932536,29.365107797035236,1.1881640900713784,0.5759678917746444,2,0,0,6
86,7,38.73930370045645,20.89206538685539,20.755498930842354,64.48881944055327,39.29371075880148,30.0,1.957984566593487,1.1881640900713784,3,0,0,7
86,8,32.40735813689469,18.82254012931364,18.754594009678428,61.26906394850543,35.44580282195648,30.0,3.1659727817808805,1.957984566593487,4,0,0,8
86,9,32.40735813689469,17.37959867218995,17.419941640195642,71.7588320037647,28.63926629506424,29.63722290082053,4.006147371966305,3.1659727817808805,4,1,1,9
87,0,263.9019450855797,21.0,21.0,40.0,28.89998725413445,17.394499605093863,7.169425421129109,0.0,0,0,0,0
87,1,263.9019450855797,19.17799974508269,18.947889992101878,48.333007634661094,28.89998725413445,17.394499605093863,7.169425421129109,7.169425421129109,0,0,0,1
87,2,263.9019450855797,17.46951713021842,17.35934191206035,57.34172391359977,29.504415487248508,20.544008284633048,8.285949072393771,7.169425421129109,0,1,1,2
87,3,208.52461852810413,19.15762583557251,19.028110614194343,66.56828548866812,29.693532379162782,21.56514303788363,9.229554426245931,8.285949072393771,0,1,1,3
87,4,152.51600866012745,20.781012050023175,20.80826216447518,75.8985964064171,26.20764162611661,25.627419028044372,9.334768311329446,9.229554426245931,0,1,1,4
87,5,89.75027971491896,21.759277719331834,21.70934626547663,69.47439936263187,24.865585366364343,22.777764390384416,7.845716118151063,9.334768311329446,1,1,1,5
87,6,43.06456950505706,22.673184867723425,22.638521120786205,63.38389898226998,25.98968963189492,23.507530477205744,5.835713776232738,7.845716118151063,2,0,0,6
87,7,32.73054316424646,20.5221631622076,20.405762813563417,57.94172248765642,29.719496555318408,23.37952291905067,5.167013170405298,5.835713776232738,3,0,0,7
87,8,23.658116180986607,18.45697775409603,18.38306307465535,53.91719777304888,33.20830094916067,27.766561747464124,4.536213491629927,5.167013170405298,4,0,0,8
87,9,23.658116180986607,17.068134659559938,17.079125377618322,64.50689916439174,29.695429342520125,29.13624505382905,4.132317525556623,4.536213491629927,4,1,1,9
88,0,91.12544360904066,21.0,21.0,40.0,33.9930016225108,23.28203541412352,2.1900827343048066,0.0,0,0,0,0
88,1,91.12544360904066,19.279860032450216,19.065640708282473,50.309506666594174,33.9930016225108,23.28203541412352,2.1900827343048066,2.1900827343048066,0,0,0,1
88,2,91.12544360904066,17.571848218079396,17.59322438510217,60.56529586491822,29.56054408436665,27.41606257298917,0.665652896477803,2.1900827343048066,0,1,1,2
88,3,89.13893870379482,19.264185730836026,19.253945252244275,70.06007839649496,26.470086633169405,26.27870520892363,0.3310841508743067,0.665652896477803,0,1,1,3
88,4,82.40606861333148,20.371807384487525,20.29199190351116,65.96871925590798,32.37397077888328,28.22958955118908,0.841608761307918,0.3310841508743067,1,1,1,4
88,5,67.71380745295288,21.474735635974824,21.374394655190734,61.46542587398393,32.26465901046929,26.05037775661933,1.8365326450473267,0.841608761307918,2,1,1,5
88,6,45.568765578761116,22.456549656638888,22.455675056535913,56.79749293411609,29.474608636600063,27.925763919689707,2.76813023427397,1.8365326450473267,3,0,0,6
88,7,38.40135413673645,20.44454784547217,20.264359273388003,52.619945057517015,34.57364081232357,25.551093206570474,3.583705721012332,2.76813023427397,4,0,0,7
88,8,38.40135413673645,19.010230225869854,19.028554583389635,63.558168908460296,31.2772604941457,29.490649788872524,4.123291512711265,3.583705721012332,4,0,0,8
88,9,38.40135413673645,17.672586981520986,17.595735698013886,74.52760783889698,32.25451310193657,28.686814289378347,4.632790858059635,4.123291512711265,4,1,1,9
89,0,118.35032290874685,21.0,21.0,40.0,25.451274024758565,22.90210619952161,2.1076070372282003,0.0,0,0,0,0
89,1,118.35032290874685,19.109025480495173,19.058042123990433,48.70360844037043,25.451274024758565,22.90210619952161,2.1076070372282003,2.1076070372282003,0,0,0,1
89,2,118.35032290874685,17.519785732504168,17.410848814823872,58.29476353961411,29.74789561369203,23.536299382106197,0.1630536790164121,2.1076070372282003,0,1,1,2
89,3,113.87411354569369,19.263832796419194,19.07413672776186,68.06704119351122,32.70464430430528,21.585787106234186,0.7460348938421937,0.1630536790164121,0,1,1,3
89,4,101.36145169552245,20.933610959465955,20.864371905719462,78.0426420646887,30.863699278529857,24.556305561345123,2.085443641695208,0.7460348938421937,0,1,1,4
89,5,73.50082906204958,21.994646574065122,21.8793288248454,73.57606767725679,32.661752224058645,25.857278956875135,3.4825778291841094,2.085443641695208,1,1,1,5
89,6,47.27578169237397,22.864059403536633,22.833396529283256,67.67397034146055,26.90340682049278,23.64049686952814,3.278130921209451,3.4825778291841094,2,0,0,6
89,7,40.31475267268326,20.63746392619939,20.654758145038958,62.38588415713984,26.775154462798177,27.179922290975707,3.480514509845352,3.278130921209451,3,0,0,7
89,8,32.94814539099589,18.52565297555421,18.571610897543806,57.72556846836662,27.442690617926555,30.0,3.683303640843687,3.480514509845352,4,0,0,8
89,9,32.94814539099589,17.198884686566647,17.12772696750171,67.84592775251262,29.546367684329223,26.67785056092639,4.973497430452348,3.683303640843687,4,1,1,9
90,0,196.93499931832466,21.0,21.0,40.0,28.98970170703149,22.45824879712918,6.617059226320238,0.0,0,0,0,0
90,1,196.93499931832466,19.17979403414063,19.049164975942585,49.26063109074892,28.98970170703149,22.45824879712918,6.617059226320238,6.617059226320238,0,0,0,1
90,2,196.93499931832466,17.534584626352892,17.450570073161295,58.84114717432724,29.69262644288172,23.53246291033116,6.148805805650116,6.617059226320238,0,1,1,2
90,3,160.45509991163442,19.22197000043427,19.1670113867352,68.63091836241225,29.19788334720543,25.18973436437796,6.079983234448373,6.148805805650116,0,1,1,3
90,4,126.53567058169864,20.935031282161084,20.94756581291444,78.95485121239454,28.776417583859995,28.57876491604169,5.653238221655965,6.079983234448373,0,1,1,4
90,5,88.68210193952987,21.97951237913608,21.987993611483468,74.64467688823399,29.38792042133023,30.0,4.731696080271095,5.653238221655965,1,1,1,5
90,6,49.147577893467634,23.11585071120239,22.93222659055301,71.14057408001429,36.46004152857455,27.406053981315985,4.941815505757779,4.731696080271095,2,0,0,6
90,7,39.22086544744171,20.898791824236085,20.81519600108451,66.80834659405615,33.09977791155359,26.16562494423448,4.963356223012962,4.941815505757779,3,0,0,7
90,8,30.673862779084295,18.787676097725427,18.687055878521203,62.12894122555427,31.810792574570463,25.525844267085763,4.273501334178706,4.963356223012962,4,0,0,8
90,9,30.673862779084295,17.422480844108552,17.3571468810387,73.26895351390657,33.332479299534256,28.55647785797851,3.9874483760263217,4.273501334178706,4,1,1,9
91,0,186.11610604534746,21.0,21.0,40.0,34.971743829866924,22.02957570915735,4.682381795911601,0.0,0,0,0,0
91,1,186.11610604534746,19.29943487659734,19.04059151418315,50.260237517024365,34.971743829866924,22.02957570915735,4.682381795911601,4.682381795911601,0,0,0,1
91,2,186.11610604534746,17.553223338509817,17.562481426600247,60.11605840731774,29.087153266660543,25.66740723496929,3.9595998477428873,4.682381795911601,0,1,1,2
91,3,163.7325279633511,19.40916613715109,19.203275498595872,70.8595163012736,34.920768897524106,24.765108291119624,3.7305963469993983,3.9595998477428873,0,1,1,3
91,4,129.19323880973582,20.411286776949154,20.291427635320154,66.35447699252228,33.693326916690914,24.61201025691284,4.31741114420191,3.7305963469993983,1,1,1,4
91,5,86.78074836857215,21.42434873953833,21.337740543922994,60.75260203466807,29.170051347450265,23.041754442248557,5.301561305145457,4.31741114420191,2,1,1,5
91,6,43.39280344152345,22.366331067298713,22.350224746835924,55.02868116584307,26.81910595417078,24.714666996801395,5.423493115881088,5.301561305145457,3,0,0,6
91,7,33.605990849981126,20.196193673537607,20.24047029347609,49.985863004851055,26.6727203466978,28.6449565366799,4.893406295771161,5.423493115881088,4,0,0,7
91,8,33.605990849981126,18.99165053345301,18.882562390477876,61.64810941779337,34.790257849679534,30.0,4.324798075903325,4.893406295771161,4,0,0,8
91,9,33.605990849981126,17.687087416364353,17.565700513369894,73.81076787118609,37.637996017710336,29.932328723360296,4.21290674893594,4.324798075903325,4,1,1,9
92,0,51.425243490864105,21.0,21.0,40.0,27.065947488318407,17.376935257325343,4.661795681377699,0.0,0,0,0,0
92,1,51.425243490864105,19.14131894976637,18.94753870514651,47.999718894215874,27.065947488318407,17.376935257325343,4.661795681377699,4.661795681377699,0,0,0,1
92,2,51.425243490864105,17.45809937325964,17.256965637496442,56.284248755851024,29.494278177715454,16.530887720257606,2.900088198674786,4.661795681377699,0,1,1,2
92,3,43.09057307923584,19.05906130337804,18.977952702260016,65.09403998909401,28.00786036073844,20.935424268389266,1.3891117352713782,2.900088198674786,0,1,1,3
92,4,37.85209163756741,20.83014082134858,20.695686680002257,75.05798228595853,31.6472855333335,23.70794944924712,0.873080240278071,1.3891117352713782,0,1,1,4
92,5,30.90947894987637,21.743276121963017,21.787058798059594,69.70310203559552,26.705838462230226,26.878160146864204,0.8678265859613807,0.873080240278071,1,1,1,5
92,6,22.1222326029674,22.849585094438122,22.617436171576607,64.51058057754489,32.71834895067292,21.76764294904577,1.098405793363621,0.8678265859613807,2,0,0,6
92,7,20.176443912992255,20.533467515100558,20.448542836387773,58.297109716595784,28.2712592755334,20.542791496971606,0.9728943449875732,1.098405793363621,3,0,0,7
92,8,16.77734224724637,18.432912694133066,18.2436977131485,52.363627765449664,30.552081972887542,19.81746274296733,1.6995508328729427,0.9728943449875732,4,0,0,8
92,9,16.77734224724637,16.942364321112702,16.85989304081177,61.17209149341395,27.948849164808426,20.987060434993165,1.87858257132217,1.6995508328729427,4,1,1,9
93,0,85.85537954162419,21.0,21.0,40.0,28.27672314685522,22.63261691160744,3.072379387462028,0.0,0,0,0,0
93,1,85.85537954162419,19.165534462937106,19.05265233823215,49.16368121052328,28.27672314685522,22.63261691160744,3.072379387462028,3.072379387462028,0,0,0,1
93,2,85.85537954162419,17.430605444275667,17.396745841137307,57.4112214593938,24.6029400383865,21.2167280108942,0.5121653530295818,3.072379387462028,0,1,1,2
93,3,84.72487184206747,19.06663221270865,18.99852102849438,65.5647469880007,24.6054086528025,20.69195539501366,0.1884179499261205,0.5121653530295818,0,1,1,3
93,4,79.37372884664224,20.65767526481186,20.750149635723343,74.23873806944826,22.293394279507464,25.89544506186779,0.8918571659042063,0.1884179499261205,0,1,1,4
93,5,65.15583636071447,21.779525391881112,21.68304236738503,69.22977443888368,29.47139663455322,26.034360973421364,1.7772365607409708,0.8918571659042063,1,1,1,5
93,6,39.82954947919937,22.751579651592834,22.646509849561426,63.96578109921623,30.394830679874104,23.694095210862294,3.165785860189388,1.7772365607409708,2,0,0,6
93,7,32.39077123205787,20.65105849022669,20.47538041114008,59.6105144825429,34.74867933497493,24.388728350173245,3.71938912357075,3.165785860189388,3,0,0,7
93,8,24.721056787429934,18.5310665493776,18.405603645979404,54.84769937006037,32.890782865653094,23.98246650944396,3.8348572223139703,3.71938912357075,4,0,0,8
93,9,24.721056787429934,17.17837268936471,17.0913780277447,65.75711901127801,33.41978176381356,27.18810513184,3.66131683950656,3.8348572223139703,4,1,1,9
94,0,220.90844216184664,21.0,21.0,40.0,29.554693354139125,18.02535461582833,7.811426527632514,0.0,0,0,0,0
94,1,220.90844216184664,19.191093867082785,18.96050709231657,48.564408634594145,29.554693354139125,18.02535461582833,7.811426527632514,7.811426527632514,0,0,0,1
94,2,220.90844216184664,17.490926988399696,17.378574068400614,57.730642144286875,29.99998355987032,20.923535938422617,7.915596555623323,7.811426527632514,0,1,1,2
94,3,174.62961907783074,19.160541614680966,19.09746828885388,67.27846448564271,28.9412087716588,24.102248680318056,7.713137180669317,7.915596555623323,0,1,1,3
94,4,135.26773370519072,20.92668472219396,20.79212271838389,77.18915946258642,31.36680830824302,23.692608230333143,6.560314228773335,7.713137180669317,0,1,1,4
94,5,89.29258222066312,21.766147111122653,21.811618058756743,70.69801395319566,23.508148256082208,23.76326558063576,5.74689393556595,6.560314228773335,1,1,1,5
94,6,47.06292727687237,22.736917191479588,22.65175353085831,64.41615257821366,26.005111144437336,22.42899232788485,5.278706867973844,5.74689393556595,2,0,0,6
94,7,36.507306228371455,20.51539822696376,20.45621385234778,58.74373667145582,28.028292634620712,23.791618994502397,5.277810524250457,5.278706867973844,3,0,0,7
94,8,26.168024695939543,18.36942475665115,18.286073436439356,52.70447079722216,27.41859394204349,22.36326231221393,5.169640766215956,5.277810524250457,4,0,0,8
94,9,26.168024695939543,16.99688168754022,16.863363910996416,62.20583758964352,30.355764849687365,22.42960621932021,4.993070247271379,5.169640766215956,4,1,1,9
95,0,138.74257181632646,21.0,21.0,40.0,32.571571039308665,22.40559973019679,5.317958751712844,0.0,0,0,0,0
95,1,138.74257181632646,19.251431420786176,19.048111994603936,49.895890738510985,32.571571039308665,22.40559973019679,5.317958751712844,5.317958751712844,0,0,0,1
95,2,138.74257181632646,17.592785850955583,17.445087272718784,59.37913895654508,31.559716313492576,21.124996008919044,4.512108285838666,5.317958751712844,0,1,1,2
95,3,114.67938654055102,19.18688167096822,19.184551415359024,68.58395620135263,26.734932518137946,24.40294106412629,4.010530879295906,4.512108285838666,0,1,1,3
95,4,95.92125053870662,20.890928102344304,20.842995660699835,77.71197029987451,26.571382676297155,24.13980675993552,3.126356000307401,4.010530879295906,0,1,1,4
95,5,72.8226871123786,21.883645216933242,21.765550908290674,71.7412611766075,28.393214574878197,21.76951251808285,2.887320428291002,3.126356000307401,1,1,1,5
95,6,42.64043629097887,22.818570746829355,22.67789728476451,65.85098484663857,29.70733183874901,20.90224410586804,3.772781352674967,2.887320428291002,2,0,0,6
95,7,34.5931333022001,20.600740319502883,20.43316208231221,59.8660236374394,30.286281314144414,19.79726752363799,4.023651494389383,3.772781352674967,3,0,0,7
95,8,26.309907839081163,18.47271884250278,18.25792446686441,53.998512197417085,31.99471994760506,18.741327607826527,4.141612731559471,4.023651494389383,4,0,0,8
95,9,26.309907839081163,16.998065831758762,16.80448840494109,62.37198129146621,29.710029860088312,16.80924288462907,4.606456320129894,4.141612731559471,4,1,1,9
96,0,127.90669626600682,21.0,21.0,40.0,30.951060259904587,16.20258696163729,5.189564356705251,0.0,0,0,0,0
96,1,127.90669626600682,19.219021205198093,18.92405173923275,48.48765649987754,30.951060259904587,16.20258696163729,5.189564356705251,5.189564356705251,0,0,0,1
96,2,127.90669626600682,17.53141572971038,17.317687734091393,57.53938859382839,32.69917114618926,17.58822937575991,4.25090791983298,5.189564356705251,0,1,1,2
96,3,108.0775019256553,19.147569341621868,19.0637879961896,66.832558346962,29.51185402832009,22.116866822422164,3.3048657233919205,4.25090791983298,0,1,1,3
96,4,91.8984599027891,20.79628904500454,20.72047506126841,75.30274909752096,26.05201732458676,21.00459795629633,2.696507003811034,3.3048657233919205,0,1,1,4
96,5,70.0888317689207,21.804232495355677,21.7320847854822,70.07512359462623,29.51778233903909,24.77318708932355,2.7262035167335497,2.696507003811034,1,1,1,5
96,6,42.371251446656544,22.81650103661033,22.69767689491026,65.25855500352473,31.799020835715226,24.775598102609774,3.464697540283019,2.7262035167335497,2,0,0,6
96,7,35.09913268919247,20.690029125838077,20.523704315076092,60.74862295681078,34.18837897981699,24.08977631621657,3.6360593787320337,3.464697540283019,3,0,0,7
96,8,26.835255483722435,18.547382347326714,18.42162068005485,55.569717562215345,31.67229611085739,22.889340585834667,4.131938602735017,3.6360593787320337,4,0,0,8
96,9,26.835255483722435,17.093863742288516,17.08953120367468,65.44003932371817,28.469086418503974,26.36603447873395,4.592179556820354,4.131938602735017,4,1,1,9
97,0,279.8093566284964,21.0,21.0,40.0,25.74624457539805,23.994707833016637,7.161468431630273,0.0,0,0,0,0
97,1,279.8093566284964,19.11492489150796,19.079894156660334,48.95337143351465,25.74624457539805,23.994707833016637,7.161468431630273,7.161468431630273,0,0,0,1
97,2,279.8093566284964,17.484659976972736,17.42221194902335,58.10587624694095,27.24755569183167,23.5996932716478,8.146168038116139,7.161468431630273,0,1,1,2
97,3,226.13480107700212,19.131782008135577,19.127961586329707,67.36659776618497,26.28809719711157,25.1603556875774,8.945759258582381,8.146168038116139,0,1,1,3
97,4,174.7934628988037,20.93152822058669,20.8160536864424,77.52222004465327,31.125578401785297,25.294545367483057,8.5568896963664,8.945759258582381,0,1,1,4
97,5,111.84426368962343,22.029800944684276,21.872303879671794,73.71705824729756,35.900258416517154,26.29328715372887,7.868649901147535,8.5568896963664,1,0,1,5
97,6,76.6256555636518,19.89617442815079,22.92425577964325,68.69388104015977,28.19259084712164,27.2342024465573,7.043721625194324,7.868649901147535,2,0,0,6
97,7,63.281455471969096,19.82487285110361,18.957686489095938,64.1227386491992,27.938097827996906,30.0,6.672100045841353,7.043721625194324,3,0,0,7
97,8,53.30749974102504,17.31270909278332,17.562834868559406,59.79521187604267,29.896512284109445,29.39500564279867,4.986977865472029,6.672100045841353,4,1,1,8
97,9,29.166662015947246,19.26587428640596,19.163770817925332,70.83880349777293,31.353286787390346,30.0,4.023472954179632,4.986977865472029,4,1,1,9
98,0,121.5547484194155,21.0,21.0,40.0,32.36557186423817,17.598937635510342,4.164480213099557,0.0,0,0,0,0
98,1,121.5547484194155,19.247311437284765,18.951978752710207,48.993611709954735,32.36557186423817,17.598937635510342,4.164480213099557,4.164480213099557,0,0,0,1
98,2,121.5547484194155,17.62778697959477,17.441709839233635,59.573524310075825,36.255569754784936,22.52172246811,2.918470662313587,4.164480213099557,0,1,1,2
98,3,103.90026356219319,19.384737453559055,19.254519089674684,70.93260073629412,36.20402772264635,26.90195242301085,2.9424141428703865,2.918470662313587,0,1,1,3
98,4,82.60957552362552,20.508029799726177,20.36253058849674,67.72097446048238,37.35960057705839,28.131364557320808,2.661336004820958,2.9424141428703865,1,1,1,4
98,5,64.45312540851377,21.573920203567972,21.45976743221153,63.203932268267565,33.06439061197947,25.174263875715987,2.269556264388969,2.661336004820958,2,1,1,5
98,6,44.47809627063174,22.56237549972709,22.486927726158058,58.2747914514199,30.71694896648893,25.2322687176907,2.4968786422352545,2.269556264388969,3,0,0,6
98,7,37.68104411813364,20.436650104751656,20.342518516889108,53.61926114689234,31.65378604131045,25.815490044647596,3.3985260762490483,2.4968786422352545,4,0,0,7
98,8,37.68104411813364,19.13373961377101,18.92879994054309,64.20215953080431,35.2264186949781,23.567461215643934,4.217509699698926,3.3985260762490483,4,0,0,8
98,9,37.68104411813364,17.691148348842482,17.603530747510074,75.21639277765783,34.322579934890555,26.86760476985126,4.536949672707271,4.217509699698926,4,1,1,9
99,0,132.4447238814059,21.0,21.0,40.0,30.8160831342532,21.123359991682484,2.3091296276005293,0.0,0,0,0,0
99,1,132.4447238814059,19.216321662685065,19.022467199833653,49.34909976266842,30.8160831342532,21.123359991682484,2.3091296276005293,2.3091296276005293,0,0,0,1
99,2,132.4447238814059,17.546755768150444,17.463867661681242,59.07921261437672,30.55420238786085,23.50198012162969,1.1908137979180042,2.3091296276005293,0,1,1,2
99,3,123.24177772636212,19.32133515307574,19.198972439366187,69.84462293434213,33.584646196717216,26.223188914201728,1.533824359173963,1.1908137979180042,0,1,1,3
99,4,111.72203679802323,21.025374072691132,21.010681827718418,80.48594276962378,30.84424824181074,28.27419528753179,1.9199568213898148,1.533824359173963,0,1,1,4
99,5,94.89945850807065,22.093975837792108,22.020447374543227,76.25500711769973,31.86247105206172,27.96566421502689,2.1028222862440717,1.9199568213898148,1,0,0,5
99,6,89.52321291426429,20.066652676162335,19.988688102135562,71.62624610246453,31.30957500493805,26.30841935486638,2.6881227969031807,2.1028222862440717,2,0,0,6
99,7,81.76601324460304,18.131889092764826,18.166164807406606,67.09177913016971,28.798766516115133,29.343083637802536,3.878599834830625,2.6881227969031807,3,0,0,7
99,8,71.46987354908595,16.396151158757736,16.28681102236191,63.155510399233194,33.209022408591885,28.25615130842749,5.148069847758547,3.878599834830625,4,1,1,8
99,9,38.89901434089433,18.24100994894103,18.103788207335363,73.19539190827632,32.13915431045234,23.637965184231728,5.428476534698603,5.148069847758547,4,1,1,9
