day,hour,cost_to_go,T1,T2,H,Occ1,Occ2,price_t,price_previous,vent_counter,low_override_r1,low_override_r2,current_time
0,0,78.67449022288721,21.0,21.0,40.0,32.969097664154,15.4710408718597,3.48812593193225,0.0,0,0,0,0
0,1,78.67449022288721,19.259381953283082,18.909420817437194,48.71922493648246,32.969097664154,15.4710408718597,3.48812593193225,3.48812593193225,0,0,0,1
0,2,65.25098792421029,17.999999999999996,17.999999999999996,58.35209347337499,34.098941577065816,19.416994739003783,2.237250383112821,3.48812593193225,0,1,1,2
0,3,58.59634028017855,17.99999881149049,16.522502495350384,68.14002304022256,33.61700679934285,20.76037968314361,1.1091079406719566,2.237250383112821,0,1,1,3
0,4,54.36030125885877,18.415109267514794,18.646005235937544,63.98910121625781,35.44515142724666,24.827505106282526,0.5295048776649726,1.1091079406719566,2,1,1,4
0,5,49.9762813783249,19.904904644685097,19.785572229602625,60.23967383725861,32.503181227782214,30.0,0.5480024850667341,0.5295048776649726,1,1,1,5
0,6,47.710311103898604,21.047710996853603,21.073296792974634,56.03588126398216,30.24481328432489,29.73411686413934,0.2832462843032866,0.5480024850667341,0,1,1,6
0,7,39.575433834301194,20.016567292104583,22.086891921097674,50.80461173374793,24.59216549300006,29.67855933903202,1.016859658699676,0.2832462843032866,2,1,0,7
0,8,30.868989220267075,19.863674750437607,19.237489954758626,60.00838268395103,25.69321559175705,25.438845242704595,1.7412889228068242,1.016859658699676,1,1,0,8
0,9,17.9338137588799,17.99999999999999,18.047216560675555,69.38258938756617,29.555435016300837,22.523491114894377,2.587035092277435,1.7412889228068242,0,1,0,9
1,0,119.14816569159647,21.0,21.0,40.0,25.7342414983848,16.144992366405123,3.0877237926443666,0.0,0,0,0,0
1,1,112.97271810630774,18.414684829967698,18.222899847328105,32.53826209566218,25.7342414983848,16.144992366405123,3.0877237926443666,3.0877237926443666,2,0,0,1
1,2,97.46855911420951,18.972330971862704,18.966435778180685,25.191418729581358,22.844535639400757,19.67300121570576,1.9380198740122785,3.0877237926443666,1,0,0,2
1,3,85.78262351360084,19.85089028395751,19.709084328359292,19.195871334705856,28.60173119013869,21.42300550499739,1.4607419500760848,1.9380198740122785,0,0,0,3
1,4,72.34719833586651,20.66042539759043,20.686170416990095,12.810747536539736,24.350130853755847,23.510292489765718,1.679428147216791,1.4607419500760848,2,0,0,4
1,5,51.03402744567379,22.542071522020066,22.286609012282593,22.992754477536714,34.47682771181968,22.089877515941293,2.66414636127409,1.679428147216791,1,0,0,5
1,6,37.44722625138694,23.16315787168455,20.943646962046092,32.682861426364525,32.21286023602414,21.62106725746368,3.326581122230468,2.66414636127409,0,0,0,6
1,7,37.44722625138694,20.498253310138402,20.86146782844755,43.28654075079518,37.02063365464495,21.88869592552539,4.319931073264391,3.326581122230468,0,0,0,7
1,8,37.44722625138694,19.474363600379185,19.072423509611642,53.525191748541694,35.76509059783254,21.116303834092516,5.473906504024445,4.319931073264391,0,0,0,8
1,9,36.227590787791314,18.000000000000004,18.000000000000004,65.10577819743516,40.34709562158727,23.989495761154217,5.904224431669166,5.473906504024445,0,0,0,9
2,0,73.44470028087662,21.0,21.0,40.0,27.721293233033787,22.818338600598924,2.160487259115344,0.0,0,0,0,0
2,1,73.44470028087662,19.154425864660677,19.05636677201198,49.09713373005388,27.721293233033787,22.818338600598924,2.160487259115344,2.160487259115344,0,0,0,1
2,2,69.16191181241942,20.465241147270408,20.482916873803298,58.49182733229344,26.389921148875032,25.80282108578918,0.7137980780762005,2.160487259115344,0,0,0,2
2,3,69.16191181241942,18.882768640889278,18.807127418149584,67.68950366257089,27.307563536933053,23.790638297941637,1.127224405034616,0.7137980780762005,0,0,0,3
2,4,64.5409921023142,20.167604177990906,19.747109481387604,77.22536708732025,29.69078795928531,23.286231067100054,0.9730594269361756,1.127224405034616,0,0,0,4
2,5,57.966501306176646,18.0,17.999999999999996,71.14749467672955,27.937397972883996,21.629977523834345,1.3148981592275122,0.9730594269361756,2,0,1,5
2,6,50.60383398239201,18.0,18.0,65.94872968949066,31.100262650557788,23.35104297589282,1.119287504319607,1.3148981592275122,1,0,1,6
2,7,45.52848757478131,19.24335723819981,19.18795036794807,59.46180637519686,25.032606994366216,22.26226348177931,0.6344183009513386,1.119287504319607,0,0,1,7
2,8,38.20650454545268,19.83844185512227,19.370923473106785,53.25517891327986,26.46592526731451,22.386144388702185,0.9595502087439296,0.6344183009513386,2,0,1,8
2,9,25.582706424679927,18.0,17.999999999999996,61.3280115242492,25.930922895586534,18.918147165354213,2.5247596241545507,0.9595502087439296,1,0,1,9
3,0,117.04456225926658,21.0,21.0,40.0,32.26903443186937,16.978933102062314,3.585774298766909,0.0,0,0,0,0
3,1,117.04456225926658,19.24538068863739,18.93957866204125,48.864634156107705,32.26903443186937,16.978933102062314,3.585774298766909,3.585774298766909,0,0,0,1
3,2,96.34578385521395,16.861674398656202,16.720512610182084,43.77483826478002,33.350904657636065,21.70578483498792,2.587347300506578,3.585774298766909,2,1,1,2
3,3,78.75723729924015,17.91056343616002,17.84787910299573,38.85379811521634,30.62293243831953,25.37128895299335,2.1985683194967263,2.587347300506578,1,1,1,3
3,4,62.40610813672607,19.151041031086514,19.024672917762537,34.72314731807147,33.82197200642916,26.56330134276599,2.043891145314259,2.1985683194967263,0,1,1,4
3,5,48.65641437071979,20.41812566508969,20.340731592293157,31.560887879215024,35.765225339686424,30.0,1.7187117207507852,2.043891145314259,2,1,1,5
3,6,29.623165095131757,22.270549098553825,22.21229260659095,42.359719440716944,32.03362218255116,27.959886492459493,2.379156159448504,1.7187117207507852,1,0,0,6
3,7,23.558287274125444,20.88281642475455,20.776273530587552,52.611819457498456,31.57855164606743,25.377559558274285,3.032438910503157,2.379156159448504,0,0,0,7
3,8,23.558287274125444,19.532700043908093,19.386353511516024,63.77598104841978,35.46929499083572,26.55382495872718,3.450322844313641,3.032438910503157,0,0,0,8
3,9,23.54192795665763,18.037512978059645,18.000000000000004,74.4960634801526,31.929797814504514,27.62621569512222,3.5145769360620824,3.450322844313641,0,0,0,9
4,0,223.09369054895646,21.0,21.0,40.0,31.365327650566044,22.007154082152155,6.196280805323791,0.0,0,0,0,0
4,1,223.09369054895646,19.22730655301132,19.040143081643045,49.607046711889275,31.365327650566044,22.007154082152155,6.196280805323791,6.196280805323791,0,0,0,1
4,2,199.8298098953031,17.999999999999996,18.0,59.675716691222405,31.633591567781178,24.30346387295844,6.631269941074765,6.196280805323791,0,1,0,2
4,3,164.0296530124725,18.0,17.999999999999996,71.42871682747575,36.35146392844239,28.94298127296512,5.966692813805103,6.631269941074765,0,1,1,3
4,4,120.45638710481802,17.999999999999996,18.0,68.99888856706754,41.51534535158693,28.31894209058969,5.446658238456807,5.966692813805103,2,1,1,4
4,5,85.24152562429836,18.0,18.0,65.75638970120758,35.319450745222504,30.0,4.401857685064957,5.446658238456807,1,1,1,5
4,6,63.2703046158697,18.0,18.0,61.67321923477422,37.37420676699273,23.27484619726643,2.746402626053583,4.401857685064957,0,1,1,6
4,7,44.15377467529146,18.0,18.000000000000004,58.21242852263234,39.33264963313126,24.77406863274712,2.3895662425722803,2.746402626053583,2,1,1,7
4,8,26.685201254873775,18.000000000000004,18.000000000000004,55.305120407243436,38.29068417179338,28.890937409379404,2.1835716775522105,2.3895662425722803,1,1,1,8
4,9,8.967596129614668,18.0,18.000000000000004,66.76434399424842,35.002111755189766,28.660241505949053,2.214700640657388,2.1835716775522105,0,1,1,9
5,0,370.6639256419467,21.0,21.0,40.0,32.81367886473842,16.657447977782923,7.626198917282052,0.0,0,0,0,0
5,1,370.6639256419467,19.25627357729477,18.93314895955566,48.90480283165384,32.81367886473842,16.657447977782923,7.626198917282052,7.626198917282052,0,0,0,1
5,2,342.22382782731916,17.999999999999996,18.0,58.18749294771116,31.606218228676816,19.96428241608611,7.878775016079938,7.626198917282052,0,1,0,2
5,3,296.813228923539,18.0,17.999999999999996,68.04928940948483,33.86182316647451,20.925934954490288,7.568433150630026,7.878775016079938,0,1,1,3
5,4,254.05744368744027,17.999999999999996,18.0,78.55745253781963,35.28074154611529,23.09794250018918,7.125964206016454,7.568433150630026,0,1,1,4
5,5,202.61988735989894,18.000000000000004,18.0,73.69741189507597,33.91224422051305,22.42086331979994,6.429694540942667,7.125964206016454,2,1,1,5
5,6,162.54160346513896,18.000000000000004,18.000000000000004,68.7747942881088,30.050576373092493,25.934881365978743,5.009785486844997,6.429694540942667,1,1,1,6
5,7,127.30517985629936,18.000000000000004,18.22831703828568,63.46076083796737,27.15033819019525,26.66058708679685,4.404552951104948,5.009785486844997,0,1,1,7
5,8,91.81311184204323,19.34589192959895,19.15663350650939,58.46542998320365,30.809830415752774,24.771664835559893,4.436508501782018,4.404552951104948,2,1,1,8
5,9,48.01063801327119,18.000000000000004,18.0,70.27040139514993,39.74787077635845,25.835303734454214,5.475309228596505,4.436508501782018,1,1,1,9
6,0,95.26506110362,21.0,21.0,40.0,29.01257819165574,17.67497995388691,5.474584484043433,0.0,0,0,0,0
6,1,95.26506110362,19.180251563833117,18.95349959907774,48.40376046619768,29.01257819165574,17.67497995388691,5.474584484043433,5.474584484043433,0,0,0,1
6,2,91.03645683203388,18.0,18.0,57.73349632378941,27.85689903172367,23.974966843785936,3.747444294252605,5.474584484043433,0,0,0,2
6,3,84.29032299505397,18.000000000000004,18.0,68.00556498806338,31.18282104234684,25.88422709250853,2.551421025749117,3.747444294252605,0,0,0,3
6,4,78.91995042880183,18.000000000000004,18.000000000000004,77.54140371591035,27.98713844472981,24.989743376642245,2.2803624656912547,2.551421025749117,0,0,0,4
6,5,70.51703742412195,18.000000000000004,18.000000000000004,72.8269998816591,32.77745991641811,24.364741004408312,1.5642797222848843,2.2803624656912547,2,0,0,5
6,6,61.18782227258587,19.441586734047583,19.30701250776947,68.16439305801254,32.079336702378924,25.35062538847351,1.1661518939420097,1.5642797222848843,1,0,0,6
6,7,47.77041956021802,20.173059603954094,19.910520771763963,63.19344673073677,30.61203285489704,25.1049319935709,1.914012476004954,1.1661518939420097,0,0,0,7
6,8,37.04402279669566,18.0,17.999999999999996,58.447753917795765,30.453227872145572,26.515145389293345,2.145279352704473,1.914012476004954,2,0,1,8
6,9,23.41806774694256,18.0,18.0,68.91671645358218,30.45012968760041,27.7107732889908,2.16845960480527,2.145279352704473,1,0,1,9
7,0,370.5454233220747,21.0,21.0,40.0,30.779173783334635,20.680614680722343,7.845378414083635,0.0,0,0,0,0
7,1,370.5454233220747,19.215583475666694,19.013612293614447,49.262761923530256,30.779173783334635,20.680614680722343,7.845378414083635,7.845378414083635,0,0,0,1
7,2,341.90325463959744,17.999999999999996,18.0,58.11454585737656,31.01902742537257,18.15754998488469,7.8555193269582,7.845378414083635,0,1,0,2
7,3,309.19097955064115,18.000000000000004,18.0,68.31552102443551,34.16376251975196,22.508321741686643,7.363419334507431,7.8555193269582,0,1,0,3
7,4,264.50563656286727,18.0,18.0,64.84769515109312,38.16039673152284,25.90723730546388,6.486336047065486,7.363419334507431,2,1,0,4
7,5,210.72838671937288,17.999999999999996,17.999999999999996,60.92689694068889,36.68750221857296,24.863618834736847,6.722156230436796,6.486336047065486,1,1,1,5
7,6,155.81928678701482,17.999999999999996,17.999999999999996,57.366959190002916,35.74779326113881,27.808108123939096,6.86363749154476,6.722156230436796,0,1,1,6
7,7,114.51328691325685,17.999999999999996,17.999999999999993,69.10942189872846,36.17754748869626,29.05835644866782,6.884333312292993,6.86363749154476,0,1,1,7
7,8,76.38012991104725,17.999999999999996,18.0,81.3736770242022,39.11882801297138,29.015922684104915,6.355526167034934,6.884333312292993,0,1,1,8
7,9,31.999509205689566,18.000000000000004,17.999999999999996,78.14026879928726,35.36995430602813,30.0,5.547577588169711,6.355526167034934,2,1,1,9
8,0,69.4698656082698,21.0,21.0,40.0,32.21736375634937,19.458250283585784,2.6155685206487416,0.0,0,0,0,0
8,1,69.4698656082698,19.244347275126987,18.989165005671715,49.30161052718833,32.21736375634937,19.458250283585784,2.6155685206487416,2.6155685206487416,0,0,0,1
8,2,64.75542566756202,18.0,18.0,44.355382527134005,31.47616742569292,24.378121462894168,1.0817492472498542,2.6155685206487416,2,0,0,2
8,3,56.98412442390379,19.102900889287373,18.97384145874898,40.714755429085855,34.780299379992755,28.32732785307307,0.9714126554572792,1.0817492472498542,1,0,0,3
8,4,48.14961263764346,20.155247330820583,19.994378683765138,35.57108477163821,32.368354523625115,22.389030712776854,1.104313973282543,0.9714126554572792,0,0,0,4
8,5,44.85495211947875,18.30892425299423,18.225894802686174,32.40379378499277,36.150887258824426,29.586385037589807,1.6473302590823506,1.104313973282543,2,0,0,5
8,6,33.74536651047211,19.75520683952128,19.624834064852283,29.09212757334361,36.34963410056533,28.58555361249489,1.3886982011258318,1.6473302590823506,1,0,0,6
8,7,21.846111507012175,20.776520984357628,21.261168377372563,38.33264010251982,29.761861114551024,21.574319603094565,1.679850854578018,1.3886982011258318,0,0,0,7
8,8,21.846111507012175,19.59396325947925,19.359728825380643,46.741893266619556,25.580041971796938,21.138031162090503,2.113517757771345,1.679850854578018,0,0,0,8
8,9,21.846111507012175,18.000000000000004,18.0,56.88567914887919,29.933941262016344,26.420424750537165,2.6739149201227184,2.113517757771345,0,0,0,9
9,0,262.0602542833685,21.0,21.0,40.0,33.24437219818739,19.98399187856279,4.816835470534411,0.0,0,0,0,0
9,1,262.0602542833685,19.26488744396375,18.999679837571257,49.581105533815034,33.24437219818739,19.98399187856279,4.816835470534411,4.816835470534411,0,0,0,1
9,2,241.49207284780255,17.999999999999996,18.000000000000004,43.08753008683389,27.85407359904675,19.40384058439131,3.2669729024753416,4.816835470534411,2,1,0,2
9,3,220.14181628854584,18.907497392708684,18.896579606407276,36.99291484850224,25.01012455105857,24.464235235987815,2.6687820699070857,3.2669729024753416,1,1,0,3
9,4,199.60007645018715,20.064027377735613,19.920929624494015,32.57581240610489,33.056264888307936,25.737610431706766,2.567717479794837,2.6687820699070857,0,1,0,4
9,5,174.77737053951648,21.175011994913163,21.156327881187387,28.911027803325148,33.02704542917933,29.946373444266555,3.102838238833836,2.567717479794837,2,1,0,5
9,6,148.91907910896066,20.053008607277206,20.59162077549116,40.671402324142576,35.33541400454128,30.0,4.58503496160723,3.102838238833836,1,1,0,6
9,7,118.987212879026,19.380564639431604,18.99256088130383,52.43934224071302,38.349224682063095,27.028219298883776,5.986373245986933,4.58503496160723,0,1,0,7
9,8,80.98201326585692,18.104794603031905,17.999999999999993,64.89148518041836,40.11917920538199,29.059392681869905,6.334199935528179,5.986373245986933,0,1,1,8
9,9,45.550040214091496,17.999999999999996,18.0,78.01248977949496,42.89446999487001,30.0,5.905328841960904,6.334199935528179,0,1,1,9
10,0,71.87528972093006,21.0,21.0,40.0,25.90433139596119,21.46027891507768,3.540414306427775,0.0,0,0,0,0
10,1,71.87528972093006,19.118086627919226,19.029205578301553,48.525629855987,25.90433139596119,21.46027891507768,3.540414306427775,3.540414306427775,0,0,0,1
10,2,63.651997237846174,17.999999999999996,18.0,42.83797104307545,30.489310191965156,21.24591862519289,1.297423150968267,3.540414306427775,2,1,0,2
10,3,57.910902755364724,19.103585718167636,18.897658450032175,38.51786032649848,34.814540824005924,24.518177417233144,0.7176368103101821,1.297423150968267,1,1,0,3
10,4,49.25506836951906,20.23954250287422,20.07789539758709,35.49603189860704,38.858330954607,27.68706666821836,1.0819792982307084,0.7176368103101821,0,1,0,4
10,5,39.455688291938436,21.409514297570247,21.25823976180192,32.16587966959523,37.41046049216204,27.422027124438983,1.224922509697578,1.0819792982307084,2,1,0,5
10,6,27.036859010271044,22.53075959470258,21.3099367383604,28.69951491133878,37.64807241751762,26.427678925502114,1.7847754515640313,1.224922509697578,1,0,0,6
10,7,22.19087648185212,20.50206883582797,20.698164143921588,40.02327966164998,35.70869080442363,27.201113363971903,2.4229912642094638,1.7847754515640313,0,0,0,7
10,8,22.19087648185212,19.453822671518108,19.203395642985743,52.547665586588515,39.57992180521409,30.0,2.8478227644657115,2.4229912642094638,0,0,0,8
10,9,21.986971602510774,18.000000000000004,18.000000000000004,64.55835378617901,36.72604555328055,30.0,3.4331580719918824,2.8478227644657115,0,0,0,9
11,0,141.1886367657995,21.0,21.0,40.0,34.82587986096777,15.596075442048257,4.799463810209832,0.0,0,0,0,0
11,1,141.1886367657995,19.296517597219356,18.911921508840965,49.07595195454289,34.82587986096777,15.596075442048257,4.799463810209832,4.799463810209832,0,0,0,1
11,2,130.47323416690128,18.0,17.999999999999996,58.27526444554273,31.8779489654034,19.22934265126242,3.0888686722699545,4.799463810209832,0,0,1,2
11,3,117.52589514759734,17.999999999999996,18.0,67.77372495931408,33.48666984206323,19.282555234444267,2.157889836550654,3.0888686722699545,0,1,1,3
11,4,100.91163281841602,18.000000000000004,18.0,62.453541330428095,33.34954868670936,20.42720893059076,2.0767827911476653,2.157889836550654,2,1,1,4
11,5,89.40302239103117,19.10751791479966,19.169963863035665,56.61956964450617,27.660324605054164,23.26205491760185,1.4385763034231056,2.0767827911476653,1,1,1,5
11,6,78.46829159608346,20.284650496519166,20.244551855136326,49.53478840893945,22.52084021289357,21.452597367291343,1.3668413493684646,1.4385763034231056,0,1,1,6
11,7,66.33258545794827,21.32235365048908,21.16273005091461,42.84531090353846,27.3761145069524,18.79345490748656,1.5169632672668991,1.3668413493684646,2,1,1,7
11,8,47.86864539718107,19.65352741300701,19.613851653199482,50.45385274840225,23.323909449951604,18.945767465958323,2.307992507595899,1.5169632672668991,1,1,1,8
11,9,22.309702192741103,18.0,18.000000000000004,58.05677408175438,21.41679412453456,20.82165772742172,3.1948679005549963,2.307992507595899,0,1,1,9
12,0,36.707537692674826,21.0,21.0,40.0,26.68594523517113,17.989768671675385,3.320456356147975,0.0,0,0,0,0
12,1,36.707537692674826,19.133718904703425,18.959795373433508,48.041628503232374,26.68594523517113,17.989768671675385,3.320456356147975,3.320456356147975,0,0,0,1
12,2,35.061262473704275,18.0,18.0,57.11597892230178,26.19352513331667,24.21953275040224,1.379961674883056,3.320456356147975,0,0,0,2
12,3,29.798429240745378,19.343505933307714,19.103882012665263,67.62059750663646,32.9525812324119,25.406410902780777,1.0389320555536008,1.379961674883056,0,0,0,3
12,4,29.798429240745378,18.0,18.000000000000004,78.52806337463066,32.095695704802225,28.501336895165583,1.212963806135689,1.0389320555536008,0,0,0,4
12,5,24.17800905389788,18.000000000000004,18.000000000000004,73.77916790166276,29.91198137187892,27.03859933385496,1.0455471000452197,1.212963806135689,2,0,0,5
12,6,18.94139740376441,18.000000000000004,18.000000000000004,68.658757968493,26.158520167291893,28.728091315098357,0.9876173510915758,1.0455471000452197,1,0,0,6
12,7,13.270224406886738,18.000000000000004,18.000000000000004,62.68956551073374,20.808959032893394,29.362193979555126,1.02903309974266,0.9876173510915758,0,0,0,7
12,8,8.148041923916471,18.000000000000007,18.000000000000004,56.351360009428845,23.20573386964927,24.915346678656856,0.8752623497073209,1.02903309974266,2,0,0,8
12,9,6.098813632974488,18.0,18.000000000000007,66.00098456439417,25.91552896350606,27.693496341856868,0.434782182388589,0.8752623497073209,1,0,0,9
13,0,212.38647931011175,21.0,21.0,40.0,29.72369114070828,15.898684800310212,4.21110481848003,0.0,0,0,0,0
13,1,203.96426967315168,18.494473822814168,18.217973696006208,33.21202766938333,29.72369114070828,15.898684800310212,4.21110481848003,4.21110481848003,2,0,0,1
13,2,184.07607218305617,18.000000000000004,18.0,27.540654463551192,33.51982753892794,18.305876873115736,3.424457236432632,4.21110481848003,1,0,0,2
13,3,157.15059313782018,18.96770538463838,18.903818897546554,22.053064772840322,28.020524147543284,24.82619979295188,3.3656848806544994,3.424457236432632,0,0,0,3
13,4,140.36377569138753,18.0,18.000000000000004,16.373001790663707,28.812825331466435,22.964602545330152,4.099675905398395,3.3656848806544994,2,0,0,4
13,5,123.27485349162097,18.0,18.0,26.490825370764757,28.031045814821496,28.179085185739893,4.282522325405276,4.099675905398395,1,0,0,5
13,6,102.34472819381837,17.999999999999996,18.0,36.69754130074216,26.85649546185668,29.847481926906653,3.5456457282568987,4.282522325405276,0,1,0,6
13,7,82.55008703493932,19.227974382286362,19.23503424105232,47.12889680078319,28.57253350987129,29.37944149035664,3.803194774135694,3.5456457282568987,0,1,0,7
13,8,55.72058197737885,17.999999999999996,17.999999999999996,57.90983518211512,29.894102118510705,30.0,4.471584176260079,3.803194774135694,0,1,1,8
13,9,27.631989451505362,17.999999999999996,17.999999999999996,68.3858065602445,30.254864713342,27.944976276265702,4.6814320876455815,4.471584176260079,0,1,1,9
14,0,275.2232414993603,21.0,21.0,40.0,26.261996141262443,21.0592616014806,6.718174782949236,0.0,0,0,0,0
14,1,275.2232414993603,19.12523992282525,19.021185232029612,48.517826393693746,26.261996141262443,21.0592616014806,6.718174782949236,6.718174782949236,0,0,0,1
14,2,267.84161721115936,18.0,18.0,58.53787142210776,33.165643814379706,22.501273010142626,7.095742357852822,6.718174782949236,0,0,0,2
14,3,247.9232854114553,18.0,18.0,69.30984642409005,34.49983332225874,25.34447224430956,7.694860524137188,7.095742357852822,0,0,0,3
14,4,232.71275067266347,18.0,18.000000000000004,80.62606874570497,32.86790178674952,30.0,7.050950652109013,7.694860524137188,0,0,0,4
14,5,197.89713384224058,18.000000000000007,18.0,77.11236881290304,33.99720182290064,29.8155763281998,6.646314502466072,7.050950652109013,2,0,0,5
14,6,146.985480169776,19.448449746410432,19.38946362700829,73.25358917367151,32.42248732052146,29.47318135041445,6.363956709058075,6.646314502466072,1,0,0,6
14,7,127.53769396635454,18.000000000000004,18.0,69.17681547358009,32.89298551828559,27.79160503676208,7.0802229645063335,6.363956709058075,0,0,0,7
14,8,88.20781990318316,18.000000000000004,18.000000000000007,64.23912762521888,34.3158890617833,21.585845113987737,6.904150532320421,7.0802229645063335,2,0,0,8
14,9,55.07623091761467,18.000000000000007,18.0,74.43146228139557,33.65270902180258,22.97137240140121,7.120588356391643,6.904150532320421,1,0,0,9
15,0,390.7420138576393,21.0,21.0,40.0,27.966960170684136,18.15766526431868,7.050567612508024,0.0,0,0,0,0
15,1,376.64087863262324,18.459339203413684,18.263153305286377,33.302432578300504,27.966960170684136,18.15766526431868,7.050567612508024,7.050567612508024,2,0,0,1
15,2,325.3611824922943,17.999999999999996,18.000000000000004,27.727967429961737,33.754886275556096,18.60919623367299,7.3089941957224385,7.050567612508024,1,1,0,2
15,3,269.7266432267585,18.000000000000004,18.000000000000004,22.716373439393237,31.09362215775104,24.397522339090624,7.830606684433463,7.3089941957224385,0,1,0,3
15,4,235.80111689781867,18.000000000000004,18.000000000000004,34.23990972417641,37.885175012142064,26.134471014431107,8.107222169388034,7.830606684433463,0,1,0,4
15,5,202.90381160772105,18.000000000000004,18.000000000000004,45.475543539746425,35.054679672512414,27.36550819176548,8.20384800459809,8.107222169388034,0,1,0,5
15,6,173.1564356182195,18.000000000000004,18.000000000000004,55.66291915575973,31.40786162982004,25.18866957025388,7.443866152515507,8.20384800459809,0,1,0,6
15,7,144.4333476956461,18.0,18.0,65.22472475980602,25.58847613483113,27.532666109870476,7.168868827600191,7.443866152515507,0,1,0,7
15,8,114.62781761153113,18.0,18.0,75.32131246300813,26.092153906678394,30.0,7.25672998836025,7.168868827600191,0,1,0,8
15,9,53.96796548203016,18.0,17.999999999999996,71.44150778521775,34.2013879395368,27.577474961627782,7.582481516187621,7.25672998836025,2,1,1,9
16,0,226.13030994372633,21.0,21.0,40.0,34.62841056110579,15.575079902738878,7.829453572332031,0.0,0,0,0,0
16,1,226.13030994372633,19.292568211222118,18.91150159805478,49.036628283492036,34.62841056110579,15.575079902738878,7.829453572332031,7.829453572332031,0,0,0,1
16,2,217.97925052972454,18.0,18.0,58.701763295261685,35.31239211518222,18.38280239464918,7.930253572494083,7.829453572332031,0,0,0,2
16,3,200.3328272072686,18.0,18.0,68.18673077048724,33.81239940752076,18.88186434373233,6.4602827464301935,7.930253572494083,0,0,0,3
16,4,187.38723764113925,18.0,18.0,77.75151910501,31.89615815503073,21.24155481454018,5.504462078246204,6.4602827464301935,0,0,0,4
16,5,160.72138861418597,18.000000000000004,18.0,72.05597490289695,32.433039984202544,19.258381115169357,4.865354860642032,5.504462078246204,2,0,0,5
16,6,132.1744316004546,18.000000000000004,18.000000000000004,66.30540734419037,30.157268695613837,21.228467089349618,5.313745548315031,4.865354860642032,1,0,0,6
16,7,104.43171293542092,18.000000000000004,18.000000000000004,61.037109589741036,31.48292371505573,22.58208876022572,5.106062982650403,5.313745548315031,0,0,0,7
16,8,61.25801413302798,19.13395897441043,19.124615088889417,55.69558438981484,27.062693804896934,26.59549952884645,5.396712350299118,5.106062982650403,2,0,0,8
16,9,43.75282642519568,18.000000000000004,18.0,64.11175103117796,23.437928671026736,23.31855266987953,6.212880434788941,5.396712350299118,1,0,0,9
17,0,77.06411612367866,21.0,21.0,40.0,25.81871451238587,16.634519240858396,2.162420574632746,0.0,0,0,0,0
17,1,77.06411612367866,19.11637429024772,18.93269038481717,47.64158207558397,25.81871451238587,16.634519240858396,2.162420574632746,2.162420574632746,0,0,0,1
17,2,77.06411612367866,19.682145859313845,19.637459713132376,41.28930012919906,26.516221983085657,21.52665609255376,0.0,2.162420574632746,2,0,0,2
17,3,77.06411612367866,20.43006620231753,20.341407129042427,35.012446744249,26.782585747821816,21.67933989134448,0.0,0.0,1,0,0,3
17,4,72.93138047601751,21.306389176547345,21.10350699735247,28.383886555706965,28.990997005707317,17.517001946836952,0.5165919559576447,0.0,0,0,0,4
17,5,62.33030202095286,22.19405284874525,22.07660539932775,22.53096001015075,29.866339952854123,20.95073479405577,1.3251348068830813,0.5165919559576447,2,0,0,5
17,6,49.05110817234109,23.249468716600262,21.938544340368015,32.45569689219343,34.11946184014111,21.0179652823182,2.353769172298984,1.3251348068830813,1,0,0,6
17,7,43.61489828780239,20.960042366477396,21.19072126695401,41.42097206200833,28.96850244820124,20.838581828548215,2.718104942269352,2.353769172298984,0,0,0,7
17,8,43.61489828780239,19.696101297508733,19.521626738916126,51.290647189412965,30.047536454031103,24.783992031550195,3.485124369501524,2.718104942269352,0,0,0,8
17,9,30.275926810287004,17.999999999999996,18.000000000000004,59.29574186399632,23.54493328550933,20.92781490662042,4.446323825838461,3.485124369501524,0,1,0,9
18,0,295.28229597556043,21.0,21.0,40.0,34.443744382523725,18.677464581644607,5.439305139141203,0.0,0,0,0,0
18,1,295.28229597556043,19.288874887650476,18.973549291632892,49.5618176135503,34.443744382523725,18.677464581644607,5.439305139141203,5.439305139141203,0,0,0,1
18,2,290.55885849002374,18.0,18.0,59.78810178830429,32.17039161744754,24.64229824229684,5.173678751356942,5.439305139141203,0,0,0,2
18,3,256.8178747081854,17.999999999999996,17.999999999999996,55.48617292422411,37.29897793767242,22.13475059521549,4.217622972729792,5.173678751356942,2,1,1,3
18,4,220.95572900928715,19.256041792314715,19.035954309530368,50.445446071205154,33.166834700111565,22.16246056089426,4.482768212362283,4.217622972729792,1,1,1,4
18,5,179.59357630679304,19.23739259104186,18.915446895806276,45.29118868371181,31.351090865406764,23.34747920407466,5.170269087811764,4.482768212362283,0,1,1,5
18,6,144.51552178562636,17.999999999999993,18.0,54.85318884024185,28.975704260183488,24.14651883165008,5.846342420194445,5.170269087811764,0,1,1,6
18,7,110.50125063903413,17.999999999999993,17.999999999999996,65.65339631776,35.39375135420171,24.60740129867693,5.669045191098707,5.846342420194445,0,1,1,7
18,8,77.78491114480232,17.99999999999999,17.999999999999993,76.39901727818585,32.92479175960908,26.77310246497904,5.452723249038635,5.669045191098707,0,1,1,8
18,9,37.02641669985599,17.99999999999999,17.999999999999986,72.88376224819072,36.07762946962353,27.72650925262572,5.09481180561829,5.452723249038635,2,1,1,9
19,0,57.02781619376546,21.0,21.0,40.0,27.195361581889124,23.8040828251533,2.545518663374168,0.0,0,0,0,0
19,1,51.936778867017125,18.443907231637784,18.376081656503068,34.17989999326764,27.195361581889124,23.8040828251533,2.545518663374168,2.545518663374168,2,0,0,1
19,2,49.09695466816596,19.221462326097317,19.172206922022593,29.449705002030584,30.267313050831127,26.78715922007411,0.3549780248563962,2.545518663374168,1,0,0,2
19,3,49.09695466816596,19.962663622094542,20.047473153377304,23.82090684113063,24.28029346821377,27.78193897123093,0.0,0.3549780248563962,0,0,0,3
19,4,43.412375935047926,20.958294523936413,20.984545217582404,19.155664863853303,27.41532234845933,30.0,0.7105723416397536,0.0,2,0,0,4
19,5,35.307803739521674,22.00496149339139,21.972638469830535,14.448370856923468,29.202045367427065,27.97965459407385,1.0130715244407815,0.7105723416397536,1,0,0,5
19,6,24.27689904801324,23.51123529670732,21.256145661608155,25.21729347130669,35.477716024779184,24.34963183290538,2.046172676393698,1.0130715244407815,0,0,0,6
19,7,24.27689904801324,20.6714078432376,21.18318831616814,34.924181373978286,31.08223794740131,22.84491706744089,3.836821516281724,2.046172676393698,0,0,0,7
19,8,24.27689904801324,19.688345410341626,19.360056156033387,45.66887481054219,34.2152484678489,25.47749284639502,3.9305006163559337,3.836821516281724,0,0,0,8
19,9,24.27689904801324,18.000000000000004,18.000000000000004,55.04551389252937,28.50838907949843,23.58405026487481,4.076617915245646,3.9305006163559337,0,0,0,9
20,0,183.04364614023572,21.0,21.0,40.0,34.03487760059643,23.695520081705304,4.413504388883472,0.0,0,0,0,0
20,1,183.04364614023572,19.28069755201193,19.07391040163411,50.39147158281431,34.03487760059643,23.695520081705304,4.413504388883472,4.413504388883472,0,0,0,1
20,2,153.79350027638785,16.930752155860795,16.835067547226863,45.58021625569502,32.24508737946167,24.35904969209785,3.656268232980983,4.413504388883472,2,1,1,2
20,3,135.72857317737788,17.95748820492635,17.91482266864239,40.19656629242834,28.496356407223654,24.927810463516977,2.2581158873762464,3.656268232980983,1,1,1,3
20,4,117.5771845306121,19.200014219881613,19.12913419533284,36.52449218382688,33.55845294528952,29.37446867359129,2.2689235808457227,2.2581158873762464,0,1,1,4
20,5,97.86169135481772,20.379340679581794,20.401453888841306,32.31684936677297,29.957539905256056,30.0,2.464436646974297,2.2689235808457227,2,1,1,5
20,6,65.83604871963949,22.248852686473366,22.182727899737372,42.476638638442495,29.708907464702243,26.73436626679511,4.00320532939728,2.464436646974297,1,0,0,6
20,7,55.48332731969854,20.870132389865553,20.684853336449457,52.20701565734591,32.15673728843194,21.90091281658705,5.176360699970475,4.00320532939728,0,0,0,7
20,8,55.48332731969854,19.373605425805255,19.25023126951711,61.55746976247088,30.44743043317154,21.49953681752274,5.582599594033492,5.176360699970475,0,0,0,8
20,9,38.04651829264675,17.999999999999996,18.000000000000004,70.56073373127676,31.12327340584094,18.89485975419172,5.259059928808536,5.582599594033492,0,1,0,9
21,0,115.5182573063878,21.0,21.0,40.0,34.599403986625305,23.335456982769287,2.858771193312025,0.0,0,0,0,0
21,1,109.80071491976375,18.59198807973251,18.366709139655388,35.428274974491025,34.599403986625305,23.335456982769287,2.858771193312025,2.858771193312025,2,0,0,1
21,2,103.07758495941192,19.40435533804549,19.299347836118628,32.36484783455082,37.47192643224938,28.842367234749485,0.8403912450439786,2.858771193312025,1,0,0,2
21,3,101.59177246355847,20.51316635705264,20.2397124553504,30.90945320507352,45.24780761401495,30.0,0.1857265619816808,0.8403912450439786,0,0,0,3
21,4,89.94137491555963,21.640476834912445,21.311356082255877,29.30893930949911,47.49971781369669,26.941871655334356,1.4562996934998558,0.1857265619816808,2,0,0,4
21,5,82.49873207808773,19.851864559370576,20.27544244466518,26.43497538329843,41.67892950288291,25.687937573779973,2.44992222561422,1.4562996934998558,1,0,0,5
21,6,76.4788854437239,19.158668320772538,18.873646364079967,38.29462081428133,36.89217430811269,28.99474475290343,3.009923317181913,2.44992222561422,0,0,0,6
21,7,66.67870568154211,18.0,17.999999999999996,49.86418009735128,34.2753293503886,30.0,3.2667265873939293,3.009923317181913,0,0,1,7
21,8,47.55268134695494,17.999999999999996,18.000000000000004,61.18074060549844,32.86978060081759,30.0,3.187670722431196,3.2667265873939293,0,1,1,8
21,9,27.969845094798327,18.0,18.000000000000004,70.82226478878053,26.599923791479128,26.96409944897689,3.2638060420261024,3.187670722431196,0,1,1,9
22,0,85.79828513119641,21.0,21.0,40.0,28.166889866459577,18.23033519432189,2.6887926733070837,0.0,0,0,0,0
22,1,85.79828513119641,19.16333779732919,18.96460670388644,48.35150051094067,28.166889866459577,18.23033519432189,2.6887926733070837,2.6887926733070837,0,0,0,1
22,2,79.57686890579227,19.66929593942902,19.606742342591588,40.96818635890426,24.211783810544198,18.10313756703134,0.7776770281755178,2.6887926733070837,2,0,0,2
22,3,71.17976139460639,20.45466086536438,20.34250923638662,35.275498959921094,29.126588814660344,22.580703413210927,1.0496384388982352,0.7776770281755178,1,0,0,3
22,4,63.19132777659168,21.31071486305679,21.25602578187808,29.85039517052708,28.80529816515105,24.38856967154888,0.9985542022518386,1.0496384388982352,0,0,0,4
22,5,58.769925290137586,22.353270654520475,22.17543047116968,25.049414308141287,33.18678140820518,23.474436022984865,0.5526753108067615,0.9985542022518386,2,0,0,5
22,6,51.91050966187289,23.301578217783053,20.825304216618573,34.68874436235444,30.516199506748173,23.035634127769363,1.5660713540913638,0.5526753108067615,1,0,0,6
22,7,47.549243422196994,20.443218452469505,20.995485211666566,45.84063785130118,35.74286794254805,26.212095884933824,2.1806331198379447,1.5660713540913638,0,0,0,7
22,8,47.549243422196994,19.534025058947773,19.240966876479394,57.49337382101879,35.553164894724866,29.18425715926184,3.107746286490346,2.1806331198379447,0,0,0,8
22,9,33.47786212109392,18.026755343841412,17.999999999999996,69.32542900825614,35.73363992909633,30.0,4.690460433701024,3.107746286490346,0,0,1,9
23,0,168.08409249638282,21.0,21.0,40.0,25.76796364159105,19.968384727961094,5.173609915985651,0.0,0,0,0,0
23,1,168.08409249638282,19.11535927283182,18.999367694559222,48.23254270651938,25.76796364159105,19.968384727961094,5.173609915985651,5.173609915985651,0,0,0,1
23,2,141.7929312530471,16.864887361675944,17.164078067957327,42.81682514539924,29.54670338300439,23.69931016632816,3.286395155416964,5.173609915985651,2,1,1,2
23,3,124.4901679857889,18.0,18.000000000000004,36.450896934994454,21.739602451765208,26.227463045985957,2.162845408407277,3.286395155416964,1,1,1,3
23,4,115.98172531478659,19.046523207532513,19.120818586726735,30.288281313702882,22.69090546100109,26.405674420712387,1.0635553338752883,2.162845408407277,0,1,1,4
23,5,103.4969116960342,20.27006445109761,20.17703332184842,24.388000967092538,27.045561924466508,23.508436149920485,1.5606017023440475,1.0635553338752883,2,1,1,5
23,6,79.67364438910168,22.022412063617693,22.084634194297326,34.329925327464906,26.75863675896801,28.47427635421184,2.9779084133665665,1.5606017023440475,1,0,0,6
23,7,69.65512424769167,20.71284675247444,20.60711982165948,44.57385803593385,30.631875924912688,26.27886134435924,5.009260070705006,2.9779084133665665,0,0,0,7
23,8,69.65512424769167,19.276362229547324,19.203210379714008,54.52959049917635,30.27656062484088,25.03306417095077,5.620503144535842,5.009260070705006,0,0,0,8
23,9,34.220493463478924,17.999999999999996,17.999999999999996,64.49216476879263,31.11062373234024,24.237011098861345,5.905771797368791,5.620503144535842,0,1,1,9
24,0,169.2912888724528,21.0,21.0,40.0,28.419619496676518,21.42062755476349,5.087325733921341,0.0,0,0,0,0
24,1,169.2912888724528,19.168392389933533,19.028412551095272,48.971244469259204,28.419619496676518,21.42062755476349,5.087325733921341,5.087325733921341,0,0,0,1
24,2,164.65088358739843,18.0,18.0,59.609903892621446,30.516954707366715,28.586708755756867,5.010087191728491,5.087325733921341,0,0,0,2
24,3,151.44353274586996,18.0,18.000000000000004,69.44155021631012,27.543758889885048,27.076498463940936,4.904317147026156,5.010087191728491,0,0,0,3
24,4,140.67998415604916,18.000000000000007,18.0,79.7502396033066,30.71573955284951,26.55475704157539,4.743365091974677,4.904317147026156,0,0,0,4
24,5,115.8169541708126,18.000000000000004,18.000000000000004,74.73828398304971,32.573795038310955,22.91534040470633,4.600169728623603,4.743365091974677,2,0,0,5
24,6,92.48511790177622,18.000000000000004,18.000000000000004,68.79859484537141,26.254353342943705,24.080707003287944,4.326078929465744,4.600169728623603,1,0,0,6
24,7,69.51493392181382,18.000000000000004,18.0,63.360665712876894,25.91757725826013,27.205038672325863,4.2130602986728585,4.326078929465744,0,0,0,7
24,8,44.29088574361055,18.000000000000004,18.000000000000007,57.55351914417935,26.523532237626466,24.547875714053824,4.354107433346229,4.2130602986728585,2,0,0,8
24,9,26.123871187152417,18.000000000000007,18.000000000000004,66.66592217635606,29.81251653007518,20.81194475979547,3.806267622593431,4.354107433346229,1,0,0,9
25,0,101.86836146252897,21.0,21.0,40.0,32.18852103928587,21.555851194735737,3.82053127158419,0.0,0,0,0,0
25,1,101.86836146252897,19.24377042078572,19.031117023894716,49.67398700212389,32.18852103928587,21.555851194735737,3.82053127158419,3.82053127158419,0,0,0,1
25,2,87.61161271283531,16.927163599656975,17.999999999999996,44.66298202960666,32.82918286729137,22.66523395205737,1.782093593711708,3.82053127158419,2,1,1,2
25,3,81.82165940380406,18.778543585409164,18.34724744506935,41.153767916316546,34.654980191227864,29.182719179382627,0.7237441636289053,1.782093593711708,1,1,1,3
25,4,77.89298907793125,19.68266738725153,19.69955725894652,36.806190615598325,32.402537313734385,26.77758879338659,0.4910837907341021,0.7237441636289053,0,1,1,4
25,5,73.57475554446387,20.88714543002848,20.762287966202145,31.88637977784503,30.99528800863112,25.005762892739455,0.5397791916834228,0.4910837907341021,2,1,1,5
25,6,65.30000057023253,21.999999999999996,21.830436121941496,27.19989436585037,33.82417956350818,23.473123703188172,1.0343443717789171,0.5397791916834228,1,1,1,6
25,7,50.33346493060843,20.609602044043363,20.85171391680899,38.12308905392125,33.43176362829917,27.252651305427925,1.8708169549530116,1.0343443717789171,0,1,1,7
25,8,36.85628314438273,19.50651980289403,19.180781750727444,48.80345198398575,35.995287064157075,23.34006254731237,2.24619696437095,1.8708169549530116,0,1,1,8
25,9,19.30519047036852,17.999999999999996,17.999999999999996,59.840320158704294,36.61400535039012,24.70192895360177,2.925182112335702,2.24619696437095,0,1,1,9
26,0,314.7178818519076,21.0,21.0,40.0,27.940953683034884,18.170431886567712,6.965563246551776,0.0,0,0,0,0
26,1,305.44165780544904,20.02410947497129,19.429844576146504,48.300049402528465,27.940953683034884,18.170431886567712,6.965563246551776,6.965563246551776,0,0,0,1
26,2,305.44165780544904,18.0,18.0,57.09171335809904,28.87827550665968,19.96430202428799,8.037966652431532,6.965563246551776,0,0,0,2
26,3,282.5386476480245,18.0,18.0,65.05447177606217,24.08547113150123,20.152075634960617,7.895794746741033,8.037966652431532,0,0,0,3
26,4,237.08797449593555,17.999999999999996,17.999999999999996,73.29712512213958,25.160444128521195,20.632074460797707,7.57511219201482,7.895794746741033,0,1,1,4
26,5,177.28246869001023,17.999999999999996,17.999999999999996,67.08093800336286,23.81730049550588,24.981659955734564,7.475688225740667,7.57511219201482,2,1,1,5
26,6,119.75215008195802,18.0,18.0,61.98821079686249,26.86221960127477,28.178184807056525,7.191289826006526,7.475688225740667,1,1,1,6
26,7,73.43748075947212,18.0,18.0,57.06563522403589,28.3788960253002,27.606795236774268,5.789333665310738,7.191289826006526,0,1,1,7
26,8,47.798925603712824,17.999999999999996,18.000000000000004,68.04148771065957,32.005223833362955,28.97173442565745,4.273092525959882,5.789333665310738,0,1,1,8
26,9,24.88281151748893,18.0,18.000000000000004,79.4724906136312,33.50557168317574,30.0,3.819352347703983,4.273092525959882,0,1,1,9
27,0,95.37477514448108,21.0,21.0,40.0,33.71081447619661,15.18451614086729,2.9478453291346094,0.0,0,0,0,0
27,1,95.37477514448108,19.274216289523935,18.903690322817347,48.8011595110715,33.71081447619661,15.18451614086729,2.9478453291346094,2.9478453291346094,0,0,0,1
27,2,84.01330511204475,19.804148437252064,19.73681405092075,43.39747011428719,31.118722750848004,22.19411393368359,1.4201837540545412,2.9478453291346094,2,0,0,2
27,3,77.83069058448626,20.69120765562035,20.517470548389394,39.262469565799776,35.02898961023811,25.332118453720696,0.772826815944811,1.4201837540545412,1,0,0,3
27,4,73.92065866383845,21.49859471453246,21.51440897145285,34.52051751756394,29.40224952501167,27.586905762567007,0.4887539900809765,0.772826815944811,0,0,0,4
27,5,65.45853661811533,22.37483148502614,22.4954569044275,29.179091396540983,23.695129474110423,29.96361429798427,1.0577652557153892,0.4887539900809765,2,0,0,5
27,6,53.350377656618384,23.440394260533896,20.751147289982303,25.25512744786697,31.53353361847768,30.0,2.2515868521897,1.0577652557153892,1,0,0,6
27,7,47.75968210239783,20.297290522402776,21.112847048984765,35.62618726154889,28.588938597036996,29.02806036786257,2.7953477771102757,2.2515868521897,0,0,0,7
27,8,47.75968210239783,19.57609791739407,19.118291094911967,46.78488227443939,36.32487164849459,25.66787842311929,4.320651884373138,2.7953477771102757,0,0,0,8
27,9,31.518322141290326,18.000000000000004,17.999999999999996,57.247325310449135,37.44505330735414,20.67963022603335,5.413786653702503,4.320651884373138,0,0,1,9
28,0,390.2138248989745,21.0,21.0,40.0,25.97211810438348,22.462361213165437,6.63486851691597,0.0,0,0,0,0
28,1,390.2138248989745,19.11944236208767,19.04924722426331,48.71820627715881,25.97211810438348,22.462361213165437,6.63486851691597,6.63486851691597,0,0,0,1
28,2,367.4561428278423,17.999999999999996,18.000000000000004,58.030117376247375,31.42300871233525,20.309830727045707,6.234863696921138,6.63486851691597,0,1,0,2
28,3,342.2539815866224,18.0,18.0,68.0195299092752,32.17204991842274,23.324686376176302,5.693844945486135,6.234863696921138,0,1,0,3
28,4,302.01490538678144,18.0,18.000000000000004,63.134638182681556,32.68193726934052,23.513108694028084,5.800617897987333,5.693844945486135,2,1,0,4
28,5,254.12076103329386,18.000000000000004,17.999999999999996,59.03742487706447,30.9076613166444,29.66337587437175,5.98676804418595,5.800617897987333,1,1,1,5
28,6,209.80327871961563,18.000000000000004,18.000000000000004,56.47314885484377,39.08735543210727,30.0,5.539685289209778,5.98676804418595,0,1,1,6
28,7,165.12275666430128,19.480530299252923,19.30410827021883,53.166204210464755,36.89126004702173,28.070158595317093,5.585065256914295,5.539685289209778,2,1,1,7
28,8,112.75382264338955,18.26879560986294,18.10210752983207,64.68006828537393,37.47332298216413,26.4925885451091,6.546116752613965,5.585065256914295,1,1,1,8
28,9,55.8354028233168,18.0,18.0,76.34234705249149,36.17007890387185,28.620358691225714,7.114802477509094,6.546116752613965,0,1,1,9
29,0,154.65573317144984,21.0,21.0,40.0,30.31986999720141,18.504111555298973,6.086083192820235,0.0,0,0,0,0
29,1,154.65573317144984,19.20639739994403,18.97008223110598,48.78831667945007,30.31986999720141,18.504111555298973,6.086083192820235,6.086083192820235,0,0,0,1
29,2,148.31673929373443,18.0,18.0,58.17599043357589,29.355941699133417,22.79780137934336,5.850459089465539,6.086083192820235,0,0,0,2
29,3,134.95570624027812,18.000000000000004,18.0,68.01628138377644,33.897826292914075,20.770456763755654,4.963154538235211,5.850459089465539,0,0,0,3
29,4,111.3616233729449,18.000000000000004,18.00000000000001,62.422633852341676,29.353947902146498,22.9035658121048,4.089493051858822,4.963154538235211,2,0,0,4
29,5,91.80413511403628,18.000000000000004,18.899502697546705,57.58162978578778,32.2231214224641,24.21574487445868,3.1116161583672173,4.089493051858822,1,0,0,5
29,6,69.49210759056339,19.9669515608668,19.570727695703283,52.73477124479021,31.362497116938822,25.04384432196351,2.789003440434112,3.1116161583672173,0,0,0,6
29,7,48.50289207131258,20.84717428098054,20.908147387068418,47.50877250938842,28.597354849302185,25.702652176243443,2.6236519399063525,2.789003440434112,2,0,0,7
29,8,39.545360079700586,19.532894230298268,19.381374671499817,57.85039534474991,32.057420772528616,25.396039423924105,4.478765995805999,2.6236519399063525,1,0,0,8
29,9,29.0153797803632,18.000000000000007,18.0,67.3973676193782,30.20060131615604,22.83813354288997,5.009997585552624,4.478765995805999,0,0,0,9
30,0,122.75126823214222,21.0,21.0,40.0,26.98377311064561,24.58554254525746,4.959174443712167,0.0,0,0,0,0
30,1,122.75126823214222,19.139675462212914,19.09171085090515,49.28247681806255,26.98377311064561,24.58554254525746,4.959174443712167,4.959174443712167,0,0,0,1
30,2,117.86330493380896,18.0,18.0,58.81931959819316,28.623212673727974,24.359247215886565,4.803832261004551,4.959174443712167,0,0,0,2
30,3,106.40841959547853,18.0,18.000000000000004,69.04710580835925,29.934077220474578,26.886957280448097,4.32424715528779,4.803832261004551,0,0,0,3
30,4,97.33465902686362,18.000000000000004,18.000000000000004,79.06314602271185,30.2506065420194,25.394061315495023,3.9422055777588527,4.32424715528779,0,0,0,4
30,5,77.91449444610559,18.000000000000004,18.000000000000007,75.67360743879433,34.502563422680495,30.0,3.7171062000885615,3.9422055777588527,2,0,0,5
30,6,60.42548333867377,18.00000000000001,18.000000000000004,70.95794758686284,31.85766469186392,25.277558352961115,3.3266174551819354,3.7171062000885615,1,0,0,6
30,7,43.87318532320627,18.00000000000001,18.000000000000007,65.43241829626183,29.51130285750289,23.12464552804701,3.0305180245909504,3.3266174551819354,0,0,0,7
30,8,30.606889728129385,18.000000000000007,18.00000000000001,58.657552184335515,25.92778512908729,19.76740313798875,2.2482632544025463,3.0305180245909504,2,0,0,8
30,9,21.288958258639457,18.00000000000001,18.000000000000004,65.93612240370659,20.90400706520915,19.53249415351907,1.87231872392484,2.2482632544025463,1,0,0,9
31,0,183.64047750051236,21.0,21.0,40.0,33.50093312201388,19.75388834365709,7.58331455309953,0.0,0,0,0,0
31,1,183.64047750051236,19.27001866244028,18.995077766873145,49.58586786382077,33.50093312201388,19.75388834365709,7.58331455309953,7.58331455309953,0,0,0,1
31,2,175.985335024358,18.0,18.0,59.63520183260029,35.07472468689059,20.75490847299558,8.229294183696464,7.58331455309953,0,0,0,2
31,3,156.70777415870944,18.000000000000004,18.000000000000004,71.42427569984005,40.01511622740632,25.479738590592348,7.787299070881485,8.229294183696464,0,0,0,3
31,4,112.74572580048654,18.000000000000007,18.000000000000007,67.67659247901807,39.127130658378846,23.38574033705456,7.900686969895974,7.787299070881485,2,0,0,4
31,5,75.98439414543003,18.000000000000007,18.000000000000007,63.80238099280446,35.29534420432466,26.514591983377496,6.964495639018876,7.900686969895974,1,0,0,5
31,6,50.34724467369128,18.0,18.000000000000004,58.79894549506365,30.205255422380155,25.331214034615343,4.847010364548152,6.964495639018876,0,0,0,6
31,7,43.513477943774774,18.0,18.0,69.31891083693715,28.444251899297225,30.0,3.512232097838306,4.847010364548152,0,0,0,7
31,8,31.769946740798733,18.0,17.999999999999996,79.02135847583197,27.38380349710275,26.51868338564631,2.823222914886224,3.512232097838306,0,0,1,8
31,9,13.686007045733945,18.0,15.899781176275114,73.99334618343926,30.775617979549487,24.624313729379868,2.5918647187003905,2.823222914886224,2,0,1,9
32,0,280.3301560981172,21.0,21.0,40.0,31.66212388872196,21.294204847178563,7.35711691912836,0.0,0,0,0,0
32,1,280.3301560981172,19.23324247777444,19.02588409694357,49.532139172462095,31.66212388872196,21.294204847178563,7.35711691912836,7.35711691912836,0,0,0,1
32,2,249.1988467756791,19.710750346577218,19.38609177036307,60.17379471395684,33.58600460806516,25.53430395579454,7.848297385853472,7.35711691912836,0,0,0,2
32,3,222.92879973822312,18.000000000000004,17.999999999999996,69.15806533636521,27.39124660607387,22.521367962861547,8.75668234581866,7.848297385853472,0,0,1,3
32,4,185.64655646352898,18.0,18.0,78.94332391248663,29.544326299916992,24.818221345202023,9.0569836304087,8.75668234581866,0,0,1,4
32,5,128.88389493216687,18.000000000000004,18.000000000000004,72.94257018081238,29.522964985285064,20.472847616524625,8.51418347776396,9.0569836304087,2,0,1,5
32,6,82.36343992293186,18.000000000000007,18.000000000000007,67.08537264691934,29.81790383442188,20.97544319950564,7.044666496075872,8.51418347776396,1,0,1,6
32,7,52.294467195587785,18.000000000000007,18.000000000000007,61.473318575176606,26.392940455279607,25.76231470170524,4.468275248276759,7.044666496075872,0,0,1,7
32,8,34.690663996323394,18.000000000000007,18.000000000000007,56.39709970819689,29.52583645073378,25.606280954934427,2.582422774124393,4.468275248276759,2,0,1,8
32,9,20.43228687190308,18.000000000000004,18.000000000000004,65.58296711320841,28.995636761621714,22.036959932886727,2.258648202625749,2.582422774124393,1,0,1,9
33,0,415.2676163285704,21.0,21.0,40.0,26.00162013788841,16.797779870414136,7.6579645831349055,0.0,0,0,0,0
33,1,377.56951036656994,21.04276422695853,21.935955597408284,47.70389200149446,26.00162013788841,16.797779870414136,7.6579645831349055,7.6579645831349055,0,0,0,1
33,2,377.56951036656994,19.744787101468866,19.265884767954514,55.04100001855842,25.654478662441235,15.107232543469667,9.65702320297105,7.6579645831349055,0,0,0,2
33,3,316.5857508194496,17.999999999999996,17.999999999999996,64.19929325650526,30.48690535495586,20.3925015225266,10.16395992452006,9.65702320297105,0,1,1,3
33,4,260.44902067801786,18.0,17.999999999999996,73.8109902293846,31.98110819399595,21.417208322000366,9.356121690238613,10.16395992452006,0,1,1,4
33,5,191.48279999790782,18.0,17.999999999999996,69.76500631439981,31.24811173442331,29.60753318232789,8.620777585013757,9.356121690238613,2,1,1,5
33,6,130.2923107339617,18.0,18.0,64.51216277326571,24.74389293996263,29.406976275959007,7.648811157993268,8.620777585013757,1,1,1,6
33,7,84.83133546666649,17.999999999999996,18.0,59.49779879230988,29.48853623324298,25.987219428113484,5.6826219084119005,7.648811157993268,0,1,1,7
33,8,50.089403250396046,18.000000000000004,17.999999999999996,55.54426004605378,31.79577150725637,29.57345768020978,4.342741527033804,5.6826219084119005,2,1,1,8
33,9,21.830370761503968,18.0,18.0,65.91180617549742,30.16282877349672,27.434649723412427,3.5323790611115102,4.342741527033804,1,1,1,9
34,0,219.28641977977955,21.0,21.0,40.0,28.28820844287196,17.71995470429493,5.676146240065776,0.0,0,0,0,0
34,1,219.28641977977955,19.16576416885744,18.9543990940859,48.28146936649004,28.28820844287196,17.71995470429493,5.676146240065776,5.676146240065776,0,0,0,1
34,2,204.05650649982158,18.0,17.999999999999996,57.87470865429316,30.23951126885254,23.056262552275875,4.332161365992684,5.676146240065776,0,0,1,2
34,3,175.14604250704315,17.999999999999996,18.000000000000004,53.982986719021014,33.892506687075425,27.820149228079316,3.613807999097305,4.332161365992684,2,1,1,3
34,4,150.8192450914074,19.249797210003177,18.708966959059513,50.29681572423722,32.85460558453446,30.0,3.040849676954469,3.613807999097305,1,1,1,4
34,5,128.27299607449538,20.12668955231082,20.303585303422768,45.934607886806965,29.18325577808365,29.91558956952605,2.8182811271140045,3.040849676954469,0,1,1,5
34,6,104.58985052846464,19.14936305923392,19.00392076403053,56.42893596474495,31.460250574350667,26.841572080860384,3.947190924338456,2.8182811271140045,0,1,1,6
34,7,79.14945066535688,18.000000000000007,18.0,65.99927627607984,30.50667627495129,22.661881010242528,4.240066643851292,3.947190924338456,0,1,1,7
34,8,55.410419316144015,18.000000000000004,18.000000000000007,77.16593228641536,35.70929057264517,26.327687262552125,3.956505224868811,4.240066643851292,0,1,1,8
34,9,24.832043081582626,18.00000000000001,18.0,73.91598619803729,38.6917872801413,26.5862900066472,3.8222970293201737,3.956505224868811,2,1,1,9
35,0,236.10665825235472,21.0,21.0,40.0,33.91127088394596,20.42283520936855,4.080045843852792,0.0,0,0,0,0
35,1,227.94656656464912,18.578225417678922,18.308456704187375,34.78013909679661,33.91127088394596,20.42283520936855,4.080045843852792,4.080045843852792,2,0,0,1
35,2,193.62599912957177,19.265448750349886,19.20310999032817,30.183734345406805,32.48061004231343,25.317141338854327,4.290070929384669,4.080045843852792,1,0,0,2
35,3,156.12402034272722,20.148520581097518,19.77561332716279,25.43670975551857,32.57129553060911,24.38967897001181,4.839825714199206,4.290070929384669,0,0,0,3
35,4,144.8787083892027,18.000000000000004,18.000000000000004,21.982533328985404,34.86853655302945,29.27492774400851,5.622655976762259,4.839825714199206,2,0,0,4
35,5,122.62698148491243,18.000000000000004,18.000000000000004,33.60133084388471,35.9375237549187,28.61135132785524,5.8195562594783,5.622655976762259,1,0,0,5
35,6,101.15568967337376,18.000000000000004,18.000000000000004,45.072332922296965,33.72778932451251,30.0,5.763417885490367,5.8195562594783,0,0,0,6
35,7,81.44265019611498,17.999999999999996,18.000000000000004,56.71398377076215,35.233584597671275,29.44225344935753,4.967440766120221,5.763417885490367,0,1,0,7
35,8,60.61798760866564,18.000000000000004,18.000000000000004,69.17495791586106,41.50484223058399,27.72279190885437,5.014560465496604,4.967440766120221,0,1,0,8
35,9,38.09804474461899,18.0,18.0,81.68261036034174,39.950943737389096,29.536014287503573,5.234779722672472,5.014560465496604,0,1,0,9
36,0,256.684139667067,21.0,21.0,40.0,27.685076794675016,24.52235008408805,7.375738873931075,0.0,0,0,0,0
36,1,256.684139667067,19.1537015358935,19.090447001681763,49.39733683817735,27.685076794675016,24.52235008408805,7.375738873931075,7.375738873931075,0,0,0,1
36,2,233.268169555922,18.000000000000004,17.999999999999996,59.04053736894024,29.797915439657466,23.7754208423586,6.794390280786736,7.375738873931075,0,0,1,2
36,3,205.10776346174745,18.000000000000004,18.0,68.32329659078084,31.96531496180538,19.60556960397569,6.620683228736877,6.794390280786736,0,0,1,3
36,4,177.5193138397281,18.0,18.000000000000004,77.35781441730197,32.20630215506365,17.985463547831475,6.7898850828509705,6.620683228736877,0,0,1,4
36,5,136.95993198792212,18.000000000000004,18.0,71.51901525352646,31.087897218617087,19.807662982630116,6.112449092321362,6.7898850828509705,2,0,1,5
36,6,101.55697206628251,18.000000000000004,18.000000000000004,66.48836323085743,36.2409628645229,19.144303676204725,5.467485978904927,6.112449092321362,1,0,1,6
36,7,72.23858269237188,18.000000000000004,18.000000000000007,61.36109189563514,32.86291604800712,21.985576534091265,4.4421555873679,5.467485978904927,0,0,1,7
36,8,47.60663285987967,18.000000000000007,18.000000000000007,56.19117358472948,27.79193136217813,26.81963357723485,3.5951407767673875,4.4421555873679,2,0,1,8
36,9,26.90907865739792,18.000000000000007,18.000000000000007,65.89600194630302,31.89864748896018,22.017065630892795,3.3091032055361915,3.5951407767673875,1,0,1,9
37,0,253.45469585948598,21.0,21.0,40.0,33.93792267834392,22.819069160221524,7.953062398517254,0.0,0,0,0,0
37,1,253.45469585948598,19.27875845356688,19.05638138320443,50.21625853094178,33.93792267834392,22.819069160221524,7.953062398517254,7.953062398517254,0,0,0,1
37,2,226.17337432567473,18.0,17.999999999999996,59.76477634642296,31.89120346981068,21.156117727307,8.053705764268091,7.953062398517254,0,0,1,2
37,3,180.32104932656688,17.999999999999996,18.0,69.37963044656408,34.281824353146646,19.13403175874846,7.64205416651797,8.053705764268091,0,1,1,3
37,4,140.4518969703363,18.0,17.999999999999996,79.04009154521091,30.674495195905592,22.994733129910152,6.644858726038436,7.64205416651797,0,1,1,4
37,5,104.98233328133486,17.999999999999996,18.0,72.72141141368414,29.385835469428915,18.843719355422373,4.433695461125177,6.644858726038436,2,1,1,5
37,6,79.49950987758362,18.000000000000004,17.999999999999996,67.60274090007275,31.91371045548319,22.982564468898016,3.185352925468905,4.433695461125177,1,1,1,6
37,7,61.40874673945772,18.0,17.999999999999996,62.750951650131995,30.239546248830663,26.139402362609644,2.2613453922657376,3.185352925468905,0,1,1,7
37,8,41.89534553888191,18.0,18.0,58.622044527279115,34.21706742800142,26.177893000593663,2.4391751500719754,2.2613453922657376,2,1,1,8
37,9,21.850793914530193,18.0,18.0,69.86390111001245,36.51588598464552,25.938872808317434,2.5055689530439653,2.4391751500719754,1,1,1,9
38,0,229.71154438452066,21.0,21.0,40.0,27.41719516140864,24.44350780714981,6.733652532076555,0.0,0,0,0,0
38,1,229.71154438452066,19.148343903228174,19.088870156143,49.33492653434052,27.41719516140864,24.44350780714981,6.733652532076555,6.733652532076555,0,0,0,1
38,2,223.28221298938973,18.0,18.0,59.55941705893938,27.93529941864322,28.867425718017135,6.869949038682512,6.733652532076555,0,0,0,2
38,3,205.86435964253087,18.0,18.0,69.50517396881992,28.713842685424147,26.54036236946776,6.498408300365173,6.869949038682512,0,0,0,3
38,4,182.68520155725562,18.0,17.999999999999996,79.35062805336892,28.85798222637257,25.83898491001079,5.612203146396117,6.498408300365173,0,0,1,4
38,5,139.29862700852215,17.999999999999996,18.0,74.46369971604203,29.637599961921737,26.54613149737328,5.423321818591685,5.612203146396117,2,1,1,5
38,6,104.22792728868976,18.000000000000004,18.0,71.12000912916606,34.75727451735574,30.0,4.383837464979049,5.423321818591685,1,1,1,6
38,7,73.95572738816534,18.0,18.0,68.27469084146726,39.13635380411853,28.389655708665888,3.784024987565551,4.383837464979049,0,1,1,7
38,8,51.02942716217775,17.999999999999996,17.999999999999996,81.0108071162055,42.57779136836207,28.178410157961466,3.8210500376646,3.784024987565551,0,1,1,8
38,9,23.485870258723526,18.0,17.999999999999996,78.38101899367686,39.40386109136349,29.319538227921853,3.4429446129317776,3.8210500376646,2,1,1,9
39,0,142.75215098542023,21.0,21.0,40.0,26.884939390196006,24.75378607633906,3.549699653460328,0.0,0,0,0,0
39,1,142.75215098542023,19.13769878780392,19.095075721526783,49.29497058397631,26.884939390196006,24.75378607633906,3.549699653460328,3.549699653460328,0,0,0,1
39,2,133.4867109635966,18.0,17.999999999999996,57.18624997270672,25.67244403654346,18.167997011958807,2.6241006566328373,3.549699653460328,0,0,1,2
39,3,119.05690082433543,18.962034757869716,18.809738152279277,50.80089793367236,27.73699280911009,20.12216252958788,1.8037262674076469,2.6241006566328373,2,0,1,3
39,4,106.61872419052938,19.92770021307179,19.824200761538012,44.54795436332901,28.02708980154136,20.56766814099561,1.5547720792257582,1.8037262674076469,1,0,1,4
39,5,90.34148658319523,19.971575783658462,20.73812957184851,38.24733443944139,25.1683850728276,23.161504238907817,2.307953147211124,1.5547720792257582,0,0,1,5
39,6,82.27435882277753,19.277260868063948,18.93700229148665,47.0270894957903,27.145519492865287,21.63089748685088,2.689042586805904,2.307953147211124,0,0,1,6
39,7,63.33541745217107,17.999999268033346,17.99999921284071,57.122852461672245,30.595726720484485,25.491845312192996,3.15649022843441,2.689042586805904,0,1,1,7
39,8,46.27394046843425,17.99999930811443,17.999999324672224,67.05221368291035,30.51243740408976,24.650680491677463,2.84357949728947,3.15649022843441,0,1,1,8
39,9,27.40055212164241,17.999999387237665,17.999999382270328,77.22196044491923,30.076126265468627,26.42246685680295,3.1455647244653067,2.84357949728947,0,1,1,9
40,0,372.61962381324145,21.0,21.0,40.0,26.13526509433376,24.3194108763197,7.44725631006753,0.0,0,0,0,0
40,1,372.61962381324145,19.122705301886675,19.086388217526395,49.08184167471762,26.13526509433376,24.3194108763197,7.44725631006753,7.44725631006753,0,0,0,1
40,2,343.7513281706672,18.0,17.999999999999996,58.78559724466917,25.789493528433376,28.120259637964104,8.158871391106395,7.44725631006753,0,0,1,2
40,3,293.99473279754,17.999999999999996,18.000000000000004,68.68809690577379,26.93024659843937,28.08364040769745,8.292765895521203,8.158871391106395,0,1,1,3
40,4,244.86034536182922,18.000000000000004,18.0,79.97088605803917,32.6821619570299,30.0,8.189064572618467,8.292765895521203,0,1,1,4
40,5,188.10664212161626,18.0,18.000000000000004,75.49034743827441,28.441452112418013,30.0,7.094212905026619,8.189064572618467,2,1,1,5
40,6,142.82734795124543,18.000000000000007,18.0,71.40867322320533,31.111879312116848,29.545486159721573,5.659911771296353,7.094212905026619,1,1,1,6
40,7,100.3326980566894,17.999999999999996,18.000000000000004,68.1952411822446,35.48093310577375,30.0,5.311831236819503,5.659911771296353,0,1,1,7
40,8,67.0137588109379,18.0,18.0,79.90998806025962,36.474598825575775,28.607328274507715,5.553156540958584,5.311831236819503,0,1,1,8
40,9,28.438229612362306,17.999999999999996,18.000000000000004,75.29113156961272,31.2013706876807,26.47164880872539,4.821941149821948,5.553156540958584,2,1,1,9
41,0,184.824696507448,21.0,21.0,40.0,26.44633370645822,20.839991102824285,3.102958583894277,0.0,0,0,0,0
41,1,178.61877933965945,18.428926674129166,18.31679982205649,33.51153846567085,26.44633370645822,20.839991102824285,3.102958583894277,3.102958583894277,2,0,0,1
41,2,158.12362447125133,18.98671457472456,19.063038884500372,26.28762674921613,20.533088878220013,22.667401585920437,2.561894358551016,3.102958583894277,1,0,0,2
41,3,134.15615587018095,19.97007875572839,19.793932172259083,21.22941385100615,31.44730754616413,23.784843019335973,2.9959335751337983,2.561894358551016,0,0,0,3
41,4,113.87066015186014,21.498265978625696,21.504102267788994,30.4935477824151,26.90889751196228,24.558513218087423,3.380915953053469,2.9959335751337983,0,0,0,4
41,5,113.87066015186014,20.09308303223319,20.028084147041398,38.896177830302676,24.92183898297999,21.75943906083988,4.430467694016202,3.380915953053469,0,0,0,5
41,6,113.87066015186014,18.912450816483588,18.803934696610277,47.96219329602334,28.383770929439788,21.982981657897223,5.094858695573207,4.430467694016202,0,0,0,6
41,7,97.72433833846429,17.999999999999996,18.0,56.726345972685756,26.094329609583674,22.595407482985337,4.86813618215601,5.094858695573207,0,1,0,7
41,8,66.27693049034274,18.0,17.999999999999996,65.42542240725408,25.46249568170993,22.865706732558507,5.241234641353593,4.86813618215601,0,1,1,8
41,9,35.37815394477119,18.0,18.0,75.38140159980603,27.86194674585024,27.449048768327252,5.14979609092859,5.241234641353593,0,1,1,9
42,0,272.7559871956077,21.0,21.0,40.0,29.987010434134508,19.76712411690996,5.834657414711694,0.0,0,0,0,0
42,1,272.7559871956077,19.19974020868269,18.995342482338202,48.955744219188006,29.987010434134508,19.76712411690996,5.834657414711694,5.834657414711694,0,0,0,1
42,2,251.36083375537982,17.999999999999996,18.0,58.86366113134814,33.29933263576874,21.74465020956532,5.9607067277296135,5.834657414711694,0,1,0,2
42,3,225.1838157632752,18.0,18.0,68.50507916623688,30.025431641112768,23.53800188604692,5.919797200873134,5.9607067277296135,0,1,0,3
42,4,202.6580942255481,18.000000000000004,18.000000000000004,77.95540148502197,30.67445793148462,21.82733272843251,5.274420367185867,5.919797200873134,0,1,0,4
42,5,172.43054885834206,18.000000000000004,18.000000000000004,73.58822570496861,34.23491916577876,24.83632650059146,4.471154451132899,5.274420367185867,2,1,0,5
42,6,140.73868352794165,18.000000000000007,18.000000000000004,68.27978135329604,32.8153302518961,21.026645572145227,4.674683852937698,4.471154451132899,1,1,0,6
42,7,105.3788426368656,18.000000000000004,18.000000000000007,63.757211228153466,37.24266403063518,20.96527971857273,5.1710874793624,4.674683852937698,0,1,0,7
42,8,70.50106506418945,18.00000000000001,18.000000000000007,58.83529865961974,31.470264915144558,24.51910970411249,5.04239088261551,5.1710874793624,2,1,0,8
42,9,39.59355825532403,18.000000000000007,18.00000000000001,69.65944981789158,34.829675058591924,25.30449804291834,4.839419026145672,5.04239088261551,1,1,0,9
43,0,64.10981323867541,21.0,21.0,40.0,29.811094768392017,22.949714610376667,2.890251659731517,0.0,0,0,0,0
43,1,64.10981323867541,19.19622189536784,19.058994292207533,49.496945688178364,29.811094768392017,22.949714610376667,2.890251659731517,2.890251659731517,0,0,0,1
43,2,57.300002403418866,17.68230300243926,19.81487714748985,45.95800739355175,37.56502398388372,26.107541045968468,0.8512263544070675,2.890251659731517,2,1,0,2
43,3,51.63727407868595,20.12737464000667,19.317395631664244,42.50247239378896,36.323127454673454,27.81278921331106,0.7078410405916155,0.8512263544070675,1,1,0,3
43,4,47.66610504360476,20.71023648906802,20.86044485208407,39.06727349399868,34.444080987749395,29.80481401341568,0.4963961293851486,0.7078410405916155,0,1,0,4
43,5,40.44818060376445,22.0,21.800953953734496,35.784648444652504,36.39785218583333,28.698675317799022,0.9022405549800392,0.4963961293851486,2,0,0,5
43,6,37.666286180123876,20.002999269128118,19.844727761291246,31.82646469317733,36.121344844371016,25.22207875854469,1.3909472118202864,0.9022405549800392,1,0,0,6
43,7,34.82321959355728,18.809290221693672,18.7871190915553,43.05886779639652,32.942434293400204,29.45980516892865,1.4215332932832951,1.3909472118202864,0,0,0,7
43,8,28.78441300798888,19.78386001869111,19.150124269774384,52.836513688899444,31.44280786390493,22.87744709444464,1.578607628335505,1.4215332932832951,0,0,0,8
43,9,21.33289537571871,17.999999999999996,18.0,63.139932721953606,33.37362654202585,23.867590308275037,2.4838392107567238,1.578607628335505,0,1,0,9
44,0,146.92603267182832,21.0,21.0,40.0,25.90418423101937,18.722284496043383,4.654610242215172,0.0,0,0,0,0
44,1,146.92603267182832,19.118083684620387,18.97444568992087,48.0327643708713,25.90418423101937,18.722284496043383,4.654610242215172,4.654610242215172,0,0,0,1
44,2,133.13283652573912,16.696223371400432,17.853420344410498,41.24820061192786,25.941797518713987,19.69951493160024,1.7241495182611497,4.654610242215172,2,1,1,2
44,3,125.08434329197662,18.47140974571904,17.980912069849623,34.73567462360201,27.15978129825489,19.992852099934836,1.006061654220312,1.7241495182611497,1,1,1,3
44,4,112.30220533953268,19.27761351651435,19.243412373240474,28.09240915566457,27.74691262881912,18.67939032708398,1.5977672440554924,1.006061654220312,0,1,1,4
44,5,95.3741278429609,20.38084029134822,20.252561907325077,21.00402746708543,25.440185706857164,18.513249356592056,2.116009687071472,1.5977672440554924,2,1,1,5
44,6,74.80969347937382,22.109902332193833,21.999999999999996,29.462590647576185,27.205655019715987,19.786362649677116,2.5705542954483858,2.116009687071472,1,0,1,6
44,7,59.88912989732461,20.90093366450636,20.77372589720148,39.39480123588084,31.443991504786457,23.7349562080172,2.871339128411679,2.5705542954483858,0,0,1,7
44,8,49.99638537436039,19.458335657778065,19.401796672838366,49.90255799197047,31.555746089639232,26.82068033308093,3.297581507654737,2.871339128411679,0,0,1,8
44,9,35.7646694473003,18.0,18.0,60.80417788360208,30.70631986380228,29.85823508970669,4.743905309020032,3.297581507654737,0,0,1,9
45,0,46.58614568134625,21.0,21.0,40.0,30.254637820087137,24.15019091140085,3.5976983036800734,0.0,0,0,0,0
45,1,46.58614568134625,19.205092756401744,19.08300381822802,49.79286917166784,30.254637820087137,24.15019091140085,3.5976983036800734,3.5976983036800734,0,0,0,1
45,2,39.408289589026055,18.0,17.469842290960205,59.21313093549671,29.105258078665106,23.22952949816192,2.0809784299933503,3.5976983036800734,0,0,1,2
45,3,34.86717614499014,18.394974266103212,18.74683320442543,54.4489344949381,31.93629455773724,24.92928077249275,0.5922896772768235,2.0809784299933503,2,0,1,3
45,4,30.658173062102783,19.90343730741102,19.58183949030463,50.89909339347224,37.20700033061553,26.404993550129674,0.5261253853609194,0.5922896772768235,1,0,1,4
45,5,26.26744144200011,18.000000000000007,20.959319329850487,47.933533531005175,36.858000764071846,30.0,0.8781463240205345,0.5261253853609194,0,0,1,5
45,6,20.094806637726304,21.2849269366683,20.287795798955152,45.105488299162076,37.621970934205024,30.0,0.7757591485771851,0.8781463240205345,2,0,1,6
45,7,15.507423103237041,19.410755289372844,22.00000000000001,41.7667560864561,34.784821040522374,30.0,0.8171039501988502,0.7757591485771851,1,0,0,7
45,8,13.095432305363895,19.84380022335765,18.931190158925972,53.64585991346389,36.39342691166532,29.601594349489066,1.205995398936574,0.8171039501988502,0,0,0,8
45,9,12.978268468991516,18.000000000000004,18.000000000000007,64.56705525498317,35.31991162187953,25.353395831005383,1.573667991162541,1.205995398936574,0,0,0,9
46,0,159.28475555786497,21.0,21.0,40.0,29.4495500706672,18.6187221624415,4.5438854064702365,0.0,0,0,0,0
46,1,159.28475555786497,19.188991001413346,18.97237444324883,48.652289001959566,29.4495500706672,18.6187221624415,4.5438854064702365,4.5438854064702365,0,0,0,1
46,2,132.73599910445364,16.933868661879266,16.673555945127934,43.98074213288544,36.822589690922285,20.557705480888096,3.318594556676413,4.5438854064702365,2,1,1,2
46,3,110.64804588710504,17.95601835968456,17.9532533087576,40.21273960173126,33.221464617825134,29.178521320207217,2.760994152168577,3.318594556676413,1,1,1,3
46,4,91.97571549356199,19.200835147046003,19.15014616789476,36.43777915219192,32.46862777867955,29.89270305721302,2.3340412991928807,2.760994152168577,0,1,1,4
46,5,73.03621492597459,20.470549752890808,20.324828355465883,32.184541706757244,33.87532048638328,25.828915927868483,2.3674375709484248,2.3340412991928807,2,1,1,5
46,6,46.928412774029454,22.276378593883337,22.11151627258966,41.83303282732503,32.01583273682822,21.586895710770563,3.263475268993142,2.3674375709484248,1,0,0,6
46,7,39.02210811330165,20.838500974234368,21.010545547474177,52.097997346696445,32.298626710154295,24.728953953020262,3.4768586281712563,3.263475268993142,0,0,0,7
46,8,39.02210811330165,19.577197827376295,19.342844587051875,61.73241048108606,31.33075541544981,22.19376199782585,4.762002933142295,3.4768586281712563,0,0,0,8
46,9,38.66514063168434,18.000000000000007,18.000000000000004,71.4669062627603,30.691949893423917,23.388582226988508,4.7117340763246425,4.762002933142295,0,0,0,9
47,0,139.89462168221974,21.0,21.0,40.0,29.243793583307443,15.3766626812058,4.877650132873091,0.0,0,0,0,0
47,1,139.89462168221974,19.18487587166615,18.907533253624116,48.031682127612385,29.243793583307443,15.3766626812058,4.877650132873091,4.877650132873091,0,0,0,1
47,2,116.96330320574155,17.999999999999993,17.999999999999996,56.722048942239184,32.835549464245176,15.444266172570392,3.821886412746363,4.877650132873091,0,1,1,2
47,3,99.52778869524445,17.999999999999996,15.855950079536724,51.388238725445376,32.53824128736074,21.16281306378475,2.179439313812137,3.821886412746363,2,1,1,3
47,4,84.66567394620145,18.0,18.43094437917547,46.96485072415244,34.68624269827398,24.072712850098597,1.857764343630376,2.179439313812137,1,1,1,4
47,5,74.3531823508322,19.073122207289124,19.37886100924589,42.315025677212745,32.15734210240793,25.3436298590382,1.2890614494211567,1.857764343630376,0,1,1,5
47,6,63.50211374544748,20.611220069268843,20.3998327842481,38.153437304931636,33.09834007672874,27.11505785504288,1.356383575673089,1.2890614494211567,2,1,1,6
47,7,46.13627452354562,19.2641145752455,22.223029210516007,47.97951149367323,29.907189280175064,24.682111768389365,2.170729902737732,1.356383575673089,1,1,0,7
47,8,33.026377063402904,19.84935657431746,18.841329403299884,58.4811288579364,32.179978856086194,26.16233983426476,2.621979492028545,2.170729902737732,0,1,0,8
47,9,23.966384903031148,18.0,18.000000000000004,69.24847569432065,33.283976898865824,26.534616636602195,3.019997386790584,2.621979492028545,0,1,0,9
48,0,214.22999070903325,21.0,21.0,40.0,32.077185826254336,16.38042125620044,5.698919282270699,0.0,0,0,0,0
48,1,214.22999070903325,19.241543716525086,18.92760842512401,48.72236927484186,32.077185826254336,16.38042125620044,5.698919282270699,5.698919282270699,0,0,0,1
48,2,196.29093136132968,17.999999999999996,18.0,60.288923274639885,37.868272213754224,26.39036111845704,5.13764505915,5.698919282270699,0,1,0,2
48,3,175.53822776973036,18.0,18.0,71.65513787772619,33.97693430189244,29.16870238192036,4.815759881885412,5.13764505915,0,1,0,3
48,4,144.92032917816886,18.000000000000004,18.0,67.7651249279533,34.14562607144157,27.576524207597902,4.466007979102603,4.815759881885412,2,1,0,4
48,5,122.06698809308752,18.000000000000004,18.000000000000004,64.45388692794833,34.93756666663909,30.0,3.432826909814134,4.466007979102603,1,1,0,5
48,6,103.3096444731495,18.000000000000004,18.000000000000004,61.04699178317257,35.346998739268926,29.05913934531021,2.833941928903997,3.432826909814134,0,1,0,6
48,7,79.33624048724198,19.459403448468937,19.34270509831249,57.89727693458062,35.834917507822496,30.0,2.996675498238441,2.833941928903997,2,1,0,7
48,8,58.01802050085546,19.69472390925429,19.345122455831202,68.58430850096644,33.11499719058823,26.257400400444176,3.4115616200073817,2.996675498238441,1,1,0,8
48,9,27.51305965025428,17.999999999999996,17.999999999999996,78.03024471339863,28.860722601873697,23.61670080052735,3.813120106325147,3.4115616200073817,0,1,1,9
49,0,139.34197374846886,21.0,21.0,40.0,34.66788230859014,19.37149424433721,3.408745208019633,0.0,0,0,0,0
49,1,132.52448333242958,18.593357646171803,18.287429884886745,34.727087779526926,34.66788230859014,19.37149424433721,3.408745208019633,3.408745208019633,2,0,0,1
49,2,121.24968097864108,17.999999999999996,18.0,30.504661961080224,36.92967849045933,22.945733629281232,1.647990222651701,3.408745208019633,1,1,0,2
49,3,115.49294850900756,19.19677442436197,18.858758481425046,26.67314988278809,39.473976133722616,22.573178986876645,0.7195915587041898,1.647990222651701,0,1,0,3
49,4,107.99171678972955,20.24417176072523,20.092522009847315,23.384885511441453,38.858962312456505,26.206235624506657,0.9376539649097528,0.7195915587041898,2,1,0,4
49,5,95.97513528804112,19.210619840646338,18.715554549390887,19.90492066865319,38.25031634262834,25.74987897521464,2.1913703712298416,0.9376539649097528,1,1,0,5
49,6,80.82627744405521,17.999999999999996,18.0,31.302908109351623,35.37406590857813,27.9480865397465,3.029771568797183,2.1913703712298416,0,1,0,6
49,7,65.43972771063008,18.0,17.999999999999996,42.87887037067472,34.310901451794976,30.0,2.564424955570855,3.029771568797183,0,1,1,7
49,8,49.21591392337568,19.621555048291036,19.241174621912887,54.12142211848366,32.88415438431264,29.574466436848137,2.7039689645424,2.564424955570855,0,1,1,8
49,9,28.440001623349627,17.999999999999996,17.999999999999996,65.00200355945654,33.0766905338719,27.37098413819972,3.462652050004342,2.7039689645424,0,1,1,9
50,0,255.51932139609215,21.0,21.0,40.0,29.218066717050583,15.959486398172444,7.9803937171331825,0.0,0,0,0,0
50,1,255.51932139609215,19.184361334341013,18.91918972796345,48.13195956074014,29.218066717050583,15.959486398172444,7.9803937171331825,7.9803937171331825,0,0,0,1
50,2,245.23078593301454,18.0,18.0,56.288518782006115,25.95947195458388,19.354745941338184,8.00085261415287,7.9803937171331825,0,0,0,2
50,3,223.7243792886564,18.0,18.0,64.70295049925963,27.759608177781093,18.98723469584954,7.5448545155498685,8.00085261415287,0,0,0,3
50,4,210.45618901124558,18.0,18.0,74.08083862647376,27.475923277652807,24.62345520687017,5.592252291192419,7.5448545155498685,0,0,0,4
50,5,178.4692746526151,18.0,17.999999999999996,68.40888089461693,33.40208461630324,18.420372428936545,4.854406613663929,5.592252291192419,2,0,1,5
50,6,143.53048417650268,17.999999999999996,18.000000000000004,62.9468532739899,31.79031858007983,21.198416860881103,4.367348809514051,4.854406613663929,1,1,1,6
50,7,106.1044997254693,18.0,18.000000000000004,57.88389272874197,32.62208216813495,22.58369258048766,4.678248056379172,4.367348809514051,0,1,1,7
50,8,77.72398376929723,19.504034369913736,19.37685744938183,68.57301550810931,35.721868217105595,23.662147223824093,4.730085992695345,4.678248056379172,0,1,1,8
50,9,44.554191047418335,17.999999999999996,18.0,79.30648354143992,30.769015885463187,28.861362077484664,5.528298786979815,4.730085992695345,0,1,1,9
51,0,110.75245605814811,21.0,21.0,40.0,30.64393802657934,20.32068332507236,2.1840935358026163,0.0,0,0,0,0
51,1,106.38426898654288,18.51287876053159,18.30641366650145,34.17363184329731,30.64393802657934,20.32068332507236,2.1840935358026163,2.1840935358026163,2,0,0,1
51,2,103.4073502094918,19.158444493709336,19.114704888546875,28.36439939426033,28.17188819807372,22.88793152949864,0.3721148471313862,2.1840935358026163,1,0,0,2
51,3,99.28236347260503,19.98732652764876,19.866220215987486,22.30250186033605,28.18376723601623,21.472357575515527,0.5156233421108458,0.3721148471313862,0,0,0,3
51,4,89.24996443997792,20.934820139607407,20.833257826531295,17.33278316250609,31.30924767039048,24.41453734166527,1.2540498790783896,0.5156233421108458,2,0,0,4
51,5,67.80084940027665,22.626053041575815,22.55745941662016,27.29427199092166,30.14736027311659,25.19424432919215,2.681139379962658,1.2540498790783896,1,0,0,5
51,6,60.48870583832216,21.144666873648273,21.14360866446234,36.5023009225298,26.11876556017168,25.03695072654021,3.656071780977245,2.681139379962658,0,0,0,6
51,7,60.48870583832216,19.817643088599574,19.817676386202407,46.316452567426936,27.268636475760243,27.254428218112764,4.649199342490084,3.656071780977245,0,0,0,7
51,8,60.48870583832216,18.41568817800994,18.482448308668243,55.68490143200977,24.35421606980689,27.6927220667644,4.738441990791925,4.649199342490084,0,0,0,8
51,9,31.476338233149562,17.999999999999996,17.999999999999993,64.57683964769254,23.81156553641412,25.58809121737903,4.8353946008621,4.738441990791925,0,1,1,9
52,0,315.93142958508355,21.0,21.0,40.0,26.97908180760525,21.78795921492037,7.628802819259527,0.0,0,0,0,0
52,1,307.4374907017075,19.707262696315556,19.58148203358356,48.77806738405461,26.97908180760525,21.78795921492037,7.628802819259527,7.628802819259527,0,0,0,1
52,2,281.37691669984895,17.999999999999996,18.0,58.90792684149646,29.081853463384,27.19514352240409,8.686858000619516,7.628802819259527,0,1,0,2
52,3,229.25873611192242,17.99999923090871,17.999999999999996,69.09421805826933,27.508896327301755,29.081610432547564,8.68636343132109,8.686858000619516,0,1,1,3
52,4,182.2526274515382,17.99999976927261,17.99999953854523,79.71334180498685,32.88090113399442,26.11423079221399,7.834351443397368,8.68636343132109,0,1,1,4
52,5,128.65846449171067,17.999999653908922,17.999999723127132,75.63159575635507,37.35336772691018,23.303598669579863,6.69927036997844,7.834351443397368,2,1,1,5
52,6,91.01908913840082,17.999999730048955,17.999999709283493,72.3691193477669,38.4289474623262,26.779516934406207,4.704921919163732,6.69927036997844,1,1,1,6
52,7,61.32012517804909,17.999999744584784,17.99999975081442,68.35947471385508,37.22669584772122,23.830833963879797,3.712370495043966,4.704921919163732,0,1,1,7
52,8,43.25269823998323,17.999999773864086,17.9999997719952,80.39989355374281,39.69263163843063,27.198584138723422,3.011237823010976,3.712370495043966,0,1,1,8
52,9,23.400488778701863,17.99999979535634,17.99999979591701,77.60205693291513,38.70926911843311,29.08052743252425,2.481526182660171,3.011237823010976,2,1,1,9
53,0,236.35013133642425,21.0,21.0,40.0,32.15040635947739,16.98588571567614,6.51305022031198,0.0,0,0,0,0
53,1,236.35013133642425,19.243008127189547,18.939717714313524,48.84453257352764,32.15040635947739,16.98588571567614,6.51305022031198,6.51305022031198,0,0,0,1
53,2,213.04231876767332,18.0,17.999999999999996,57.019560790902105,25.609719925201645,19.8071035046565,6.485602323948595,6.51305022031198,0,0,1,2
53,3,174.25333368983235,17.999999999999996,18.0,66.31541134258637,26.723253109882407,24.9203610661413,6.464830846306827,6.485602323948595,0,1,1,3
53,4,139.4728524840825,17.999999999999996,17.99999999999999,75.45780786772124,29.276966697170145,21.514125109134675,5.796746867624979,6.464830846306827,0,1,1,4
53,5,100.95820980005539,17.999999999999986,17.999999999999986,70.08422339310297,29.95392794946264,23.526158302658114,4.814330335503388,5.796746867624979,2,1,1,5
53,6,71.33225383834915,17.99999999999998,17.99999999999998,65.15427296328825,30.705517754344644,25.239202080017986,3.703244495213281,4.814330335503388,1,1,1,6
53,7,45.16498949010204,17.99999999999997,17.99999999999997,60.294123848676264,27.31391237481465,29.01859254400765,3.2709080435308877,3.703244495213281,0,1,1,7
53,8,30.12937354161206,17.999999999999975,17.999999999999975,69.38601950436998,23.082586011808587,27.427945408712063,2.5059359914149963,3.2709080435308877,0,1,1,8
53,9,16.535488503054108,17.999999999999975,17.999999999999975,78.98473298760358,25.170508358217145,28.15567765974726,2.2656475064263253,2.5059359914149963,0,1,1,9
54,0,159.13127204966978,21.0,21.0,40.0,33.19546111629865,19.02161508290255,4.375828190331141,0.0,0,0,0,0
54,1,159.13127204966978,19.263909222325974,18.980432301658052,49.39907371585622,33.19546111629865,19.02161508290255,4.375828190331141,4.375828190331141,0,0,0,1
54,2,134.35798961523966,16.867400457008248,16.772558318727647,44.34822812283336,32.133670381405466,23.139409657356428,3.096660304303766,4.375828190331141,2,1,1,2
54,3,120.21315330844948,17.921834081080547,17.829378201939676,38.8941643561793,29.539202552698423,23.493776521445675,1.7681045383487723,3.096660304303766,1,1,1,3
54,4,103.63554807518877,19.040555432272402,18.994571242174107,33.55679316410933,28.6836594235974,24.997611731569428,2.072200654157589,1.7681045383487723,0,1,1,4
54,5,80.94734351725073,20.23671481206001,20.17764036968378,28.432771967161955,29.25501693806712,25.61153196778081,2.8360255697422554,2.072200654157589,2,1,1,5
54,6,56.85669478091154,22.063068663427337,22.06154334142623,38.798003038719365,29.27349989995337,28.311117164254465,3.011331092042398,2.8360255697422554,1,0,0,6
54,7,48.82568623142493,20.664153757115976,20.899516939736024,49.05456823859901,28.280102745977533,28.7008150311316,3.6070243813948495,3.011331092042398,0,0,0,7
54,8,48.82568623142493,19.516090591407693,19.257102792723135,59.67888428165055,34.22146010594014,24.802517911012835,4.484597988090421,3.6070243813948495,0,0,0,8
54,9,48.4121704957329,18.000000000000004,18.000000000000004,70.51189515701942,34.18081226281503,26.002581489234323,4.81569859788665,4.484597988090421,0,0,0,9
55,0,282.80555709889865,21.0,21.0,40.0,28.997468520857502,17.531056450986682,6.586273447994834,0.0,0,0,0,0
55,1,282.80555709889865,19.17994937041715,18.950621129019734,48.375134494931956,28.997468520857502,17.531056450986682,6.586273447994834,6.586273447994834,0,0,0,1
55,2,273.9696952503151,18.0,18.0,55.81171921371631,25.11821322887552,16.196146319926427,6.586015885204269,6.586273447994834,0,0,0,2
55,3,255.67818024099049,18.000000000000004,18.000000000000004,63.84408948669963,24.83529541209621,19.7889838822556,6.322845379872796,6.586015885204269,0,0,0,3
55,4,232.83543210652115,18.0,17.999999999999996,73.58592201116268,29.509372488704827,24.611919313867688,5.5482516308514604,6.322845379872796,0,0,1,4
55,5,194.93617336778203,17.999999999999996,18.0,67.83521104029828,30.70175814849115,20.68318090226213,4.73740734234239,5.5482516308514604,2,1,1,5
55,6,158.00583424004367,17.999999999999993,17.999999999999996,62.139789269899495,31.09262808722004,20.599473188342312,4.616292390967295,4.73740734234239,1,1,1,6
55,7,117.59929095020948,19.251574056974604,19.188753896673525,56.92511927132696,28.064920590705103,26.29802386166976,5.050817911229276,4.616292390967295,0,1,1,7
55,8,83.77584841215122,17.99999999999999,18.0,67.88977107715232,30.928517329550584,29.986214925034695,5.63724042300971,5.050817911229276,0,1,1,8
55,9,46.87617231438258,17.999999999999996,17.999999999999993,77.88188407533622,32.30456770133104,23.207171177468403,6.1499460162947726,5.63724042300971,0,1,1,9
56,0,276.64217248250554,21.0,21.0,40.0,26.619574452116694,15.038631154240514,7.097909666639003,0.0,0,0,0,0
56,1,276.64217248250554,19.132391489042334,18.900772623084812,47.498477009144295,26.619574452116694,15.038631154240514,7.097909666639003,7.097909666639003,0,0,0,1
56,2,266.5649780740604,18.0,18.0,55.639999136544205,27.628218140827848,17.6024603447272,7.459345216170991,7.097909666639003,0,0,0,2
56,3,245.91982422982167,18.0,18.000000000000004,64.42997740001478,29.44196293618293,19.39124963865361,7.350310155337353,7.459345216170991,0,0,0,3
56,4,228.74093195213422,18.000000000000004,18.0,74.73748651677562,33.800510476306364,23.46342906125385,7.5700916190526115,7.350310155337353,0,0,0,4
56,5,185.64984041050172,18.000000000000004,18.000000000000007,69.37711504208232,29.17798008029097,24.37551172696851,7.916034441141425,7.5700916190526115,2,0,0,5
56,6,148.2764327080656,18.000000000000007,18.000000000000007,65.37248397278688,33.60769767060292,27.47768527775572,7.217322862652798,7.916034441141425,1,0,0,6
56,7,111.50168397972438,18.00000000000001,18.000000000000007,60.70419602543747,29.63996201691753,27.758438275585707,6.852494942964192,7.217322862652798,0,0,0,7
56,8,75.94266889765443,18.000000000000007,18.00000000000001,56.8326384470157,34.90749453588269,26.917185583996357,6.374758304784875,6.852494942964192,2,0,0,8
56,9,48.14237677963187,18.000000000000007,18.000000000000004,67.27461848567069,32.20007127223505,25.810928942514856,6.010626798466414,6.374758304784875,1,0,0,9
57,0,237.0111931030124,21.0,21.0,40.0,31.569373378022984,21.37348539219084,7.750110584172605,0.0,0,0,0,0
57,1,228.3952289568578,20.19426712623393,19.176311495281094,49.52971457863849,31.569373378022984,21.37348539219084,7.750110584172605,7.750110584172605,0,0,0,1
57,2,228.3952289568578,18.0,18.000000000000004,58.99671951399151,33.931903163682385,18.662568699389933,9.04507127154356,7.750110584172605,0,0,0,2
57,3,204.8604152823433,18.000000000000004,18.0,70.36698002501147,38.11332586574945,25.05478808436148,9.3316282811542,9.04507127154356,0,0,0,3
57,4,156.90656031987305,18.000000000000004,18.000000000000004,68.09948286008137,41.91243799745935,28.823688864040044,8.880561798828143,9.3316282811542,2,0,0,4
57,5,115.25195539415637,18.000000000000004,18.000000000000004,64.04582293097403,34.41768733470548,26.39531305914268,7.861836943617614,8.880561798828143,1,0,0,5
57,6,82.19563978366537,18.000000000000004,18.000000000000007,60.69539360891858,35.51896376345633,29.200873336235624,6.474517102098555,7.861836943617614,0,0,0,6
57,7,55.26418295714925,18.000000000000007,18.0,58.05852190495935,39.86517393587248,28.818872153242918,5.238656713591158,6.474517102098555,2,0,0,7
57,8,33.96598062895292,18.000000000000007,18.000000000000004,55.932607652346235,41.52269859659381,30.0,3.9557327294411153,5.238656713591158,1,0,0,8
57,9,18.70780980309664,18.0,18.00000000000001,68.27562504567614,42.39978992351935,26.17252892831344,3.4567956262222816,3.9557327294411153,0,0,0,9
58,0,172.50084015523072,21.0,21.0,40.0,25.37415128584443,15.58139350111973,5.08344749683471,0.0,0,0,0,0
58,1,172.50084015523072,19.10748302571689,18.911627870022397,47.37199806165355,25.37415128584443,15.58139350111973,5.08344749683471,5.08344749683471,0,0,0,1
58,2,155.90675808698472,18.000000000000004,17.999999999999996,55.1639269229165,28.15605093014989,15.1324427435332,4.609003204200628,5.08344749683471,0,0,1,2
58,3,140.62988647105345,18.0,18.0,62.57878070861791,24.36715104550054,16.826481097285097,3.46779024005649,4.609003204200628,0,0,1,3
58,4,122.30991827661637,18.166996753546677,18.987008020678477,56.6160910621403,30.4921336234914,19.715146118299657,2.6304978670639123,3.46779024005649,2,0,1,4
58,5,99.32700685310697,20.030135223039018,19.547689570524234,51.100383763361066,32.25631431277226,20.434200694009803,2.8728639279386754,2.6304978670639123,1,0,1,5
58,6,82.58569720697439,18.000000000000004,18.000000000000004,46.24132316269544,33.11728453868787,23.22126767983641,3.348261929226514,2.8728639279386754,0,0,1,6
58,7,69.4508138276175,18.000000000000004,18.000000000000004,56.65363319619957,34.339751497315454,23.50641535548529,3.393588377371001,3.348261929226514,0,0,1,7
58,8,55.09615070605586,18.000000000000007,17.999999999999996,67.16227951845721,33.382480980706234,24.99888747628065,3.55344643383984,3.393588377371001,0,0,1,8
58,9,38.66289368964446,18.0,18.0,77.81659382483775,34.874615162463826,24.31601987298364,3.9171450458364174,3.55344643383984,0,0,1,9
59,0,210.72006380123554,21.0,21.0,40.0,26.483845303341628,21.9133357931149,7.650094558098215,0.0,0,0,0,0
59,1,201.54466926532024,19.92606201931573,19.441264756146122,48.711492597362174,26.483845303341628,21.9133357931149,7.650094558098215,7.650094558098215,0,0,0,1
59,2,201.54466926532024,18.0,18.0,58.20483748574591,30.00638194150466,22.73442299396057,8.519821414727545,7.650094558098215,0,0,0,2
59,3,176.79757576253314,18.000000000000004,18.0,67.81309986597785,28.629846433613373,24.74938901211956,9.1054755409023,8.519821414727545,0,0,0,3
59,4,156.04107497514525,18.0,18.000000000000004,77.0846062841517,29.021478211153376,22.48689077870142,8.705043444542765,9.1054755409023,0,0,0,4
59,5,111.15982976210334,18.000000000000004,18.000000000000004,71.30524323596127,29.86682044516908,21.3589403982174,8.17497913841543,8.705043444542765,2,0,0,5
59,6,72.04397032630769,18.000000000000004,18.000000000000004,66.0295925161308,29.47277910723153,24.55138356037698,7.353273107081593,8.17497913841543,1,0,0,6
59,7,42.151418592968604,18.000000000000004,18.000000000000004,61.30359906051655,29.159502363666185,27.918311771810146,5.563440395145084,7.353273107081593,0,0,0,7
59,8,32.520118388729614,18.000000000000004,18.000000000000007,71.22466276926629,28.59408296148077,26.522937642684443,4.1653379780364,5.563440395145084,0,0,0,8
59,9,14.17538545922968,18.000000000000007,15.898178078106508,66.37004875001952,31.81909662767957,24.544158820949477,2.637130635304324,4.1653379780364,2,0,1,9
60,0,137.5238550128319,21.0,21.0,40.0,28.238716441256617,21.80676443699532,6.108384533467637,0.0,0,0,0,0
60,1,137.5238550128319,19.164774328825132,19.036135288739906,49.00818655808535,28.238716441256617,21.80676443699532,6.108384533467637,6.108384533467637,0,0,0,1
60,2,130.95800597894254,18.0,18.0,58.46772491462403,29.14870320294833,23.404287666710992,6.232227172576165,6.108384533467637,0,0,0,2
60,3,115.03218411363203,18.000000000000004,18.000000000000004,68.62479738434843,34.0953042363352,22.33287615102256,5.994257226585736,6.232227172576165,0,0,0,3
60,4,103.75844345819326,18.0,18.0,79.24803777192119,33.70085846057591,25.31714369260612,5.045918220097278,5.994257226585736,0,0,0,4
60,5,82.31856558363829,18.0,18.0,74.64018878346063,29.90805416287307,27.826118123457118,4.000047098576806,5.045918220097278,2,0,0,5
60,6,66.1832885425403,18.0,18.000000000000004,69.32062437552506,27.072974659652346,26.707223074038943,3.0304426837785177,4.000047098576806,1,0,0,6
60,7,44.933021335354766,19.23976205332464,19.21145889897579,64.16814347551414,27.903639545750966,26.80479989863286,2.69959778364478,3.0304426837785177,0,0,0,7
60,8,44.933021335354766,18.0,18.000000000000007,75.044561992256,30.42454731523256,30.0,3.2608476562829454,2.69959778364478,0,0,0,8
60,9,26.277920942186984,18.000000000000004,18.000000000000004,70.70716131173559,29.236662885997664,30.0,3.1088326505662414,3.2608476562829454,2,0,0,9
61,0,99.7534497434106,21.0,21.0,40.0,34.80509278865018,22.839674169226885,5.950740135573955,0.0,0,0,0,0
61,1,99.7534497434106,19.296101855773006,19.05679348338454,50.376058052417875,34.80509278865018,22.839674169226885,5.950740135573955,5.950740135573955,0,0,0,1
61,2,96.32807354564117,18.000000000000004,18.0,62.41500537302776,38.833880342049866,28.04916032800504,5.4358662334361165,5.950740135573955,0,0,0,2
61,3,85.43413201143514,18.000000000000004,18.000000000000004,73.73343941951991,35.95363782256288,26.92655132461576,4.309642334651941,5.4358662334361165,0,0,0,3
61,4,67.25941596348632,18.000000000000004,18.000000000000004,70.35370487777418,35.790527474666575,28.766502848968244,3.290464961303813,4.309642334651941,2,0,0,4
61,5,46.8706521602965,19.315034870243327,19.34270509831249,65.90467282515172,28.616488596541927,30.0,2.548595475398728,3.290464961303813,1,0,0,5
61,6,38.439144662774325,18.0,18.0,62.32647048293467,33.45443143212744,30.0,3.078377355962405,2.548595475398728,0,0,0,6
61,7,33.867516292777026,18.0,18.0,74.17362148688558,36.26000267262987,29.557502904875232,2.5422797588000146,3.078377355962405,0,0,0,7
61,8,18.296572459143462,17.999999999999996,17.999999999999996,71.38023260365115,38.01914653290039,29.79535967135276,1.9463679792041957,2.5422797588000146,2,1,1,8
61,9,6.361692181863036,16.162964350800664,16.007294901687516,68.58125764566951,37.78347245565754,30.0,1.491860034660053,1.9463679792041957,1,1,1,9
62,0,208.57674436152269,21.0,21.0,40.0,26.99117210300796,17.055563209259258,4.628507097592875,0.0,0,0,0,0
62,1,208.57674436152269,19.13982344206016,18.941111264185185,47.9284123562081,26.99117210300796,17.055563209259258,4.628507097592875,4.628507097592875,0,0,0,1
62,2,194.34441971764517,18.0,17.999999999999996,56.5059590522708,28.21705854636809,19.43597865398028,3.984692125971716,4.628507097592875,0,0,1,2
62,3,180.68476717451475,18.0,18.0,66.81322115169249,34.40650874457375,22.85605847443565,3.248759456524652,3.984692125971716,0,0,1,3
62,4,161.56082338259688,20.04086522493398,19.631313034626352,77.89275204768235,37.40800633107499,24.14494309109093,3.187323965319643,3.248759456524652,0,0,1,4
62,5,131.061012290178,17.999999999999996,18.0,72.60217444658909,33.312375671575445,20.62885987790645,3.812476386552361,3.187323965319643,2,1,1,5
62,6,101.88990194569047,18.0,17.999999999999996,66.89927250038184,27.67604444225004,23.974500301043022,3.646388793060941,3.812476386552361,1,1,1,6
62,7,77.04922926967633,17.999999999999996,18.0,62.32222503144229,30.49358893919986,27.41170290002481,3.1050840845017684,3.646388793060941,0,1,1,7
62,8,54.15023017848725,19.255915093271156,19.12392036183574,58.072052357779654,33.160499747933585,26.560763176162883,2.862374886398635,3.1050840845017684,2,1,1,8
62,9,28.04285665969229,17.999999999999993,18.0,68.76321323880433,32.751633619812885,26.643704608101917,3.2634216898493698,2.862374886398635,1,1,1,9
63,0,253.31887817330963,21.0,21.0,40.0,28.010417639701927,24.12407232294737,4.690605438706013,0.0,0,0,0,0
63,1,253.31887817330963,19.16020835279404,19.08248144645895,49.384208193276876,28.010417639701927,24.12407232294737,4.690605438706013,4.690605438706013,0,0,0,1
63,2,237.85326591102248,17.999999999999996,18.0,60.01442623464805,34.9325684176997,24.12419847880682,4.369617276530197,4.690605438706013,0,1,0,2
63,3,214.54720452160655,18.000000000000004,17.999999999999996,70.14102512497406,30.46723001799835,25.791652706035077,3.8843435649026543,4.369617276530197,0,1,1,3
63,4,186.77740043976058,17.999999999999996,18.000000000000004,64.94477145442086,29.17909350449297,25.286163881322544,3.4712255102307457,3.8843435649026543,2,1,1,4
63,5,156.1259878261273,18.0,18.0,60.11799824839143,30.024544838673823,26.49338179449605,3.831426576704161,3.4712255102307457,1,1,1,5
63,6,127.10204222461645,18.0,18.0,55.15787682577576,29.04799003102562,26.72911317666512,3.6279932001888544,3.831426576704161,0,1,1,6
63,7,101.34965036486159,17.999999999999996,18.0,51.45446974829319,33.05413687780154,29.704712691739772,3.2190489824693582,3.6279932001888544,2,1,1,7
63,8,76.50207633857158,19.642653620502397,19.023709753370156,63.69478743074487,38.001764902509294,30.0,3.10594675328625,3.2190489824693582,1,1,1,8
63,9,41.904112471218596,18.0,18.000000000000004,76.16593587200191,39.28415800698361,30.0,4.324745483419124,3.10594675328625,0,1,1,9
64,0,188.5453653212508,21.0,21.0,40.0,34.4068780681242,19.315241752097823,7.994737768917611,0.0,0,0,0,0
64,1,179.55960046607868,19.958438655097957,19.43996366530893,49.669981567639965,34.4068780681242,19.315241752097823,7.994737768917611,7.994737768917611,0,0,0,1
64,2,179.55960046607868,18.000000000000004,18.0,58.9116145419689,29.559765129886983,21.78264028305155,9.1885897638927,7.994737768917611,0,0,0,2
64,3,156.21614486186635,18.000000000000004,18.000000000000007,69.3844441622538,31.444645679141026,26.737741100219523,8.903726386780443,9.1885897638927,0,0,0,3
64,4,139.47520176856975,18.000000000000007,18.000000000000007,79.96584543286346,32.72066660719193,26.06489600730617,7.477378835570661,8.903726386780443,0,0,0,4
64,5,104.0834899869212,18.00000000000001,18.000000000000007,74.75088806579403,30.92476841434141,23.436579546384007,6.520977645658543,7.477378835570661,2,0,0,5
64,6,79.92634900631263,18.00000000000001,18.00000000000001,69.17309889093849,27.83595476940409,24.50966092584292,4.512748977259994,6.520977645658543,1,0,0,6
64,7,59.72587408276274,18.000000000000014,18.000000000000004,63.27599039553641,25.189699362625134,25.3819201073633,3.6707063607249935,4.512748977259994,0,0,0,7
64,8,40.62433952419896,18.000000000000004,18.000000000000014,58.691993372937745,27.866683207785176,30.0,3.376466274196257,3.6707063607249935,2,0,0,8
64,9,25.903286290540866,18.000000000000007,18.000000000000007,69.38279260263042,29.39332905384817,30.0,3.2019387883291253,3.376466274196257,1,0,0,9
65,0,170.70877773845157,21.0,21.0,40.0,34.33634858119019,18.15807638443375,7.0228212557817855,0.0,0,0,0,0
65,1,170.70877773845157,19.286726971623803,18.963161527688676,49.44899649381231,34.33634858119019,18.15807638443375,7.0228212557817855,7.0228212557817855,0,0,0,1
65,2,163.55412830466588,18.0,18.0,59.64379805237667,35.27061671220827,21.3671697242604,7.711789031980055,7.0228212557817855,0,0,0,2
65,3,144.39968580804864,18.0,18.0,69.876799888758,30.188036044000228,26.661974158118323,7.232430986993362,7.711789031980055,0,0,0,3
65,4,128.67014585731278,18.0,18.0,79.51489388472899,26.78958934655997,26.75537729772327,6.711440844597323,7.232430986993362,0,0,0,4
65,5,95.70122751949313,18.000000000000004,18.0,75.35256374644435,33.73403645198226,26.475240557547476,6.2083631874100496,6.711440844597323,2,0,0,5
65,6,72.24500019883925,18.000000000000004,18.000000000000004,71.19679617058634,34.19361476201069,26.052120927667072,4.515080316955119,6.2083631874100496,1,0,0,6
65,7,54.12572045810383,18.000000000000007,18.000000000000004,66.44168188349035,32.471788130164946,24.444243608190643,3.37023299475667,4.515080316955119,0,0,0,7
65,8,33.94404951226876,19.331206600925217,19.1846027050803,63.41527386791516,36.92507513063641,29.59488033839036,2.522708868229384,3.37023299475667,2,0,0,8
65,9,26.77291279656037,18.00000000000001,18.000000000000007,73.37401221072687,31.570682938250407,23.75564118848134,2.969838635278109,2.522708868229384,1,0,0,9
66,0,201.80802489003042,21.0,21.0,40.0,29.31504360639344,20.614515398284745,2.814576139775495,0.0,0,0,0,0
66,1,196.17887261047946,18.48630087212787,18.312290307965696,33.98732062084207,29.31504360639344,20.614515398284745,2.814576139775495,2.814576139775495,2,0,0,1
66,2,184.79846367943426,19.282913450973457,19.134392481822072,29.643177226868644,34.61770514340814,24.58149822340617,1.4225511163806484,2.814576139775495,1,0,0,2
66,3,170.7931077322143,20.154832271508504,19.930242477348436,24.497363680562053,34.10139227178551,20.64408802651121,1.7506694934024931,1.4225511163806484,0,0,0,3
66,4,150.48244339377177,21.020890222883107,20.950154341178045,19.47896752174651,31.179497835450704,24.27385683779628,2.5388330423053187,1.7506694934024931,2,0,0,4
66,5,142.97068816306216,19.745823268762123,19.674556556740146,29.928233212746893,31.33792494389403,26.713551117219197,3.7558776153548017,2.5388330423053187,1,0,0,5
66,6,134.34601141742448,18.710406700723407,18.64986092827932,41.465565287203056,34.096289302534245,30.0,4.312338372818843,3.7558776153548017,0,0,0,6
66,7,107.68786985799625,17.999999999999996,17.999999999999993,52.61423843037016,33.03161223437124,28.905460783223774,4.443023593238041,4.312338372818843,0,1,1,7
66,8,80.23099542687467,19.67580199694862,19.1850914053931,64.71054654607508,37.20171175391626,30.0,4.57614573852026,4.443023593238041,0,1,1,8
66,9,46.38757194400449,17.999999999999993,17.999999999999996,75.60600175673179,33.945482799601685,26.58482392626893,5.640570580478364,4.57614573852026,0,1,1,9
67,0,256.65774921762045,21.0,21.0,40.0,25.590782627592905,16.699253631893868,5.1715351288320885,0.0,0,0,0,0
67,1,256.65774921762045,19.111815652551858,18.933985072637878,47.61220652670762,25.590782627592905,16.699253631893868,5.1715351288320885,5.1715351288320885,0,0,0,1
67,2,228.44045387363127,17.999999999999993,18.0,40.20075787778387,25.824466749817184,16.334151867273114,4.362102633009901,5.1715351288320885,2,1,0,2
67,3,199.77300578810195,18.0,18.0,33.715994130180164,26.165291119148453,21.141576949719823,3.99831989342024,4.362102633009901,1,1,0,3
67,4,166.5652494488448,19.194987204417234,19.08079753178949,28.52936498641595,30.11410530523745,24.404621673850244,4.150969542407144,3.99831989342024,0,1,0,4
67,5,147.89728007345482,19.334731784991106,18.82472087658123,38.02609749760683,30.40570680297966,22.353918259191868,4.794396440340735,4.150969542407144,0,1,0,5
67,6,131.89993815372168,18.0,18.0,47.53453093887089,30.237396927696437,22.58723330154833,5.3324473065777145,4.794396440340735,0,1,0,6
67,7,99.75622212051498,20.120770819651423,19.867387928275395,57.459267900587555,33.90328606694702,21.234141498145576,5.357286005534448,5.3324473065777145,0,1,0,7
67,8,81.39926196516222,18.661039449691827,18.659906313537025,67.77500214181529,30.583517425933955,26.72611724755344,6.118986718450916,5.357286005534448,0,1,0,8
67,9,56.0931462152366,17.999999999999993,18.0,77.84827022577028,31.205574706902144,24.757025759514413,6.654304997452504,6.118986718450916,0,1,0,9
68,0,294.04393164552994,21.0,21.0,40.0,28.73783201908008,24.222883992666183,6.008913957213684,0.0,0,0,0,0
68,1,294.04393164552994,19.174756640381602,19.084457679853326,49.53292888211433,28.73783201908008,24.222883992666183,6.008913957213684,6.008913957213684,0,0,0,1
68,2,271.6882335924314,17.999999999999996,18.0,59.55120760272748,30.415029430220592,25.242074573185807,6.373371290740911,6.008913957213684,0,1,0,2
68,3,242.85302372181656,18.000000000000004,18.0,68.78697020650077,29.82783072068763,21.48196152249732,6.460852410503342,6.373371290740911,0,1,0,3
68,4,205.2759475974641,17.999999999999996,17.999999999999996,77.00757471061443,26.300208210855885,19.369816811997826,6.26284602072541,6.460852410503342,0,1,1,4
68,5,154.2078394648663,17.999999999999996,17.999999999999996,69.43579476261881,24.842243226569572,16.425645951232532,6.383513516574722,6.26284602072541,2,1,1,5
68,6,104.9922843941103,17.999999999999996,17.999999999999993,62.93115735271098,26.5376002541792,20.65885857966617,6.151944383844501,6.383513516574722,1,1,1,6
68,7,61.98597435335754,17.999999999999993,18.0,56.21409881844562,26.68165262152072,19.334688854782826,5.375788755094094,6.151944383844501,0,1,1,7
68,8,37.05436040828873,18.0,17.999999999999996,63.50092691242515,26.36931758347845,14.113060716407826,4.155268990844802,5.375788755094094,0,1,1,8
68,9,20.724540269410312,17.999999999999996,18.0,71.64645588614805,26.16504947947876,19.08788926342626,2.72163668981307,4.155268990844802,0,1,1,9
69,0,309.03581427171247,21.0,21.0,40.0,34.47897559257653,17.000405795484077,4.6768886963296925,0.0,0,0,0,0
69,1,299.6820368790531,18.589579511851532,18.240008115909685,34.26628864985091,34.47897559257653,17.000405795484077,4.6768886963296925,4.6768886963296925,2,0,0,1
69,2,275.25478687068073,18.0,18.000000000000004,28.2284788646824,34.40811370256054,15.38183193539219,4.253408460395866,4.6768886963296925,1,0,0,2
69,3,249.29386722163082,18.000000000000007,18.1689170991364,23.104792642702698,32.86536226747748,22.00304761041306,4.149127274382144,4.253408460395866,0,0,0,3
69,4,215.77683312376385,19.249199197946986,19.100461367258074,17.214817456918567,27.75719200763277,22.85405696023317,4.189629262233371,4.149127274382144,2,0,0,4
69,5,190.024771889611,18.037570329185296,17.999999999999996,26.552008071800532,27.99143255669372,23.881848637094976,5.150412246830568,4.189629262233371,1,0,1,5
69,6,156.21156458517427,18.0,17.999999999999996,35.89335825660152,27.08539292372149,24.810996991839588,5.685738634731204,5.150412246830568,0,0,1,6
69,7,119.52148380041652,17.999999999999996,18.0,46.100652472483375,28.18238409634329,28.52480599188921,6.1150134641262905,5.685738634731204,0,1,1,7
69,8,80.53195192944898,18.000000000000004,18.0,56.84869122243775,29.87014367652861,29.84118271210683,6.498255311827925,6.1150134641262905,0,1,1,8
69,9,40.31120829581018,17.999999999999996,18.000000000000004,67.12057300915733,29.82276590175704,27.243244024462804,6.703457272273133,6.498255311827925,0,1,1,9
70,0,298.9943938828374,21.0,21.0,40.0,33.24299805047452,19.67141175253978,6.786970779366362,0.0,0,0,0,0
70,1,298.9943938828374,19.264859961009492,18.993428235050796,49.52459376454257,33.24299805047452,19.67141175253978,6.786970779366362,6.786970779366362,0,0,0,1
70,2,259.11148705240385,17.999999999999996,17.999999999999996,60.1474611288512,33.23998489644054,25.77594490527406,6.647151138405601,6.786970779366362,0,1,1,2
70,3,222.16520394355032,18.0,17.999999999999993,70.13306281287635,28.694622394176463,26.78094251707436,6.1577138514755845,6.647151138405601,0,1,1,3
70,4,180.90075651281063,17.999999999999996,18.0,65.44728091588226,30.307260409695303,26.993951273670845,5.158055928842461,6.1577138514755845,2,1,1,4
70,5,146.45384019429983,17.999999999999996,17.999999999999993,60.36863938890659,29.650887320940804,25.46777086252769,4.305864539813851,5.158055928842461,1,1,1,5
70,6,112.61867674775051,17.999999999999993,17.999999999999993,56.412430332334225,33.111562944279505,28.242831185874,4.229395430818664,4.305864539813851,0,1,1,6
70,7,86.39674661962249,17.999999999999993,17.999999999999993,66.56172108117147,27.20246449317786,29.182484111473507,4.370321688021336,4.229395430818664,0,1,1,7
70,8,59.07013901428495,17.999999999999996,17.999999999999993,76.1460986555562,24.72901316582481,28.51752891409037,4.55443460088959,4.370321688021336,0,1,1,8
70,9,26.930011812004185,17.999999999999996,18.0,70.98297065413472,24.93181668878156,29.71747219221017,4.017515900285096,4.55443460088959,2,1,1,9
71,0,182.98758931401818,21.0,21.0,40.0,28.72181787013057,20.095375539056203,6.050453322083965,0.0,0,0,0,0
71,1,182.98758931401818,19.174436357402612,19.001907510781127,48.78709481365362,28.72181787013057,20.095375539056203,6.050453322083965,6.050453322083965,0,0,0,1
71,2,163.94808982745707,18.000000000000004,17.999999999999996,57.85328595502475,26.29672270524913,24.071005857923826,5.343228179213513,6.050453322083965,0,0,1,2
71,3,148.63351912468124,18.000000000000004,16.521834853483373,65.89433864137644,24.029890279474827,20.642624644701154,3.471033156431753,5.343228179213513,0,0,1,3
71,4,127.04946014799117,18.264789706451456,18.66836356364514,60.597163989405786,27.94918480244765,25.955400464382063,2.698007372086262,3.471033156431753,2,0,1,4
71,5,106.80628121062071,19.85478185864832,19.647058717174016,56.18649591439966,31.581085510665662,27.24853629485583,2.5303973671713065,2.698007372086262,1,0,1,5
71,6,85.62170786072761,21.001081107807682,20.90609571281135,51.58617863581003,32.82056599543873,24.95544912350779,2.648071668736638,2.5303973671713065,0,0,1,6
71,7,69.89394820246831,18.901608003220108,21.999999999999996,46.483826648152046,25.7460572439253,29.240876157974792,3.145551931651861,2.648071668736638,2,0,1,7
71,8,52.989558541967824,19.44713209262336,18.607827610701086,56.00674738236449,24.19722966724224,28.70788552282689,3.380877932100096,3.145551931651861,1,0,1,8
71,9,23.02768410029675,17.999999999999996,18.000000000000004,66.15986449391303,30.514849364166583,25.89135681110311,3.745234305208885,3.380877932100096,0,1,1,9
72,0,247.33094260384578,21.0,21.0,40.0,33.43253265588527,20.77564676857712,5.925435235459448,0.0,0,0,0,0
72,1,235.4800721329269,18.568650653117707,18.315512935371544,34.75747229640323,33.43253265588527,20.77564676857712,5.925435235459448,5.925435235459448,2,0,0,1
72,2,198.52220771245575,18.0,18.0,28.50084449622711,30.487714937527382,18.08657506149419,6.463224790188449,5.925435235459448,1,0,0,2
72,3,154.4178504987535,18.000000000000004,18.0,22.396131771858443,31.91131834581384,17.506944296582464,7.116998119884714,6.463224790188449,0,0,0,3
72,4,136.86943102684637,18.0,18.000000000000004,32.495205528739874,33.42229884374357,22.68366647226437,7.654807115054047,7.116998119884714,0,0,0,4
72,5,121.62825319041215,18.000000000000004,18.0,42.53284295523958,34.72611947236998,21.038532897072848,7.623269427512436,7.654807115054047,0,0,0,5
72,6,107.66221139892329,18.0,18.000000000000004,52.69663690330053,29.68819038533247,26.77733154833945,7.465718567213869,7.623269427512436,0,0,0,6
72,7,94.7706465428378,18.000000000000004,18.0,64.33644267244799,34.66558760637477,30.0,7.07830682264855,7.465718567213869,0,0,0,7
72,8,78.74918252444249,18.0,18.000000000000007,74.43127387011364,28.0977903354171,27.98460520716984,6.987296132814039,7.07830682264855,0,0,0,8
72,9,43.546899248559065,18.000000000000007,18.000000000000004,70.28471237320991,31.9962738196679,28.300606753089177,5.887188673327382,6.987296132814039,2,0,0,9
73,0,412.5683544116101,21.0,21.0,40.0,25.474168939060327,20.465489228499244,7.0736347763371406,0.0,0,0,0,0
73,1,398.4210848589358,18.409483378781207,18.309309784569987,33.269138470160726,25.474168939060327,20.465489228499244,7.0736347763371406,7.0736347763371406,2,0,0,1
73,2,348.59312116060863,17.999999999999996,18.0,27.488213191752678,27.046659053039008,24.17042273358294,7.199726216458332,7.0736347763371406,1,1,0,2
73,3,295.5758051336711,18.0,18.0,22.86976409651009,34.238841360311966,23.436441443895887,7.442096102201857,7.199726216458332,0,1,0,3
73,4,263.71955152238695,17.999999999999993,18.0,32.57122971461449,29.673339664773003,24.22369154691809,7.543832210165772,7.442096102201857,0,1,0,4
73,5,217.56255644343054,17.999999999999996,17.999999999999996,42.64693557395661,31.488411272790582,24.4877323902212,7.692832513159404,7.543832210165772,0,1,1,5
73,6,173.20054863356734,17.999999999999996,17.999999999999996,53.80571947902917,37.127409065521626,24.86583485154816,7.393667968310534,7.692832513159404,0,1,1,6
73,7,127.31088781706244,17.999999999999996,17.999999999999996,65.30521672433267,36.61674376091208,27.26935204632958,7.64827680275082,7.393667968310534,0,1,1,7
73,8,86.72979338976283,18.0,17.999999999999968,76.06618441140189,33.6214063436187,26.16174747343252,6.763515737883267,7.64827680275082,0,1,1,8
73,9,39.3926704832497,17.999999999999982,17.999999999999982,71.01470786177424,31.339245037803185,23.930329686487603,5.917140363314141,6.763515737883267,2,1,1,9
74,0,215.46223280139006,21.0,21.0,40.0,27.61324893252996,23.59697709440789,4.492950277699023,0.0,0,0,0,0
74,1,215.46223280139006,19.1522649786506,19.07193954188816,49.21784068484881,27.61324893252996,23.59697709440789,4.492950277699023,4.492950277699023,0,0,0,1
74,2,203.90891445242647,18.0,17.999999999999996,59.4207810643405,28.16021775687547,28.522784351411705,3.309782832618107,4.492950277699023,0,0,1,2
74,3,180.07266434090195,17.999999999999996,18.0,53.293299717583395,22.84699463775018,26.444775658043657,2.9795312639405687,3.309782832618107,2,1,1,3
74,4,154.97421774865282,18.000000000000004,18.0,47.26599629266197,23.72074106904016,26.127573236951893,3.13730582403114,2.9795312639405687,1,1,1,4
74,5,132.1984199785533,18.0,18.000000000000004,41.2044030009991,25.758683748044064,23.89913129827333,2.8469747212624408,3.13730582403114,0,1,1,5
74,6,111.63334059390831,19.357737013090794,19.28161767309052,35.55859517663089,27.886850654539508,24.08088365452599,2.5706349230806227,2.8469747212624408,2,1,1,6
74,7,83.57592540129963,18.16651010863218,18.14121668676029,44.98067160746983,27.375665126907545,24.969203933308822,3.507176899076086,2.5706349230806227,1,1,1,7
74,8,55.53946996278465,19.645625680757025,19.410331961044857,55.275294678593816,31.76543782469518,25.426912570438063,3.5045569298143717,3.507176899076086,0,1,1,8
74,9,30.76672133402695,17.999999999999993,17.999999999999993,64.59072954962318,27.640910872922845,24.11150507724029,4.128791438126283,3.5045569298143717,0,1,1,9
75,0,368.90201362314633,21.0,21.0,40.0,28.476900101995167,21.864983821136708,7.152679963622342,0.0,0,0,0,0
75,1,368.90201362314633,19.169538002039904,19.037299676422734,49.061539106163735,28.476900101995167,21.864983821136708,7.152679963622342,7.152679963622342,0,0,0,1
75,2,347.03995775140396,18.0,17.999999999999996,59.445294399935655,36.84617972118896,20.84134968865505,6.560177498422845,7.152679963622342,0,0,1,2
75,3,299.72571180968066,17.999999999999996,18.000000000000004,54.70407010597029,33.35517542493694,23.638022941922184,5.914280742715407,6.560177498422845,2,1,1,3
75,4,250.54241619252318,18.0,18.0,50.14253308556499,30.82881828472181,27.16264271302652,6.147911952144689,5.914280742715407,1,1,1,4
75,5,201.26391639519966,18.0,18.0,45.72653483768478,32.01872256474113,26.78128716925768,6.159812474665438,6.147911952144689,0,1,1,5
75,6,161.72150784538755,18.0,18.0,55.51062947030642,25.79242610977573,28.5636551825667,6.590401424968687,6.159812474665438,0,1,1,6
75,7,123.39018261963079,17.999999999999996,17.999999999999993,65.3149382468792,30.76074358481608,23.70763850725488,6.3885542042927925,6.590401424968687,0,1,1,7
75,8,87.04822414419016,17.999999999999993,17.999999999999996,75.3580140010036,33.84950972191625,21.945355578774866,6.056993079240105,6.3885542042927925,0,1,1,8
75,9,42.851903258178915,18.0,17.999999999999996,71.33294627633967,37.836015281993966,23.13583069209533,5.524540110751405,6.056993079240105,2,1,1,9
76,0,89.23320580268475,21.0,21.0,40.0,33.50485911613399,19.047745093036703,2.7940986427010595,0.0,0,0,0,0
76,1,83.64500851728263,18.570097182322684,18.280954901860735,34.459468757650725,33.50485911613399,19.047745093036703,2.7940986427010595,2.7940986427010595,2,0,0,1
76,2,72.28114560305582,19.345809350420254,19.145720853853696,30.35841048385528,37.44561764597466,23.10405861071733,1.420482864278352,2.7940986427010595,1,0,0,2
76,3,68.87708929852495,20.114683151858255,20.14190703200414,26.155019253622577,30.810646636622188,29.17051319541834,0.425507038066358,1.420482864278352,0,0,0,3
76,4,64.44671775986629,21.100210548450292,21.044620493948123,21.31142637629818,29.39781426889224,27.026669745972203,0.5537964423323327,0.425507038066358,2,0,0,4
76,5,49.0677270660289,22.076790685203495,22.07963356845161,16.577421446142186,28.86250629935225,28.170799644225564,1.922373836729674,0.5537964423323327,1,0,0,5
76,6,35.522902165782895,23.40886419006599,20.715053719907356,26.554009633212203,28.171028015677887,27.254461912488868,2.897520374870379,1.922373836729674,0,0,0,6
76,7,35.522902165782895,20.342137764058904,21.097846869366588,37.74144449363279,32.3870588391105,29.765357052115,3.749369331115913,2.897520374870379,0,0,0,7
76,8,35.522902165782895,19.502716991249358,19.227341817557804,48.97940647252603,32.43312210496244,30.0,4.305853257486647,3.749369331115913,0,0,0,8
76,9,35.08561233030877,18.000000000000004,18.000000000000004,60.15012855892398,35.274245520149904,26.785321626505382,5.016752035089215,4.305853257486647,0,0,0,9
77,0,181.9888962217476,21.0,21.0,40.0,28.620354843606734,16.604283629544724,4.139397285665213,0.0,0,0,0,0
77,1,173.7101016504172,18.472407096872136,18.232085672590898,33.14043492516726,28.620354843606734,16.604283629544724,4.139397285665213,4.139397285665213,2,0,0,1
77,2,151.77086718542924,19.136403393650458,19.05455110981723,27.521325793350556,29.906747967338028,22.209312411458072,2.742404308123496,4.139397285665213,1,0,0,2
77,3,129.53638238090798,20.011682958110082,19.948226749899952,23.082473456977297,31.53681862185452,27.13622395384961,2.7793106005651573,2.742404308123496,0,0,0,3
77,4,105.07930711648109,21.119065913513378,20.98148301698651,20.24345342697027,37.69599389139493,29.865005941899373,3.0571344080533605,2.7793106005651573,2,0,0,4
77,5,85.05561234578663,22.21883794980986,20.763052076296997,32.775447074035554,39.62218692814047,30.0,3.840708402336632,3.0571344080533605,1,0,0,5
77,6,76.13281275953545,20.144805553147055,20.460218392775015,44.66735337586863,36.06614612129484,30.0,4.461399793125583,3.840708402336632,0,0,0,6
77,7,76.13281275953545,19.311664528795916,19.067653948033225,56.81183393573738,37.46933644371529,30.0,5.109819917186576,4.461399793125583,0,0,0,7
77,8,58.31684022197439,17.999999999999996,18.000000000000004,68.2706625037966,33.66015871144008,30.0,5.938657512520356,5.109819917186576,0,1,0,8
77,9,36.13385965456186,18.000000000000004,18.000000000000004,79.40041152032998,31.83193898074097,30.0,5.167599464527142,5.938657512520356,0,1,0,9
78,0,146.24910450578088,21.0,21.0,40.0,33.4912242231306,22.07624053967252,4.663755522675906,0.0,0,0,0,0
78,1,146.24910450578088,19.269824484462614,19.04152481079345,50.00214365730456,33.4912242231306,22.07624053967252,4.663755522675906,4.663755522675906,0,0,0,1
78,2,143.15883215051906,18.0,18.000000000000004,60.93529499041327,40.03335917902833,20.706370449353376,3.909751409048031,4.663755522675906,0,0,0,2
78,3,134.49602767971083,18.000000000000004,18.0,72.00947219632718,39.99732777369208,21.52587892582965,3.390601702908586,3.909751409048031,0,0,0,3
78,4,118.44580968848582,18.000000000000004,18.000000000000004,68.15168727572014,36.336047909632015,25.56514697588437,2.878154452531639,3.390601702908586,2,0,0,4
78,5,101.12020954242428,18.000000000000007,18.8348933259817,62.92139184843228,33.54405402495851,20.732082490108937,2.765917892564311,2.878154452531639,1,0,0,5
78,6,85.04808545168069,19.914414715139305,19.495072591913416,57.44414167145493,30.673935977514184,22.230229705945003,2.0090155113429478,2.765917892564311,0,0,0,6
78,7,61.30704761289439,20.944941056811988,20.85162734928363,53.627718369563766,36.54339944048313,25.58758221567705,2.967629729848289,2.0090155113429478,2,0,0,7
78,8,52.775696432782,19.545566070126124,19.394741222072163,63.86958814034913,32.92011225999333,23.979164244369805,4.265675590056193,2.967629729848289,1,0,0,8
78,9,42.45993077126093,18.000000000000007,18.000000000000007,73.98143014486448,29.60952720156772,26.56737282351751,5.11797380976956,4.265675590056193,0,0,0,9
79,0,164.64515873347847,21.0,21.0,40.0,30.807503813548443,18.64224440194048,4.007768253181071,0.0,0,0,0,0
79,1,156.62962222711633,18.51615007627097,18.27284488803881,33.900954678788004,30.807503813548443,18.64224440194048,4.007768253181071,4.007768253181071,2,0,0,1
79,2,135.42809752453104,17.773421677317774,19.042273775633678,27.116423602723998,25.969725933269896,19.67176808859674,2.6501905878231597,4.007768253181071,1,1,0,2
79,3,117.10038329395921,19.43211148867284,19.094873517363798,20.920847257771733,23.371290920489397,25.542173829775805,2.2909642788214786,2.6501905878231597,0,1,0,3
79,4,96.96502949992497,20.229701713979157,20.28353629862283,15.4027190526681,27.52195293232688,25.15511259487516,2.5169192242542806,2.2909642788214786,2,1,0,4
79,5,70.60073350888403,22.0,22.006577263659118,24.935994753899365,25.913130416003447,27.049512368614696,3.295536998880117,2.5169192242542806,1,0,0,5
79,6,49.65781539615581,23.690936877400333,21.16474183803608,35.27611878541488,29.34952596024305,28.09560754817648,3.8072104012105097,3.295536998880117,0,0,0,6
79,7,49.65781539615581,20.545612445213035,21.28891247445499,44.08715369776745,24.83905904294019,24.11113491457406,4.66260358717296,3.8072104012105097,0,0,0,7
79,8,49.63125669302357,19.56915238071062,19.321059288967117,53.520374647841074,26.69113399644885,25.71564905951573,4.748235062965594,4.66260358717296,0,0,0,8
79,9,33.420131530571794,18.000000000000007,17.999999999999996,64.17835189307618,31.466190535951757,27.744794159798808,5.403708387483926,4.748235062965594,0,0,1,9
80,0,105.14497413810126,21.0,21.0,40.0,26.668875993709456,19.651798152097108,4.345339683436851,0.0,0,0,0,0
80,1,105.14497413810126,19.13337751987419,18.993035963041944,48.33772134624518,26.668875993709456,19.651798152097108,4.345339683436851,4.345339683436851,0,0,0,1
80,2,100.08160916939775,18.000000000000004,18.0,55.151539950461896,22.803377786691687,15.051170014512271,3.579495477606298,4.345339683436851,0,0,0,2
80,3,88.42829708923054,18.000000000000004,18.000000000000007,62.80494537954829,24.153630135147267,18.365288915332712,3.9704210421732458,3.579495477606298,0,0,0,3
80,4,78.30733739082137,18.00000000000001,18.000000000000007,70.65197734606336,25.53597359375954,18.058648442435253,3.9804027986470927,3.9704210421732458,0,0,0,4
80,5,55.4938166092504,18.000000000000007,18.00000000000001,64.73723420721149,28.78718568591612,21.686463542684567,4.144057525473427,3.9804027986470927,2,0,0,5
80,6,35.92451242482492,18.00000000000001,18.000000000000007,60.03196929206007,33.4548759001857,23.738096793417515,3.7231318326983662,4.144057525473427,1,0,0,6
80,7,19.568091903256967,18.000000000000007,18.00000000000001,55.210636434171974,28.401463700136645,28.14668708937397,3.038178753268614,3.7231318326983662,0,0,0,7
80,8,15.783460177748404,18.00000000000001,18.000000000000007,65.13564476656093,27.101174540470343,28.03776063946832,1.6370851951852148,3.038178753268614,0,0,0,8
80,9,11.87423009060776,18.0,18.00000000000001,75.11657801564148,31.971485570696498,23.47814359086209,1.460620370893315,1.6370851951852148,0,0,0,9
81,0,38.88447047865658,21.0,21.0,40.0,32.4798363971435,15.52353309201925,3.696061366009841,0.0,0,0,0,0
81,1,38.88447047865658,19.249596727942873,18.910470661840385,48.640606508049295,32.4798363971435,15.52353309201925,3.696061366009841,3.696061366009841,0,0,0,1
81,2,31.983276440639067,18.0,17.999999999999996,58.56006221066407,32.14212797589164,22.96595926085714,1.9838421851704933,3.696061366009841,0,0,1,2
81,3,22.910337315750937,16.711236301272468,16.535688960304807,67.85108133448428,30.19706997924777,21.41970293086449,1.5121565208146883,1.9838421851704933,0,1,1,3
81,4,18.994555364572577,17.942587485264422,17.89996388348235,63.06525726480456,30.754906019365556,25.99051581574712,0.489472743897295,1.5121565208146883,2,1,1,4
81,5,16.355715748902803,19.23577250524898,19.257363379183687,58.410122368225004,28.51564156338798,28.95583123339225,0.3298549519587216,0.489472743897295,1,1,1,5
81,6,12.854064985866199,20.501000377533224,20.48841506940331,53.72046072674918,28.79252992241598,28.487127624940552,0.4377063453795754,0.3298549519587216,0,1,1,6
81,7,8.947072460312263,22.351843799497775,22.143540286967056,63.79596061512203,33.289477314166845,22.685522065682303,0.651165420925656,0.4377063453795754,0,0,0,7
81,8,8.947072460312263,20.808501274477607,20.581706400352424,74.22652681860242,36.20594320677768,21.741646812557875,0.9063149407522648,0.651165420925656,0,0,0,8
81,9,7.613133876514534,18.50756507164177,18.39335946217949,70.34285722649524,35.43479736997602,26.322593784984075,0.6669692918988646,0.9063149407522648,2,0,0,9
82,0,105.57738687938763,21.0,21.0,40.0,32.118625764341864,20.045580003349063,2.3580738591899677,0.0,0,0,0,0
82,1,105.57738687938763,19.24237251528684,19.00091160006698,49.389557038184364,32.118625764341864,20.045580003349063,2.3580738591899677,2.3580738591899677,0,0,0,1
82,2,98.24725156608892,17.018897776556674,17.999999999999996,45.277818292394954,35.79955243282704,24.69078786834289,0.916266914162338,2.3580738591899677,2,1,1,2
82,3,94.30946849638147,18.816821645928265,18.291538112061442,40.868675893818036,35.1928705636875,23.64522722199628,0.4922228837134313,0.916266914162338,1,1,1,3
82,4,90.50377291381872,19.63807793648148,19.636707132252177,35.69533570307961,31.270173857682444,23.32238063821515,0.4757119478203432,0.4922228837134313,0,1,1,4
82,5,89.15105896074621,20.819218762860025,20.76546329823535,31.06302342657061,30.15330021258947,27.44496491791611,0.1690892441340645,0.4757119478203432,2,1,1,5
82,6,89.15105896074621,21.999999999999996,21.885592705130907,27.397433077876194,34.74781961003898,28.221122897214283,0.0,0.1690892441340645,1,1,1,6
82,7,79.28058059472956,20.697066436810687,20.766788244192554,39.30448451665313,36.15028577098298,30.0,1.2338097957520815,0.0,0,1,1,7
82,8,61.49878819513815,19.53591585025405,19.30321111161911,51.3307124877606,38.70089371914127,28.111483898122447,2.9636320665985685,1.2338097957520815,0,1,1,8
82,9,33.08647758156409,18.011643319366993,17.999999999999993,62.50726574051559,33.08234978158966,29.00961273371587,4.735385102262343,2.9636320665985685,0,1,1,9
83,0,40.85205684416766,21.0,21.0,40.0,30.29744152613354,20.98275176836561,2.111446034459793,0.0,0,0,0,0
83,1,40.85205684416766,19.205948830522672,19.019655035367315,49.23043479300985,30.29744152613354,20.98275176836561,2.111446034459793,2.111446034459793,0,0,0,1
83,2,37.1984231197858,18.0,17.999999999999996,42.458463284257284,22.034785744944717,23.67648365087439,0.5773363591575897,2.111446034459793,2,0,1,2
83,3,33.370559248370675,18.305464900057874,18.949124132539737,37.85731806731748,30.67995391883464,27.09146154261088,0.5254755446074306,0.5773363591575897,1,0,1,3
83,4,33.16396580817954,19.85684598522761,19.66072127810913,33.68456050368274,30.15134686869589,30.0,0.0258241800238916,0.5254755446074306,0,0,1,4
83,5,29.073386403342937,20.912832014720333,20.95502907288179,29.634323689449502,30.83201769870422,30.0,0.5113224256045756,0.0258241800238916,2,0,1,5
83,6,27.670418337495697,22.1462658029467,22.011649020290342,26.125882289005688,34.9699377400764,28.87205447968017,0.175371008230905,0.5113224256045756,1,0,0,6
83,7,25.169056630339263,20.743356323913574,20.733959286167607,37.373920941891555,32.4891036271437,30.0,1.2506808535782177,0.175371008230905,0,0,0,7
83,8,25.169056630339263,19.545097140944726,19.358906678510913,49.875007105710004,39.45047868788029,30.0,2.640526847417409,1.2506808535782177,0,0,0,8
83,9,25.169056630339263,18.009780367125217,18.0,60.50929124187101,31.18061580238675,27.898740509618836,3.649793515350097,2.640526847417409,0,0,0,9
84,0,271.89852951431806,21.0,21.0,40.0,33.42525817019494,23.205074348317183,4.985180508612881,0.0,0,0,0,0
84,1,261.9281684970923,18.568505163403902,18.364101486966344,35.19345985333218,33.42525817019494,23.205074348317183,4.985180508612881,4.985180508612881,2,0,0,1
84,2,237.91023498493206,18.000000000000004,18.0,31.374133907748444,35.35192434812153,26.762931509746625,4.444664822477446,4.985180508612881,1,0,0,2
84,3,202.874876568681,19.125917054599885,18.95801828279054,27.798243713888468,35.93110764562279,27.53616905515513,4.379419802031475,4.444664822477446,0,0,0,3
84,4,184.3854876625881,18.000000000000004,18.000000000000007,24.53361520545564,35.196508286484296,30.0,5.0863245018328005,4.379419802031475,2,0,0,4
84,5,164.40664465566263,18.000000000000007,18.000000000000004,36.3447298929351,35.61730381933035,30.0,5.25448772920976,5.0863245018328005,1,0,0,5
84,6,121.02712108035023,17.999999999999876,17.999999999999925,48.24114753318961,36.799908972835375,29.291300139689685,5.42244044691405,5.25448772920976,0,1,1,6
84,7,92.4916481901098,17.999999999999844,17.99999999999989,58.7219634599803,31.896683691736225,26.330071457100964,4.755912148373406,5.42244044691405,0,1,1,7
84,8,65.34087685273315,17.99999999999987,17.99999999999986,69.45842951087732,34.97441551480144,24.672618101293164,4.525128556229441,4.755912148373406,0,1,1,8
84,9,40.53450332717881,17.999999999999876,17.999999999999883,80.67625726521305,33.355191483200976,28.966073818664164,4.1343955875923895,4.525128556229441,0,1,1,9
85,0,303.12815921162155,21.0,21.0,40.0,32.71446738656055,22.068956455189312,7.212015054668651,0.0,0,0,0,0
85,1,303.12815921162155,19.254289347731213,19.041379129103788,49.86101629151497,32.71446738656055,22.068956455189312,7.212015054668651,7.212015054668651,0,0,0,1
85,2,296.88814459167116,18.0,18.0,60.82484854131957,37.541562901541525,23.36861626403956,7.789259514443041,7.212015054668651,0,0,0,2
85,3,262.0735994333283,17.999999999999996,18.000000000000004,72.18797840889226,40.0094778280926,23.119021436200143,7.858237884307617,7.789259514443041,0,1,0,3
85,4,213.21644679899325,17.999999999999996,18.0,68.43264711345965,36.07722797232219,26.39315371971887,7.101916824075714,7.858237884307617,2,1,0,4
85,5,164.74901915546693,18.0,17.999999999999996,64.23566367480714,35.28474609260663,24.73201258154608,6.05842845544079,7.101916824075714,1,1,1,5
85,6,126.61920307297495,17.999999999999996,18.000000000000004,60.87932867213365,34.68702776292505,30.0,4.766227010311496,6.05842845544079,0,1,1,6
85,7,91.49050386355091,18.0,18.0,57.40624958301552,34.03844950489925,30.0,4.391087401178006,4.766227010311496,2,1,1,7
85,8,57.736375157188135,18.0,18.0,69.00247610999423,34.42348070543724,30.0,4.219266088295347,4.391087401178006,1,1,1,8
85,9,27.936147488951647,18.0,18.000000000000004,81.06076212737206,36.99047787432122,30.0,3.725028458529561,4.219266088295347,0,1,1,9
86,0,120.2847023127341,21.0,21.0,40.0,28.11959436668013,18.532111711560244,6.032954694450151,0.0,0,0,0,0
86,1,120.2847023127341,19.162391887333605,18.970642234231207,48.39730709408327,28.11959436668013,18.532111711560244,6.032954694450151,6.032954694450151,0,0,0,1
86,2,101.84193763185468,18.000000000000004,17.999999999999996,56.474002730556286,25.89197295128752,18.97855836245149,5.131881555186517,6.032954694450151,0,0,1,2
86,3,87.17393983795495,18.000000000000004,16.532265304815542,65.01985383491424,26.228430423365204,21.24852015640127,3.3579531747689524,5.131881555186517,0,0,1,3
86,4,71.9375098703709,18.000000000000004,18.61721288069171,58.888770106243186,26.030347516210725,23.24140954672781,1.9616048736633425,3.3579531747689524,2,0,1,4
86,5,67.32976673617375,19.7452113123205,19.516263590969338,54.8739281326241,31.608924279649404,29.419731422466786,0.5759678917746444,1.9616048736633425,1,0,1,5
86,6,57.824454015602726,20.99513310026426,20.889308020623808,52.015951503969006,38.09057759932536,29.365107797035236,1.1881640900713784,0.5759678917746444,0,0,1,6
86,7,47.97816763969814,19.189490566264382,22.00657736465818,49.48881944055327,39.29371075880148,30.0,1.957984566593487,1.1881640900713784,2,0,0,7
86,8,41.64622207613638,19.76241474342584,18.808372647468566,61.26906394850543,35.44580282195648,30.0,3.1659727817808805,1.957984566593487,1,0,0,8
86,9,32.40735813689469,18.000000000000004,18.0,71.7588320037647,28.63926629506424,29.63722290082053,4.006147371966305,3.1659727817808805,0,0,0,9
87,0,379.383286473495,21.0,21.0,40.0,28.89998725413445,17.394499605093863,7.169425421129109,0.0,0,0,0,0
87,1,345.7288219548665,20.87216455492156,21.947889992101878,48.333007634661094,28.89998725413445,17.394499605093863,7.169425421129109,7.169425421129109,0,0,0,1
87,2,345.7288219548665,19.77776657317008,19.275840797963674,57.34172391359977,29.504415487248508,20.544008284633048,8.285949072393771,7.169425421129109,0,0,0,2
87,3,290.3514953973909,17.999999999999996,17.999999999999996,66.56828548866812,29.693532379162782,21.56514303788363,9.229554426245931,8.285949072393771,0,1,1,3
87,4,234.34288552941422,17.999999999999996,17.999999999999993,75.8985964064171,26.20764162611661,25.627419028044372,9.334768311329446,9.229554426245931,0,1,1,4
87,5,171.57715658420574,17.999999999999993,17.999999999999993,69.47439936263187,24.865585366364343,22.777764390384416,7.845716118151063,9.334768311329446,2,1,1,5
87,6,124.89144637434383,17.99999999999999,17.99999999999999,63.38389898226998,25.98968963189492,23.507530477205744,5.835713776232738,7.845716118151063,1,1,1,6
87,7,83.55534101110145,17.999999999999986,17.99999999999999,57.94172248765642,29.719496555318408,23.37952291905067,5.167013170405298,5.835713776232738,0,1,1,7
87,8,56.33806006132188,17.999999999999982,17.999999999999982,68.91719777304888,33.20830094916067,27.766561747464124,4.536213491629927,5.167013170405298,0,1,1,8
87,9,31.544154907982143,17.9999998457112,17.999999999999982,79.50689916439174,29.695429342520125,29.13624505382905,4.132317525556623,4.536213491629927,0,1,1,9
88,0,76.08132942633482,21.0,21.0,40.0,33.9930016225108,23.28203541412352,2.1900827343048066,0.0,0,0,0,0
88,1,71.70116395772521,18.579860032450217,18.365640708282474,35.309506666594174,33.9930016225108,23.28203541412352,2.1900827343048066,2.1900827343048066,2,0,0,1
88,2,66.37594078590278,19.241848218079397,19.263224385102173,30.56529586491822,29.56054408436665,27.41606257298917,0.665652896477803,2.1900827343048066,1,0,0,2
88,3,63.72726757890833,20.067185730836023,20.056945252244276,25.060078396494966,26.470086633169405,26.27870520892363,0.3310841508743067,0.665652896477803,0,0,0,3
88,4,56.99439748844499,21.094507384487525,21.014691903511164,20.968719255907992,32.37397077888328,28.22958955118908,0.841608761307918,0.3310841508743067,2,0,0,4
88,5,42.30213632806638,22.125165635974824,22.024824655190734,16.465425873983943,32.26465901046929,26.05037775661933,1.8365326450473267,0.841608761307918,1,0,0,5
88,6,28.80101560255234,23.60378009227454,20.756561658575336,26.7974929341161,29.474608636600063,27.925763919689707,2.76813023427397,1.8365326450473267,0,0,0,6
88,7,28.80101560255234,20.46924893738652,21.14296351538122,37.61994505751703,34.57364081232357,25.551093206570474,3.583705721012332,2.76813023427397,0,0,0,7
88,8,28.80101560255234,19.544803098640088,19.306956511136214,48.55816890846031,31.2772604941457,29.490649788872524,4.123291512711265,3.583705721012332,0,0,0,8
88,9,28.80101560255234,18.000000000000004,18.0,59.527607838897,32.25451310193657,28.686814289378347,4.632790858059635,4.123291512711265,0,0,0,9
89,0,137.09977108963162,21.0,21.0,40.0,25.451274024758565,22.90210619952161,2.1076070372282003,0.0,0,0,0,0
89,1,132.88455701517523,18.409025480495174,18.358042123990433,33.70360844037043,25.451274024758565,22.90210619952161,2.1076070372282003,2.1076070372282003,2,0,0,1
89,2,131.58012758304392,19.18978573250417,19.080848814823874,28.29476353961411,29.74789561369203,23.536299382106197,0.1630536790164121,2.1076070372282003,1,0,0,2
89,3,125.61184843230637,20.066832796419195,19.877136727761865,23.067041193511216,32.70464430430528,21.585787106234186,0.7460348938421937,0.1630536790164121,0,0,0,3
89,4,108.92829929874472,20.956310959465963,20.887071905719463,18.042642064688714,30.863699278529857,24.556305561345123,2.085443641695208,0.7460348938421937,2,0,0,4
89,5,101.9631436403765,19.715076574065122,19.599758824845402,28.576067677256795,32.661752224058645,25.857278956875135,3.4825778291841094,2.085443641695208,1,0,0,5
89,6,95.4068817979576,18.512446403536632,18.481783529283256,37.67397034146056,26.90340682049278,23.64049686952814,3.278130921209451,3.4825778291841094,0,0,0,6
89,7,83.01035570029302,17.999999999999996,18.0,47.385884157139856,26.775154462798177,27.179922290975707,3.480514509845352,3.278130921209451,0,1,0,7
89,8,62.789129973709976,19.57390936618001,19.382674891286495,57.72556846836663,27.442690617926555,30.0,3.683303640843687,3.480514509845352,0,1,0,8
89,9,32.94814539099589,18.0,17.999999999999996,67.84592775251264,29.546367684329223,26.67785056092639,4.973497430452348,3.683303640843687,0,1,1,9
90,0,217.95911044098318,21.0,21.0,40.0,28.98970170703149,22.45824879712918,6.617059226320238,0.0,0,0,0,0
90,1,217.95911044098318,19.17979403414063,19.049164975942585,49.26063109074892,28.98970170703149,22.45824879712918,6.617059226320238,6.617059226320238,0,0,0,1
90,2,211.71902376551927,18.000000000000004,18.0,58.84114717432724,29.69262644288172,23.53246291033116,6.148805805650116,6.617059226320238,0,0,0,2
90,3,195.31730931148982,18.000000000000004,18.000000000000007,68.63091836241225,29.19788334720543,25.18973436437796,6.079983234448373,6.148805805650116,0,0,0,3
90,4,171.95944872801192,18.0,17.999999999999996,78.95485121239454,28.776417583859995,28.57876491604169,5.653238221655965,6.079983234448373,0,0,1,4
90,5,140.40122904562426,18.0,18.000000000000004,74.64467688823399,29.38792042133023,30.0,4.731696080271095,5.653238221655965,2,0,1,5
90,6,108.42373337549789,18.000000000000004,18.000000000000004,71.14057408001429,36.46004152857455,27.406053981315985,4.941815505757779,4.731696080271095,1,0,1,6
90,7,75.68891333652005,18.000000000000007,18.0,66.80834659405615,33.09977791155359,26.16562494423448,4.963356223012962,4.941815505757779,0,0,1,7
90,8,58.29115158396001,18.000000000000007,18.0,77.12894122555427,31.810792574570463,25.525844267085763,4.273501334178706,4.963356223012962,0,0,1,8
90,9,30.673862779084295,18.000000000000004,18.000000000000004,73.26895351390657,33.332479299534256,28.55647785797851,3.9874483760263217,4.273501334178706,2,0,1,9
91,0,260.83734582951104,21.0,21.0,40.0,34.971743829866924,22.02957570915735,4.682381795911601,0.0,0,0,0,0
91,1,251.47258223768785,18.59943487659734,18.34059151418315,35.260237517024365,34.971743829866924,22.02957570915735,4.682381795911601,4.682381795911601,2,0,0,1
91,2,224.63925840066375,18.0,17.999999999999996,30.116058407317738,29.087153266660543,25.66740723496929,3.9595998477428873,4.682381795911601,1,0,1,2
91,3,194.79448762466856,19.105710279637997,18.90259706750991,25.859516301273608,34.920768897524106,24.765108291119624,3.7305963469993983,3.9595998477428873,0,0,1,3
91,4,171.06411368223846,20.336278938492526,20.39537891311673,36.35447699252228,33.693326916690914,24.61201025691284,4.31741114420191,3.7305963469993983,0,0,1,4
91,5,155.1594297668021,19.164217154679285,19.023921224187987,45.752602034668065,29.170051347450265,23.041754442248557,5.301561305145457,4.31741114420191,0,0,1,5
91,6,122.61847107151556,17.999999999999993,17.999999999999996,55.028681165843054,26.81910595417078,24.714666996801395,5.423493115881088,5.301561305145457,0,1,1,6
91,7,93.2580332968886,17.999999999999996,17.999999999999993,64.98586300485104,26.6727203466978,28.6449565366799,4.893406295771161,5.423493115881088,0,1,1,7
91,8,67.30924484146865,17.999999999999993,18.0,76.64810941779336,34.790257849679534,30.0,4.324798075903325,4.893406295771161,0,1,1,8
91,9,33.605990849981126,18.0,18.0,73.81076787118607,37.637996017710336,29.932328723360296,4.21290674893594,4.324798075903325,2,1,1,9
92,0,62.820918276551176,21.0,21.0,40.0,27.065947488318407,17.376935257325343,4.661795681377699,0.0,0,0,0,0
92,1,62.820918276551176,19.14131894976637,18.94753870514651,47.999718894215874,27.065947488318407,17.376935257325343,4.661795681377699,4.661795681377699,0,0,0,1
92,2,59.094493478180574,18.0,18.0,56.284248755851024,29.494278177715454,16.530887720257606,2.900088198674786,4.661795681377699,0,0,0,2
92,3,52.879612279574694,16.93225961843887,18.0,65.09403998909401,28.00786036073844,20.935424268389266,1.3891117352713782,2.900088198674786,0,1,0,3
92,4,45.894970357350125,18.90532869451082,18.42621985836075,60.05798228595853,31.6472855333335,23.70794944924712,0.873080240278071,1.3891117352713782,2,1,0,4
92,5,38.95235766965908,19.804152390926784,19.95133147546449,54.70310203559552,26.705838462230226,26.878160146864204,0.8678265859613807,0.873080240278071,1,1,0,5
92,6,30.165111322750118,21.16641158157019,20.90324373617633,49.510580577544886,32.71834895067292,21.76764294904577,1.098405793363621,0.8678265859613807,0,1,0,6
92,7,24.44558891133425,22.000000000000007,19.80325411606153,43.297109716595784,28.2712592755334,20.542791496971606,0.9728943449875732,1.098405793363621,2,0,0,7
92,8,21.046487245588366,19.185699207407154,19.63003058799029,52.363627765449664,30.552081972887542,19.81746274296733,1.6995508328729427,0.9728943449875732,1,0,0,8
92,9,16.77734224724637,18.000000000000004,18.000000000000004,61.17209149341395,27.948849164808426,20.987060434993165,1.87858257132217,1.6995508328729427,0,0,0,9
93,0,72.99182013829412,21.0,21.0,40.0,28.27672314685522,22.63261691160744,3.072379387462028,0.0,0,0,0,0
93,1,72.99182013829412,19.165534462937106,19.05265233823215,49.16368121052328,28.27672314685522,22.63261691160744,3.072379387462028,3.072379387462028,0,0,0,1
93,2,68.89449731405746,19.730605444275668,19.696745841137307,42.4112214593938,24.6029400383865,21.2167280108942,0.5121653530295818,3.072379387462028,2,0,0,2
93,3,67.38715371464849,20.436632212708652,20.36852102849438,35.56474698800071,24.6054086528025,20.69195539501366,0.1884179499261205,0.5121653530295818,1,0,0,3
93,4,60.252296387414845,21.190675264811862,21.283149635723344,29.238738069448253,22.293394279507464,25.89544506186779,0.8918571659042063,0.1884179499261205,0,0,0,4
93,5,46.034403901487075,22.259225391881113,22.162742367385032,24.22977443888368,29.47139663455322,26.034360973421364,1.7772365607409708,0.8918571659042063,2,0,0,5
93,6,39.7028321811083,20.883309651592835,20.778239849561427,33.96578109921623,30.394830679874104,23.694095210862294,3.165785860189388,1.7772365607409708,1,0,0,6
93,7,32.2640539339668,19.66961549022669,19.493937411140077,44.6105144825429,34.74867933497493,24.388728350173245,3.71938912357075,3.165785860189388,0,0,0,7
93,8,32.2640539339668,18.3477678493776,18.222304945979403,54.84769937006037,32.890782865653094,23.98246650944396,3.8348572223139703,3.71938912357075,0,0,0,8
93,9,24.721056787429934,18.0,18.0,65.75711901127801,33.41978176381356,27.18810513184,3.66131683950656,3.8348572223139703,0,0,0,9
94,0,316.75274415238016,21.0,21.0,40.0,29.554693354139125,18.02535461582833,7.811426527632514,0.0,0,0,0,0
94,1,316.75274415238016,19.191093867082785,18.96050709231657,48.564408634594145,29.554693354139125,18.02535461582833,7.811426527632514,7.811426527632514,0,0,0,1
94,2,288.0869975217671,17.999999999999996,18.000000000000004,57.730642144286875,29.99998355987032,20.923535938422617,7.915596555623323,7.811426527632514,0,1,0,2
94,3,254.06697092260072,18.000000000000004,18.0,67.27846448564271,28.9412087716588,24.102248680318056,7.713137180669317,7.915596555623323,0,1,0,3
94,4,226.29425629783208,17.999999999999993,18.0,77.18915946258642,31.36680830824302,23.692608230333143,6.560314228773335,7.713137180669317,0,1,0,4
94,5,180.31910481330448,17.999999999999993,17.999999999999993,70.69801395319566,23.508148256082208,23.76326558063576,5.74689393556595,6.560314228773335,2,1,1,5
94,6,138.08944986951371,17.999999999999993,17.999999999999993,64.41615257821366,26.005111144437336,22.42899232788485,5.278706867973844,5.74689393556595,1,1,1,6
94,7,95.86696567551007,17.99999999999999,17.999999999999993,58.74373667145582,28.028292634620712,23.791618994502397,5.277810524250457,5.278706867973844,0,1,1,7
94,8,64.84912107821432,17.999999999999993,17.99999999999999,67.70447079722216,27.41859394204349,22.36326231221393,5.169640766215956,5.277810524250457,0,1,1,8
94,9,34.89069959458606,17.99999999999999,17.999999999999993,77.20583758964352,30.355764849687365,22.42960621932021,4.993070247271379,5.169640766215956,0,1,1,9
95,0,189.1359727912671,21.0,21.0,40.0,32.571571039308665,22.40559973019679,5.317958751712844,0.0,0,0,0,0
95,1,189.1359727912671,19.251431420786176,19.048111994603936,49.895890738510985,32.571571039308665,22.40559973019679,5.317958751712844,5.317958751712844,0,0,0,1
95,2,184.79475214057015,18.0,18.0,59.37913895654508,31.559716313492576,21.124996008919044,4.512108285838666,5.317958751712844,0,0,0,2
95,3,173.71504807826815,18.000000000000004,18.0,68.58395620135263,26.734932518137946,24.40294106412629,4.010530879295906,4.512108285838666,0,0,0,3
95,4,155.58103898438682,18.0,18.000000000000004,62.71197029987451,26.571382676297155,24.13980675993552,3.126356000307401,4.010530879295906,2,0,0,4
95,5,132.4824755580588,19.310569389810052,19.17809534867414,56.741261176607495,28.393214574878197,21.76951251808285,2.887320428291002,3.126356000307401,1,0,0,5
95,6,111.71020039524737,18.0,17.999999999999996,50.85098484663857,29.70733183874901,20.90224410586804,3.772781352674967,2.887320428291002,0,0,1,6
95,7,87.56829142891107,17.999999999999993,18.0,59.8660236374394,30.286281314144414,19.79726752363799,4.023651494389383,3.772781352674967,0,1,1,7
95,8,62.718615039554244,19.932599497264583,19.19787441988557,68.99851219741709,31.99471994760506,18.741327607826527,4.141612731559471,4.023651494389383,0,1,1,8
95,9,35.07987711877488,17.999999999999996,18.0,77.37198129146621,29.710029860088312,16.80924288462907,4.606456320129894,4.141612731559471,0,1,1,9
96,0,178.75404872929352,21.0,21.0,40.0,30.951060259904587,16.20258696163729,5.189564356705251,0.0,0,0,0,0
96,1,178.75404872929352,19.219021205198093,18.92405173923275,48.48765649987754,30.951060259904587,16.20258696163729,5.189564356705251,5.189564356705251,0,0,0,1
96,2,173.8616935286601,18.000000000000004,18.0,57.53938859382839,32.69917114618926,17.58822937575991,4.25090791983298,5.189564356705251,0,0,0,2
96,3,150.71947699766292,18.000000000000004,16.143757591992973,51.832558346962,29.51185402832009,22.116866822422164,3.3048657233919205,4.25090791983298,2,0,1,3
96,4,129.14742096717464,18.0,18.455924335036308,45.30274909752096,26.05201732458676,21.00459795629633,2.696507003811034,3.3048657233919205,1,0,1,4
96,5,107.33779283330625,19.606615346115053,19.374946140609847,40.075123594626234,29.51778233903909,24.77318708932355,2.7262035167335497,2.696507003811034,0,0,1,5
96,6,81.76745737468907,20.12318311965322,20.67196501190418,35.258555003524734,31.799020835715226,24.775598102609774,3.464697540283019,2.7262035167335497,2,0,1,6
96,7,62.65221003011459,19.62373950947574,22.000000000000004,45.74862295681078,34.18837897981699,24.08977631621657,3.6360593787320337,3.464697540283019,1,0,0,7
96,8,54.38833282464456,19.813272873372355,18.924735615714624,55.569717562215345,31.67229611085739,22.889340585834667,4.131938602735017,3.6360593787320337,0,0,0,8
96,9,26.835255483722435,17.999999999999996,17.999999999999996,65.44003932371817,28.469086418503974,26.36603447873395,4.592179556820354,4.131938602735017,0,1,1,9
97,0,315.4369963286065,21.0,21.0,40.0,25.74624457539805,23.994707833016637,7.161468431630273,0.0,0,0,0,0
97,1,282.36817729524216,21.402513714621485,21.409908461881262,48.95337143351465,25.74624457539805,23.994707833016637,7.161468431630273,7.161468431630273,0,0,0,1
97,2,282.36817729524216,19.56894520703935,19.49376953445774,58.10587624694095,27.24755569183167,23.5996932716478,8.146168038116139,7.161468431630273,0,0,0,2
97,3,255.53091854926942,18.000000001176478,17.999999999999996,67.36659776618497,26.28809719711157,25.1603556875774,8.945759258582381,8.146168038116139,0,0,1,3
97,4,220.57787812965503,18.00000000035294,18.00000000070589,77.52222004465327,31.125578401785297,25.294545367483057,8.5568896963664,8.945759258582381,0,0,1,4
97,5,169.12249661569905,18.00000000052942,18.00000000042353,73.71705824729756,35.900258416517154,26.29328715372887,7.868649901147535,8.5568896963664,2,0,1,5
97,6,122.37931615070244,18.000000000412943,18.00000000044471,68.69388104015977,28.19259084712164,27.2342024465573,7.043721625194324,7.868649901147535,1,0,1,6
97,7,77.68603418044691,18.00000000039071,18.00000000038118,64.1227386491992,27.938097827996906,30.0,6.672100045841353,7.043721625194324,0,0,1,7
97,8,57.19272359979528,18.000000000345917,18.00000000034878,74.79521187604267,29.896512284109445,29.39500564279867,4.986977865472029,6.672100045841353,0,0,1,8
97,9,29.166662015947246,18.000000000313044,18.00000000031218,70.83880349777293,31.353286787390346,30.0,4.023472954179632,4.986977865472029,2,0,1,9
98,0,151.4491025001008,21.0,21.0,40.0,32.36557186423817,17.598937635510342,4.164480213099557,0.0,0,0,0,0
98,1,151.4491025001008,19.247311437284765,18.951978752710207,48.993611709954735,32.36557186423817,17.598937635510342,4.164480213099557,4.164480213099557,0,0,0,1
98,2,141.60739773297624,18.0,17.999999999999996,59.573524310075825,36.255569754784936,22.52172246811,2.918470662313587,4.164480213099557,0,0,1,2
98,3,121.39705973305722,18.0,15.945333950147734,55.93260073629412,36.20402772264635,26.90195242301085,2.9424141428703865,2.918470662313587,2,0,1,3
98,4,100.39139407388556,18.0,18.53893257450322,52.72097446048238,37.35960057705839,28.131364557320808,2.661336004820958,2.9424141428703865,1,0,1,4
98,5,82.23494395877381,19.727352455254007,19.407870148177768,48.203932268267565,33.06439061197947,25.174263875715987,2.269556264388969,2.661336004820958,0,0,1,5
98,6,63.85056991496438,20.1402093735197,20.763417891959552,43.2747914514199,30.71694896648893,25.2322687176907,2.4968786422352545,2.269556264388969,2,0,1,6
98,7,46.85793953371914,19.375894366370336,22.072165890905122,53.61926114689235,31.65378604131045,25.815490044647596,3.3985260762490483,2.4968786422352545,1,0,0,7
98,8,38.42292013432129,19.85330131666622,18.8112407097191,64.20215953080432,35.2264186949781,23.567461215643934,4.217509699698926,3.3985260762490483,0,0,0,8
98,9,37.68104411813364,18.000000000000004,18.000000000000004,75.21639277765784,34.322579934890555,26.86760476985126,4.536949672707271,4.217509699698926,0,0,0,9
99,0,101.41112747728673,21.0,21.0,40.0,30.8160831342532,21.123359991682484,2.3091296276005293,0.0,0,0,0,0
99,1,96.79286822208567,18.516321662685066,18.322467199833653,34.34909976266842,30.8160831342532,21.123359991682484,2.3091296276005293,2.3091296276005293,2,0,0,1
99,2,87.26635783874164,19.216755768150446,19.133867661681244,29.079212614376722,30.55420238786085,23.50198012162969,1.1908137979180042,2.3091296276005293,1,0,0,2
99,3,74.99576296534993,20.12433515307574,20.001972439366188,24.844622934342134,33.584646196717216,26.223188914201728,1.533824359173963,1.1908137979180042,0,0,0,3
99,4,59.636108394231414,21.048074072691136,21.033381827718422,20.48594276962379,30.84424824181074,28.27419528753179,1.9199568213898148,1.533824359173963,2,0,0,4
99,5,42.81353010427884,22.114405837792113,22.04087737454323,16.25500711769974,31.86247105206172,27.96566421502689,2.1028222862440717,1.9199568213898148,1,0,0,5
99,6,29.48560339104483,23.743119243281917,20.707075102135565,26.626246102464535,31.30957500493805,26.30841935486638,2.6881227969031807,2.1028222862440717,0,0,0,6
99,7,29.48560339104483,20.3658612629007,21.287560847678357,37.09177913016971,28.798766516115133,29.343083637802536,3.878599834830625,2.6881227969031807,0,0,0,7
99,8,29.48560339104483,19.639180433961545,19.263613136524963,48.1555103992332,33.209022408591885,28.25615130842749,5.148069847758547,3.878599834830625,0,0,0,8
99,9,29.17426075567075,18.000000000000004,18.000000000000004,58.195391908276335,32.13915431045234,23.637965184231728,5.428476534698603,5.148069847758547,0,0,0,9
