day,hour,cost_to_go,T1,T2,H,Occ1,Occ2,price_t,price_previous,vent_counter,low_override_r1,low_override_r2,current_time
0,0,149.41095811823442,21.0,21.0,40.0,32.969097664154,15.4710408718597,4.311188506349689,5.831303587171684,0,0,0,0
0,1,123.5438270801363,22.259381953283082,21.909420817437194,48.71922493648246,32.969097664154,15.4710408718597,4.311188506349689,4.311188506349689,0,0,0,1
0,2,123.5438270801363,20.26274080967607,20.074090213668597,58.35209347337499,34.098941577065816,19.416994739003783,3.524664059340214,4.311188506349689,0,0,0,2
0,3,114.46217319525583,18.702911408778352,21.50237404525661,68.14002304022256,33.61700679934285,20.76037968314361,3.027217961626824,3.524664059340214,0,0,0,3
0,4,95.96681478920841,22.31390597664489,21.26171425928213,78.98910121625781,35.44515142724666,24.827505106282526,3.082559734341235,3.027217961626824,0,0,0,4
0,5,79.4249755232029,19.643969071430874,22.90956296208406,75.23967383725861,32.503181227782214,30.0,3.3083678532011027,3.082559734341235,1,0,0,5
0,6,58.46346979967477,22.8438247643662,18.85393266876653,71.03588126398216,30.24481328432489,29.73411686413934,4.192301144705626,3.3083678532011027,2,0,0,6
0,7,47.52263375294014,18.200055438742265,19.498750944342802,65.80461173374793,24.59216549300006,29.67855933903202,5.470418023367315,4.192301144705626,3,0,0,7
0,8,19.939630971045126,18.0730926937582,18.020810763431992,60.00838268395103,25.69321559175705,25.438845242704595,6.3308398830607695,5.470418023367315,4,0,0,8
0,9,0.0,18.13722168637044,18.032714788198717,69.38258938756617,29.555435016300837,22.523491114894377,7.047661207485221,6.3308398830607695,4,0,0,9
1,0,206.01753124068767,21.0,21.0,40.0,25.7342414983848,16.144992366405123,7.3321530013852945,5.157535487108307,0,0,0,0
1,1,206.01753124068767,19.114684829967697,18.922899847328104,47.53826209566218,25.7342414983848,16.144992366405123,7.3321530013852945,7.3321530013852945,0,0,0,1
1,2,192.66765777008428,17.992989484977198,18.14944702093065,55.19141872958136,22.844535639400757,19.67300121570576,8.648140847410337,7.3321530013852945,0,1,0,2
1,3,156.9412105863093,19.76689458354184,18.10755473171791,64.19587133470586,28.60173119013869,21.42300550499739,7.884593167844987,8.648140847410337,0,1,0,3
1,4,137.0536325847825,20.3743089294809,18.11775129669909,72.81074753653974,24.350130853755847,23.510292489765718,6.095926729207571,7.884593167844987,0,1,0,4
1,5,110.58043098580005,20.2151851094126,18.025683875022445,67.9927544775367,34.47682771181968,22.089877515941293,4.919507707126695,6.095926729207571,1,1,0,5
1,6,85.43896465919902,20.124223062557732,18.041306218358553,62.68286142636451,32.21286023602414,21.62106725746368,4.594508577541502,4.919507707126695,2,1,0,6
1,7,61.040713462841694,20.145168421187837,18.062691221112047,58.28654075079517,37.02063365464495,21.88869592552539,4.360500787747049,4.594508577541502,3,1,0,7
1,8,40.84237776221176,19.989172169292715,17.974196116143492,53.52519174854169,35.76509059783254,21.116303834092516,3.572867359133523,4.360500787747049,4,1,1,8
1,9,21.033945455942845,20.49550613459317,20.772846953329275,65.10577819743516,40.34709562158727,23.989495761154217,3.301405384378153,3.572867359133523,4,1,1,9
2,0,238.23942778961936,21.0,21.0,40.0,27.721293233033787,22.818338600598924,7.647974385457378,7.199748919103557,0,0,0,0
2,1,238.23942778961936,19.154425864660677,19.05636677201198,49.09713373005388,27.721293233033787,22.818338600598924,7.647974385457378,7.647974385457378,0,0,0,1
2,2,228.3334775435279,18.06658387523924,18.117083457079765,58.49182733229344,26.389921148875032,25.80282108578918,8.017705861,7.647974385457378,0,0,0,2
2,3,206.00096394690425,18.055081109271907,18.04545941553974,67.68950366257089,27.307563536933053,23.790638297941637,8.275328396050925,8.017705861,0,0,0,3
2,4,186.1087549628212,18.094165250638365,18.037080357967398,77.22536708732025,29.69078795928531,23.286231067100054,8.302920910912846,8.275328396050925,0,0,0,4
2,5,156.8469308701221,16.35195084774211,18.06587537259994,71.14749467672955,27.937397972883996,21.629977523834345,7.654257442106276,8.302920910912846,1,1,0,5
2,6,108.8918487277783,18.967115730893756,18.072922052968128,65.94872968949066,31.100262650557788,23.35104297589282,6.167881551658359,7.654257442106276,2,1,0,6
2,7,69.88240229961221,19.577245189248814,18.04054710769458,59.46180637519686,25.032606994366216,22.26226348177931,6.241061387746969,6.167881551658359,3,1,0,7
2,8,40.500496908685456,19.619525425050163,18.07725843394446,53.25517891327986,26.46592526731451,22.386144388702185,4.8338865423944295,6.241061387746969,4,1,0,8
2,9,25.735193522238713,20.158126047480973,17.98146941095526,61.3280115242492,25.930922895586534,18.918147165354213,4.217550966233871,4.8338865423944295,4,1,1,9
3,0,167.2736486961983,21.0,21.0,40.0,32.26903443186937,16.978933102062314,3.304801234021085,4.054780927602364,0,0,0,0
3,1,147.4448412920718,22.24538068863739,21.93957866204125,48.864634156107705,32.26903443186937,16.978933102062314,3.304801234021085,3.304801234021085,0,0,0,1
3,2,137.29854332583864,20.2616743986562,23.120512610182082,58.77483826478002,33.350904657636065,21.70578483498792,3.382099322077719,3.304801234021085,0,0,0,2
3,3,126.93712023452781,20.47056343616002,22.507879102995727,68.85379811521634,30.62293243831953,25.37128895299335,3.4538076971036067,3.382099322077719,0,0,0,3
3,4,114.59012264886903,20.41504103108651,22.658672917762534,79.72314731807145,33.82197200642916,26.56330134276599,4.115665861886264,3.4538076971036067,0,0,0,4
3,5,105.87363882779165,19.977725665089686,19.189331592293154,76.56088787921502,35.765225339686424,30.0,4.358241910538685,4.115665861886264,1,0,0,5
3,6,92.95940103215149,18.098023743601757,18.07830499125121,72.35971944071693,32.03362218255116,27.959886492459493,5.112308244964565,4.358241910538685,2,0,0,6
3,7,64.99851758326943,18.096776813610195,17.986309169773552,67.61181945749844,31.57855164606743,25.377559558274285,5.275780035,5.112308244964565,3,0,1,7
3,8,34.899712085864394,18.180566996361026,19.17774043658521,63.775981048419766,35.46929499083572,26.55382495872718,4.389079756,5.275780035,4,0,1,8
3,9,20.219732685807728,18.038183708605832,20.121481544382142,74.49606348015257,31.929797814504514,27.62621569512222,4.156893335917718,4.389079756,4,0,1,9
4,0,184.7355381606831,21.0,21.0,40.0,31.365327650566044,22.007154082152155,6.769341992482144,5.273271777648426,0,0,0,0
4,1,184.7355381606831,19.22730655301132,19.040143081643045,49.607046711889275,31.365327650566044,22.007154082152155,6.769341992482144,6.769341992482144,0,0,0,1
4,2,176.35654348643516,18.128011373869846,18.105756841519984,59.675716691222405,31.633591567781178,24.30346387295844,7.224936543967067,6.769341992482144,0,0,0,2
4,3,158.3372887350513,18.16857848195077,18.189161072376717,71.42871682747575,36.35146392844239,28.94298127296512,6.859592786501511,7.224936543967067,0,0,0,3
4,4,121.79869552006713,18.306893080417616,18.120826319214398,68.99888856706754,41.51534535158693,28.31894209058969,6.614926951011565,6.859592786501511,1,0,0,4
4,5,93.02093489332884,18.05747069641852,18.147991019311146,65.75638970120758,35.319450745222504,30.0,5.722686684749252,6.614926951011565,2,0,0,5
4,6,67.15705720883578,18.167479713169197,17.946908080660357,61.67321923477422,37.37420676699273,23.27484619726643,5.055002876401586,5.722686684749252,3,0,1,6
4,7,39.737492680957416,18.24009903320836,19.322746723067052,58.21242852263234,39.33264963313126,24.77406863274712,4.097149072681395,5.055002876401586,4,0,1,7
4,8,30.101454073711757,18.20925503715893,20.411407283345202,70.30512040724344,38.29068417179338,28.890937409379404,2.9332928388326955,4.097149072681395,4,0,1,8
4,9,11.457497301758766,18.120671794026592,19.829474939105417,66.76434399424842,35.002111755189766,28.660241505949053,3.3875229582215765,2.9332928388326955,5,0,1,9
5,0,74.65928895817636,21.0,21.0,40.0,32.81367886473842,16.657447977782923,6.053035409,7.581990489683603,0,0,0,0
5,1,56.50018273117636,22.25627357729477,18.93314895955566,48.90480283165384,32.81367886473842,16.657447977782923,6.053035409,6.053035409,0,0,0,1
5,2,56.50018273117636,18.426190715182877,19.190289384252797,58.18749294771116,31.606218228676816,19.96428241608611,4.233234238138066,6.053035409,0,0,0,2
5,3,47.87410882868427,18.124419116389973,20.138614845162888,68.04928940948483,33.86182316647451,20.925934954490288,2.4661025689868654,4.233234238138066,0,0,0,3
5,4,43.08299964668427,21.31881457124951,20.470899871699118,78.55745253781963,35.28074154611529,23.09794250018918,0.798518197,2.4661025689868654,0,0,0,4
5,5,37.83679371955278,21.89913427711707,21.923681068967927,73.69741189507597,33.91224422051305,22.42086331979994,0.6557757408914365,0.798518197,1,0,0,5
5,6,28.46259290650687,22.92496045197773,22.835282514280195,68.7747942881088,30.050576373092493,25.934881365978743,1.1717751016307385,0.6557757408914365,2,0,0,6
5,7,13.567127286331473,23.664369506277826,23.681477865519117,63.46076083796737,27.15033819019525,26.66058708679685,1.8619332025219248,1.1717751016307385,3,0,0,7
5,8,8.70790114,21.317099277822358,21.191203458446115,58.46542998320365,30.809830415752774,24.771664835559893,2.429613073165737,1.8619332025219248,4,0,0,8
5,9,8.70790114,19.81210417562906,19.571621580603846,70.27040139514993,39.74787077635845,25.835303734454214,3.3176841873575342,2.429613073165737,4,0,0,9
6,0,291.2498188474236,21.0,21.0,40.0,29.01257819165574,17.67497995388691,7.267481148619879,2.2705577079860277,0,0,0,0
6,1,291.2498188474236,19.180251563833117,18.95349959907774,48.40376046619768,29.01257819165574,17.67497995388691,7.267481148619879,7.267481148619879,0,0,0,1
6,2,275.8593946797094,18.098914958217602,18.170308121399653,57.73349632378941,27.85689903172367,23.974966843785936,11.011881008803204,7.267481148619879,0,0,0,2
6,3,259.12573786068776,16.862810682839527,18.129892256473276,68.00556498806338,31.18282104234684,25.88422709250853,12.0,11.011881008803204,0,1,0,3
6,4,226.3415976156017,19.589226425942908,16.149154052491028,77.54140371591035,27.98713844472981,24.989743376642245,10.928046748362023,12.0,0,1,1,4
6,5,151.75241986386592,18.764514655918337,19.628281989713702,72.8269998816591,32.77745991641811,24.364741004408312,9.323647218966974,10.928046748362023,1,1,1,5
6,6,91.32569411158687,20.647910324651303,20.25420589823458,68.16439305801254,32.079336702378924,25.35062538847351,7.553340719034881,9.323647218966974,2,1,1,6
6,7,42.267115136316114,21.501842391746568,21.509811702445056,63.19344673073677,30.61203285489704,25.1049319935709,6.132322371908845,7.553340719034881,3,1,1,7
6,8,0.0,22.358209394746396,22.27705695187981,58.447753917795765,30.453227872145572,26.515145389293345,5.283389392039514,6.132322371908845,4,0,0,8
6,9,0.0,20.58999448499133,20.559553089879113,68.91671645358218,30.45012968760041,27.7107732889908,4.362409173376318,5.283389392039514,4,0,0,9
7,0,250.4336426412516,21.0,21.0,40.0,30.779173783334635,20.680614680722343,7.090128116,2.9956330997377263,0,0,0,0
7,1,250.4336426412516,19.215583475666694,19.013612293614447,49.262761923530256,30.779173783334635,20.680614680722343,7.090128116,7.090128116,0,0,0,1
7,2,239.56140443061935,18.101355014969947,17.985681131266414,58.11454585737656,31.01902742537257,18.15754998488469,9.193204237929365,7.090128116,0,0,1,2
7,3,210.63623192971613,16.812385335333385,19.613978684883143,68.31552102443551,34.16376251975196,22.508321741686643,9.64172416696774,9.193204237929365,0,1,1,3
7,4,160.50522106288278,20.668015844472844,19.582474651086738,79.84769515109312,38.16039673152284,25.90723730546388,8.355168477805561,9.64172416696774,0,1,1,4
7,5,99.73353441007612,21.22634468667784,21.31552937701695,75.92689694068889,36.68750221857296,24.863618834736847,7.596460831600832,8.355168477805561,1,1,1,5
7,6,47.33527201243184,22.472176897436302,22.28662778759057,72.36695919000292,35.74779326113881,27.808108123939096,6.549782799705535,7.596460831600832,2,0,0,6
7,7,36.18135722426068,20.379885789871643,20.293166702024795,69.10942189872846,36.17754748869626,29.05835644866782,5.576957394085579,6.549782799705535,3,0,0,7
7,8,23.85977804780404,18.464947416748284,18.288905036525012,66.3736770242022,39.11882801297138,29.015922684104915,6.160789588228319,5.576957394085579,4,0,0,8
7,9,11.973093098,18.06597019542832,18.10817847920383,78.14026879928726,35.36995430602813,30.0,6.022561510933938,6.160789588228319,4,0,0,9
8,0,133.66147430676114,21.0,21.0,40.0,32.21736375634937,19.458250283585784,6.485857822549366,7.7394799538568435,0,0,0,0
8,1,114.20390083911303,22.244347275126987,18.989165005671715,49.30161052718833,32.21736375634937,19.458250283585784,6.485857822549366,6.485857822549366,0,0,0,1
8,2,114.20390083911303,18.453621436142498,19.288215197723108,59.355382527134005,31.47616742569292,24.378121462894168,5.47268384,6.485857822549366,0,0,0,2
8,3,108.03800592113623,18.204441658856787,18.125298071906425,70.71475542908586,34.780299379992755,28.32732785307307,4.797076067101612,5.47268384,0,0,0,3
8,4,85.13225927492122,18.125874653311673,17.966226309430812,65.57108477163821,32.368354523625115,22.389030712776854,4.153521599292188,4.797076067101612,1,0,1,4
8,5,56.57048254402086,18.200411991253432,19.39982548388053,62.40379378499277,36.150887258824426,29.586385037589807,4.252041794701322,4.153521599292188,2,0,1,5
8,6,36.094117291626205,18.121911388541875,19.911905912166116,59.09212757334362,36.34963410056533,28.58555361249489,3.595561977175403,4.252041794701322,3,0,1,6
8,7,21.76082621965648,18.071306982544858,19.820910097149337,53.33264010251982,29.761861114551024,21.574319603094565,2.582738914567651,3.595561977175403,4,0,1,7
8,8,16.244058383470588,18.014990617767275,20.30452294022601,61.741893266619556,25.580041971796938,21.138031162090503,1.7814721961087492,2.582738914567651,4,0,1,8
8,9,11.060935910879921,18.175284407914763,20.33605464942643,71.88567914887919,29.933941262016344,26.420424750537165,1.6816855144504357,1.7814721961087492,4,0,1,9
9,0,155.68854288419234,21.0,21.0,40.0,33.24437219818739,19.98399187856279,6.830282956640339,5.773273185929288,0,0,0,0
9,1,155.68854288419234,19.26488744396375,18.999679837571257,49.581105533815034,33.24437219818739,19.98399187856279,6.830282956640339,6.830282956640339,0,0,0,1
9,2,147.83001104488937,18.05856105256932,18.020275092994265,58.08753008683389,27.85407359904675,19.40384058439131,6.654260394555777,6.830282956640339,0,0,0,2
9,3,128.26548510766997,18.048492984179088,18.152839698011327,66.99291484850224,25.01012455105857,24.464235235987815,6.685748167751662,6.654260394555777,0,0,0,3
9,4,111.75567235042115,18.172875400784203,18.122177577448593,77.57581240610489,33.056264888307936,25.737610431706766,7.017789822289494,6.685748167751662,0,0,0,4
9,5,76.07651201896545,18.041473741757432,18.156590496326675,73.91102780332514,33.02704542917933,29.946373444266555,6.8777274829861215,7.017789822289494,1,0,0,5
9,6,48.27187302346843,18.151465503002733,18.089519670505048,70.67140232414258,35.33541400454128,30.0,5.392656343724765,6.8777274829861215,2,0,0,6
9,7,29.100132725831482,18.149273401932597,18.041930952704814,67.43934224071302,38.349224682063095,27.028219298883776,3.700137685,5.392656343724765,3,0,0,7
9,8,13.413961488094607,18.22061941846794,18.133192051938668,64.89148518041836,40.11917920538199,29.059392681869905,2.7947410180477528,3.700137685,4,0,0,8
9,9,7.0988670354592776,18.190690997850293,18.1213211425296,78.01248977949496,42.89446999487001,30.0,2.7207304042692377,2.7947410180477528,4,0,0,9
10,0,46.10134890829818,21.0,21.0,40.0,25.90433139596119,21.46027891507768,2.398807380861561,5.763960930748606,0,0,0,0
10,1,31.70850462312881,22.118086627919226,22.029205578301553,48.525629855987,25.90433139596119,21.46027891507768,2.398807380861561,2.398807380861561,0,0,0,1
10,2,25.065492995377344,23.220030440883516,23.061826924433376,57.83797104307545,30.489310191965156,21.24591862519289,1.1071686046252442,2.398807380861561,0,0,0,2
10,3,24.848604965377344,24.406691005092714,24.2482247918923,68.51786032649848,34.814540824005924,24.518177417233144,0.036148005,1.1071686046252442,0,0,0,3
10,4,23.94506374418868,25.74081389406782,25.56492847230017,80.49603189860704,38.858330954607,27.68706666821836,0.1505902035314441,0.036148005,0,0,0,4
10,5,22.87606081803542,26.352115559756175,26.205112518932008,77.16587966959523,37.41046049216204,27.422027124438983,0.1336253657691576,0.1505902035314441,1,0,0,5
10,6,21.018140068942436,23.981663627636408,23.80135667004335,73.69951491133878,37.64807241751762,26.427678925502114,0.9289603745464912,0.1336253657691576,2,0,0,6
10,7,6.7730980887574415,24.73219200471789,24.616132543186772,70.02327966164998,35.70869080442363,27.201113363971903,1.7806302475231244,0.9289603745464912,3,0,0,7
10,8,4.180797673087338,22.373640661744194,22.216860064099254,67.54766558658852,39.57992180521409,30.0,1.296150207835052,1.7806302475231244,4,0,0,8
10,9,4.180797673087338,20.68402404973594,20.596537317963808,79.55835378617903,36.72604555328055,30.0,1.3059908441020889,1.296150207835052,4,0,0,9
11,0,192.6876107899029,21.0,21.0,40.0,34.82587986096777,15.596075442048257,7.139526913102904,2.097733795737998,0,0,0,0
11,1,192.6876107899029,19.296517597219356,18.911921508840965,49.07595195454289,34.82587986096777,15.596075442048257,7.139526913102904,7.139526913102904,0,0,0,1
11,2,180.13053467915955,18.136859182514737,18.066799352970563,58.27526444554273,31.8779489654034,19.22934265126242,9.815371048649055,7.139526913102904,0,0,0,2
11,3,165.26542299423056,16.85816566506554,18.06998578696566,67.77372495931408,33.48666984206323,19.282555234444267,10.078831281894056,9.815371048649055,0,1,0,3
11,4,120.48428980175494,19.65913724374573,18.034551810776854,77.4535413304281,33.34954868670936,20.42720893059076,8.960873032667674,10.078831281894056,0,1,0,4
11,5,76.75021357656183,19.8143838500034,18.090279708671048,71.61956964450617,27.660324605054164,23.26205491760185,7.442216153401197,8.960873032667674,1,1,0,5
11,6,48.225097917534896,19.84889978446152,17.997496189487215,64.53478840893945,22.52084021289357,21.452597367291343,5.046254740706354,7.442216153401197,2,1,1,6
11,7,23.974177687516583,19.84339503748232,20.227162923985293,57.84531090353846,27.3761145069524,18.79345490748656,3.0313650287522886,5.046254740706354,3,1,1,7
11,8,9.276149910956544,20.94849955294739,20.74580634731663,50.453852748402255,23.323909449951604,18.945767465958323,1.837253472070005,3.0313650287522886,4,1,1,8
11,9,0.0,22.067664458452402,22.116569692199377,58.056774081754384,21.41679412453456,20.82165772742172,1.546024985159424,1.837253472070005,4,0,0,9
12,0,221.85799818239565,21.0,21.0,40.0,26.68594523517113,17.989768671675385,7.893431988743194,5.510491875932469,0,0,0,0
12,1,221.85799818239565,19.133718904703425,18.959795373433508,48.041628503232374,26.68594523517113,17.989768671675385,7.893431988743194,7.893431988743194,0,0,0,1
12,2,208.57046233841882,18.03225112967761,18.141397187155988,57.11597892230178,26.19352513331667,24.21953275040224,9.722816005948197,7.893431988743194,0,0,0,2
12,3,194.17050175102125,16.860860177532633,18.090134022959447,67.62059750663646,32.9525812324119,25.406410902780777,10.191479956704192,9.722816005948197,0,1,0,3
12,4,149.9451118855959,19.646957479443987,18.169654779161746,78.52806337463066,32.095695704802225,28.501336895165583,8.910361286274178,10.191479956704192,0,1,0,4
12,5,108.28041460174617,19.936824837080305,18.074916229828744,73.77916790166276,29.91198137187892,27.03859933385496,7.243051151382616,8.910361286274178,1,1,0,5
12,6,71.82459580868432,19.949167592367175,18.10985785992767,68.658757968493,26.158520167291893,28.728091315098357,6.567756554636774,7.243051151382616,2,1,0,6
12,7,41.38998584866066,19.809549272637106,18.097768228902368,62.68956551073374,20.808959032893394,29.362193979555126,5.468577530519753,6.567756554636774,3,1,0,7
12,8,17.972328532757786,19.65834549483802,18.048228815007946,56.351360009428845,23.20573386964927,24.915346678656856,4.008392502035858,5.468577530519753,4,1,0,8
12,9,6.527440439092565,20.15204641841381,18.193943197230286,66.00098456439417,25.91552896350606,27.693496341856868,3.2483411032172773,4.008392502035858,4,1,0,9
13,0,264.3893486001268,21.0,21.0,40.0,29.72369114070828,15.898684800310212,4.917734207362141,2.2657112237249217,0,0,0,0
13,1,264.3893486001268,19.194473822814167,18.917973696006207,48.21202766938333,29.72369114070828,15.898684800310212,4.917734207362141,4.917734207362141,0,0,0,1
13,2,254.123244314452,18.20594601267842,18.05085352786652,57.54065446355119,33.51982753892794,18.305876873115736,7.309474058084169,4.917734207362141,0,0,0,2
13,3,231.1029043810122,18.00230510029844,18.145878951128342,67.05306477284032,28.020524147543284,24.82619979295188,8.701565027637658,7.309474058084169,0,0,0,3
13,4,210.45962858374867,18.110367293491276,18.04804990247851,76.3730017906637,28.812825331466435,22.964602545330152,8.586721708783863,8.701565027637658,0,0,0,4
13,5,179.75968962548018,16.365266144143405,18.174964687337173,71.49082537076474,28.031045814821496,28.179085185739893,8.104433529053114,8.586721708783863,1,1,0,5
13,6,120.03659606469898,18.95168856488246,18.10533734519003,66.69754130074213,26.85649546185668,29.847481926906653,7.820497280287988,8.104433529053114,2,1,0,6
13,7,78.61976569881341,19.662864745088665,18.160403087031327,62.12889680078315,28.57253350987129,29.37944149035664,6.650640680847666,7.820497280287988,3,1,0,7
13,8,40.535249594521886,19.785688416428094,18.12559385085704,57.909835182115074,29.894102118510705,30.0,6.469203201412769,6.650640680847666,4,1,0,8
13,9,19.30796307,20.32345503139701,18.05974597450105,68.38580656024446,30.254864713342,27.944976276265702,6.462944993413989,6.469203201412769,4,1,0,9
14,0,71.05033078581258,21.0,21.0,40.0,26.261996141262443,21.0592616014806,4.478147900676209,7.277721786841092,0,0,0,0
14,1,44.181443381755315,22.12523992282525,22.021185232029612,48.517826393693746,26.261996141262443,21.0592616014806,4.478147900676209,4.478147900676209,0,0,0,1
14,2,44.181443381755315,20.270890894040452,20.0888198851944,58.53787142210776,33.165643814379706,22.501273010142626,2.4074503828876264,4.478147900676209,0,0,0,2
14,3,37.88377078662154,21.731850767461466,21.6033648485563,69.30984642409005,34.49983332225874,25.34447224430956,1.049612099188962,2.4074503828876264,0,0,0,3
14,4,33.14297160259651,23.231637273419697,23.212825013356255,80.62606874570497,32.86790178674952,30.0,0.7901331973375043,1.049612099188962,0,0,0,4
14,5,30.218977229500346,24.11983532481016,24.04184649293518,77.11236881290304,33.99720182290064,29.8155763281998,0.3654992966370204,0.7901331973375043,1,0,0,5
14,6,25.701765193676664,24.909508239614585,24.87391876977494,73.25358917367151,32.42248732052146,29.47318135041445,0.5646515044779603,0.3654992966370204,2,0,0,6
14,7,17.104957758886467,25.597768542427538,25.506417773748957,69.17681547358009,32.89298551828559,27.79160503676208,1.0746009293487748,0.5646515044779603,3,0,0,7
14,8,7.309036467934602,23.062204106525787,25.835008458173448,64.23912762521888,34.3158890617833,21.585845113987737,1.959184258190373,1.0746009293487748,4,0,0,8
14,9,7.309036467934602,23.00001538898537,21.954547351083043,74.43146228139557,33.65270902180258,22.97137240140121,3.2220152578563246,1.959184258190373,4,0,0,9
15,0,121.1520052458015,21.0,21.0,40.0,27.966960170684136,18.15766526431868,6.016773721870224,6.7515617982732055,0,0,0,0
15,1,103.10168408019084,22.159339203413683,18.963153305286376,48.302432578300504,27.966960170684136,18.15766526431868,6.016773721870224,6.016773721870224,0,0,0,1
15,2,103.10168408019084,18.458086371394568,19.1140283399951,57.72796742996174,33.754886275556096,18.60919623367299,4.453263300382446,6.016773721870224,0,0,0,2
15,3,90.06733560545608,18.070823393329086,20.2043056733046,67.71637343939324,31.09362215775104,24.397522339090624,3.6863793374208806,4.453263300382446,0,0,0,3
15,4,81.11071370889897,18.39423902053681,20.519180256589937,79.23990972417641,37.885175012142064,26.134471014431107,2.9855406321857028,3.6863793374208806,0,0,0,4
15,5,59.05857377653206,21.073578551877738,20.28231275144686,75.47554353974644,35.054679672512414,27.36550819176548,2.756517491545865,2.9855406321857028,1,0,0,5
15,6,40.34006350206276,21.719618449027838,21.832614347965777,70.66291915575974,31.40786162982004,25.18866957025388,2.3398137843086624,2.756517491545865,2,0,0,6
15,7,15.768806956796594,22.669928764496923,22.67491379431633,65.22472475980602,25.58847613483113,27.532666109870476,3.071407068158271,2.3398137843086624,3,0,0,7
15,8,8.881067626166583,20.320475082384924,20.397136495305542,60.32131246300813,26.092153906678394,30.0,3.443869665315005,3.071407068158271,4,0,0,8
15,9,8.881067626166583,18.925747082377054,18.770270398942692,71.44150778521775,34.2013879395368,27.577474961627782,4.130537653213358,3.443869665315005,4,0,0,9
16,0,32.18347574428094,21.0,21.0,40.0,34.62841056110579,15.575079902738878,2.747501458813862,5.740885074374117,0,0,0,0
16,1,15.698466991397765,22.292568211222118,21.91150159805478,49.036628283492036,34.62841056110579,15.575079902738878,2.747501458813862,2.747501458813862,0,0,0,1
16,2,12.358148475009596,23.29821416619066,23.073942355730203,58.701763295261685,35.31239211518222,18.38280239464918,0.5567197527313617,2.747501458813862,0,0,0,2
16,3,9.334336794800986,24.41737255313325,24.186043394995615,68.18673077048724,33.81239940752076,18.88186434373233,0.5039686133681017,0.5567197527313617,0,0,0,3
16,4,4.626670203236059,25.56746606435044,25.42377274498192,77.75151910501,31.89615815503073,21.24155481454018,0.7846110985941548,0.5039686133681017,0,0,0,4
16,5,4.127791520166488,26.11586936429082,25.895484182720715,72.05597490289695,32.433039984202544,19.258381115169357,0.0623598353836964,0.7846110985941548,1,0,0,5
16,6,3.495442306297117,23.575196692831955,26.462736215177696,66.30540734419037,30.157268695613837,21.228467089349618,0.1264698427738742,0.0623598353836964,2,0,0,6
16,7,3.495442306297117,26.122564309569803,22.07828575376948,61.037109589741036,31.48292371505573,22.58208876022572,0.0,0.1264698427738742,3,0,0,7
16,8,0.0,21.017699719543053,25.22163940076214,55.69558438981484,27.062693804896934,26.59549952884645,0.6990884612594235,0.0,4,0,0,8
16,9,0.0,21.814347031428248,20.55077760703958,64.11175103117796,23.437928671026736,23.31855266987953,1.2904280770404633,0.6990884612594235,4,0,0,9
17,0,237.6144000498278,21.0,21.0,40.0,25.81871451238587,16.634519240858396,5.629555566,2.810798798891432,0,0,0,0
17,1,237.6144000498278,19.11637429024772,18.93269038481717,47.64158207558397,25.81871451238587,16.634519240858396,5.629555566,5.629555566,0,0,0,1
17,2,227.2669657768592,18.08432304436885,18.108412782158766,56.28930012919906,26.516221983085657,21.52665609255376,7.024113614054433,5.629555566,0,0,0,2
17,3,207.65862296747332,18.09582637764286,18.046557850894548,65.01244674424899,26.782585747821816,21.67933989134448,7.040460804292091,7.024113614054433,0,0,0,3
17,4,191.08164997259712,18.10082356124765,17.95147319272387,73.38388655570697,28.990997005707317,17.517001946836952,6.882465053019259,7.040460804292091,0,0,1,4
17,5,148.99956948416616,18.130314440753946,19.20765588875935,67.53096001015075,29.866339952854123,20.95073479405577,6.1984299688104585,6.882465053019259,1,0,1,5
17,6,110.85340352603677,18.20487170226122,19.660844736726535,62.45569689219343,34.11946184014111,21.0179652823182,6.401658140436525,6.1984299688104585,2,0,1,6
17,7,74.99823518878354,18.036275047175337,19.78065317725814,56.42097206200833,28.96850244820124,20.838581828548215,6.339055966529619,6.401658140436525,3,0,1,7
17,8,38.125927986901296,18.15632392427395,19.644345920426133,51.290647189412965,30.047536454031103,24.783992031550195,6.267183403,6.339055966529619,4,0,1,8
17,9,23.16330176323426,17.964391627394967,20.112949330512134,59.29574186399632,23.54493328550933,20.92781490662042,4.462867536297095,6.267183403,4,1,1,9
18,0,145.9687049843301,21.0,21.0,40.0,34.443744382523725,18.677464581644607,5.635131593856222,3.710905355422147,0,0,0,0
18,1,145.9687049843301,19.288874887650476,18.973549291632892,49.5618176135503,34.443744382523725,18.677464581644607,5.635131593856222,5.635131593856222,0,0,0,1
18,2,138.66083483544605,18.074031751562217,18.139135537289544,59.78810178830429,32.17039161744754,24.64229824229684,6.489297640153488,5.635131593856222,0,0,0,2
18,3,121.53176989609369,18.199515018071843,18.0460716186149,70.4861729242241,37.29897793767242,22.13475059521549,6.462647732471483,6.489297640153488,0,0,0,3
18,4,92.07381278367566,18.07582232945861,18.049502389217533,65.44544607120515,33.166834700111565,22.16246056089426,5.248820222218948,6.462647732471483,1,0,0,4
18,5,67.10300791572028,18.086620245341198,18.12943213668556,60.29118868371181,31.351090865406764,23.34747920407466,4.520520264842107,5.248820222218948,2,0,0,5
18,6,39.264473099635765,19.483159440817364,18.068473738048397,54.853188840241856,28.975704260183488,24.14651883165008,4.158268771345154,4.520520264842107,3,0,0,6
18,7,24.13498259397007,18.2436140650541,18.074868419889665,50.65339631776001,35.39375135420171,24.60740129867693,3.5711570984621663,4.158268771345154,4,0,0,7
18,8,16.672682623125816,18.12630748767419,18.10468009393907,61.39901727818587,32.92479175960908,26.77310246497904,3.4468132854144784,3.5711570984621663,4,0,0,8
18,9,8.090828354513906,18.208199520420113,18.07434769240284,72.88376224819073,36.07762946962353,27.72650925262572,3.32116926890584,3.4468132854144784,4,0,0,9
19,0,126.56261680600464,21.0,21.0,40.0,27.195361581889124,23.8040828251533,2.267431907553209,4.022244520743904,0,0,0,0
19,1,112.95802536068538,22.143907231637783,22.076081656503067,49.17989999326764,27.195361581889124,23.8040828251533,2.267431907553209,2.267431907553209,0,0,0,1
19,2,102.06701031505078,23.251462326097315,23.20220692202259,59.44970500203058,30.267313050831127,26.78715922007411,1.8151691742724327,2.267431907553209,0,0,0,2
19,3,91.09833946667015,24.28966362209454,24.3744731533773,68.82090684113064,24.28029346821377,27.78193897123093,1.8281118080634384,1.8151691742724327,0,0,0,3
19,4,76.72869750728287,25.552594523936413,25.578845217582398,79.15566486385332,27.41532234845933,30.0,2.3949403265645466,1.8281118080634384,0,0,0,4
19,5,49.66681730480141,26.139831493391387,26.10750846983053,74.44837085692348,29.202045367427065,27.97965459407385,3.3827350253101818,2.3949403265645466,1,0,0,5
19,6,42.44410348457282,23.81600885041132,23.603144073642103,70.2172934713067,35.477716024779184,24.34963183290538,3.611356910114296,3.3827350253101818,2,0,0,6
19,7,34.10395967914401,21.47103895656917,21.370151972000723,64.9241813739783,31.08223794740131,22.84491706744089,4.170071902714403,3.611356910114296,3,0,0,7
19,8,24.992901040267785,19.34041293784065,19.195923920782104,60.668874810542206,34.2152484678489,25.47749284639502,4.555529319438115,4.170071902714403,4,0,0,8
19,9,22.716362529898703,17.99614670602252,18.042242225072354,70.04551389252939,28.50838907949843,23.58405026487481,4.559942761740891,4.555529319438115,4,1,0,9
20,0,146.31593712356712,21.0,21.0,40.0,34.03487760059643,23.695520081705304,5.530670999028015,3.018100944219988,0,0,0,0
20,1,146.31593712356712,19.28069755201193,19.07391040163411,50.39147158281431,34.03487760059643,23.695520081705304,5.530670999028015,5.530670999028015,0,0,0,1
20,2,139.76225629618386,18.067573406469457,18.07927592447314,60.58021625569502,32.24508737946167,24.35904969209785,6.680410704530024,5.530670999028015,0,0,0,2
20,3,121.84970507669857,18.002237730876793,18.095160085430543,70.19656629242833,28.496356407223654,24.927810463516977,6.678404481872221,6.680410704530024,0,0,0,3
20,4,87.6376294299179,18.194430890007474,18.250311695158647,66.52449218382688,33.55845294528952,29.37446867359129,5.785892698590509,6.678404481872221,1,0,0,4
20,5,61.75685065701556,18.017396663956614,18.12412076581056,62.31684936677297,29.957539905256056,30.0,5.1181283516326985,5.785892698590509,2,0,0,5
20,6,38.10261523607774,18.107280775003197,18.04575038632964,57.476638638442495,29.708907464702243,26.73436626679511,4.465759594723016,5.1181283516326985,3,0,0,6
20,7,18.139840470568643,18.13005525858741,18.010324534744374,52.20701565734592,32.15673728843194,21.90091281658705,3.672268136192737,4.465759594723016,4,0,0,7
20,8,11.606409276924762,18.087909695620542,18.06601529362587,61.55746976247089,30.44743043317154,21.49953681752274,2.718600098748033,3.672268136192737,4,0,0,8
20,9,5.297398884348695,18.112808965664964,18.019935470798952,70.56073373127677,31.12327340584094,18.89485975419172,2.270032877088619,2.718600098748033,4,0,0,9
21,0,179.35363184832596,21.0,21.0,40.0,34.599403986625305,23.335456982769287,4.635424999011551,7.291819783222505,0,0,0,0
21,1,151.54108185425665,22.29198807973251,22.066709139655387,50.428274974491025,34.599403986625305,23.335456982769287,4.635424999011551,4.635424999011551,0,0,0,1
21,2,151.54108185425665,20.43435533804549,20.329347836118625,62.36484783455082,37.47192643224938,28.842367234749485,2.740063549903083,4.635424999011551,0,0,0,2
21,3,133.3432517445081,22.140166357052635,21.8667124553504,75.90945320507352,45.24780761401495,30.0,3.032971684958091,2.740063549903083,0,0,0,3
21,4,112.13314358388408,20.10477683491245,22.77565608225587,74.30893930949911,47.49971781369669,26.941871655334356,4.242021632124803,3.032971684958091,1,0,0,4
21,5,101.1631221961171,20.0731103881974,18.952026775412318,71.43497538329842,41.67892950288291,25.687937573779973,5.485010693883489,4.242021632124803,2,0,0,5
21,6,86.60889479404807,18.067231365577538,18.092409973303635,68.29462081428133,36.89217430811269,28.99474475290343,5.777138797785983,5.485010693883489,3,0,0,6
21,7,60.41349286813407,18.041921550617662,18.122838885944727,64.86418009735128,34.2753293503886,30.0,4.989442179725419,5.777138797785983,4,0,0,7
21,8,49.68815034394473,18.159536631756616,18.10559041974166,76.18074060549844,32.86978060081759,30.0,4.716433036,4.989442179725419,4,0,0,8
21,9,22.753184478792228,17.97735697511386,18.04558690451349,70.82226478878053,26.599923791479128,26.96409944897689,4.566440939,4.716433036,5,1,0,9
22,0,110.94707880876275,21.0,21.0,40.0,28.166889866459577,18.23033519432189,2.3929586011749118,2.6222743122223973,0,0,0,0
22,1,96.58932720171329,22.16333779732919,21.96460670388644,48.35150051094067,28.166889866459577,18.23033519432189,2.3929586011749118,2.3929586011749118,0,0,0,1
22,2,79.90286874628947,23.06929593942902,23.00674234259159,55.96818635890426,24.211783810544198,18.10313756703134,2.781076409237303,2.3929586011749118,0,0,0,2
22,3,70.61909496107536,21.21466086536438,24.102509236386624,65.2754989599211,29.126588814660344,22.580703413210927,3.0945912617380373,2.781076409237303,0,0,0,3
22,4,61.22876360203878,21.494714863056792,23.54002578187808,74.85039517052708,28.80529816515105,24.38856967154888,3.130110453012193,3.0945912617380373,0,0,0,4
22,5,33.70936733584337,23.778870654520475,22.971030471169684,70.04941430814128,33.18678140820518,23.474436022984865,3.439924533274427,3.130110453012193,1,0,0,5
22,6,17.3764979022907,24.126603469192915,21.219344216618577,64.68874436235444,30.516199506748173,23.035634127769363,3.2665738867105327,3.439924533274427,2,0,0,6
22,7,11.104441624921176,20.227150027892463,20.908712362512485,60.84063785130118,35.74286794254805,26.212095884933824,3.136028138684763,3.2665738867105327,3,0,0,7
22,8,5.238764204840583,18.717140822082214,18.385293966986943,57.49337382101879,35.553164894724866,29.18425715926184,2.932838710040296,3.136028138684763,4,0,0,8
22,9,0.0,18.087703509571465,18.149841569385973,69.32542900825614,35.73363992909633,30.0,3.052730709227171,2.932838710040296,4,0,0,9
23,0,131.1500593529617,21.0,21.0,40.0,25.76796364159105,19.968384727961094,7.497149033777024,6.3965568804569015,0,0,0,0
23,1,131.1500593529617,19.11535927283182,18.999367694559222,48.23254270651938,25.76796364159105,19.968384727961094,7.497149033777024,7.497149033777024,0,0,0,1
23,2,121.7500635641355,18.190934067660088,18.097232535137543,57.81682514539924,29.54670338300439,23.69931016632816,6.688473521913769,7.497149033777024,0,0,0,2
23,3,107.83991251650964,17.940794654125117,18.12639615954015,66.45089693499445,21.739602451765208,26.227463045985957,5.281179815041523,6.688473521913769,0,1,0,3
23,4,88.90404229308594,19.804599299494132,18.098992470633497,75.28828131370287,22.69090546100109,26.405674420712387,4.428637114635541,5.281179815041523,0,1,0,4
23,5,66.7870493378963,19.88439160903015,18.04917486095026,69.38800096709252,27.045561924466508,23.508436149920485,3.864010626762654,4.428637114635541,1,1,0,5
23,6,52.704834941762854,19.929995134458558,18.170157766424268,64.32992532746489,26.75863675896801,28.47427635421184,2.4900981745775432,3.864010626762654,2,1,0,6
23,7,37.383737674394794,20.036435817002868,20.47732673580208,59.57385803593384,30.631875924912688,26.27886134435924,1.9151371584210075,2.4900981745775432,3,1,0,7
23,8,12.172734832661881,21.295563097391412,21.058425892673846,54.52959049917634,30.27656062484088,25.03306417095077,3.151375355216614,1.9151371584210075,4,1,0,8
23,9,0.0,22.55323184115605,19.486900749901743,64.49216476879262,31.11062373234024,24.237011098861345,4.057578277553961,3.151375355216614,4,0,0,9
24,0,106.383300259109,21.0,21.0,40.0,28.419619496676518,21.42062755476349,2.5174397310238072,3.3401175408885475,0,0,0,0
24,1,91.27866187296617,22.168392389933533,22.028412551095272,48.971244469259204,28.419619496676518,21.42062755476349,2.5174397310238072,2.5174397310238072,0,0,0,1
24,2,80.52593087535479,23.235199243472074,23.238588276091352,59.609903892621446,30.516954707366715,28.586708755756867,1.7921218329352309,2.5174397310238072,0,0,0,2
24,3,73.0439744694159,24.37188281818165,24.361520899876986,69.44155021631012,27.543758889885048,27.076498463940936,1.246992734323148,1.7921218329352309,0,0,0,3
24,4,63.574810602737465,25.63549727475016,25.555386200016077,79.7502396033066,30.71573955284951,26.55475704157539,1.5781939777797382,1.246992734323148,0,0,0,4
24,5,40.85365862502698,26.218061901513398,26.04892613126153,74.73828398304971,32.573795038310955,22.91534040470633,2.8401439972138105,1.5781939777797382,1,0,0,5
24,6,31.922493759663645,23.619861316069812,23.627129120352258,68.79859484537141,26.254353342943705,24.080707003287944,4.465582432681668,2.8401439972138105,2,0,0,6
24,7,20.270686367389192,21.323292510509983,21.34686139750657,63.360665712876894,25.91757725826013,27.205038672325863,5.825903696137226,4.465582432681668,3,0,0,7
24,8,6.9851420072423,19.12828033472195,19.081696538151522,57.55351914417935,26.523532237626466,24.547875714053824,6.642772180073447,5.825903696137226,4,0,0,8
24,9,0.0,18.132984781562122,18.02941248831446,66.66592217635606,29.81251653007518,20.81194475979547,7.381225544338564,6.642772180073447,4,0,0,9
25,0,121.82844264376654,21.0,21.0,40.0,32.18852103928587,21.555851194735737,3.915876833570394,2.3289170727994013,0,0,0,0
25,1,110.08081214305535,22.24377042078572,19.031117023894716,49.67398700212389,32.18852103928587,21.555851194735737,3.915876833570394,3.915876833570394,0,0,0,1
25,2,95.45023484944052,18.505679899605887,22.26619694036851,59.66298202960666,32.82918286729137,22.66523395205737,4.876859097871611,3.915876833570394,0,0,0,2
25,3,95.45023484944052,19.511816639614942,18.274216307149256,71.15376791631655,34.654980191227864,29.182719179382627,5.695417134415616,4.876859097871611,0,0,0,3
25,4,72.63607494669067,18.03403653898718,18.021559551684344,66.80619061559833,32.402537313734385,26.77758879338659,5.592865939795212,5.695417134415616,1,0,0,4
25,5,48.40253897500449,18.0732067830042,18.03898333644862,61.886379777845036,30.99528800863112,25.005762892739455,4.441042459603855,5.592865939795212,2,0,0,5
25,6,28.719167484742155,19.521835628040595,18.052232746967334,57.19989436585038,33.82417956350818,23.473123703188172,2.925959428996236,4.441042459603855,3,0,0,6
25,7,12.614289670366599,19.899230707471048,20.2165293253356,53.12308905392126,33.43176362829917,27.252651305427925,2.0131097267969444,2.925959428996236,4,0,0,7
25,8,6.327347395169882,18.9122976470383,21.564003571342038,63.80345198398577,35.995287064157075,23.34006254731237,2.095647425065572,2.0131097267969444,4,0,0,8
25,9,6.327347395169882,19.25166644561203,18.217913140385143,74.8403201587043,36.61400535039012,24.70192895360177,2.663501378497768,2.095647425065572,4,0,0,9
26,0,119.92883417667527,21.0,21.0,40.0,27.940953683034884,18.170431886567712,5.893436323864762,6.383964078185615,0,0,0,0
26,1,102.24852520508098,22.1588190736607,18.963408637731355,48.300049402528465,27.940953683034884,18.170431886567712,5.893436323864762,5.893436323864762,0,0,0,1
26,2,102.24852520508098,18.360551316557736,19.140894977689097,57.09171335809904,28.87827550665968,19.96430202428799,5.172941529936083,5.893436323864762,0,0,0,2
26,3,94.85619681385421,18.021290027188027,18.03761751981072,65.05447177606217,24.08547113150123,20.152075634960617,4.596461237272315,5.172941529936083,0,0,0,3
26,4,83.30081450302167,18.103208882570424,18.072254322868716,73.29712512213958,25.160444128521195,20.632074460797707,4.408455941447205,4.596461237272315,0,0,0,4
26,5,62.47576654264567,18.05692686686161,18.140693455294024,67.08093800336286,23.81730049550588,24.981659955734564,3.733215419993696,4.408455941447205,1,0,0,5
26,6,39.176994015861986,19.438738525260394,18.107475939956114,61.98821079686249,26.86221960127477,28.178184807056525,3.4943538797757703,3.733215419993696,2,0,0,6
26,7,24.579247369108696,18.08806852539715,18.067805350775867,57.06563522403589,28.3788960253002,27.606795236774268,3.5097850895556224,3.4943538797757703,3,0,0,7
26,8,7.749649622916994,18.193440138034433,18.113606259676438,53.04148771065957,32.005223833362955,28.97173442565745,2.9208870385251906,3.5097850895556224,4,0,0,8
26,9,0.0,18.124615133698953,18.134785890501895,64.4724906136312,33.50557168317574,30.0,3.101897138949565,2.9208870385251906,4,0,0,9
27,0,144.3476166092289,21.0,21.0,40.0,33.71081447619661,15.18451614086729,2.3233528208611207,2.345153248332065,0,0,0,0
27,1,130.40749968406217,22.274216289523935,21.903690322817347,48.8011595110715,33.71081447619661,15.18451614086729,2.3233528208611207,2.3233528208611207,0,0,0,1
27,2,117.25271369605868,23.204148437252066,23.13681405092075,58.39747011428719,31.118722750848004,22.19411393368359,2.192464331333918,2.3233528208611207,0,0,0,2
27,3,102.9811543559905,24.451207655620347,24.277470548389395,69.26246956579978,35.02898961023811,25.332118453720696,2.3785932233446974,2.192464331333918,0,0,0,3
27,4,86.16649964896502,25.58259471453246,25.598408971452848,79.52051751756395,29.40224952501167,27.586905762567007,2.802442451170915,2.3785932233446974,0,0,0,4
27,5,58.52277925509551,26.05043148502614,26.1710569044275,74.179091396541,23.695129474110423,29.96361429798427,3.455465049233689,2.802442451170915,1,0,0,5
27,6,49.88486339853033,23.748434260533895,23.68157596234394,70.25512744786698,31.53353361847768,30.0,4.318957928282589,3.455465049233689,2,0,0,6
27,7,39.61338374202447,21.447959725819757,21.476799650693255,65.6261872615489,28.588938597036996,29.02806036786257,5.135739828252932,4.318957928282589,3,0,0,7
27,8,28.950878692231903,19.439670239444258,19.217878397474703,61.78488227443941,36.32487164849459,25.66787842311929,5.331252524896281,5.135739828252932,4,0,0,8
27,9,27.18466466706878,18.159723922531978,17.948716096534813,72.24732531044916,37.44505330735414,20.67963022603335,5.201435999053804,5.331252524896281,4,0,1,9
28,0,198.21019434487673,21.0,21.0,40.0,25.97211810438348,22.462361213165437,7.167555802871595,7.672630592867759,0,0,0,0
28,1,198.21019434487673,19.11944236208767,19.04924722426331,48.71820627715881,25.97211810438348,22.462361213165437,7.167555802871595,7.167555802871595,0,0,0,1
28,2,189.1575891333736,18.16693516587183,17.990218988074087,58.030117376247375,31.42300871233525,20.309830727045707,7.206989393791038,7.167555802871595,0,0,1,2
28,3,159.3152379885017,18.14214652055382,19.67101542515637,68.0195299092752,32.17204991842274,23.324686376176302,6.864731372099096,7.206989393791038,0,0,1,3
28,4,142.00077082707878,18.12587734846805,20.34955981207225,78.13463818268156,32.68193726934052,23.513108694028084,5.524224236511907,6.864731372099096,0,0,1,4
28,5,116.8066960381934,18.035866895408088,20.116366968502422,74.03742487706447,30.9076613166444,29.66337587437175,4.819517762750454,5.524224236511907,1,0,1,5
28,6,90.99902613585125,18.25904858381661,20.05643022779558,71.47314885484377,39.08735543210727,30.0,4.782101728848781,4.819517762750454,2,0,1,6
28,7,65.7760903124543,18.14730784979773,20.076466488847466,68.16620421046476,36.89126004702173,28.070158595317093,4.709985254161456,4.782101728848781,3,0,1,7
28,8,39.72182861261439,18.15835095828573,19.833881525747547,64.68006828537393,37.47332298216413,26.4925885451091,4.7147586868674844,4.709985254161456,4,0,1,8
28,9,24.27219952631591,18.09501324011225,20.324877108207733,76.34234705249149,36.17007890387185,28.620358691225714,4.957393087135706,4.7147586868674844,4,0,1,9
29,0,217.11484192187172,21.0,21.0,40.0,30.31986999720141,18.504111555298973,4.941945488069576,4.252747373704692,0,0,0,0
29,1,202.289005457663,22.20639739994403,18.97008223110598,48.78831667945007,30.31986999720141,18.504111555298973,4.941945488069576,4.941945488069576,0,0,0,1
29,2,202.289005457663,18.38838229431698,19.228114038572595,58.17599043357589,29.355941699133417,22.79780137934336,5.936607181998901,4.941945488069576,0,0,0,2
29,3,192.4131344159885,18.179896847688095,18.032314733644675,68.01628138377644,33.897826292914075,20.770456763755654,6.813720764,5.936607181998901,0,0,0,3
29,4,175.36395572019546,18.029593777029902,18.084436021462967,77.42263385234168,29.353947902146498,22.9035658121048,7.437005707312654,6.813720764,0,0,0,4
29,5,148.85523876902164,16.446707272748515,18.096495856101487,72.58162978578778,32.2231214224641,24.21574487445868,6.927868134252721,7.437005707312654,1,1,0,5
29,6,99.59224916739734,19.01915963782422,18.097789730807907,67.73477124479021,31.362497116938822,25.04384432196351,6.397840940077202,6.927868134252721,2,1,0,6
29,7,60.307440319057676,19.679073925130538,18.09384967634471,62.50877250938842,28.597354849302185,25.702652176243443,6.340085188475379,6.397840940077202,3,1,0,7
29,8,29.09740005721202,19.793885497109045,18.08105876338676,57.85039534474991,32.057420772528616,25.396039423924105,5.249943440657939,6.340085188475379,4,1,0,8
29,9,13.543268703097237,20.298107835175408,18.01445387443195,67.3973676193782,30.20060131615604,22.83813354288997,4.643374444303599,5.249943440657939,4,1,0,9
30,0,89.72223383951437,21.0,21.0,40.0,26.98377311064561,24.58554254525746,5.380253318,6.900144347563503,0,0,0,0
30,1,73.58147388551437,22.139675462212914,19.09171085090515,49.28247681806255,26.98377311064561,24.58554254525746,5.380253318,5.380253318,0,0,0,1
30,2,73.58147388551437,18.42668830436904,19.255798378604542,58.81931959819316,28.623212673727974,24.359247215886565,4.261016022,5.380253318,0,0,0,2
30,3,60.44271582088959,18.1052472418933,20.277786543499264,69.04710580835925,29.934077220474578,26.886957280448097,3.734951689440178,4.261016022,0,0,0,3
30,4,41.304640154103836,21.29596332782042,20.547070632808147,79.06314602271185,30.2506065420194,25.394061315495023,3.189679277797625,3.734951689440178,0,0,0,4
30,5,19.987128108114668,21.949787744797106,22.08440428484718,75.67360743879433,34.502563422680495,30.0,2.664689005748646,3.189679277797625,1,0,0,5
30,6,6.536111602851902,23.07273218818472,22.900745099391646,70.95794758686284,31.85766469186392,25.277558352961115,1.681377063157846,2.664689005748646,2,0,0,6
30,7,1.6766309045974055,23.795197871552947,23.71906085160175,65.43241829626183,29.51130285750289,23.12464552804701,0.6074350872818121,1.681377063157846,3,0,0,7
30,8,0.0,24.281256673321167,24.180890139484553,58.657552184335515,25.92778512908729,19.76740313798875,0.2095788630746757,0.6074350872818121,4,0,0,8
30,9,0.0,22.118286128678783,22.120965830595964,65.93612240370659,20.90400706520915,19.53249415351907,0.3546719944990188,0.2095788630746757,4,0,0,9
31,0,186.6960999138106,21.0,21.0,40.0,33.50093312201388,19.75388834365709,6.549074611397077,4.599278477463367,0,0,0,0
31,1,186.6960999138106,19.27001866244028,18.995077766873145,49.58586786382077,33.50093312201388,19.75388834365709,6.549074611397077,6.549074611397077,0,0,0,1
31,2,178.1381079661526,18.173561252627355,18.02204237476515,59.63520183260029,35.07472468689059,20.75490847299558,7.601466203172697,6.549074611397077,0,0,0,2
31,3,157.34342187200286,18.225091427671092,18.120850524583584,71.42427569984005,40.01511622740632,25.479738590592348,7.860661311606663,7.601466203172697,0,0,0,3
31,4,114.5263088191731,18.12155439672449,18.012069621024864,67.67659247901807,39.127130658378846,23.38574033705456,7.948807103155732,7.860661311606663,1,0,0,4
31,5,77.47734962569234,18.099396176387923,18.082466512842092,63.80238099280446,35.29534420432466,26.514591983377496,6.938017535011351,7.948807103155732,2,0,0,5
31,6,48.27875157562029,18.104853878473165,18.016358824136468,58.79894549506365,30.205255422380155,25.331214034615343,5.565022430713377,6.938017535011351,3,0,0,6
31,7,23.205330181227133,18.04769910263618,18.145743425757995,54.31891083693715,28.444251899297225,30.0,4.617525497752228,5.565022430713377,4,0,0,7
31,8,14.484704852624224,18.04886882397971,18.057645625766078,64.02135847583197,27.38380349710275,26.51868338564631,3.843452410058232,4.617525497752228,4,0,0,8
31,9,5.288055439849494,18.16466087485237,18.057546805298774,73.99334618343926,30.775617979549487,24.624313729379868,3.2801173257146914,3.843452410058232,4,0,0,9
32,0,201.56778512682104,21.0,21.0,40.0,31.66212388872196,21.294204847178563,5.2520712615241205,4.9164242102509,0,0,0,0
32,1,185.81157134224867,22.23324247777444,19.02588409694357,49.532139172462095,31.66212388872196,21.294204847178563,5.2520712615241205,5.2520712615241205,0,0,0,1
32,2,185.81157134224867,18.514518195347293,19.315691696551145,60.17379471395684,33.58600460806516,25.53430395579454,5.104904316,5.2520712615241205,0,0,0,2
32,3,178.4536232975165,18.033065994819818,18.01922844960816,69.15806533636521,27.39124660607387,22.521367962861547,6.171411245944386,5.104904316,0,0,0,3
32,4,160.41715471823915,18.168916439963905,18.108848204396878,78.94332391248663,29.544326299916992,24.818221345202023,7.050898028157826,6.171411245944386,0,0,0,4
32,5,125.55601815221596,18.079506579964256,17.948351160454937,72.94257018081238,29.522964985285064,20.472847616524625,6.586840358102887,7.050898028157826,1,0,1,5
32,6,88.50836456378292,18.130192574367964,19.25171816010515,67.08537264691934,29.81790383442188,20.97544319950564,5.495892066741863,6.586840358102887,2,0,1,6
32,7,61.82758788388649,18.015965755847134,19.711582384998913,61.473318575176606,26.392940455279607,25.76231470170524,4.480163489848142,5.495892066741863,3,0,1,7
32,8,35.41402058359198,18.132955820783526,19.627884886419128,56.39709970819689,29.52583645073378,25.606280954934427,4.463262985790929,4.480163489848142,4,0,1,8
32,9,17.193144096235343,18.064429630757008,20.116173058741104,65.58296711320841,28.995636761621714,22.036959932886727,5.421904745512226,4.463262985790929,4,0,1,9
33,0,224.26816906804163,21.0,21.0,40.0,26.00162013788841,16.797779870414136,7.793234250311443,6.069136932602557,0,0,0,0
33,1,224.26816906804163,19.12003240275777,18.935955597408284,47.70389200149446,26.00162013788841,16.797779870414136,7.793234250311443,7.793234250311443,0,0,0,1
33,2,210.5756096809056,18.097864732073273,18.0460053837283,55.04100001855842,25.654478662441235,15.107232543469667,8.756754433038273,7.793234250311443,0,0,0,2
33,3,185.55453275108547,18.133939533165965,18.16716673720426,64.19929325650526,30.48690535495586,20.3925015225266,8.512176622686447,8.756754433038273,0,0,0,3
33,4,167.08329719193966,18.117117442844698,18.084810593320565,73.8109902293846,31.98110819399595,21.417208322000366,8.110113054,8.512176622686447,0,0,0,4
33,5,130.18280889319945,18.08098668615389,18.20912551108006,69.76500631439981,31.24811173442331,29.60753318232789,6.826024008047389,8.110113054,1,0,0,5
33,6,98.14873650139685,17.97833292059225,18.121529824895717,64.51216277326571,24.74389293996263,29.406976275959007,6.213277852434638,6.826024008047389,2,1,0,6
33,7,62.55032695804393,19.398893594092453,18.101629496526524,59.49779879230988,29.48853623324298,25.987219428113484,5.222984908731959,6.213277852434638,3,1,0,7
33,8,31.401459753256724,19.709266304601265,18.15704989356983,55.54426004605378,31.79577150725637,29.57345768020978,5.103819230963974,5.222984908731959,4,1,0,8
33,9,13.606742505,20.317561304679728,18.051072939880747,65.91180617549742,30.16282877349672,27.434649723412427,5.355966205113231,5.103819230963974,4,1,0,9
34,0,185.93804880672127,21.0,21.0,40.0,28.28820844287196,17.71995470429493,5.2969265193636375,4.118736003062949,0,0,0,0
34,1,170.04726924863036,22.16576416885744,18.9543990940859,48.28146936649004,28.28820844287196,17.71995470429493,5.2969265193636375,5.2969265193636375,0,0,0,1
34,2,170.04726924863036,18.38445383417334,19.204198382273265,57.87470865429316,30.23951126885254,23.056262552275875,6.157083578200977,5.2969265193636375,0,0,0,2
34,3,160.45424348606858,18.13362761885778,18.150487305030154,68.98298671902101,33.892506687075425,27.820149228079316,6.825420201567432,6.157083578200977,0,0,0,3
34,4,145.9870700848946,18.058742061078032,18.138523639110147,80.29681572423722,32.85460558453446,30.0,6.892215407986995,6.825420201567432,0,0,0,4
34,5,112.6237748887242,18.026515213144766,18.09152606692389,75.93460788680696,29.18325577808365,29.91558956952605,6.327056190332981,6.892215407986995,1,0,0,5
34,6,81.23439483778401,18.090093149045142,18.032715893959857,71.42893596474495,31.460250574350667,26.841572080860384,5.978319815675677,6.327056190332981,2,0,0,6
34,7,50.598412900696424,18.08841595563254,18.01941473865026,65.99927627607984,30.50667627495129,22.661881010242528,5.622806764996793,5.978319815675677,3,0,0,7
34,8,20.732652766577587,18.27567458337083,18.128118231824157,62.165932286415355,35.70929057264517,26.327687262552125,5.078696613976946,5.622806764996793,4,0,0,8
34,9,9.678156103239768,18.165447009723867,18.061892321566614,73.91598619803729,38.6917872801413,26.5862900066472,4.716536043130282,5.078696613976946,4,0,0,9
35,0,337.34313170075023,21.0,21.0,40.0,33.91127088394596,20.42283520936855,7.586468305,2.128247833012694,0,0,0,0
35,1,337.34313170075023,19.27822541767892,19.008456704187374,49.78013909679661,33.91127088394596,20.42283520936855,7.586468305,7.586468305,0,0,0,1
35,2,324.99701679958105,18.083727567312682,18.16423695542282,60.183734345406805,32.48061004231343,25.317141338854327,11.02916842047861,7.586468305,0,0,0,2
35,3,308.38397735273315,16.882381255747195,18.12032095683544,70.43670975551856,32.57129553060911,24.38967897001181,11.652346146318983,11.02916842047861,0,1,0,3
35,4,252.003340046265,19.026982780198495,15.543728693691603,66.9825333289854,34.86853655302945,29.27492774400851,11.276127461293624,11.652346146318983,1,1,1,4
35,5,172.3338116496069,18.295787623685367,19.194240401096167,63.60133084388471,35.9375237549187,28.61135132785524,9.958691049582262,11.276127461293624,2,1,1,5
35,6,106.67804321456701,20.279836314253558,19.935744694540073,60.072332922296965,33.72778932451251,30.0,8.206971054379984,9.958691049582262,3,1,1,6
35,7,48.71269965584921,21.29277450126602,21.280175364213793,56.713983770762155,35.233584597671275,29.44225344935753,7.245667944839726,8.206971054379984,4,1,1,7
35,8,9.773368956327076,23.078739511832246,22.80687824651332,69.17495791586106,41.50484223058399,27.72279190885437,6.489888449920356,7.245667944839726,4,0,0,8
35,9,9.773368956327076,21.31406257789296,21.18732236849093,81.68261036034174,39.950943737389096,29.536014287503573,5.354143166994714,6.489888449920356,4,0,0,9
36,0,97.38165847605339,21.0,21.0,40.0,27.685076794675016,24.52235008408805,2.7904907897140183,4.960442241307833,0,0,0,0
36,1,80.63871373776928,22.1537015358935,22.090447001681763,49.39733683817735,27.685076794675016,24.52235008408805,2.7904907897140183,2.7904907897140183,0,0,0,1
36,2,71.1477908202864,23.253631872257774,23.152158340575316,59.04053736894024,29.797915439657466,23.7754208423586,1.5818204862471457,2.7904907897140183,0,0,0,2
36,3,62.36630393540866,24.413985766946144,24.19723291929429,68.32329659078084,31.96531496180538,19.60556960397569,1.463581147479624,1.5818204862471457,0,0,0,3
36,4,51.93762554377753,25.579366623074176,25.359975705225086,77.35781441730197,32.20630215506365,17.985463547831475,1.7381130652718553,1.463581147479624,0,0,0,4
36,5,29.003473776322025,26.05425845274213,25.89447104337712,71.51901525352646,31.087897218617087,19.807662982630116,2.866768970931938,1.7381130652718553,1,0,0,5
36,6,22.632843498792468,23.67777941913937,23.38378245818251,66.48836323085743,36.2409628645229,19.144303676204725,3.1853151387647785,2.866768970931938,2,0,0,6
36,7,16.766299795703713,21.333566719923944,21.204219017932687,61.36109189563514,32.86291604800712,21.985576534091265,2.933271851544377,3.1853151387647785,3,0,0,7
36,8,11.43161681359522,19.071145152292843,19.090503507191354,56.19117358472948,27.79193136217813,26.81963357723485,2.6673414910542466,2.933271851544377,4,0,0,8
36,9,9.191442647694473,18.133791977535182,17.95105477679588,65.89600194630302,31.89864748896018,22.017065630892795,2.6465244550822216,2.6673414910542466,4,0,1,9
37,0,52.82877132205185,21.0,21.0,40.0,33.93792267834392,22.819069160221524,3.2843431330791875,7.220572235164975,0,0,0,0
37,1,33.12271252357672,22.27875845356688,22.05638138320443,50.21625853094178,33.93792267834392,22.819069160221524,3.2843431330791875,3.2843431330791875,0,0,0,1
37,2,20.723253312036043,23.312575337076453,23.16458674333511,59.76477634642296,31.89120346981068,21.156117727307,2.06657653525678,3.2843431330791875,0,0,0,2
37,3,14.080938137894066,24.485456035874453,24.226896762108886,69.37963044656408,34.281824353146646,19.13403175874846,1.107052529023663,2.06657653525678,0,0,0,3
37,4,13.492692245894066,25.587969870258263,25.511942411068024,79.04009154521091,30.674495195905592,22.994733129910152,0.098040982,1.107052529023663,0,0,0,4
37,5,12.369488697645938,26.113978215419355,25.925944130896298,72.72141141368414,29.385835469428915,18.843719355422373,0.1404004435310161,0.098040982,1,0,0,5
37,6,11.042856638866365,23.62803415227325,26.50582145789846,67.60274090007275,31.91371045548319,22.982564468898016,0.2653264117559145,0.1404004435310161,2,0,0,6
37,7,5.874170705015624,26.139399143710147,22.194060074298168,62.750951650131995,30.239546248830663,26.139402362609644,1.033737186770148,0.2653264117559145,3,0,0,7
37,8,0.0,21.235302234564458,25.258120466839898,58.622044527279115,34.21706742800142,26.177893000593663,1.1748341410031249,1.033737186770148,4,0,0,8
37,9,0.0,22.1630755718537,20.744689838644508,69.86390111001245,36.51588598464552,25.938872808317434,2.007588224141956,1.1748341410031249,4,0,0,9
38,0,81.61017055448788,21.0,21.0,40.0,27.41719516140864,24.44350780714981,2.575014029021886,4.983665124764339,0,0,0,0
38,1,66.16008638035656,22.148343903228174,22.088870156143,49.33492653434052,27.41719516140864,24.44350780714981,2.575014029021886,2.575014029021886,0,0,0,1
38,2,59.1299089590526,23.21382615471463,23.25031080482766,59.55941705893938,27.93529941864322,28.867425718017135,1.1716962368839925,2.575014029021886,0,0,0,2
38,3,53.542298804351475,24.395906084706986,24.341491083353944,69.50517396881992,28.713842685424147,26.54036236946776,0.9312683591168536,1.1716962368839925,0,0,0,3
38,4,47.151050723006264,25.5935312182644,25.549475772343076,79.35062805336892,28.85798222637257,25.83898491001079,1.0652080135575348,0.9312683591168536,0,0,0,4
38,5,36.501847221734934,26.143201926436085,26.09458919092151,74.46369971604203,29.637599961921737,26.54613149737328,1.3311504376589165,1.0652080135575348,1,0,0,5
38,6,31.83039281849485,23.794859582830846,23.714297913138108,71.12000912916606,34.75727451735574,30.0,2.33572720162004,1.3311504376589165,2,0,0,6
38,7,16.179474819210263,21.692468797126974,24.50170333612574,68.27469084146726,39.13635380411853,28.389655708665888,3.130183599856917,2.33572720162004,3,0,0,7
38,8,8.410822072,21.453023566493265,20.32226558058562,66.0108071162055,42.57779136836207,28.178410157961466,3.884326373605131,3.130183599856917,4,0,0,8
38,9,8.410822072,19.324638541814135,19.462179480317598,78.38101899367686,39.40386109136349,29.319538227921853,4.123240467148195,3.884326373605131,4,0,0,9
39,0,202.37986370332962,21.0,21.0,40.0,26.884939390196006,24.75378607633906,6.144777674852652,3.0368237570879333,0,0,0,0
39,1,202.37986370332962,19.13769878780392,19.095075721526783,49.29497058397631,26.884939390196006,24.75378607633906,6.144777674852652,6.144777674852652,0,0,0,1
39,2,193.36532536459993,18.027526051844553,17.97603329895315,57.18624997270672,25.67244403654346,18.167997011958807,7.495477395861172,6.144777674852652,0,0,1,2
39,3,157.84273047789236,18.15429655367235,19.519063773071952,65.80089793367236,27.73699280911009,20.12216252958788,7.896745782436351,7.495477395861172,0,0,1,3
39,4,132.01262684297558,18.051081748925537,20.252355525257393,74.54795436332901,28.02708980154136,20.56766814099561,7.971989398903939,7.896745782436351,0,0,1,4
39,5,92.11996692784447,18.037552940539733,19.912290890023183,68.24733443944139,25.1683850728276,23.161504238907817,7.353835021477204,7.971989398903939,1,0,1,5
39,6,59.18409741803731,18.08921160702031,19.828836981067816,62.02708949579029,27.145519492865287,21.63089748685088,5.894393142831498,7.353835021477204,2,0,1,6
39,7,31.854843879902546,18.110431567979028,19.854720063088873,57.12285246167224,30.595726720484485,25.491845312192996,4.852713928245888,5.894393142831498,3,0,1,7
39,8,11.796629042881337,18.10472800552819,19.708393667860115,52.052213682910335,30.51243740408976,24.650680491677463,3.484862356305248,4.852713928245888,4,0,1,8
39,9,4.695909871767778,18.07730388560513,20.211099142498526,62.22196044491922,30.076126265468627,26.42246685680295,2.1439163266950447,3.484862356305248,4,0,1,9
40,0,75.83159668935396,21.0,21.0,40.0,26.13526509433376,24.3194108763197,2.160940524443446,5.837801084,0,0,0,0
40,1,62.865953542693276,22.122705301886675,22.086388217526395,49.08184167471762,26.13526509433376,24.3194108763197,2.160940524443446,2.160940524443446,0,0,0,1
40,2,60.22113386269328,23.161729293338023,23.21923974083672,58.78559724466917,25.789493528433376,28.120259637964104,0.44080328,2.160940524443446,0,0,0,2
40,3,55.2343907193563,24.32596246615974,24.331777208095296,68.68809690577379,26.93024659843937,28.08364040769745,0.8311238572228303,0.44080328,0,0,0,3
40,4,48.43940756170831,25.643203402158182,25.58781574043692,79.97088605803917,32.6821619570299,30.0,1.132497192941332,0.8311238572228303,0,0,0,4
40,5,35.29580636433527,26.15718460547045,26.20497186173847,75.49034743827441,28.441452112418013,30.0,1.6429501496716297,1.132497192941332,1,0,0,5
40,6,29.741443601959585,23.792376084926556,23.746712044998247,71.40867322320533,31.111879312116848,29.545486159721573,2.7771813811878427,1.6429501496716297,2,0,0,6
40,7,21.18756100252568,21.638063812904875,21.542144362767893,68.1952411822446,35.48093310577375,30.0,4.2769412997169525,2.7771813811878427,3,0,0,7
40,8,11.531996140604683,19.538902836356197,19.410333260375932,64.90998806025962,36.474598825575775,28.607328274507715,4.827782430960498,4.2769412997169525,4,0,0,8
40,9,11.317974782020977,18.039193122573547,18.02397119968421,75.29113156961272,31.2013706876807,26.47164880872539,5.245410445267625,4.827782430960498,4,0,0,9
41,0,201.0949801604965,21.0,21.0,40.0,26.44633370645822,20.839991102824285,7.741069094668894,2.8196600559436518,0,0,0,0
41,1,201.0949801604965,19.128926674129165,19.016799822056488,48.51153846567085,26.44633370645822,20.839991102824285,7.741069094668894,7.741069094668894,0,0,0,1
41,2,188.36915285854354,17.91857709826939,18.13422206996007,56.28762674921613,20.533088878220013,22.667401585920437,9.475349362,7.741069094668894,0,1,0,2
41,3,144.1320296878939,19.792347424067657,18.126720089988495,66.22941385100614,31.44730754616413,23.784843019335973,9.717499517839574,9.475349362,0,1,0,3
41,4,115.2972791306114,20.444619329765125,18.097249955418196,75.49354778241509,26.90889751196228,24.558513218087423,9.011000032593229,9.717499517839574,0,1,0,4
41,5,74.0187427844542,20.03287765015254,18.073901602205353,68.89617783030266,24.92183898297999,21.75943906083988,7.644086851946499,9.011000032593229,1,1,0,5
41,6,41.525435056696935,20.02187967495777,18.09954849817676,62.96219329602333,28.383770929439788,21.982981657897223,5.783794088293858,7.644086851946499,2,1,0,6
41,7,23.361593935813023,19.930884691897546,18.063904542098253,56.72634597268575,26.094329609583674,22.595407482985337,3.228381804017276,5.783794088293858,3,1,0,7
41,8,11.72212667034929,19.7195631447749,20.22772141073166,50.425422407254075,25.46249568170993,22.865706732558507,1.4549334081829666,3.228381804017276,4,1,0,8
41,9,6.792698862102114,21.517035626475987,18.356330187138497,60.381401599806026,27.86194674585024,27.449048768327252,1.643142602749059,1.4549334081829666,4,1,0,9
42,0,126.26058920705954,21.0,21.0,40.0,29.987010434134508,19.76712411690996,3.491291263362929,5.576542457704608,0,0,0,0
42,1,105.31284162688196,22.19974020868269,21.995342482338202,48.955744219188006,29.987010434134508,19.76712411690996,3.491291263362929,3.491291263362929,0,0,0,1
42,2,98.97681297674329,20.280409106410616,23.110634775789897,58.86366113134814,33.29933263576874,21.74465020956532,2.112009550046224,3.491291263362929,0,0,0,2
42,3,85.71312863527838,23.458307131906892,22.479490835991793,68.50507916623688,30.025431641112768,23.53800188604692,2.210614056910818,2.112009550046224,0,0,0,3
42,4,69.05296009258655,24.23138089810932,24.34808328282281,77.95540148502197,30.67445793148462,21.82733272843251,2.7766947571153064,2.210614056910818,0,0,0,4
42,5,41.985340626205044,25.10566772075454,24.882685152036753,73.58822570496861,34.23491916577876,24.83632650059146,3.3834524332976885,2.7766947571153064,1,0,0,5
42,6,22.03341112435438,25.717618012486337,22.548739089506658,68.27978135329604,32.8153302518961,21.026645572145227,3.990385900370133,3.3834524332976885,2,0,0,6
42,7,11.805544197509047,21.532087236375084,22.157203227027736,63.757211228153466,37.24266403063518,20.96527971857273,5.113933463422666,3.990385900370133,3,0,0,7
42,8,0.11662215643956425,19.776058503744544,19.449500602328108,58.83529865961974,31.470264915144558,24.51910970411249,5.844461020534741,5.113933463422666,4,0,0,8
42,9,0.0,18.206406315379585,18.132782398405023,69.65944981789158,34.829675058591924,25.30449804291834,6.166486720011398,5.844461020534741,4,0,0,9
43,0,95.70376091907781,21.0,21.0,40.0,29.811094768392017,22.949714610376667,3.286918212,6.568422984102493,0,0,0,0
43,1,75.98225164707782,22.19622189536784,22.058994292207533,49.496945688178364,29.811094768392017,22.949714610376667,3.286918212,3.286918212,0,0,0,1
43,2,73.11572595042233,20.40285852530006,23.214877147489847,60.95800739355175,37.56502398388372,26.107541045968468,0.9555085655518278,3.286918212,0,0,0,2
43,3,66.90877249094416,23.683541296864913,22.669728945380726,72.50247239378896,36.323127454673454,27.81278921331106,1.0344922432463612,0.9555085655518278,0,0,0,3
43,4,57.01953581734523,23.788486474355384,23.999844840313962,69.06727349399867,34.444080987749395,29.80481401341568,1.2361545841998662,1.0344922432463612,1,0,0,4
43,5,40.03245172853154,24.807114988524145,24.589723941375883,65.78464844465249,36.39785218583333,28.698675317799022,2.1233855111017106,1.2361545841998662,2,0,0,5
43,6,20.154440223186903,25.518395758270195,22.365627750698145,61.826464693177314,36.121344844371016,25.22207875854469,3.975602301068928,2.1233855111017106,3,0,0,6
43,7,10.723276053838639,21.276449162080436,22.152626981862618,58.05886779639651,32.942434293400204,29.45980516892865,4.715582084674133,3.975602301068928,4,0,0,7
43,8,10.723276053838639,20.396072193332284,19.961911632008423,67.83651368889943,31.44280786390493,22.87744709444464,5.393763310810511,4.715582084674133,4,0,0,8
43,9,10.723276053838639,18.670736069732772,18.610863513454913,78.13993272195358,33.37362654202585,23.867590308275037,5.049292147680222,5.393763310810511,4,0,0,9
44,0,324.20994978515574,21.0,21.0,40.0,25.90418423101937,18.722284496043383,7.387351990978872,2.421659745766675,0,0,0,0
44,1,324.20994978515574,19.118083684620387,18.97444568992087,48.0327643708713,25.90418423101937,18.722284496043383,7.387351990978872,7.387351990978872,0,0,0,1
44,2,310.61727857127335,18.102624401595786,18.081417046854384,56.24820061192786,25.941797518713987,19.69951493160024,9.225697097092793,7.387351990978872,0,0,0,2
44,3,295.82144202213533,16.73012807624398,18.036308719137132,64.73567462360201,27.15978129825489,19.992852099934836,10.252409363366697,9.225697097092793,0,1,0,3
44,4,241.50762278099432,19.48846700524434,18.041675363265355,73.09240915566457,27.74691262881912,18.67939032708398,10.594897304164617,10.252409363366697,0,1,0,4
44,5,184.8019643861581,19.723054131982142,18.05458230019428,66.00402746708542,25.440185706857164,18.513249356592056,9.394529849405204,10.594897304164617,1,1,0,5
44,6,132.29818724485403,19.893778720105534,18.091290808894932,59.46259064757618,27.205655019715987,19.786362649677116,8.982134478777244,9.394529849405204,2,1,0,6
44,7,87.38802964355038,19.994493029776834,18.096220231583075,54.394801235880834,31.443991504786457,23.7349562080172,7.858073185010663,8.982134478777244,3,1,0,7
44,8,44.454382020217075,19.879900067988167,18.16818273860336,49.90255799197047,31.555746089639232,26.82068033308093,7.385160707430942,7.858073185010663,4,1,0,8
44,9,20.436224433335294,20.38630096252203,18.133431928705726,60.80417788360208,30.70631986380228,29.85823508970669,7.388889470064255,7.385160707430942,4,1,0,9
45,0,116.9111427024335,21.0,21.0,40.0,30.254637820087137,24.15019091140085,4.706471405544279,4.186657216829217,0,0,0,0
45,1,102.79172848580066,22.205092756401744,19.08300381822802,49.79286917166784,30.254637820087137,24.15019091140085,4.706471405544279,4.706471405544279,0,0,0,1
45,2,102.79172848580066,18.45073018111815,19.269842290960206,59.21313093549671,29.105258078665106,23.22952949816192,4.322788377059762,4.706471405544279,0,0,0,2
45,3,90.39757038833282,18.121154259860855,20.257271313096325,69.4489344949381,31.93629455773724,24.92928077249275,3.563578461605607,4.322788377059762,0,0,0,3
45,4,69.15645349038101,21.427554170740848,20.57067891916049,80.89909339347224,37.20700033061553,26.404993550129674,3.5401861496586355,3.563578461605607,0,0,0,4
45,5,49.5837865031819,19.05053871631247,22.17044127650514,77.93353353100517,36.858000764071846,30.0,3.914533397439822,3.5401861496586355,1,0,0,5
45,6,43.49835435537583,19.369865799480927,18.281455612739027,75.10548829916208,37.621970934205024,30.0,3.042716073903034,3.914533397439822,2,0,0,6
45,7,30.437142927730143,18.08416290822453,20.24906126182275,71.7667560864561,34.784821040522374,30.0,2.153209009614372,3.042716073903034,3,0,0,7
45,8,20.713323154387144,18.11004587187218,19.909953108783807,68.6458599134639,36.39342691166532,29.601594349489066,1.7957900248533507,2.153209009614372,4,0,0,8
45,9,18.48470818891792,18.095673744274528,17.986405538107515,79.56705525498317,35.31991162187953,25.353395831005383,2.6657300580809933,1.7957900248533507,4,0,1,9
46,0,148.00716232733578,21.0,21.0,40.0,29.4495500706672,18.6187221624415,5.635608556225983,5.565058434578892,0,0,0,0
46,1,131.10033665865782,22.188991001413346,18.97237444324883,48.652289001959566,29.4495500706672,18.6187221624415,5.635608556225983,5.635608556225983,0,0,0,1
46,2,131.10033665865782,18.533868661879264,19.173555945127934,58.98074213288544,36.822589690922285,20.557705480888096,5.831586942675515,5.635608556225983,0,0,0,2
46,3,123.04075485663066,18.082038461489237,18.20320209013505,70.21273960173126,33.221464617825134,29.178521320207217,6.267322567,5.831586942675515,0,0,0,3
46,4,87.22714227899934,18.095934313036242,18.135111387302008,66.43777915219192,32.46862777867955,29.89270305721302,6.462576782285655,6.267322567,1,0,0,4
46,5,57.33495072099456,18.10142774392861,18.042187210059346,62.184541706757244,33.87532048638328,25.828915927868483,5.687057486757116,6.462576782285655,2,0,0,5
46,6,33.19199959463359,18.128195240253344,18.03329396002002,56.83303282732503,32.01583273682822,21.586895710770563,4.504129683,5.687057486757116,3,0,0,6
46,7,14.015436463324349,18.141813779615745,18.101761795309535,52.097997346696445,32.298626710154295,24.728953953020262,3.504313734429956,4.504129683,4,0,0,7
46,8,10.471194900552527,18.080682992819696,17.99506489794479,61.73241048108606,31.33075541544981,22.19376199782585,1.610558178501727,3.504313734429956,4,0,1,8
46,9,6.662483404791214,18.068514746892806,19.62199581130254,71.4669062627603,30.691949893423917,23.388582226988508,0.8803954859311962,1.610558178501727,4,0,1,9
47,0,113.57246385362139,21.0,21.0,40.0,29.243793583307443,15.3766626812058,2.378815055016228,4.777329732,0,0,0,0
47,1,99.29957352352402,22.18487587166615,21.907533253624116,48.031682127612385,29.243793583307443,15.3766626812058,2.378815055016228,2.378815055016228,0,0,0,1
47,2,89.09961369680718,23.213988604646737,22.949365724225846,56.722048942239184,32.835549464245176,15.444266172570392,1.6999933044528066,2.378815055016228,0,0,0,2
47,3,74.06820546130552,24.29187574336426,24.14375404301901,66.38823872544538,32.53824128736074,21.16281306378475,2.505234705916943,1.6999933044528066,0,0,0,3
47,4,56.669443331954405,25.560245101098648,25.39241101423871,76.96485072415244,34.68624269827398,24.072712850098597,2.899793688225188,2.505234705916943,0,0,0,4
47,5,27.347866403719916,26.089372079233463,26.00344806042405,72.31502567721274,32.15734210240793,25.3436298590382,3.665197116029311,2.899793688225188,1,0,0,5
47,6,19.684261822650395,23.690847261559043,23.596958822768155,68.15343730493164,33.09834007672874,27.11505785504288,3.83180229053476,3.665197116029311,2,0,0,6
47,7,11.393177408797865,21.40627835604459,21.329943337446142,62.97951149367324,29.907189280175064,24.682111768389365,4.145542206926265,3.83180229053476,3,0,0,7
47,8,2.8804071781323417,19.25615418471527,19.15870190985838,58.48112885793641,32.179978856086194,26.16233983426476,4.256385115332762,4.145542206926265,4,0,0,8
47,9,0.0,18.11843862694813,18.107170486288545,69.24847569432066,33.283976898865824,26.534616636602195,4.491674244651945,4.256385115332762,4,0,0,9
48,0,152.24546554858844,21.0,21.0,40.0,32.077185826254336,16.38042125620044,6.6251186068522285,7.473919274,0,0,0,0
48,1,152.24546554858844,19.241543716525086,18.92760842512401,48.72236927484186,32.077185826254336,16.38042125620044,6.6251186068522285,6.6251186068522285,0,0,0,1
48,2,144.91497694377568,18.226416327635064,18.235434655966607,60.288923274639885,37.868272213754224,26.39036111845704,5.5964268643967054,6.6251186068522285,0,0,0,2
48,3,131.3500827411441,18.03138229940187,18.135646336401695,71.65513787772619,33.97693430189244,29.16870238192036,5.965579643828574,5.5964268643967054,0,0,0,3
48,4,102.16663239386911,18.12076881913398,18.087748100117885,67.7651249279533,34.14562607144157,27.576524207597902,5.175895917,5.965579643828574,1,0,0,4
48,5,74.44780791791206,18.18444149953532,18.140345612885465,64.45388692794833,34.93756666663909,30.0,5.178223382386878,5.175895917,2,0,0,5
48,6,50.39431017290118,18.213716743620076,18.12178591598707,61.04699178317257,35.346998739268926,29.05913934531021,4.6659872244714125,5.178223382386878,3,0,0,6
48,7,28.434367219530202,18.164521561418134,18.11435535990015,57.89727693458062,35.834917507822496,30.0,4.243618137237089,4.6659872244714125,4,0,0,7
48,8,18.800236427769416,18.095943097843204,18.074369954974777,68.58430850096644,33.11499719058823,26.257400400444176,4.488369370698809,4.243618137237089,4,0,0,8
48,9,7.381396307945292,18.015584397731878,18.025743937908302,78.03024471339863,28.860722601873697,23.61670080052735,4.351844173529709,4.488369370698809,4,0,0,9
49,0,95.67777264347583,21.0,21.0,40.0,34.66788230859014,19.37149424433721,3.935726773728825,7.358534679,0,0,0,0
49,1,72.06341200110288,22.293357646171803,21.987429884886744,49.727087779526926,34.66788230859014,19.37149424433721,3.935726773728825,3.935726773728825,0,0,0,1
49,2,66.17418379870854,20.37635369628029,23.188453127442244,60.504661961080224,36.92967849045933,22.945733629281232,1.9630760674647807,3.935726773728825,0,0,0,2
49,3,60.466066410879044,23.7227524097114,22.541106637425894,71.6731498827881,39.473976133722616,22.573178986876645,0.9513528979715836,1.9630760674647807,0,0,0,3
49,4,50.77724311294415,23.81137404993057,23.91281324785723,68.38488551144147,38.858962312456505,26.206235624506657,1.2111029122418622,0.9513528979715836,1,0,0,4
49,5,34.13704171209632,24.79881158885856,24.51837108213229,64.9049206686532,38.25031634262834,25.74987897521464,2.080025175105979,1.2111029122418622,2,0,0,5
49,6,17.088938882623278,25.458147444108505,22.393760008749755,61.302908109351634,35.37406590857813,27.9480865397465,3.409620565894609,2.080025175105979,3,0,0,6
49,7,8.724417189982507,21.302623365830787,22.135721567402516,57.87887037067473,34.310901451794976,30.0,4.182260846320386,3.409620565894609,4,0,0,7
49,8,8.724417189982507,20.42260813618948,20.106484916768675,69.12142211848368,32.88415438431264,29.574466436848137,4.249714388,4.182260846320386,4,0,0,8
49,9,8.724417189982507,18.759502103283005,18.740224941195798,80.00200355945657,33.0766905338719,27.37098413819972,4.513349779310955,4.249714388,4,0,0,9
50,0,51.36571147792231,21.0,21.0,40.0,29.218066717050583,15.959486398172444,2.0654438238572403,2.993402286830668,0,0,0,0
50,1,38.97304853477887,22.184361334341013,21.91918972796345,48.13195956074014,29.218066717050583,15.959486398172444,2.0654438238572403,2.0654438238572403,0,0,0,1
50,2,32.244961624083366,23.083306577859567,23.030763539507923,56.288518782006115,25.95947195458388,19.354745941338184,1.121347818449251,2.0654438238572403,0,0,0,2
50,3,24.82212671589327,24.20593716230576,24.046252604172626,64.70295049925963,27.759608177781093,18.98723469584954,1.2371391513650158,1.121347818449251,0,0,0,3
50,4,21.70496386389859,25.331756275060844,25.32261228108513,74.08083862647376,27.475923277652807,24.62345520687017,0.5195271419991128,1.2371391513650158,0,0,0,4
50,5,20.137709078760853,26.003841041807878,25.70694999625326,68.40888089461693,33.40208461630324,18.420372428936545,0.1959068481422173,0.5195271419991128,1,0,0,5
50,6,18.484713102685284,23.461128681895918,26.33835796117833,62.9468532739899,31.79031858007983,21.198416860881103,0.3305991952151142,0.1959068481422173,2,0,0,6
50,7,11.785041929480574,26.036500122950955,21.97256354741329,57.88389272874197,32.62208216813495,22.58369258048766,1.3399342346409415,0.3305991952151142,3,0,0,7
50,8,0.0,21.101630627987856,25.079617180783526,53.57301550810931,35.721868217105595,23.662147223824093,2.3570083858961146,1.3399342346409415,4,0,0,8
50,9,0.0,21.90093471626325,20.66938567426498,64.30648354143992,30.769015885463187,28.861362077484664,2.969739150353873,2.3570083858961146,4,0,0,9
51,0,79.59970627602385,21.0,21.0,40.0,30.64393802657934,20.32068332507236,3.015526451626599,6.171850198506405,0,0,0,0
51,1,61.50654756626426,22.212878760531588,22.006413666501448,49.17363184329731,30.64393802657934,20.32068332507236,3.015526451626599,3.015526451626599,0,0,0,1
51,2,56.20332899559528,23.188444493709333,23.144704888546872,58.36439939426033,28.17188819807372,22.88793152949864,0.8838697617781637,3.015526451626599,0,0,0,2
51,3,50.185967125812496,24.314326527648763,24.193220215987488,67.30250186033605,28.18376723601623,21.472357575515527,1.0028936449637966,0.8838697617781637,0,0,0,3
51,4,45.1366241728828,25.529120139607414,25.427557826531295,77.33278316250609,31.30924767039048,24.41453734166527,0.8415571588216164,1.0028936449637966,0,0,0,4
51,5,35.33423291392559,26.060923041575816,25.992329416620166,72.29427199092166,30.14736027311659,25.19424432919215,1.2252989073696512,0.8415571588216164,1,0,0,5
51,6,26.9921270562791,23.536049873648277,26.534991664462346,66.5023009225298,26.11876556017168,25.03695072654021,1.6684211715292987,1.2252989073696512,2,0,0,6
51,7,9.68612992732383,26.06988778859958,22.16992108620241,61.316452567426936,27.268636475760243,27.254428218112764,3.4611994257910537,1.6684211715292987,3,0,0,7
51,8,0.0,21.002708408009944,22.239468538668245,55.68490143200977,24.35421606980689,27.6927220667644,4.843064963661915,3.4611994257910537,4,0,0,8
51,9,0.0,20.02801985801973,19.692522332441534,64.57683964769254,23.81156553641412,25.58809121737903,5.062932254006196,4.843064963661915,4,0,0,9
52,0,162.48276589167955,21.0,21.0,40.0,26.97908180760525,21.78795921492037,5.487051280769098,5.792119723600514,0,0,0,0
52,1,146.02161204937227,22.139581636152105,19.03575918429841,48.77806738405461,26.97908180760525,21.78795921492037,5.487051280769098,5.487051280769098,0,0,0,1
52,2,146.02161204937227,18.402261972379872,19.295674509116385,58.90792684149646,29.081853463384,27.19514352240409,5.474302849034235,5.487051280769098,0,0,0,2
52,3,139.5247005543082,18.042934749555823,18.12278250266636,69.09421805826933,27.508896327301755,29.081610432547564,5.031784312788423,5.474302849034235,0,0,0,3
52,4,128.18209878883638,18.13760989259332,18.09766964577733,79.71334180498685,32.88090113399442,26.11423079221399,4.887322591539923,5.031784312788423,0,0,0,4
52,5,102.82344960744672,18.249638120677268,18.02826178534007,75.63159575635507,37.35336772691018,23.303598669579863,4.724393558605451,4.887322591539923,1,0,0,5
52,6,77.6439158777948,18.166604969632875,18.124638656723246,72.3691193477669,38.4289474623262,26.779516934406207,4.901636775385383,4.724393558605451,2,0,0,6
52,7,49.52189532722893,18.106547222120643,18.068374970428177,68.35947471385508,37.22669584772122,23.830833963879797,5.401596740240587,4.901636775385383,3,0,0,7
52,8,19.898918820181855,18.1966648403796,18.15751807246062,65.39989355374281,39.69263163843063,27.198584138723422,5.221270872074358,5.401596740240587,4,0,0,8
52,9,9.018986595619282,18.20475551388276,18.093432440142028,77.60205693291513,38.70926911843311,29.08052743252425,4.516298223514285,5.221270872074358,4,0,0,9
53,0,148.97486102763713,21.0,21.0,40.0,32.15040635947739,16.98588571567614,5.906667666199581,6.967597182107072,0,0,0,0
53,1,131.2548580290384,22.243008127189547,18.939717714313524,48.84453257352764,32.15040635947739,16.98588571567614,5.906667666199581,5.906667666199581,0,0,0,1
53,2,131.2548580290384,18.306222366936527,19.18115716238843,57.019560790902105,25.609719925201645,19.8071035046565,5.369467027425401,5.906667666199581,0,0,0,2
53,3,123.87422463342115,18.13446506219765,18.16148836672033,66.31541134258637,26.723253109882407,24.9203610661413,4.316539115878264,5.369467027425401,0,0,0,3
53,4,109.9507243693943,18.087062962955144,19.852113147829865,75.45780786772124,29.276966697170145,21.514125109134675,3.4196748616774157,4.316539115878264,0,0,0,4
53,5,82.15963209717964,20.4791704348862,19.821099986487692,70.08422339310297,29.95392794946264,23.526158302658114,3.473886534026832,3.4196748616774157,1,0,0,5
53,6,60.01137465505771,21.250521477445368,18.33861629847839,65.15427296328825,30.705517754344644,25.239202080017986,4.429651488424386,3.473886534026832,2,0,0,6
53,7,48.712709840901354,18.02075747685344,18.374974725203373,60.294123848676264,27.31391237481465,29.01859254400765,4.424865992195785,4.429651488424386,3,0,0,7
53,8,26.23974542602796,17.968884146670693,18.08470299007829,54.38601950436998,23.082586011808587,27.427945408712063,4.084651291384853,4.424865992195785,4,1,0,8
53,9,10.569402876100504,19.652192106900042,18.166994085744093,63.98473298760358,25.170508358217145,28.15567765974726,3.490175091142972,4.084651291384853,4,1,0,9
54,0,115.20286757903217,21.0,21.0,40.0,33.19546111629865,19.02161508290255,4.268166451987251,7.251146528503431,0,0,0,0
54,1,89.59386886710867,22.263909222325974,21.980432301658052,49.39907371585622,33.19546111629865,19.02161508290255,4.268166451987251,4.268166451987251,0,0,0,1
54,2,81.52674128322255,20.26740045700825,23.172558318727646,59.34822812283336,32.133670381405466,23.139409657356428,2.6890425279620382,4.268166451987251,0,0,0,2
54,3,73.57483185792502,23.48183408108055,22.489378201939672,68.8941643561793,29.539202552698423,23.493776521445675,1.325318237549589,2.6890425279620382,0,0,0,3
54,4,66.14408035926913,24.2045554322724,24.428571242174105,78.55679316410934,28.6836594235974,24.997611731569428,1.2384585831093164,1.325318237549589,0,0,0,4
54,5,51.65113855259054,25.04631481206001,24.906240369683772,73.43277196716197,29.25501693806712,25.61153196778081,1.8116177258348232,1.2384585831093164,1,0,0,5
54,6,28.261479743108012,25.643108663427334,25.66588334142623,68.79800303871937,29.27349989995337,28.311117164254465,2.923707351185316,1.8116177258348232,2,0,0,6
54,7,19.13361955931203,23.200769757115975,23.202351599419387,64.05456823859902,28.280102745977533,28.7008150311316,4.563930091897991,2.923707351185316,3,0,0,7
54,8,8.610229334551637,20.958776187217715,20.76992279062814,59.678884281650554,34.22146010594014,24.802517911012835,5.261695112380197,4.563930091897991,4,0,0,8
54,9,8.610229334551637,19.340497677486017,19.23358908099127,70.51189515701944,34.18081226281503,26.002581489234323,4.767790069613863,5.261695112380197,4,0,0,9
55,0,97.57538046132122,21.0,21.0,40.0,28.997468520857502,17.531056450986682,3.4418711599988705,5.760294626200038,0,0,0,0
55,1,76.924153501328,22.17994937041715,21.950621129019734,48.375134494931956,28.997468520857502,17.531056450986682,3.4418711599988705,3.4418711599988705,0,0,0,1
55,2,69.93163293134634,20.084016654802014,22.974373789042254,55.81171921371631,25.11821322887552,16.196146319926427,2.330840189993881,3.4418711599988705,0,0,0,2
55,3,62.127453655541956,23.213830079795397,22.245796708926513,63.84408948669963,24.83529541209621,19.7889838822556,1.3006965459673971,2.330840189993881,0,0,0,3
55,4,53.83765679554195,23.994519597381107,24.18698054514503,73.58592201116268,29.509372488704827,24.611919313867688,1.38163281,1.3006965459673971,0,0,0,4
55,5,41.1929553681008,24.86728446758366,24.609174638329897,67.83521104029828,30.70175814849115,20.68318090226213,1.5805876784301445,1.38163281,1,0,0,5
55,6,28.253078346363832,25.44754268501744,25.31511253581601,62.139789269899495,31.09262808722004,20.599473188342312,1.617484627717121,1.5805876784301445,2,0,0,6
55,7,19.866979168452087,25.927333837121424,25.931724947301145,56.92511927132696,28.064920590705103,26.29802386166976,1.0482623972389682,1.617484627717121,3,0,0,7
55,8,0.0,26.34851056442061,26.328347183276374,52.88977107715232,30.928517329550584,29.986214925034695,2.483372396056511,1.0482623972389682,4,0,0,8
55,9,0.0,24.254947735006144,24.079048818872163,62.88188407533622,32.30456770133104,23.207171177468403,3.4207754607158347,2.483372396056511,4,0,0,9
56,0,256.35876189262063,21.0,21.0,40.0,26.619574452116694,15.038631154240514,7.728012001146649,4.456424009021792,0,0,0,0
56,1,256.35876189262063,19.132391489042334,18.900772623084812,47.498477009144295,26.619574452116694,15.038631154240514,7.728012001146649,7.728012001146649,0,0,0,1
56,2,242.76697463826918,18.099107167266112,18.04123746285629,55.639999136544205,27.628218140827848,17.6024603447272,9.11409239217624,7.728012001146649,0,0,0,2
56,3,228.36122694041887,16.750608788304785,18.0584326999767,64.42997740001478,29.44196293618293,19.39124963865361,9.658710879041282,9.11409239217624,0,1,0,3
56,4,181.0426403616746,19.628957564316067,18.128029293385193,74.73748651677562,33.800510476306364,23.46342906125385,9.281501885279614,9.658710879041282,0,1,0,4
56,5,132.02571895345562,19.89176954524424,18.062401155271,69.37711504208232,29.17798008029097,24.37551172696851,8.427360631162706,9.281501885279614,1,1,0,5
56,6,88.72646060766957,20.07712551014793,18.170599243884045,65.37248397278688,33.60769767060292,27.47768527775572,7.640240941018946,8.427360631162706,2,1,0,6
56,7,54.526476220491645,20.06100153802564,18.10772554901392,60.70419602543747,29.63996201691753,27.758438275585707,6.204195168096462,7.640240941018946,3,1,0,7
56,8,24.887273364621578,19.973790779846183,18.151808163583496,56.8326384470157,34.90749453588269,26.917185583996357,5.152994330215695,6.204195168096462,4,1,0,8
56,9,10.465388431754626,20.434518459236166,18.100164780864404,67.27461848567069,32.20007127223505,25.810928942514856,4.441829557691886,5.152994330215695,4,1,0,9
57,0,188.39309153385355,21.0,21.0,40.0,31.569373378022984,21.37348539219084,7.598820827,6.0967536474952775,0,0,0,0
57,1,188.39309153385355,19.23138746756046,19.027469707843817,49.52971457863849,31.569373378022984,21.37348539219084,7.598820827,7.598820827,0,0,0,1
57,2,178.75705541303526,18.192694453903602,18.015797482920114,58.99671951399151,33.931903163682385,18.662568699389933,7.96998135,7.598820827,0,0,0,2
57,3,157.82751673282297,18.190442201725833,18.186562931866284,70.36698002501147,38.11332586574945,25.05478808436148,7.719059936407361,7.96998135,0,0,0,3
57,4,121.7732454365937,18.196277045227585,18.129339900170002,68.09948286008137,41.91243799745935,28.823688864040044,6.693848707607271,7.719059936407361,1,0,0,4
57,5,92.34114655825394,18.016074709711432,18.02008808710464,64.04582293097403,34.41768733470548,26.39531305914268,5.838037227263794,6.693848707607271,2,0,0,5
57,6,64.85682653052677,18.106557645186445,18.111708115461436,60.69539360891858,35.51896376345633,29.200873336235624,5.194225076969724,5.838037227263794,3,0,0,6
57,7,39.74940721778678,18.16671631800842,18.114148533433106,58.05852190495935,39.86517393587248,28.818872153242918,4.804940062676389,5.194225076969724,4,0,0,7
57,8,29.71367870181966,18.18864031683983,18.116591991392205,70.93260765234623,41.52269859659381,30.0,4.927712319463442,4.804940062676389,4,0,0,8
57,9,0.0,18.248925277090777,18.021771974759684,68.27562504567614,42.39978992351935,26.17252892831344,5.1142726708158985,4.927712319463442,5,0,0,9
58,0,181.3032586476799,21.0,21.0,40.0,25.37415128584443,15.58139350111973,6.931968185400623,4.269489586438487,0,0,0,0
58,1,181.3032586476799,19.10748302571689,18.911627870022397,47.37199806165355,25.37415128584443,15.58139350111973,6.931968185400623,6.931968185400623,0,0,0,1
58,2,169.49823844948773,18.151428468339883,18.03142609310465,55.1639269229165,28.15605093014989,15.1324427435332,7.446575945898799,6.931968185400623,0,0,0,2
58,3,149.43541304925694,18.00783866374542,18.0311512967636,62.57878070861791,24.36715104550054,16.826481097285097,7.074442748072419,7.446575945898799,0,0,0,3
58,4,132.18492966118754,18.154091561341,18.055168631977196,71.6160910621403,30.4921336234914,19.715146118299657,6.674299196334497,7.074442748072419,0,0,0,4
58,5,95.6374653194886,18.127101950279588,18.075884050221475,66.10038376336107,32.25631431277226,20.434200694009803,6.6748101,6.674299196334497,1,0,0,5
58,6,61.59305253076233,18.130839565614313,18.073586674154946,61.24132316269544,33.11728453868787,23.22126767983641,6.429578820330066,6.6748101,2,0,0,6
58,7,35.27866404970791,18.094542878195636,18.04658170182366,56.653633196199564,34.339751497315454,23.50641535548529,4.951146175083752,6.429578820330066,3,0,0,7
58,8,10.299143090623673,18.169920264897623,18.09457327939557,52.1622795184572,33.382480980706234,24.99888747628065,4.318396302,4.951146175083752,4,0,0,8
58,9,0.0,18.114493294381617,18.058428438398312,62.81659382483774,34.874615162463826,24.31601987298364,4.060415708,4.318396302,4,0,0,9
59,0,223.7933770487651,21.0,21.0,40.0,26.483845303341628,21.9133357931149,7.0424736869756295,2.341308708694496,0,0,0,0
59,1,223.7933770487651,19.129676906066834,19.0382667158623,48.711492597362174,26.483845303341628,21.9133357931149,7.0424736869756295,7.0424736869756295,0,0,0,1
59,2,212.07341970376817,18.09317893639895,18.08934886467834,58.20483748574591,30.00638194150466,22.73442299396057,9.287013822977675,7.0424736869756295,0,0,0,2
59,3,197.44517155043258,16.761454830086475,18.086034638620006,67.81309986597785,28.629846433613373,24.74938901211956,10.440992996153298,9.287013822977675,0,1,0,3
59,4,149.58330480586048,19.553191894733498,18.04401322979153,77.0846062841517,29.021478211153376,22.48689077870142,9.536350687728076,10.440992996153298,0,1,0,4
59,5,102.85339063972657,19.832407013510835,18.052923087832408,71.30524323596127,29.86682044516908,21.3589403982174,7.8697445519273215,9.536350687728076,1,1,0,5
59,6,68.00179418182606,19.97093153889733,18.134173193104992,66.0295925161308,29.47277910723153,24.55138356037698,6.084613301747831,7.8697445519273215,2,1,0,6
59,7,42.05777136929403,19.997678523118,18.13797238863092,61.30359906051655,29.159502363666185,27.918311771810146,4.621233719129699,6.084613301747831,3,1,0,7
59,8,19.4049652444902,19.84667374765605,18.03379691035731,56.22466276926629,28.59408296148077,26.522937642684443,3.994757060864592,4.621233719129699,4,1,0,8
59,9,8.64994323896015,20.317957104752306,18.12730603900108,66.37004875001952,31.81909662767957,24.544158820949477,3.153054951332821,3.994757060864592,4,1,0,9
60,0,204.9960365639462,21.0,21.0,40.0,28.238716441256617,21.80676443699532,5.895737675284039,6.303220308711328,0,0,0,0
60,1,187.3088235380941,22.164774328825132,19.036135288739906,49.00818655808535,28.238716441256617,21.80676443699532,5.895737675284039,5.895737675284039,0,0,0,1
60,2,187.3088235380941,18.411382437637965,19.235085838938787,58.46772491462403,29.14870320294833,23.404287666710992,5.250696485511845,5.895737675284039,0,0,0,2
60,3,179.6969600197913,18.20625049395542,18.00924529435698,68.62479738434843,34.0953042363352,22.33287615102256,5.474109280589384,5.250696485511845,0,0,0,3
60,4,166.61720025905134,18.131296752702433,18.10433059871607,79.24803777192119,33.70085846057591,25.31714369260612,5.747043852998098,5.474109280589384,0,0,0,4
60,5,135.75504477600902,18.00845058617602,18.098582068674965,74.64018878346063,29.90805416287307,27.826118123457118,5.873052932573664,5.747043852998098,1,0,0,5
60,6,103.51661668874885,18.035677534030427,18.044202271675292,69.32062437552506,27.072974659652346,26.707223074038943,6.073615911555651,5.873052932573664,2,0,0,6
60,7,65.04829361027844,18.115087178876262,18.088975972317428,64.16814347551414,27.903639545750966,26.80479989863286,6.927993398249087,6.073615911555651,3,0,0,7
60,8,26.42984811380473,18.133927734141935,18.160009948764735,60.04456199225601,30.42454731523256,30.0,6.755752328717398,6.927993398249087,4,0,0,8
60,9,11.561554851894591,18.079817726651818,18.093210593111575,70.70716131173559,29.236662885997664,30.0,5.925602710703807,6.755752328717398,4,0,0,9
61,0,80.6279835081575,21.0,21.0,40.0,34.80509278865018,22.839674169226885,5.284903714037762,7.108807753091166,0,0,0,0
61,1,64.77327236604421,22.296101855773006,19.05679348338454,50.376058052417875,34.80509278865018,22.839674169226885,5.284903714037762,5.284903714037762,0,0,0,1
61,2,64.77327236604421,18.65687915529114,19.412977266726784,62.41500537302776,38.833880342049866,28.04916032800504,3.560243604240781,5.284903714037762,0,0,0,2
61,3,51.71523460014145,20.871217764762186,20.463846601372552,73.73343941951991,35.95363782256288,26.92655132461576,2.176339627650459,3.560243604240781,0,0,0,3
61,4,49.75254688333898,21.648188938058002,21.629919794560927,70.35370487777418,35.790527474666575,28.766502848968244,0.2453359646003092,2.176339627650459,1,0,0,4
61,5,43.05713803533898,22.58744342839728,22.620594399515568,65.90467282515172,28.616488596541927,30.0,0.836926106,0.2453359646003092,2,0,0,5
61,6,32.50848176352434,23.617678296871073,23.53864437689304,62.32647048293467,33.45443143212744,30.0,1.3185820339768304,0.836926106,3,0,0,6
61,7,9.832967522896618,24.47639526696223,24.366055447600544,59.17362148688558,36.26000267262987,29.557502904875232,2.834439280078465,1.3185820339768304,4,0,0,7
61,8,9.832967522896618,22.815639877619486,22.68426608619704,71.38023260365115,38.01914653290039,29.79535967135276,3.795817377692595,2.834439280078465,4,0,0,8
61,9,0.0,20.418215965804738,20.301958654118323,68.58125764566951,37.78347245565754,30.0,4.916483761448309,3.795817377692595,5,0,0,9
62,0,133.35517349943402,21.0,21.0,40.0,26.99117210300796,17.055563209259258,4.462930448893935,6.577737058525979,0,0,0,0
62,1,106.5775908060704,22.13982344206016,21.941111264185185,47.9284123562081,26.99117210300796,17.055563209259258,4.462930448893935,4.462930448893935,0,0,0,1
62,2,106.5775908060704,20.12824986374404,20.01224191925877,56.5059590522708,28.21705854636809,19.43597865398028,3.788765335727567,4.462930448893935,0,0,0,2
62,3,97.56337865656883,18.641245187257468,21.44503856520028,66.81322115169249,34.40650874457375,22.85605847443565,3.004737383167191,3.788765335727567,0,0,0,3
62,4,80.80742536292665,22.300261920231392,21.19386264204887,77.89275204768235,37.40800633107499,24.14494309109093,2.792658882273697,3.004737383167191,0,0,0,4
62,5,57.68378790793532,22.615348773042733,22.69359824062411,72.60217444658909,33.312375671575445,20.62885987790645,2.890454681873916,2.792658882273697,1,0,0,5
62,6,38.74736650793532,23.554284465132284,20.456778742033734,66.89927250038184,27.67604444225004,23.974500301043022,3.78728428,2.890454681873916,2,0,0,6
62,7,28.520189681411953,19.492929461856406,20.36054345800247,62.32222503144229,30.49358893919986,27.41170290002481,5.113588413261682,3.78728428,3,0,0,7
62,8,14.842785448838866,18.162623336878404,18.120624878449625,58.072052357779654,33.160499747933585,26.560763176162883,5.616341519197003,5.113588413261682,4,0,0,8
62,9,0.0,18.111022736226655,18.114704674490113,68.76321323880433,32.751633619812885,26.643704608101917,5.779208970750829,5.616341519197003,4,0,0,9
63,0,167.36213540687285,21.0,21.0,40.0,28.010417639701927,24.12407232294737,3.960863727164933,3.6580867185612154,0,0,0,0
63,1,155.47954422537805,22.16020835279404,19.08248144645895,49.384208193276876,28.010417639701927,24.12407232294737,3.960863727164933,3.960863727164933,0,0,0,1
63,2,143.81327063637804,18.55349764375509,22.26064831687776,60.01442623464805,34.9325684176997,24.12419847880682,3.888757863,3.960863727164933,0,0,0,2
63,3,131.38752563499972,19.439077785300668,21.233421037124597,70.14102512497406,30.46723001799835,25.791652706035077,4.141915000459443,3.888757863,0,0,0,3
63,4,122.20703011279473,18.548062926267303,18.104661357823392,64.94477145442086,29.17909350449297,25.286163881322544,4.225269023746716,4.141915000459443,1,0,0,4
63,5,101.65903388045632,18.079576575980912,18.09998787997501,60.11799824839143,30.024544838673823,26.49338179449605,4.129135117076903,4.225269023746716,2,0,0,5
63,6,66.96325104390806,19.464825501399794,18.093358068444203,55.15787682577576,29.04799003102562,26.72911317666512,5.193176005,4.129135117076903,3,0,0,6
63,7,42.09530452782606,18.1544252874956,18.125784261144208,51.45446974829319,33.05413687780154,29.704712691739772,6.010732625,5.193176005,4,0,0,7
63,8,27.88736035634849,18.25126347302898,18.109478200605995,63.69478743074487,38.001764902509294,30.0,6.568302135683668,6.010732625,4,0,0,8
63,9,11.414338764852936,18.197174692082182,18.16445160235492,76.16593587200191,39.28415800698361,30.0,6.760420824402143,6.568302135683668,4,0,0,9
64,0,344.23220101833306,21.0,21.0,40.0,34.4068780681242,19.315241752097823,5.533428652391688,2.363734999653362,0,0,0,0
64,1,344.23220101833306,19.288137561362486,18.986304835041956,49.669981567639965,34.4068780681242,19.315241752097823,5.533428652391688,5.533428652391688,0,0,0,1
64,2,335.3513692411935,18.01506981214875,18.08889042356711,58.9116145419689,29.559765129886983,21.78264028305155,7.961128980729184,5.533428652391688,0,0,0,2
64,3,308.7641038469408,18.088742667214643,18.187317920012998,69.3844441622538,31.444645679141026,26.737741100219523,9.481031155821697,7.961128980729184,0,0,0,3
64,4,287.8275374568965,18.139307449381107,18.08491867098794,79.96584543286346,32.72066660719193,26.06489600730617,9.453667639875276,9.481031155821697,0,0,0,4
64,5,254.13928345987995,16.453943904006408,18.03176134096536,74.75088806579403,30.92476841434141,23.436579546384007,9.077297849175002,9.453667639875276,1,1,0,5
64,6,206.52652997487996,18.91195907116922,15.37208796321031,69.17309889093849,27.83595476940409,24.50966092584292,9.522550697,9.077297849175002,2,1,1,6
64,7,131.87448879887995,17.943339584841944,19.009145332124376,63.27599039553641,25.189699362625134,25.3819201073633,9.331505147,9.522550697,3,1,1,7
64,8,67.15302407887994,19.7385278371954,19.461452448854963,58.691993372937745,27.866683207785176,30.0,8.09018309,9.331505147,4,1,1,8
64,9,28.04110558936187,21.093591303236074,21.188847338661244,69.38279260263042,29.39332905384817,30.0,6.518653081586344,8.09018309,4,1,1,9
65,0,129.90095399201638,21.0,21.0,40.0,34.33634858119019,18.15807638443375,5.179411705528362,4.370684638871349,0,0,0,0
65,1,114.3627188754313,22.286726971623803,18.963161527688676,49.44899649381231,34.33634858119019,18.15807638443375,5.179411705528362,5.179411705528362,0,0,0,1
65,2,114.3627188754313,18.526622244032026,19.24562293745361,59.64379805237667,35.27061671220827,21.3671697242604,5.154878306542354,5.179411705528362,0,0,0,2
65,3,109.05146675689484,18.043779515421424,18.144445563552086,69.876799888758,30.188036044000228,26.661974158118323,4.277698521681051,5.154878306542354,0,0,0,3
65,4,93.52211868493887,18.012830624061312,19.89741402258543,79.51489388472899,26.78958934655997,26.75537729772327,3.801989064069521,4.277698521681051,0,0,0,4
65,5,80.3896569883577,18.188798493874945,18.089612639534163,75.35256374644435,33.73403645198226,26.475240557547476,3.393755927491692,3.801989064069521,1,0,0,5
65,6,54.486998203852956,19.594279427123194,18.145095886326356,71.19679617058634,34.19361476201069,26.052120927667072,3.875386419940792,3.393755927491692,2,0,0,6
65,7,39.19302441360034,18.09073838481204,18.07770309346996,66.44168188349035,32.471788130164946,24.444243608190643,3.843409162914415,3.875386419940792,3,0,0,7
65,8,19.288324760170518,18.179326962980188,18.166266766099298,63.41527386791516,36.92507513063641,29.59488033839036,3.505467384,3.843409162914415,4,0,0,8
65,9,12.937593946613164,18.02167961107695,17.985369368729963,73.37401221072687,31.570682938250407,23.75564118848134,2.6741063870713115,3.505467384,4,0,1,9
66,0,88.96211890284545,21.0,21.0,40.0,29.31504360639344,20.614515398284745,3.9894221197129087,6.489086375840484,0,0,0,0
66,1,65.025586184568,22.18630087212787,22.012290307965696,48.98732062084207,29.31504360639344,20.614515398284745,3.9894221197129087,3.9894221197129087,0,0,0,1
66,2,58.268520290154854,20.312913450973454,23.164392481822073,59.643177226868644,34.61770514340814,24.58149822340617,2.2523552981377137,3.9894221197129087,0,0,0,2
66,3,57.872813930154855,23.581832271508503,22.457242477348437,69.49736368056205,34.10139227178551,20.64408802651121,0.06595106,2.2523552981377137,0,0,0,3
66,4,51.54347891696855,24.26519022288311,24.464454341178044,79.4789675217465,31.179497835450704,24.27385683779628,1.0548891688643838,0.06595106,0,0,0,4
66,5,35.760030297169145,25.127693268762126,24.975426556740146,74.92823321274687,31.33792494389403,26.713551117219197,1.9729310774749265,1.0548891688643838,1,0,0,5
66,6,24.974354453883368,25.80548970072341,22.769243928279323,71.46556528720303,34.096289302534245,30.0,2.157135168657155,1.9729310774749265,2,0,0,6
66,7,6.744169664375995,24.606530610184528,25.434881312894802,67.61423843037014,33.03161223437124,28.905460783223774,2.2787730986884216,2.157135168657155,3,0,0,7
66,8,3.1375042766203727,22.779627304183048,22.387087858291643,64.71054654607507,37.20171175391626,30.0,1.8033326938778111,2.2787730986884216,4,0,0,8
66,9,3.1375042766203727,20.85234546390945,20.822894120210215,75.60600175673177,33.945482799601685,26.58482392626893,1.7641524261652677,1.8033326938778111,4,0,0,9
67,0,278.57776628401786,21.0,21.0,40.0,25.590782627592905,16.699253631893868,6.449083289865628,2.143775095255414,0,0,0,0
67,1,278.57776628401786,19.111815652551858,18.933985072637878,47.61220652670762,25.590782627592905,16.699253631893868,6.449083289865628,6.449083289865628,0,0,0,1
67,2,264.7946346651967,18.116489334996345,18.050516036047473,55.20075787778387,25.824466749817184,16.334151867273114,8.790136138905629,6.449083289865628,0,0,0,2
67,3,249.74172321633344,16.695857146197874,18.1705206258586,63.715994130180164,26.165291119148453,21.141576949719823,9.678176844432295,8.790136138905629,0,1,0,3
67,4,202.75018890547713,19.606056723791756,18.134441380117664,73.52936498641594,30.11410530523745,24.404621673850244,9.241254745155414,9.678176844432295,0,1,0,4
67,5,151.22847106142208,19.913301079580208,18.04672065255973,68.02609749760681,30.40570680297966,22.353918259191868,8.802661097435477,9.241254745155414,1,1,0,5
67,6,103.38290136151889,20.00677065396383,18.043906021833546,62.53453093887087,30.237396927696437,22.58723330154833,8.498076671736904,8.802661097435477,2,1,0,6
67,7,60.64883746826774,20.049145628940703,18.03474924658408,57.459267900587534,33.90328606694702,21.234141498145576,7.563380963,8.498076671736904,3,1,0,7
67,8,24.48560768983534,19.839968683463823,18.130308651238593,52.775002141815264,30.583517425933955,26.72611724755344,6.274886164721483,7.563380963,4,1,0,8
67,9,9.778608864383047,20.36158219160786,18.08864538494173,62.84827022577024,31.205574706902144,24.757025759514413,4.399162376309752,6.274886164721483,4,1,0,9
68,0,165.72501503685947,21.0,21.0,40.0,28.73783201908008,24.222883992666183,3.645018368703425,2.812360978347176,0,0,0,0
68,1,154.7899599307492,22.174756640381602,19.084457679853326,49.53292888211433,28.73783201908008,24.222883992666183,3.645018368703425,3.645018368703425,0,0,0,1
68,2,140.4080297515501,18.4686970903184,22.29232768133619,59.55120760272748,30.415029430220592,25.242074573185807,4.793976726399702,3.645018368703425,0,0,0,2
68,3,140.4080297515501,19.4198572519985,18.105850690729362,68.78697020650077,29.82783072068763,21.48196152249732,5.843315242677816,4.793976726399702,0,0,0,3
68,4,132.80013335307913,18.01118306727993,18.019719777045808,77.00757471061443,26.300208210855885,19.369816811997826,6.564445044391689,5.843315242677816,0,0,0,4
68,5,95.79911643946147,18.09684486453139,17.997055357360185,69.43579476261881,24.842243226569572,16.425645951232532,6.429011585666349,6.564445044391689,1,0,1,5
68,6,60.287101358947766,18.108021117121893,19.270400697520213,62.93115735271098,26.5376002541792,20.65885857966617,5.261052959073077,6.429011585666349,2,0,1,6
68,7,35.866131940901326,18.081068001956833,19.575331754937345,56.21409881844562,26.68165262152072,19.334688854782826,4.063333072372941,5.261052959073077,3,0,1,7
68,8,16.27564555299473,18.043087154407985,19.396206640295944,48.50092691242515,26.36931758347845,14.113060716407826,3.290596210075159,4.063333072372941,4,0,1,8
68,9,7.141974446999999,18.118729464637383,19.933766971689614,56.646455886148054,26.16504947947876,19.08788926342626,2.510986303985067,3.290596210075159,4,0,1,9
69,0,167.98828089203607,21.0,21.0,40.0,34.47897559257653,17.000405795484077,6.261618261169179,5.722465966572539,0,0,0,0
69,1,167.98828089203607,19.28957951185153,18.940008115909684,49.26628864985091,34.47897559257653,17.000405795484077,6.261618261169179,6.261618261169179,0,0,0,1
69,2,160.79362327337043,18.176256575354934,17.993102883544193,58.2284788646824,34.40811370256054,15.38183193539219,5.7449628941737485,6.261618261169179,0,0,1,2
69,3,136.5992691507634,18.060763396749714,19.65104066417199,68.1047926427027,32.86536226747748,22.00304761041306,5.696243746648586,5.7449628941737485,0,0,1,3
69,4,121.58194226684867,18.03617713168563,20.281556474818572,77.21481745691858,27.75719200763277,22.85405696023317,4.723209946096983,5.696243746648586,0,0,1,4
69,5,102.82501071670256,18.067561683766225,19.926515292511333,71.55200807180054,27.99143255669372,23.881848637094976,3.4830255254846505,4.723209946096983,1,0,1,5
69,6,73.5450181834562,20.517885539111095,19.91471153784993,65.89335825660153,27.08539292372149,24.810996991839588,3.659999066655797,3.4830255254846505,2,0,1,6
69,7,50.69099345214228,18.210545364682638,21.398346002971905,61.100652472483375,28.18238409634329,28.52480599188921,4.570804946262781,3.659999066655797,3,0,1,7
69,8,28.78467939687939,18.292279183030995,20.335359772255774,56.84869122243775,29.87014367652861,29.84118271210683,4.381262811052578,4.570804946262781,4,0,1,8
69,9,15.183691425416084,18.19264983798542,20.528135223672102,67.12057300915733,29.82276590175704,27.243244024462804,4.533662657154436,4.381262811052578,4,0,1,9
70,0,210.09841580744134,21.0,21.0,40.0,33.24299805047452,19.67141175253978,5.6491956551756255,6.636559600443364,0,0,0,0
70,1,193.15082884191446,22.264859961009492,18.993428235050796,49.52459376454257,33.24299805047452,19.67141175253978,5.6491956551756255,5.6491956551756255,0,0,0,1
70,2,193.15082884191446,18.49760952894965,19.32975824691393,60.1474611288512,33.23998489644054,25.77594490527406,5.122465904731769,5.6491956551756255,0,0,0,2
70,3,187.67379998439958,17.983435023617506,18.070733972263604,70.13306281287635,28.694622394176463,26.78094251707436,5.0459210274491255,5.122465904731769,0,1,0,3
70,4,150.0011536050804,19.236321196949802,18.129639141814234,65.44728091588226,30.307260409695303,26.993951273670845,5.392766412454131,5.0459210274491255,1,1,0,4
70,5,114.25880816918854,19.784402688904784,18.07336423583938,60.36863938890659,29.650887320940804,25.46777086252769,5.917000211412492,5.392766412454131,2,1,0,5
70,6,79.12432333205567,20.041570607060653,18.136552029249955,56.412430332334225,33.111562944279505,28.242831185874,6.186689451809002,5.917000211412492,3,1,0,6
70,7,46.64732639084013,19.98115678784421,18.075376777356016,51.56172108117147,27.20246449317786,29.182484111473507,5.9230934830517885,6.186689451809002,4,1,0,7
70,8,30.394754296158087,20.426858464395853,18.099133603355824,61.1460986555562,24.72901316582481,28.51752891409037,5.3731581852950185,5.9230934830517885,4,1,0,8
70,9,17.040200376571057,20.393468936795397,18.18749950517598,70.98297065413472,24.93181668878156,29.71747219221017,4.451517973195677,5.3731581852950185,4,1,0,9
71,0,181.90394619040492,21.0,21.0,40.0,28.72181787013057,20.095375539056203,6.471504129448637,4.702982681900373,0,0,0,0
71,1,181.90394619040492,19.174436357402612,19.001907510781127,48.78709481365362,28.72181787013057,20.095375539056203,6.471504129448637,6.471504129448637,0,0,0,1
71,2,173.6497317248002,18.00553615423527,18.121584247687473,57.85328595502475,26.29672270524913,24.071005857923826,6.6220906550843415,6.471504129448637,0,0,0,2
71,3,155.5848577993288,18.02275833264267,18.020156165661987,65.89433864137644,24.029890279474827,20.642624644701154,6.404925180137017,6.6220906550843415,0,0,0,3
71,4,139.82491108977405,18.1531810235274,18.140638928030956,75.59716398940579,27.94918480244765,25.955400464382063,6.080941894292447,6.404925180137017,0,0,0,4
71,5,107.40811694657387,18.208302883716815,18.112470476247314,71.18649591439966,31.581085510665662,27.24853629485583,6.009416830663033,6.080941894292447,1,0,0,5
71,6,77.67380570513623,18.13891658661878,18.017959388376735,66.58617863581003,32.82056599543873,24.95544912350779,5.815820587489249,6.009416830663033,2,0,0,6
71,7,55.13459987943257,17.979840020727504,18.174535402925972,61.483826648152046,25.7460572439253,29.240876157974792,4.152366853745637,5.815820587489249,3,1,0,7
71,8,28.220069322499683,19.175322939631165,18.116653718643988,56.006747382364495,24.19722966724224,28.70788552282689,3.895278703582849,4.152366853745637,4,1,0,8
71,9,13.147457027213695,20.14018100204659,18.090042711081047,66.15986449391303,30.514849364166583,25.89135681110311,4.046631321752656,3.895278703582849,4,1,0,9
72,0,67.5622577297191,21.0,21.0,40.0,33.43253265588527,20.77564676857712,3.277939134256048,6.752898896,0,0,0,0
72,1,47.894622924182805,22.268650653117707,22.015512935371543,49.75747229640323,33.43253265588527,20.77564676857712,3.277939134256048,3.277939134256048,0,0,0,1
72,2,44.32165936122327,20.256952157596302,23.084870675399486,58.50084449622711,30.487714937527382,18.08657506149419,1.1909878543198462,3.277939134256048,0,0,0,2
72,3,43.05070932400089,23.473529321122374,22.337066284796794,67.39613177185845,31.91131834581384,17.506944296582464,0.2118250062037292,1.1909878543198462,0,0,0,3
72,4,40.876460964865586,24.205449642402144,24.331615905870233,77.49520552873987,33.42229884374357,22.68366647226437,0.3623747265225507,0.2118250062037292,0,0,0,4
72,5,34.37281878758737,25.09783192400267,24.786230313456297,72.53284295523959,34.72611947236998,21.038532897072848,0.8129552721597773,0.3623747265225507,1,0,0,5
72,6,25.80399840483638,25.59485157298123,25.63011487940528,67.69663690330053,29.68819038533247,26.77733154833945,1.0711025478438736,0.8129552721597773,2,0,0,6
72,7,11.104436751001717,26.292541249977518,26.18865050592281,64.33644267244799,34.66558760637477,30.0,1.837445206729333,1.0711025478438736,3,0,0,7
72,8,6.663430421232712,23.555613583567766,23.584517104219234,59.43127387011364,28.0977903354171,27.98460520716984,2.2205031648845024,1.837445206729333,4,0,0,8
72,9,6.663430421232712,21.764614715682747,21.68203031815573,70.28471237320991,31.9962738196679,28.300606753089177,2.793687986024838,2.2205031648845024,4,0,0,9
73,0,161.60970964942757,21.0,21.0,40.0,25.474168939060327,20.465489228499244,3.635294543,5.709522278,0,0,0,0
73,1,139.79794239142757,22.109483378781206,22.009309784569986,48.269138470160726,25.474168939060327,20.465489228499244,3.635294543,3.635294543,0,0,0,1
73,2,131.8464783943306,20.136658967124646,23.109186318998894,57.48821319175268,27.046659053039008,24.17042273358294,2.6504879990323245,3.635294543,0,0,0,2
73,3,114.92492399221162,23.498581210430483,22.39077500653989,67.8697640965101,34.238841360311966,23.436441443895887,2.8202590670198324,2.6504879990323245,0,0,0,3
73,4,95.18072097966248,24.170211258661023,24.393560157471104,77.57122971461449,29.673339664773003,24.22369154691809,3.290700502091522,2.8202590670198324,0,0,0,4
73,5,73.75389951649647,22.059672795849266,24.852654548554856,72.64693557395661,31.488411272790582,24.4877323902212,4.285364292633201,3.290700502091522,1,0,0,5
73,6,63.76869167803303,21.872042749198126,20.78891673910698,68.80571947902918,37.127409065521626,24.86583485154816,4.992603919231721,4.285364292633201,2,0,0,6
73,7,53.19172453087844,19.31000284175435,19.44799281049005,65.30521672433268,36.61674376091208,27.26935204632958,5.288483573577294,4.992603919231721,3,0,0,7
73,8,32.848881271225224,18.106777386034185,18.063004946761694,61.066184411401906,33.6214063436187,26.16174747343252,6.152355495634294,5.288483573577294,4,0,0,8
73,9,14.13507337015805,18.059981238217432,18.04964223641514,71.01470786177424,31.339245037803185,23.930329686487603,7.097063738,6.152355495634294,4,0,0,9
74,0,131.23122097833343,21.0,21.0,40.0,27.61324893252996,23.59697709440789,6.327921876227935,5.401997669740535,0,0,0,0
74,1,131.23122097833343,19.1522649786506,19.07193954188816,49.21784068484881,27.61324893252996,23.59697709440789,6.327921876227935,6.327921876227935,0,0,0,1
74,2,122.211729210407,18.121257272882843,18.2120050676273,59.4207810643405,28.16021775687547,28.522784351411705,7.028749972938243,6.327921876227935,0,0,0,2
74,3,103.41962273325824,18.01098806267536,18.08302239899209,68.2932997175834,22.84699463775018,26.444775658043657,7.245431212902815,7.028749972938243,0,0,0,3
74,4,88.4536133903599,18.063886691161038,18.101593159051355,77.26599629266197,23.72074106904016,26.127573236951893,5.9900122356176695,7.245431212902815,0,0,0,4
74,5,60.578923068051836,18.115173674960882,18.099785889549782,71.2044030009991,25.758683748044064,23.89913129827333,4.988793535333528,5.9900122356176695,1,0,0,5
74,6,39.686477045838004,18.129888442773797,18.071528629577802,65.55859517663089,27.886850654539508,24.08088365452599,3.891601307104245,4.988793535333528,2,0,0,6
74,7,22.003527389675476,18.023867343992865,18.055676607612522,59.98067160746983,27.375665126907545,24.969203933308822,3.295392871402824,3.891601307104245,3,0,0,7
74,8,7.265892785930073,18.19988761182449,18.12153373428118,55.27529467859381,31.76543782469518,25.426912570438063,2.4892237048667933,3.295392871402824,4,0,0,8
74,9,0.0,18.026791805005022,18.044329004598595,64.59072954962318,27.640910872922845,24.11150507724029,2.8693953134373538,2.4892237048667933,4,0,0,9
75,0,155.8652815884995,21.0,21.0,40.0,28.476900101995167,21.864983821136708,4.384479734241937,3.786440956371011,0,0,0,0
75,1,142.71184238577368,22.169538002039904,19.037299676422734,49.061539106163735,28.476900101995167,21.864983821136708,4.384479734241937,4.384479734241937,0,0,0,1
75,2,142.71184238577368,18.567459702576905,19.187034599611376,59.445294399935655,36.84617972118896,20.84134968865505,4.522328400487565,4.384479734241937,0,0,0,2
75,3,137.53320128221515,18.101805399769177,18.07958440496701,69.70407010597029,33.35517542493694,23.638022941922184,4.149914079872511,4.522328400487565,0,0,0,3
75,4,128.7889052071048,18.05634625229986,18.128215066330245,80.14253308556499,30.82881828472181,27.16264271302652,3.841837875999029,4.149914079872511,0,0,0,4
75,5,98.83799224612284,18.098537966777933,19.35060311297663,75.72653483768478,32.01872256474113,26.78128716925768,4.523196449779826,3.841837875999029,1,0,0,5
75,6,82.92238829653098,17.977350052484727,18.150011827645844,70.51062947030641,25.79242610977573,28.5636551825667,3.848054361168289,4.523196449779826,2,1,0,6
75,7,56.89778983270196,19.44113208234173,18.065487775740998,65.31493824687918,30.76074358481608,23.70763850725488,3.817481683667972,3.848054361168289,3,1,0,7
75,8,31.667890477652584,19.741327582897927,18.069452935121625,60.35801400100358,33.84950972191625,21.945355578774866,4.1000791853602685,3.817481683667972,4,1,0,8
75,9,18.359940674700702,20.42808524326975,18.057863281450068,71.33294627633965,37.836015281993966,23.13583069209533,3.888689910765792,4.1000791853602685,4,1,0,9
76,0,297.93501388214355,21.0,21.0,40.0,33.50485911613399,19.047745093036703,6.663612885840164,4.563244356244908,0,0,0,0
76,1,297.93501388214355,19.270097182322683,18.980954901860734,49.459468757650725,33.50485911613399,19.047745093036703,6.663612885840164,6.663612885840164,0,0,0,1
76,2,288.8548560986753,18.197532690231785,18.106696210893922,60.35841048385528,37.44561764597466,23.10405861071733,7.877303764,6.663612885840164,0,0,0,2
76,3,267.90878804526125,17.999540532347766,18.186033943682958,71.15501925362258,30.810646636622188,29.17051319541834,8.386627783419202,7.877303764,0,1,0,3
76,4,208.0081577162098,19.292143909604434,18.0643421252129,66.31142637629819,29.39781426889224,27.026669745972203,8.712097748,8.386627783419202,1,1,0,4
76,5,155.31934830539734,19.746203672308603,18.115359764364044,61.577421446142196,28.86250629935225,28.170799644225564,8.760079493874821,8.712097748,2,1,0,5
76,6,107.16559917433548,19.956497520624563,18.07011658780446,56.55400963321222,28.171028015677887,27.254461912488868,8.533817655,8.760079493874821,3,1,0,6
76,7,62.681970795679185,20.01946548396474,18.129258385308816,52.74144449363281,32.3870588391105,29.765357052115,7.948738947085753,8.533817655,4,1,0,7
76,8,42.17779636518563,20.624762216786444,18.143977189902035,63.97940647252605,32.43312210496244,30.0,6.832867897188958,7.948738947085753,4,1,0,8
76,9,24.760088406344217,20.686594791067666,18.2610518212601,75.150128558924,35.274245520149904,26.785321626505382,5.805902652947137,6.832867897188958,4,1,0,9
77,0,125.03600363481408,21.0,21.0,40.0,28.620354843606734,16.604283629544724,4.358596106030133,2.6426070858766666,0,0,0,0
77,1,111.96021531672368,22.172407096872135,18.932085672590897,48.14043492516726,28.620354843606734,16.604283629544724,4.358596106030133,4.358596106030133,0,0,0,1
77,2,96.58715873185754,18.366403393650454,22.184551109817228,57.521325793350556,29.906747967338028,22.209312411458072,5.124352194955377,4.358596106030133,0,0,0,2
77,3,96.11136688833085,19.35868295811008,18.21118531791861,68.0824734569773,31.53681862185452,27.13622395384961,5.535129941013032,5.124352194955377,0,0,0,3
77,4,90.80996922911059,18.201079342145913,18.12472713101282,80.24345342697028,37.69599389139493,29.865005941899373,5.430119558647781,5.535129941013032,0,0,0,4
77,5,66.03969446442224,18.202256353088107,18.114030608781018,77.77544707403557,39.62218692814047,30.0,4.814242419751664,5.430119558647781,1,0,0,5
77,6,46.291502263393234,18.08355519136562,18.121909978829382,74.66735337586864,36.06614612129484,30.0,3.950046099114752,4.814242419751664,2,0,0,6
77,7,29.78560304978654,18.185770953555586,18.117726363298598,71.8118339357374,37.46933644371529,30.0,3.123879832949727,3.950046099114752,3,0,0,7
77,8,13.172310930821421,18.02112456635178,18.07082732777555,68.27066250379661,33.66015871144008,30.0,3.099384389623832,3.123879832949727,4,0,0,8
77,9,5.621414708090627,18.08246374193282,18.08015952774324,79.40041152032998,31.83193898074097,30.0,2.872550832225003,3.099384389623832,4,0,0,9
78,0,117.25482428526641,21.0,21.0,40.0,33.4912242231306,22.07624053967252,5.978618560808513,7.151510518360688,0,0,0,0
78,1,99.31896860284087,22.269824484462614,19.04152481079345,50.00214365730456,33.4912242231306,22.07624053967252,5.978618560808513,5.978618560808513,0,0,0,1
78,2,99.31896860284087,18.663824317082938,19.245774444590186,60.93529499041327,40.03335917902833,20.706370449353376,5.433251308,5.978618560808513,0,0,0,2
78,3,94.18625315286675,18.186955233381976,18.029515432098584,72.00947219632718,39.99732777369208,21.52587892582965,4.875402238,5.433251308,0,0,0,3
78,4,74.09775945020368,18.077457004410977,18.09333189029609,68.15168727572014,36.336047909632015,25.56514697588437,3.617898391540053,4.875402238,1,0,0,4
78,5,48.003973217833305,19.492822414312602,19.231820517850075,62.92139184843228,33.54405402495851,20.732082490108937,3.2617232790462976,3.617898391540053,2,0,0,5
78,6,32.49808017632765,20.60041775455411,18.08489947203538,57.44414167145493,30.673935977514184,22.230229705945003,2.7812985305978963,3.2617232790462976,3,0,0,6
78,7,15.021350077965668,20.30463809670961,20.840177236969108,53.627718369563766,36.54339944048313,25.58758221567705,2.184591262295248,2.7812985305978963,4,0,0,7
78,8,7.530380449444963,19.346605114706698,22.00712441231638,63.86958814034913,32.92011225999333,23.979164244369805,2.4969898761735685,2.184591262295248,4,0,0,8
78,9,7.530380449444963,19.50774162752071,18.648742750676796,73.98143014486448,29.60952720156772,26.56737282351751,2.93188576008116,2.4969898761735685,4,0,0,9
79,0,109.18419487592554,21.0,21.0,40.0,30.807503813548443,18.64224440194048,3.6273035798374194,6.196018325853443,0,0,0,0
79,1,87.42037339690103,22.21615007627097,21.97284488803881,48.900954678788004,30.807503813548443,18.64224440194048,3.6273035798374194,3.6273035798374194,0,0,0,1
79,2,79.3655061545659,20.12524137605749,23.072273775633676,57.116423602724,25.969725933269896,19.67176808859674,2.6849557474450427,3.6273035798374194,0,0,0,2
79,3,63.415058064565905,23.255657398294755,22.41496533660763,65.92084725777174,23.371290920489397,25.542173829775805,2.658408015,2.6849557474450427,0,0,0,3
79,4,50.16859603695022,24.06882057841203,24.273691390169127,75.4027190526681,27.52195293232688,25.15511259487516,2.207743671269281,2.658408015,0,0,0,4
79,5,32.50373006095022,24.84582871425764,24.807095109782733,69.93599475389937,25.913130416003447,27.049512368614696,2.208108247,2.207743671269281,1,0,0,5
79,6,19.348545089440876,25.524996199351794,25.511537912452933,65.27611878541488,29.34952596024305,28.09560754817648,1.6443981214386678,2.208108247,2,0,0,6
79,7,5.755993716270254,26.003907886448587,25.99338688995092,59.08715369776745,24.83905904294019,24.11113491457406,1.6990689216463275,1.6443981214386678,3,0,0,7
79,8,0.0,23.323732278146593,26.307378878357227,53.52037464784107,26.69113399644885,25.71564905951573,1.1511987432540507,1.6990689216463275,4,0,0,8
79,9,0.0,23.31816572286487,22.348643815278614,64.17835189307617,31.466190535951757,27.744794159798808,0.9304819900810778,1.1511987432540507,4,0,0,9
80,0,216.03163707636637,21.0,21.0,40.0,26.668875993709456,19.651798152097108,6.424478732307885,3.1904456542051083,0,0,0,0
80,1,216.03163707636637,19.13337751987419,18.993035963041944,48.33772134624518,26.668875993709456,19.651798152097108,6.424478732307885,6.424478732307885,0,0,0,1
80,2,205.34083674144856,17.98319987103483,17.95637980009155,55.151539950461896,22.803377786691687,15.051170014512271,7.894977424338023,6.424478732307885,0,1,1,2
80,3,157.2057591677385,19.55915534575584,19.451434542642534,62.80494537954829,24.153630135147267,18.365288915332712,8.022512928951674,7.894977424338023,0,1,1,3
80,4,109.73446595417529,21.142031899499948,21.024801637407457,70.65197734606336,25.53597359375954,18.058648442435253,7.911882202260536,8.022512928951674,0,1,1,4
80,5,54.92495857817529,22.075939364325265,21.969094000088383,64.73723420721149,28.78718568591612,21.686463542684567,6.851188422,7.911882202260536,1,0,1,5
80,6,26.47812485662674,20.073335727354323,22.911053754490027,60.03196929206007,33.4548759001857,23.738096793417515,5.689366744309711,6.851188422,2,0,0,6
80,7,18.147724707302764,19.87936734321553,19.022956402859563,55.210636434171974,28.401463700136645,28.14668708937397,4.165200074661987,5.689366744309711,3,0,0,7
80,8,7.944086771466831,18.030481866976377,18.11121590423725,50.13564476656093,27.101174540470343,28.03776063946832,3.1478937647926237,4.165200074661987,4,0,0,8
80,9,0.0,18.18257604785971,18.015866631403533,60.11657801564148,31.971485570696498,23.47814359086209,2.891563854731685,3.1478937647926237,4,0,0,9
81,0,112.17312559621425,21.0,21.0,40.0,32.4798363971435,15.52353309201925,5.891490264543936,6.472981752872061,0,0,0,0
81,1,94.49865480258244,22.249596727942873,18.910470661840385,48.640606508049295,32.4798363971435,15.52353309201925,5.891490264543936,5.891490264543936,0,0,0,1
81,2,94.49865480258244,18.42129887669244,19.239513322222496,58.56006221066407,32.14212797589164,22.96595926085714,4.769981565596694,5.891490264543936,0,0,0,2
81,3,80.47772087138878,18.119862736068328,20.160322282987018,67.85108133448428,30.19706997924777,21.41970293086449,3.962362554902545,4.769981565596694,0,0,0,3
81,4,71.74992077959305,18.239955409312504,20.53252974116453,78.06525726480456,30.754906019365556,25.99051581574712,2.909266697265241,3.962362554902545,0,0,0,4
81,5,54.792950235190446,20.904522397072714,20.22555389091719,73.410122368225,28.51564156338798,28.95583123339225,2.119621318050327,2.909266697265241,1,0,0,5
81,6,35.15573968096385,21.58253965212045,21.780122158017598,68.72046072674918,28.79252992241598,28.487127624940552,2.454651319278325,2.119621318050327,2,0,0,6
81,7,18.237503150308434,19.751329835042515,22.479975978303678,63.79596061512203,33.289477314166845,22.685522065682303,3.3836473061310826,2.454651319278325,3,0,0,7
81,8,9.661820853727997,19.530208499943,18.422328729080256,59.22652681860242,36.20594320677768,21.741646812557875,4.287841148290218,3.3836473061310826,4,0,0,8
81,9,5.555277038382666,18.10890728273343,18.13133794848601,70.34285722649524,35.43479736997602,26.322593784984075,3.9744948078670768,4.287841148290218,4,0,0,9
82,0,286.2815192778373,21.0,21.0,40.0,32.118625764341864,20.045580003349063,7.573231765605503,3.035752208542616,0,0,0,0
82,1,286.2815192778373,19.24237251528684,19.00091160006698,49.389557038184364,32.118625764341864,20.045580003349063,7.573231765605503,7.573231765605503,0,0,0,1
82,2,274.4874344945234,18.18236114869546,18.12694823082142,60.277818292394954,35.79955243282704,24.69078786834289,10.115367987554286,7.573231765605503,0,0,0,2
82,3,261.0706252315698,16.942029596062753,18.025317011222178,70.86867589381804,35.1928705636875,23.64522722199628,10.33958047570259,10.115367987554286,0,1,0,3
82,4,210.73366466513068,18.91590766101827,15.431965572081092,65.6953357030796,31.270173857682444,23.32238063821515,10.067392113287829,10.33958047570259,1,1,1,4
82,5,138.50566901813872,18.07972274411841,19.070738664906095,61.06302342657061,30.15330021258947,27.44496491791611,9.028499455873993,10.067392113287829,2,1,1,5
82,6,76.49109775171532,20.16131641437996,19.73347770388716,57.3974330778762,34.74781961003898,28.221122897214283,7.751821408302924,9.028499455873993,3,1,1,6
82,7,31.251394984988508,21.154192360378428,21.15953825810661,54.30448451665313,36.15028577098298,30.0,5.654962845840851,7.751821408302924,4,1,1,7
82,8,4.861266054244576,22.908703635672804,22.69531166993397,66.33071248776061,38.70089371914127,28.111483898122447,4.398354821790655,5.654962845840851,4,0,0,8
82,9,4.861266054244576,21.058739989981536,21.041302838745704,77.5072657405156,33.08234978158966,29.00961273371587,3.079235623343481,4.398354821790655,4,0,0,9
83,0,208.49018317392193,21.0,21.0,40.0,30.29744152613354,20.98275176836561,4.247883074612051,2.888479401241957,0,0,0,0
83,1,195.7465339500858,22.205948830522672,19.019655035367315,49.23043479300985,30.29744152613354,20.98275176836561,4.247883074612051,4.247883074612051,0,0,0,1
83,2,181.3227134195387,18.2715682869636,22.2602903836288,57.458463284257284,22.034785744944717,23.67648365087439,4.807940176849033,4.247883074612051,0,0,0,2
83,3,180.9942962760114,19.35853869633057,18.148784827473804,67.85731806731748,30.67995391883464,27.09146154261088,5.601271316312742,4.807940176849033,0,0,0,3
83,4,174.00873923087698,18.13994387097615,18.213781125728186,78.68456050368275,30.15134686869589,30.0,5.779412730689313,5.601271316312742,0,0,0,4
83,5,144.09140169469,18.067384643033574,18.10617119686228,74.6343236894495,30.83201769870422,30.0,5.805637585810726,5.779412730689313,1,0,0,5
83,6,112.26954810251505,18.17940282053171,18.090962049614067,71.12588228900569,34.9699377400764,28.87205447968017,6.0759748517792485,5.805637585810726,2,0,0,6
83,7,80.06149213575642,18.075862099818508,18.13746686144378,67.37392094189156,32.4891036271437,30.0,6.152671514563528,6.0759748517792485,3,0,0,7
83,8,46.28640180798569,18.270605526412762,18.11608313105147,64.87500710571001,39.45047868788029,30.0,6.009510818743253,6.152671514563528,4,0,0,8
83,9,32.438927555,17.950264826673404,18.042774946777705,75.50929124187101,31.18061580238675,27.898740509618836,6.157599233055826,6.009510818743253,4,1,0,9
84,0,196.61932657412,21.0,21.0,40.0,33.42525817019494,23.205074348317183,4.847267611431168,5.258178004627418,0,0,0,0
84,1,182.07752373982652,22.2685051634039,19.064101486966344,50.19345985333218,33.42525817019494,23.205074348317183,4.847267611431168,4.847267611431168,0,0,0,1
84,2,182.07752373982652,18.583345829850924,19.372887076014692,61.374133907748444,35.35192434812153,26.762931509746625,4.457872366427597,4.847267611431168,0,0,0,2
84,3,164.03766698285028,18.175967011924858,20.419891903505583,72.79824371388847,35.93110764562279,27.53616905515513,5.3829205372674505,4.457872366427597,0,0,0,3
84,4,141.83090501186666,18.084943491279343,18.178095198085554,69.53361520545565,35.196508286484296,30.0,6.460289319104372,5.3829205372674505,1,0,0,4
84,5,108.54112750115092,18.106201857543017,18.091234786742703,66.3447298929351,35.61730381933035,30.0,6.447826571648151,6.460289319104372,2,0,0,5
84,6,73.62707291302497,18.14539946031814,18.100310678272425,63.24114753318962,36.799908972835375,29.291300139689685,6.784443324934822,6.447826571648151,3,0,0,6
84,7,40.93875941421302,18.06055081581092,18.03973555410571,58.721963459980316,31.896683691736225,26.330071457100964,6.251109411909503,6.784443324934822,4,0,0,7
84,8,26.36140495931968,18.179724653417548,18.05937976821679,69.45842951087735,34.97441551480144,24.672618101293164,6.149495954965994,6.251109411909503,4,0,0,8
84,9,12.049976172243545,18.067246327527357,18.147191885769256,80.67625726521308,33.355191483200976,28.966073818664164,5.638351813642405,6.149495954965994,4,0,0,9
85,0,195.58753149337429,21.0,21.0,40.0,32.71446738656055,22.068956455189312,5.913198822623208,2.419124038747968,0,0,0,0
85,1,195.58753149337429,19.254289347731213,19.041379129103788,49.86101629151497,32.71446738656055,22.068956455189312,5.913198822623208,5.913198822623208,0,0,0,1
85,2,186.96180952881102,18.212851723229377,18.11900717527576,60.82484854131957,37.541562901541525,23.36861626403956,7.613413010358632,5.913198822623208,0,0,0,2
85,3,168.33692153338743,18.154334711175796,18.042047300316312,72.18797840889226,40.0094778280926,23.119021436200143,7.694488460032919,7.613413010358632,0,0,0,3
85,4,127.33690596420172,18.081563655334726,18.13344068916995,68.43264711345965,36.07722797232219,26.39315371971887,7.316933131509027,7.694488460032919,1,0,0,4
85,5,90.3153639944528,18.16352393255012,18.051518088833856,64.23566367480714,35.28474609260663,24.73201258154608,6.938339580497287,7.316933131509027,2,0,0,5
85,6,59.77906582489261,18.128645185278785,18.171993853564405,60.87932867213365,34.68702776292505,30.0,5.857315489111903,6.938339580497287,3,0,0,6
85,7,31.341379293119306,18.12197304932961,18.149086165707146,57.40624958301552,34.03844950489925,30.0,5.432944223,5.857315489111903,4,0,0,7
85,8,20.3215240820738,18.12203853842713,18.116966602124137,69.00247610999423,34.42348070543724,30.0,5.195172773608842,5.432944223,4,0,0,8
85,9,8.288890970344086,18.12871760836205,18.08937872175107,81.06076212737206,36.99047787432122,30.0,4.914102238100115,5.195172773608842,4,0,0,9
86,0,134.44590584372725,21.0,21.0,40.0,28.11959436668013,18.532111711560244,3.1314226891323096,6.118588394934509,0,0,0,0
86,1,115.65736970893337,22.162391887333605,21.970642234231207,48.39730709408327,28.11959436668013,18.532111711560244,3.1314226891323096,3.1314226891323096,0,0,0,1
86,2,99.70777312418261,23.106237267452073,23.02549387160607,56.474002730556286,25.89197295128752,18.97855836245149,2.658266097458461,3.1314226891323096,0,0,0,2
86,3,83.98405159928012,24.179031013354084,24.103655826768605,65.01985383491424,26.228430423365204,21.24852015640127,2.620620254150414,2.658266097458461,0,0,0,3
86,4,68.30130303907805,25.32921484870409,25.296048645290075,73.88877010624319,26.030347516210725,23.24140954672781,2.613791426700345,2.620620254150414,0,0,0,4
86,5,50.78859617460078,25.951277225690742,25.9174432295713,69.8739281326241,31.608924279649404,29.419731422466786,2.1890883580596587,2.613791426700345,1,0,0,5
86,6,23.957329736246194,26.69766065743651,26.533301460226543,67.015951503969,38.09057759932536,29.365107797035236,3.353908304794323,2.1890883580596587,2,0,0,6
86,7,15.855810883325642,24.257858386855393,24.121291930842357,64.48881944055327,39.29371075880148,30.0,4.050759426460276,3.353908304794323,3,0,0,7
86,8,7.944241900504845,21.851753829313644,21.78380770967843,61.26906394850543,35.44580282195648,30.0,3.955784491410399,4.050759426460276,4,0,0,8
86,9,7.944241900504845,20.105891002189953,20.146233970195645,71.7588320037647,28.63926629506424,29.63722290082053,3.374513679525193,3.955784491410399,4,0,0,9
87,0,97.83659594206809,21.0,21.0,40.0,28.89998725413445,17.394499605093863,5.585876845274029,6.115968445105075,0,0,0,0
87,1,81.078965406246,22.17799974508269,18.947889992101878,48.333007634661094,28.89998725413445,17.394499605093863,5.585876845274029,5.585876845274029,0,0,0,1
87,2,81.078965406246,18.36951713021842,19.159341912060352,57.34172391359977,29.504415487248508,20.544008284633048,5.325463386587771,5.585876845274029,0,0,0,2
87,3,73.73719115474456,18.168807396765892,18.11193402995094,66.56828548866812,29.693532379162782,21.56514303788363,4.409460844345565,5.325463386587771,0,0,0,3
87,4,65.78952203986768,18.014775073275093,18.126323094973536,75.8985964064171,26.20764162611661,25.627419028044372,3.5068617661006662,4.409460844345565,0,0,0,4
87,5,39.08001833038414,19.320243184606422,19.24502235857729,69.47439936263187,24.865585366364343,22.777764390384416,3.338687963685441,3.5068617661006662,1,0,0,5
87,6,20.689591791216877,20.4628801631662,18.13120858151193,63.38389898226998,25.98968963189492,23.507530477205744,3.2289934424849176,3.338687963685441,2,0,0,6
87,7,12.581703371780911,18.11387856932958,18.056178414113166,57.94172248765642,29.719496555318408,23.37952291905067,2.4659129082677875,3.2289934424849176,3,0,0,7
87,8,2.2504060288055805,18.212167676272987,19.233216999093464,53.91719777304888,33.20830094916067,27.766561747464124,1.500023003283221,2.4659129082677875,4,0,0,8
87,9,0.0,18.043533894192826,18.124601385203388,64.50689916439174,29.695429342520125,29.13624505382905,1.5245973850857035,1.500023003283221,4,0,0,9
88,0,181.1663148626806,21.0,21.0,40.0,33.9930016225108,23.28203541412352,6.497727972973101,5.696390751651309,0,0,0,0
88,1,181.1663148626806,19.279860032450216,19.065640708282473,50.309506666594174,33.9930016225108,23.28203541412352,6.497727972973101,6.497727972973101,0,0,0,1
88,2,173.445209350704,18.13030160374155,18.17663248345428,60.56529586491822,29.56054408436665,27.41606257298917,6.761858263957461,6.497727972973101,0,0,0,2
88,3,155.85929224078046,18.002565405093087,18.092915597124062,70.06007839649496,26.470086633169405,26.27870520892363,6.897318008279126,6.761858263957461,0,0,0,3
88,4,115.21013907359301,18.147358786124137,18.164089204974413,65.96871925590798,32.37397077888328,28.22958955118908,6.974762906002781,6.897318008279126,1,0,0,4
88,5,78.28227305366738,18.117283880004805,18.021283369534892,61.46542587398393,32.26465901046929,26.05037775661933,7.092574517,6.974762906002781,2,0,0,5
88,6,45.24626763433435,18.082677723407897,18.120452321552566,56.79749293411609,29.474608636600063,27.925763919689707,6.197645696083647,7.092574517,3,0,0,6
88,7,17.405656311234317,18.18734369673597,18.04145741450627,52.619945057517015,34.57364081232357,25.551093206570474,5.196005940980736,6.197645696083647,4,0,0,7
88,8,8.705444989311506,18.103063727664146,18.187577476198843,63.558168908460296,31.2772604941457,29.490649788872524,3.809279738899316,5.196005940980736,4,0,0,8
88,9,2.5311963864118647,18.084794666539967,18.081856353821614,74.52760783889698,32.25451310193657,28.686814289378347,2.498019401498973,3.809279738899316,4,0,0,9
89,0,240.00217780975854,21.0,21.0,40.0,25.451274024758565,22.90210619952161,4.661039615902083,2.9972505039013466,0,0,0,0
89,1,226.0190589620523,22.109025480495173,19.058042123990433,48.70360844037043,25.451274024758565,22.90210619952161,4.661039615902083,4.661039615902083,0,0,0,1
89,2,226.0190589620523,18.419785732504167,19.210848814823873,58.29476353961411,29.74789561369203,23.536299382106197,6.375820927301481,4.661039615902083,0,0,0,2
89,3,216.3799833620998,18.078636122549455,18.027761677647618,68.06704119351122,32.70464430430528,21.585787106234186,7.201787180292011,6.375820927301481,0,0,0,3
89,4,197.45818000087104,18.13815432112966,18.14159158767875,78.0426420646887,30.863699278529857,24.556305561345123,7.598575859664281,7.201787180292011,0,0,0,4
89,5,166.83909338293472,16.522341391739804,18.134203100765486,73.57606767725679,32.661752224058645,25.857278956875135,8.167306144436386,7.598575859664281,1,1,0,5
89,6,106.45524114386416,18.975292414391088,18.084737801832155,67.67397034146055,26.90340682049278,23.64049686952814,7.884798333766904,8.167306144436386,2,1,0,6
89,7,61.98135673869033,19.621638592985068,18.14804686879729,62.38588415713984,26.775154462798177,27.179922290975707,7.114516377554699,7.884798333766904,3,1,0,7
89,8,26.521987297301976,19.71687860984491,18.11734836287497,57.72556846836662,27.442690617926555,30.0,6.002690450417221,7.114516377554699,4,1,0,8
89,9,9.577630528278059,20.283694856052556,18.100929002805138,67.84592775251262,29.546367684329223,26.67785056092639,4.9913483036184445,6.002690450417221,4,1,0,9
90,0,159.2060786586058,21.0,21.0,40.0,28.98970170703149,22.45824879712918,4.602837564512955,5.999467881936184,0,0,0,0
90,1,131.5890532715281,22.17979403414063,22.049164975942585,49.26063109074892,28.98970170703149,22.45824879712918,4.602837564512955,4.602837564512955,0,0,0,1
90,2,131.5890532715281,20.23458462635289,20.150570073161294,58.84114717432724,29.69262644288172,23.53246291033116,3.920945036,4.602837564512955,0,0,0,2
90,3,121.52749056224557,18.651970000434268,21.5970113867352,68.63091836241225,29.19788334720543,25.18973436437796,3.353854236427508,3.920945036,0,0,0,3
90,4,98.7225920707446,22.222031282161087,21.334565812914438,78.95485121239454,28.776417583859995,28.57876491604169,3.8008164152501633,3.353854236427508,0,0,0,4
90,5,90.88821142477275,19.59781237913608,19.87629361148347,74.64467688823399,29.38792042133023,30.0,3.917190322985927,3.8008164152501633,1,0,0,5
90,6,71.25837752126215,21.134320711202395,18.03754689689953,71.14057408001429,36.46004152857455,27.406053981315985,3.7984524976281984,3.917190322985927,2,0,0,6
90,7,59.49315517086862,18.050449250455316,18.15787409298847,66.80834659405615,33.09977791155359,26.16562494423448,4.385223467890149,3.7984524976281984,3,0,0,7
90,8,29.784420177395265,18.0589740267061,18.09530100835362,62.12894122555427,31.810792574570463,25.525844267085763,5.272515943030613,4.385223467890149,4,0,0,8
90,9,13.202640364915986,18.178871085487685,18.115407452296374,73.26895351390657,33.332479299534256,28.55647785797851,6.134442882265449,5.272515943030613,4,0,0,9
91,0,115.59331906293617,21.0,21.0,40.0,34.971743829866924,22.02957570915735,4.008022018649581,5.627254834601294,0,0,0,0
91,1,91.54518695103869,22.29943487659734,22.04059151418315,50.260237517024365,34.971743829866924,22.02957570915735,4.008022018649581,4.008022018649581,0,0,0,1
91,2,82.74724749080336,20.253223338509816,23.262481426600246,60.11605840731774,29.087153266660543,25.66740723496929,2.932646486745111,4.008022018649581,0,0,0,2
91,3,70.00653792378372,23.63916613715109,22.53327549859587,70.8595163012736,34.920768897524106,24.765108291119624,2.123451594503272,2.932646486745111,0,0,0,3
91,4,55.71258528644142,23.678286776949154,23.828427635320157,66.35447699252228,33.693326916690914,24.61201025691284,1.7867440796677885,2.123451594503272,1,0,0,4
91,5,37.58373925129784,24.52664873953833,24.359040543922994,60.75260203466807,29.170051347450265,23.041754442248557,2.266105754392947,1.7867440796677885,2,0,0,5
91,6,14.104288737679127,25.109801067298715,25.117994746835926,55.02868116584307,26.81910595417078,24.714666996801395,2.9349313142023394,2.266105754392947,3,0,0,6
91,7,7.161754443438425,22.679896673537613,22.71688329347609,49.985863004851055,26.6727203466978,28.6449565366799,3.471267147120351,2.9349313142023394,4,0,0,7
91,8,7.161754443438425,21.22260923345301,21.11570809047788,61.64810941779337,34.790257849679534,30.0,3.749236389605119,3.471267147120351,4,0,0,8
91,9,7.161754443438425,19.696262446364358,19.57421944336989,73.81076787118609,37.637996017710336,29.932328723360296,3.9668120745158246,3.749236389605119,4,0,0,9
92,0,193.41986648227657,21.0,21.0,40.0,27.065947488318407,17.376935257325343,6.102571632378794,2.12326619575354,0,0,0,0
92,1,193.41986648227657,19.14131894976637,18.94753870514651,47.999718894215874,27.065947488318407,17.376935257325343,6.102571632378794,6.102571632378794,0,0,0,1
92,2,181.0923777600276,18.15258968838297,18.024037263882274,56.284248755851024,29.494278177715454,16.530887720257606,8.434462045118662,6.102571632378794,0,0,0,2
92,3,167.93462175956805,16.72765137374654,18.109660009916336,65.09403998909401,28.00786036073844,20.935424268389266,8.861088397779568,8.434462045118662,0,1,0,3
92,4,125.83819522448378,19.609742227052916,18.09720009977307,75.05798228595853,31.6472855333335,23.70794944924712,8.318059209088986,8.861088397779568,0,1,0,4
92,5,88.04188736053845,19.818064595536804,18.10487863199284,69.70310203559552,26.705838462230226,26.878160146864204,6.483510991498598,8.318059209088986,1,1,0,5
92,6,61.24446289057508,20.062713536870206,18.003299749391022,64.51058057754489,32.71834895067292,21.76764294904577,4.746566005623345,6.483510991498598,2,1,0,6
92,7,39.92676811795157,19.92892419451883,18.03241736188261,58.297109716595784,28.2712592755334,20.542791496971606,3.779573363942356,4.746566005623345,3,1,0,7
92,8,21.984207469956715,19.80187441325545,18.010724875216823,52.363627765449664,30.552081972887542,19.81746274296733,3.0646993565967358,3.779573363942356,4,1,0,8
92,9,11.483237118861636,20.213269134090414,18.105440057007936,61.17209149341395,27.948849164808426,20.987060434993165,3.005376219331403,3.0646993565967358,4,1,0,9
93,0,80.82850446796277,21.0,21.0,40.0,28.27672314685522,22.63261691160744,3.143835890702841,7.072668928105348,0,0,0,0
93,1,61.96548912374573,22.165534462937106,22.05265233823215,49.16368121052328,28.27672314685522,22.63261691160744,3.143835890702841,3.143835890702841,0,0,0,1
93,2,60.641142731030506,20.130605444275666,23.096745841137306,57.4112214593938,24.6029400383865,21.2167280108942,0.4414487975717424,3.143835890702841,0,0,0,2
93,3,60.641142731030506,23.29663221270865,22.32852102849438,65.5647469880007,24.6054086528025,20.69195539501366,0.0,0.4414487975717424,0,0,0,3
93,4,57.039451581699836,23.924675264811857,24.287149635723345,74.23873806944826,22.293394279507464,25.89544506186779,0.6002818582217777,0.0,0,0,0,4
93,5,37.25906767418461,24.881825391881115,24.704342367385028,69.22977443888368,29.47139663455322,26.034360973421364,2.4725479884394037,0.6002818582217777,1,0,0,5
93,6,18.310847275814645,25.495049651592833,22.414279849561424,63.96578109921623,30.394830679874104,23.694095210862294,3.789644079673992,2.4725479884394037,2,0,0,6
93,7,9.69872088463894,21.334761490226686,22.05179341114008,59.6105144825429,34.74867933497493,24.388728350173245,4.306063195587853,3.789644079673992,3,0,0,7
93,8,0.5935385504334459,19.6820252493776,19.288749345979404,54.84769937006037,32.890782865653094,23.98246650944396,4.552591167102747,4.306063195587853,4,0,0,8
93,9,0.0,18.12831655369723,18.104322946038995,65.75711901127801,33.41978176381356,27.18810513184,4.489877429685743,4.552591167102747,4,0,0,9
94,0,330.0637463677226,21.0,21.0,40.0,29.554693354139125,18.02535461582833,7.406259817,4.270221716340168,0,0,0,0
94,1,330.0637463677226,19.191093867082785,18.96050709231657,48.564408634594145,29.554693354139125,18.02535461582833,7.406259817,7.406259817,0,0,0,1
94,2,318.3842658858238,18.100314660311785,18.07287637574648,57.730642144286875,29.99998355987032,20.923535938422617,8.958786726692955,7.406259817,0,0,0,2
94,3,305.5284706957255,16.759939300662115,18.07227433408776,67.27846448564271,28.9412087716588,24.102248680318056,9.176924472210986,8.958786726692955,0,1,0,3
94,4,255.8212478663201,19.591387655128635,18.05753764427431,77.18915946258642,31.36680830824302,23.692608230333143,9.91500224494334,9.176924472210986,0,1,0,4
94,5,194.81396640033566,19.724806946537303,18.095051419860873,70.69801395319566,23.508148256082208,23.76326558063576,10.331484250390202,9.91500224494334,1,1,0,5
94,6,138.0948147912757,19.89457515876646,18.045736169403853,64.41615257821366,26.005111144437336,22.42899232788485,9.892144764797736,10.331484250390202,2,1,0,6
94,7,85.28517257818825,19.899085200277145,18.052781392041183,58.74373667145582,28.028292634620712,23.791618994502397,9.291292255373246,9.892144764797736,3,1,0,7
94,8,38.991084789114794,19.74247137246121,18.067588959391067,52.70447079722216,27.41859394204349,22.36326231221393,7.883423365400269,9.291292255373246,4,1,0,8
94,9,16.931318923518738,20.277704986054264,18.040561841928724,62.20583758964352,30.355764849687365,22.42960621932021,6.452270354918949,7.883423365400269,4,1,0,9
95,0,135.72144173462948,21.0,21.0,40.0,32.571571039308665,22.40559973019679,5.367180878111128,7.515389393,0,0,0,0
95,1,119.61989910029608,22.251431420786176,19.048111994603936,49.895890738510985,32.571571039308665,22.40559973019679,5.367180878111128,5.367180878111128,0,0,0,1
95,2,119.61989910029608,18.49278585095558,19.245087272718784,59.37913895654508,31.559716313492576,21.124996008919044,3.204682637650718,5.367180878111128,0,0,0,2
95,3,100.50505958429608,20.53688167096822,20.264551415359023,68.58395620135263,26.734932518137946,24.40294106412629,3.185806586,3.204682637650718,0,0,0,3
95,4,77.84503162326668,21.943928102344305,21.976995660699835,77.71197029987451,26.571382676297155,24.13980675993552,3.776671326838233,3.185806586,0,0,0,4
95,5,69.22824907926667,19.879945216933244,19.737550908290675,71.7412611766075,28.393214574878197,21.76951251808285,4.308391272,3.776671326838233,1,0,0,5
95,6,59.67671179615773,18.111696223805378,18.03847468290962,65.85098484663857,29.70733183874901,20.90224410586804,4.185172068648779,4.308391272,2,0,0,6
95,7,37.52468115365674,18.122470292301436,18.00843934293058,59.8660236374394,30.286281314144414,19.79726752363799,4.021299507924048,4.185172068648779,3,0,0,7
95,8,13.214227791960756,18.100972399501998,18.03599616727867,53.998512197417085,31.99471994760506,18.741327607826527,4.1777582127254895,4.021299507924048,4,0,0,8
95,9,0.0,18.090012842286434,18.000244465636104,62.37198129146621,29.710029860088312,16.80924288462907,4.682558248197385,4.1777582127254895,4,0,0,9
96,0,157.86241628641565,21.0,21.0,40.0,30.951060259904587,16.20258696163729,4.098079703346385,3.1145352940634696,0,0,0,0
96,1,145.5681771763765,22.219021205198093,18.92405173923275,48.48765649987754,30.951060259904587,16.20258696163729,4.098079703346385,4.098079703346385,0,0,0,1
96,2,132.0421612813373,18.43141572971038,22.117687734091394,57.53938859382839,32.69917114618926,17.58822937575991,4.508671965013072,4.098079703346385,0,0,0,2
96,3,131.78299670941345,19.29756934162187,18.11346045316138,66.832558346962,29.51185402832009,22.116866822422164,3.719756460272961,4.508671965013072,0,0,0,3
96,4,107.84719779331508,20.271092519187608,20.525376798359947,75.30274909752096,26.05201732458676,21.00459795629633,3.989299819349728,3.719756460272961,0,0,0,4
96,5,98.36196068331402,18.529614579865516,18.3584373911195,70.07512359462623,29.51778233903909,24.77318708932355,4.742618555000527,3.989299819349728,1,0,0,5
96,6,71.80441894466608,18.109267293596155,18.093329184495023,65.25855500352473,31.799020835715226,24.775598102609774,5.684578934815219,4.742618555000527,2,0,0,6
96,7,39.85603747538584,18.226545754634568,18.07779433469532,60.74862295681078,34.18837897981699,24.08977631621657,5.839555206841875,5.684578934815219,3,0,0,7
96,8,11.306217477981685,18.037871556725943,18.03172378195614,55.569717562215345,31.67229611085739,22.889340585834667,5.172962555863445,5.839555206841875,4,0,0,8
96,9,0.0,18.11736274063349,18.117487592673626,65.44003932371817,28.469086418503974,26.36603447873395,3.9519484502017344,5.172962555863445,4,0,0,9
97,0,81.01778345122844,21.0,21.0,40.0,25.74624457539805,23.994707833016637,2.946959183963936,4.984230543366618,0,0,0,0
97,1,63.336028347444824,22.11492489150796,22.079894156660334,48.95337143351465,25.74624457539805,23.994707833016637,2.946959183963936,2.946959183963936,0,0,0,1
97,2,52.71457968319312,23.184659976972736,23.12221194902335,58.10587624694095,27.24755569183167,23.5996932716478,1.7702414440419505,2.946959183963936,0,0,0,2
97,3,46.481751626927924,24.26178200813558,24.25796158632971,67.36659776618497,26.28809719711157,25.1603556875774,1.0388046760441996,1.7702414440419505,0,0,0,3
97,4,38.7521308551141,25.54852822058669,25.433053686442406,77.52222004465327,31.125578401785297,25.294545367483057,1.2882701286356366,1.0388046760441996,0,0,0,4
97,5,28.835686236975715,26.185100944684276,26.027603879671798,73.71705824729756,35.900258416517154,26.29328715372887,1.239555577267299,1.2882701286356366,1,0,0,5
97,6,26.190735558975714,23.635944428150797,23.66402577964325,68.69388104015977,28.19259084712164,27.2342024465573,1.322475339,1.239555577267299,2,0,0,6
97,7,17.760532115754657,24.390665851103613,24.42347948909594,64.1227386491992,27.938097827996906,30.0,1.053775430402632,1.322475339,3,0,0,7
97,8,4.952932162322046,24.96192279278332,24.942048568559407,59.79521187604267,29.896512284109445,29.39500564279867,1.6009499941790766,1.053775430402632,4,0,0,8
97,9,4.952932162322046,22.988166616405962,22.96706314792533,70.83880349777293,31.353286787390346,30.0,1.8567033471551009,1.6009499941790766,4,0,0,9
98,0,198.9159776662131,21.0,21.0,40.0,32.36557186423817,17.598937635510342,5.544229310768006,5.539910512101999,0,0,0,0
98,1,182.2832897339091,22.247311437284765,18.951978752710207,48.993611709954735,32.36557186423817,17.598937635510342,5.544229310768006,5.544229310768006,0,0,0,1
98,2,182.2832897339091,18.52778697959477,19.241709839233636,59.573524310075825,36.255569754784936,22.52172246811,5.4400243317361925,5.544229310768006,0,0,0,2
98,3,174.87320458790413,18.156944150545662,18.127306347057857,70.93260073629412,36.20402772264635,26.90195242301085,6.098865858018704,5.4400243317361925,0,0,0,3
98,4,136.61333170535846,18.132107405697568,18.10077854487908,67.72097446048238,37.35960057705839,28.131364557320808,6.979396639310782,6.098865858018704,1,0,0,4
98,5,102.58294384770468,18.081478141382565,18.08495872769518,63.203932268267565,33.06439061197947,25.174263875715987,6.412774146430532,6.979396639310782,2,0,0,5
98,6,74.48074590339303,18.038943052938407,18.078997558068135,58.2747914514199,30.71694896648893,25.2322687176907,5.3536530570623695,6.412774146430532,3,0,0,6
98,7,45.6331990350261,18.090178125268714,18.136359327466725,53.61926114689234,31.65378604131045,25.815490044647596,5.258781572135456,5.3536530570623695,4,0,0,7
98,8,32.08817917088244,18.153570008481534,18.08849528507596,64.20215953080431,35.2264186949781,23.567461215643934,5.948902806159799,5.258781572135456,4,0,0,8
98,9,14.351315484513464,18.156047882178964,18.088859966765416,75.21639277765783,34.322579934890555,26.86760476985126,6.851766520649955,5.948902806159799,4,0,0,9
99,0,199.1066063414386,21.0,21.0,40.0,30.8160831342532,21.123359991682484,5.025377196,4.810805480371773,0,0,0,0
99,1,184.0304747534386,22.216321662685065,19.022467199833653,49.34909976266842,30.8160831342532,21.123359991682484,5.025377196,5.025377196,0,0,0,1
99,2,184.0304747534386,18.446755768150442,19.263867661681246,59.07921261437672,30.55420238786085,23.50198012162969,4.705083320026059,5.025377196,0,0,0,2
99,3,179.02825575812417,18.131641604293613,18.123618934429345,69.84462293434213,33.584646196717216,26.223188914201728,3.833256217835444,4.705083320026059,0,0,0,3
99,4,164.56910564385566,18.09958034323897,19.97425964696809,80.48594276962378,30.84424824181074,28.27419528753179,3.547103092373995,3.833256217835444,0,0,0,4
99,5,142.45646621075198,18.163852973346653,19.95404448264683,76.25500711769973,31.86247105206172,27.96566421502689,3.9703320314328834,3.547103092373995,1,0,0,5
99,6,126.5602062476019,18.125254058512226,18.035409327506663,71.62624610246453,31.30957500493805,26.30841935486638,4.5389409740231255,3.9703320314328834,2,0,0,6
99,7,94.57446770268464,18.03555438123858,18.164322852658934,67.09177913016971,28.798766516115133,29.343083637802536,5.915580434433794,4.5389409740231255,3,0,0,7
99,8,53.59438611434483,18.154940965132226,18.067970304286316,63.155510399233194,33.209022408591885,28.25615130842749,7.281065810187256,5.915580434433794,4,0,0,8
99,9,35.18510631743932,18.072769850022677,17.98869093627598,73.19539190827632,32.13915431045234,23.637965184231728,7.274358210990655,7.281065810187256,4,0,1,9
