day,hour,cost_to_go,T1,T2,H,Occ1,Occ2,price_t,price_previous,vent_counter,low_override_r1,low_override_r2,current_time
0,0,150.2011064501669,21.0,21.0,40.0,32.969097664154,15.4710408718597,4.311188506349689,5.831303587171684,0,0,0,0
0,1,124.33397541206875,22.259381953283082,21.909420817437194,48.71922493648246,32.969097664154,15.4710408718597,4.311188506349689,4.311188506349689,0,0,0,1
0,2,113.75998323404811,20.26274080967607,23.074090213668597,58.35209347337499,34.098941577065816,19.416994739003783,3.524664059340214,4.311188506349689,0,0,0,2
0,3,104.67832934916764,20.502911408778353,22.402374045256607,68.14002304022256,33.61700679934285,20.76037968314361,3.027217961626824,3.524664059340214,0,0,0,3
0,4,86.18297094312022,23.39390597664489,22.611714259282127,78.98910121625781,35.44515142724666,24.827505106282526,3.082559734341235,3.027217961626824,0,0,0,4
0,5,69.64113167711471,20.777969071430874,23.96256296208406,75.23967383725861,32.503181227782214,30.0,3.3083678532011027,3.082559734341235,1,0,0,5
0,6,48.67962595358658,23.815824764366198,19.85023266876653,71.03588126398216,30.24481328432489,29.73411686413934,4.192301144705626,3.3083678532011027,2,0,0,6
0,7,37.73878990685195,19.089435438742264,20.380840944342804,65.80461173374793,24.59216549300006,29.67855933903202,5.470418023367315,4.192301144705626,3,0,0,7
0,8,20.331313405401513,18.03275622421119,18.048175392420656,60.00838268395103,25.69321559175705,25.438845242704595,6.3308398830607695,5.470418023367315,4,0,0,8
0,9,0.0,18.19110870032602,18.02272934690732,69.38258938756617,29.555435016300837,22.523491114894377,7.047661207485221,6.3308398830607695,4,0,0,9
1,0,177.7498437103443,21.0,21.0,40.0,25.7342414983848,16.144992366405123,7.3321530013852945,5.157535487108307,0,0,0,0
1,1,177.7498437103443,19.114684829967697,18.922899847328104,47.53826209566218,25.7342414983848,16.144992366405123,7.3321530013852945,7.3321530013852945,0,0,0,1
1,2,164.72533885560452,18.00919498064146,18.095618570043467,55.19141872958136,22.844535639400757,19.67300121570576,8.648140847410337,7.3321530013852945,0,0,0,2
1,3,141.66010977620363,18.172034623802777,18.062736479113408,64.19587133470586,28.60173119013869,21.42300550499739,7.884593167844987,8.648140847410337,0,0,0,3
1,4,127.62277375697532,17.98865848969641,18.067994445759734,72.81074753653974,24.350130853755847,23.510292489765718,6.095926729207571,7.884593167844987,0,1,0,4
1,5,94.03709472221858,19.46963586691364,18.025136714024335,67.9927544775367,34.47682771181968,22.089877515941293,4.919507707126695,6.095926729207571,1,1,0,5
1,6,66.984975021024,19.900229993209177,18.009668397358208,62.68286142636451,32.21286023602414,21.62106725746368,4.594508577541502,4.919507707126695,2,1,0,6
1,7,41.955855119800944,20.058987807783062,18.063482072623987,58.28654075079517,37.02063365464495,21.88869592552539,4.360500787747049,4.594508577541502,3,1,0,7
1,8,21.414211887185203,19.963792496178446,18.018812402687065,53.52519174854169,35.76509059783254,21.116303834092516,3.572867359133523,4.360500787747049,4,1,0,8
1,9,10.516972727971423,20.514662004585034,18.071792000082166,65.10577819743516,40.34709562158727,23.989495761154217,3.301405384378153,3.572867359133523,4,1,0,9
2,0,215.16196850276177,21.0,21.0,40.0,27.721293233033787,22.818338600598924,7.647974385457378,7.199748919103557,0,0,0,0
2,1,215.16196850276177,19.154425864660677,19.05636677201198,49.09713373005388,27.721293233033787,22.818338600598924,7.647974385457378,7.647974385457378,0,0,0,1
2,2,205.24142786322017,18.075269571171763,18.110217532750625,58.49182733229344,26.389921148875032,25.80282108578918,8.017705861,7.647974385457378,0,0,0,2
2,3,182.8020073049442,18.08118600645939,18.03391107040054,67.68950366257089,27.307563536933053,23.790638297941637,8.275328396050925,8.017705861,0,0,0,3
2,4,162.84259163960465,18.08474869794421,18.067692149481474,77.22536708732025,29.69078795928531,23.286231067100054,8.302920910912846,8.275328396050925,0,0,0,4
2,5,121.07851832284042,18.034296119200143,18.035977742570047,71.14749467672955,27.937397972883996,21.629977523834345,7.654257442106276,8.302920910912846,1,0,0,5
2,6,87.16440766443219,18.157686893509197,18.093087955780717,65.94872968949066,31.100262650557788,23.35104297589282,6.167881551658359,7.654257442106276,2,0,0,6
2,7,53.37972146165205,18.03478018273371,18.03551655079306,59.46180637519686,25.032606994366216,22.26226348177931,6.241061387746969,6.167881551658359,3,0,0,7
2,8,24.973160177622887,18.072550273818912,18.029715339893762,53.25517891327986,26.46592526731451,22.386144388702185,4.8338865423944295,6.241061387746969,4,0,0,8
2,9,12.867596761119357,18.074811186356786,17.999081733057682,61.3280115242492,25.930922895586534,18.918147165354213,4.217550966233871,4.8338865423944295,4,0,1,9
3,0,146.46054572028908,21.0,21.0,40.0,32.26903443186937,16.978933102062314,3.304801234021085,4.054780927602364,0,0,0,0
3,1,126.63173831616255,22.24538068863739,21.93957866204125,48.864634156107705,32.26903443186937,16.978933102062314,3.304801234021085,3.304801234021085,0,0,0,1
3,2,106.33914238369624,23.2616743986562,23.120512610182082,58.77483826478002,33.350904657636065,21.70578483498792,3.382099322077719,3.304801234021085,0,0,0,2
3,3,95.97771929238542,21.37056343616002,24.307879102995727,68.85379811521634,30.62293243831953,25.37128895299335,3.4538076971036067,3.382099322077719,0,0,0,3
3,4,95.97771929238542,21.76504103108651,20.738672917762532,79.72314731807145,33.82197200642916,26.56330134276599,4.115665861886264,3.4538076971036067,0,0,0,4
3,5,87.26123547130804,19.230725665089686,19.423331592293152,76.56088787921502,35.765225339686424,30.0,4.358241910538685,4.115665861886264,1,0,0,5
3,6,72.173615118551,18.0951147284401,18.044641454324005,72.35971944071693,32.03362218255116,27.959886492459493,5.112308244964565,4.358241910538685,2,0,0,6
3,7,43.54409705916271,18.138416095499934,18.038491226358314,67.61181945749844,31.57855164606743,25.377559558274285,5.275780035,5.112308244964565,3,0,0,7
3,8,18.39324892010645,18.207840815835368,18.107572158779348,63.775981048419766,35.46929499083572,26.55382495872718,4.389079756,5.275780035,4,0,0,8
3,9,8.087893074323091,18.05902052005646,18.109661609964373,74.49606348015257,31.929797814504514,27.62621569512222,4.156893335917718,4.389079756,4,0,0,9
4,0,184.43362301148338,21.0,21.0,40.0,31.365327650566044,22.007154082152155,6.769341992482144,5.273271777648426,0,0,0,0
4,1,184.43362301148338,19.22730655301132,19.040143081643045,49.607046711889275,31.365327650566044,22.007154082152155,6.769341992482144,6.769341992482144,0,0,0,1
4,2,176.0104646983827,18.175003930310826,18.064876953139684,59.675716691222405,31.633591567781178,24.30346387295844,7.224936543967067,6.769341992482144,0,0,0,2
4,3,157.5301109826766,18.27958244474394,18.150878093497578,71.42871682747575,36.35146392844239,28.94298127296512,6.859592786501511,7.224936543967067,0,0,0,3
4,4,122.08624559907315,18.221466531754768,18.10620819020742,68.99888856706754,41.51534535158693,28.31894209058969,6.614926951011565,6.859592786501511,1,0,0,4
4,5,92.89215887666235,18.04077999730057,18.147391620249476,65.75638970120758,35.319450745222504,30.0,5.722686684749252,6.614926951011565,2,0,0,5
4,6,66.9001359468845,18.154714575483997,17.969462312450265,61.67321923477422,37.37420676699273,23.27484619726643,5.055002876401586,5.722686684749252,3,0,1,6
4,7,39.79248883528557,18.17367167527179,19.321853909992907,58.21242852263234,39.33264963313126,24.77406863274712,4.097149072681395,5.055002876401586,4,0,1,7
4,8,30.21718689293069,18.168085174876,20.371283024661018,70.30512040724344,38.29068417179338,28.890937409379404,2.9332928388326955,4.097149072681395,4,0,1,8
4,9,11.457497301758766,18.118410718467494,19.792735744130404,66.76434399424842,35.002111755189766,28.660241505949053,3.3875229582215765,2.9332928388326955,5,0,1,9
5,0,74.85724362480882,21.0,21.0,40.0,32.81367886473842,16.657447977782923,6.053035409,7.581990489683603,0,0,0,0
5,1,56.69813739780882,22.25627357729477,18.93314895955566,48.90480283165384,32.81367886473842,16.657447977782923,6.053035409,6.053035409,0,0,0,1
5,2,56.69813739780882,18.426190715182877,19.190289384252797,58.18749294771116,31.606218228676816,19.96428241608611,4.233234238138066,6.053035409,0,0,0,2
5,3,47.87410882868427,18.204689365130594,20.138614845162888,68.04928940948483,33.86182316647451,20.925934954490288,2.4661025689868654,4.233234238138066,0,0,0,3
5,4,43.08299964668427,21.342895645871696,20.51906202094349,78.55745253781963,35.28074154611529,23.09794250018918,0.798518197,2.4661025689868654,0,0,0,4
5,5,37.83679371955278,21.93525588905035,21.952578358514547,73.69741189507597,33.91224422051305,22.42086331979994,0.6557757408914365,0.798518197,1,0,0,5
5,6,28.46259290650687,22.953135309285685,22.865624668304147,68.7747942881088,30.050576373092493,25.934881365978743,1.1717751016307385,0.6557757408914365,2,0,0,6
5,7,13.567127286331473,23.691027255884585,23.707485426111077,63.46076083796737,27.15033819019525,26.66058708679685,1.8619332025219248,1.1717751016307385,3,0,0,7
5,8,8.70790114,21.34070113905956,21.215000376387756,58.46542998320365,30.809830415752774,24.771664835559893,2.429613073165737,1.8619332025219248,4,0,0,8
5,9,8.70790114,19.833462884765204,19.592921772728662,70.27040139514993,39.74787077635845,25.835303734454214,3.3176841873575342,2.429613073165737,4,0,0,9
6,0,290.75982799864323,21.0,21.0,40.0,29.01257819165574,17.67497995388691,7.267481148619879,2.2705577079860277,0,0,0,0
6,1,290.75982799864323,19.180251563833117,18.95349959907774,48.40376046619768,29.01257819165574,17.67497995388691,7.267481148619879,7.267481148619879,0,0,0,1
6,2,276.6301743236283,18.021699193121222,18.133032048844374,57.73349632378941,27.85689903172367,23.974966843785936,11.011881008803204,7.267481148619879,0,0,0,2
6,3,259.12573786068776,16.817280309777445,18.13661161264211,68.00556498806338,31.18282104234684,25.88422709250853,12.0,11.011881008803204,0,1,0,3
6,4,226.3415976156017,19.57959892772558,16.123851635504426,77.54140371591035,27.98713844472981,24.989743376642245,10.928046748362023,12.0,0,1,1,4
6,5,151.75241986386592,18.74644495626118,19.614914765687328,72.8269998816591,32.77745991641811,24.364741004408312,9.323647218966974,10.928046748362023,1,1,1,5
6,6,91.32569411158687,20.63446908033833,20.239353911232378,68.16439305801254,32.079336702378924,25.35062538847351,7.553340719034881,9.323647218966974,2,1,1,6
6,7,42.267115136316114,21.488898826251354,21.497291359756613,63.19344673073677,30.61203285489704,25.1049319935709,6.132322371908845,7.553340719034881,3,1,1,7
6,8,0.0,22.34681411948477,22.265534709776148,58.447753917795765,30.453227872145572,26.515145389293345,5.283389392039514,6.132322371908845,4,0,0,8
6,9,0.0,20.579662557150645,20.549259252091037,68.91671645358218,30.45012968760041,27.7107732889908,4.362409173376318,5.283389392039514,4,0,0,9
7,0,266.34263568056156,21.0,21.0,40.0,30.779173783334635,20.680614680722343,7.090128116,2.9956330997377263,0,0,0,0
7,1,266.34263568056156,19.215583475666694,19.013612293614447,49.262761923530256,30.779173783334635,20.680614680722343,7.090128116,7.090128116,0,0,0,1
7,2,255.37306232028533,18.105205757360274,17.992418117281208,58.11454585737656,31.01902742537257,18.15754998488469,9.193204237929365,7.090128116,0,0,1,2
7,3,212.95164969667513,18.21735730128413,19.618310226121775,68.31552102443551,34.16376251975196,22.508321741686643,9.64172416696774,9.193204237929365,0,0,1,3
7,4,186.7552031540404,18.227464624034713,20.42675729302877,79.84769515109312,38.16039673152284,25.90723730546388,8.355168477805561,9.64172416696774,0,0,1,4
7,5,147.89261662579344,18.11662949665482,20.104483437336683,75.92689694068889,36.68750221857296,24.863618834736847,7.596460831600832,8.355168477805561,1,0,1,5
7,6,112.9633447758487,18.145524876658612,20.05748489167268,72.36695919000292,35.74779326113881,27.808108123939096,6.549782799705535,7.596460831600832,2,0,1,6
7,7,83.13953348821752,18.092089425581914,20.028432620782812,69.10942189872846,36.17754748869626,29.05835644866782,5.576957394085579,6.549782799705535,3,0,1,7
7,8,48.797527312296154,18.194054549775714,19.836806993578577,66.3736770242022,39.11882801297138,29.015922684104915,6.160789588228319,5.576957394085579,4,0,1,8
7,9,29.932732745,18.10734853697875,20.37476972962652,78.14026879928726,35.36995430602813,30.0,6.022561510933938,6.160789588228319,4,0,1,9
8,0,119.23430595588647,21.0,21.0,40.0,32.21736375634937,19.458250283585784,6.485857822549366,7.7394799538568435,0,0,0,0
8,1,99.77673248823838,22.244347275126987,18.989165005671715,49.30161052718833,32.21736375634937,19.458250283585784,6.485857822549366,6.485857822549366,0,0,0,1
8,2,99.77673248823838,18.453621436142498,19.288215197723108,59.355382527134005,31.47616742569292,24.378121462894168,5.47268384,6.485857822549366,0,0,0,2
8,3,93.85527378039563,18.14207305187898,18.13671142891219,70.71475542908586,34.780299379992755,28.32732785307307,4.797076067101612,5.47268384,0,0,0,3
8,4,70.82782633430858,18.044683312210704,18.03085855562777,65.57108477163821,32.368354523625115,22.389030712776854,4.153521599292188,4.797076067101612,1,0,0,4
8,5,46.86996809034088,18.26211848500284,18.24046104612839,62.40379378499277,36.150887258824426,29.586385037589807,4.252041794701322,4.153521599292188,2,0,0,5
8,6,29.44101146986796,18.09185612333659,18.10652178723557,59.09212757334362,36.34963410056533,28.58555361249489,3.595561977175403,4.252041794701322,3,0,0,6
8,7,12.367458820753825,18.040050476348767,19.261261700547003,53.33264010251982,29.761861114551024,21.574319603094565,2.582738914567651,3.595561977175403,4,0,0,7
8,8,6.167997491960188,18.05304334676789,20.117874517527657,61.741893266619556,25.580041971796938,21.138031162090503,1.7814721961087492,2.582738914567651,4,0,0,8
8,9,4.424374364351968,18.15291707756626,18.179416799236744,71.88567914887919,29.933941262016344,26.420424750537165,1.6816855144504357,1.7814721961087492,4,0,0,9
9,0,187.43443850982155,21.0,21.0,40.0,33.24437219818739,19.98399187856279,6.830282956640339,5.773273185929288,0,0,0,0
9,1,187.43443850982155,19.26488744396375,18.999679837571257,49.581105533815034,33.24437219818739,19.98399187856279,6.830282956640339,6.830282956640339,0,0,0,1
9,2,179.93596589230776,17.995414771656893,18.029311795916062,58.08753008683389,27.85407359904675,19.40384058439131,6.654260394555777,6.830282956640339,0,1,0,2
9,3,149.58013237755895,19.623708901755393,18.143001447110002,66.99291484850224,25.01012455105857,24.464235235987815,6.685748167751662,6.654260394555777,0,1,0,3
9,4,126.72073774953154,20.52674393487126,18.081932647579052,77.57581240610489,33.056264888307936,25.737610431706766,7.017789822289494,6.685748167751662,0,1,0,4
9,5,90.43535931779951,20.21042877590488,18.15803891599654,73.91102780332514,33.02704542917933,29.946373444266555,6.8777274829861215,7.017789822289494,1,1,0,5
9,6,61.75160658068799,20.264660262460215,18.09270855807866,70.67140232414258,35.33541400454128,30.0,5.392656343724765,6.8777274829861215,2,1,0,6
9,7,41.841953310158885,20.24471280553901,18.050665348879555,67.43934224071302,38.349224682063095,27.028219298883776,3.700137685,5.392656343724765,3,1,0,7
9,8,26.201356303569767,20.098901733409562,18.132359017478965,64.89148518041836,40.11917920538199,29.059392681869905,2.7947410180477528,3.700137685,4,1,0,8
9,9,17.747167588648193,20.67427023209516,18.11366685020784,78.01248977949496,42.89446999487001,30.0,2.7207304042692377,2.7947410180477528,4,1,0,9
10,0,46.10134890829818,21.0,21.0,40.0,25.90433139596119,21.46027891507768,2.398807380861561,5.763960930748606,0,0,0,0
10,1,31.70850462312881,22.118086627919226,22.029205578301553,48.525629855987,25.90433139596119,21.46027891507768,2.398807380861561,2.398807380861561,0,0,0,1
10,2,25.065492995377344,23.220030440883516,23.061826924433376,57.83797104307545,30.489310191965156,21.24591862519289,1.1071686046252442,2.398807380861561,0,0,0,2
10,3,24.848604965377344,24.406691005092714,24.2482247918923,68.51786032649848,34.814540824005924,24.518177417233144,0.036148005,1.1071686046252442,0,0,0,3
10,4,23.94506374418868,25.74081389406782,25.56492847230017,80.49603189860704,38.858330954607,27.68706666821836,0.1505902035314441,0.036148005,0,0,0,4
10,5,22.87606081803542,26.352115559756175,26.205112518932008,77.16587966959523,37.41046049216204,27.422027124438983,0.1336253657691576,0.1505902035314441,1,0,0,5
10,6,21.018140068942436,23.981663627636408,23.80135667004335,73.69951491133878,37.64807241751762,26.427678925502114,0.9289603745464912,0.1336253657691576,2,0,0,6
10,7,6.7730980887574415,24.73219200471789,24.616132543186772,70.02327966164998,35.70869080442363,27.201113363971903,1.7806302475231244,0.9289603745464912,3,0,0,7
10,8,4.180797673087338,22.373640661744194,22.216860064099254,67.54766558658852,39.57992180521409,30.0,1.296150207835052,1.7806302475231244,4,0,0,8
10,9,4.180797673087338,20.68402404973594,20.596537317963808,79.55835378617903,36.72604555328055,30.0,1.3059908441020889,1.296150207835052,4,0,0,9
11,0,172.8570452995294,21.0,21.0,40.0,34.82587986096777,15.596075442048257,7.139526913102904,2.097733795737998,0,0,0,0
11,1,172.8570452995294,19.296517597219356,18.911921508840965,49.07595195454289,34.82587986096777,15.596075442048257,7.139526913102904,7.139526913102904,0,0,0,1
11,2,160.39689946831112,18.115722174166635,18.078061005711156,58.27526444554273,31.8779489654034,19.22934265126242,9.815371048649055,7.139526913102904,0,0,0,2
11,3,131.84850850906784,18.211804154044035,18.06508506880583,67.77372495931408,33.48666984206323,19.282555234444267,10.078831281894056,9.815371048649055,0,0,0,3
11,4,111.34012933584005,18.115531504207627,18.0832727501832,77.4535413304281,33.34954868670936,20.42720893059076,8.960873032667674,10.078831281894056,0,0,0,4
11,5,70.52132645658787,18.01026141324231,18.15728469200454,71.61956964450617,27.660324605054164,23.26205491760185,7.442216153401197,8.960873032667674,1,0,0,5
11,6,43.522904229840506,17.93932167535061,18.041128685033634,64.53478840893945,22.52084021289357,21.452597367291343,5.046254740706354,7.442216153401197,2,1,0,6
11,7,22.549949008275828,19.2967011020769,18.013156323579622,57.84531090353846,27.3761145069524,18.79345490748656,3.0313650287522886,5.046254740706354,3,1,0,7
11,8,7.85192123171579,19.45608741208236,19.753588005951677,50.453852748402255,23.323909449951604,18.945767465958323,1.837253472070005,3.0313650287522886,4,1,0,8
11,9,2.9049681605740876,21.02460981137392,18.123245471838946,58.056774081754384,21.41679412453456,20.82165772742172,1.546024985159424,1.837253472070005,4,1,0,9
12,0,210.83066187040887,21.0,21.0,40.0,26.68594523517113,17.989768671675385,7.893431988743194,5.510491875932469,0,0,0,0
12,1,210.83066187040887,19.133718904703425,18.959795373433508,48.041628503232374,26.68594523517113,17.989768671675385,7.893431988743194,7.893431988743194,0,0,0,1
12,2,196.69926803969798,18.091309757259594,18.169130080283416,57.11597892230178,26.19352513331667,24.21953275040224,9.722816005948197,7.893431988743194,0,0,0,2
12,3,168.9094785284575,18.231788227098,18.111144104407206,67.62059750663646,32.9525812324119,25.406410902780777,10.191479956704192,9.722816005948197,0,0,0,3
12,4,149.85180819468232,18.109789774675885,18.135021452550454,78.52806337463066,32.095695704802225,28.501336895165583,8.910361286274178,10.191479956704192,0,0,0,4
12,5,111.2055870791127,18.09872785965555,18.081651308226007,73.77916790166276,29.91198137187892,27.03859933385496,7.243051151382616,8.910361286274178,1,0,0,5
12,6,76.58192478299586,18.021067659826908,18.11076977989857,68.658757968493,26.158520167291893,28.728091315098357,6.567756554636774,7.243051151382616,2,0,0,6
12,7,46.41874264608146,17.987606572163344,18.13560763651426,62.68956551073374,20.808959032893394,29.362193979555126,5.468577530519753,6.567756554636774,3,1,0,7
12,8,18.75047410478298,19.13446632926303,18.026842912538125,56.351360009428845,23.20573386964927,24.915346678656856,4.008392502035858,5.468577530519753,4,1,0,8
12,9,6.527440439092565,19.98205112725942,18.11275160823304,66.00098456439417,25.91552896350606,27.693496341856868,3.2483411032172773,4.008392502035858,4,1,0,9
13,0,228.66117875919824,21.0,21.0,40.0,29.72369114070828,15.898684800310212,4.917734207362141,2.2657112237249217,0,0,0,0
13,1,228.66117875919824,19.194473822814167,18.917973696006207,48.21202766938333,29.72369114070828,15.898684800310212,4.917734207362141,4.917734207362141,0,0,0,1
13,2,218.43918168447547,18.17115391510689,18.07961137309628,57.54065446355119,33.51982753892794,18.305876873115736,7.309474058084169,4.917734207362141,0,0,0,2
13,3,194.72780541608776,18.06067619827504,18.161492203975143,67.05306477284032,28.020524147543284,24.82619979295188,8.701565027637658,7.309474058084169,0,0,0,3
13,4,175.00818968965064,18.050985017391138,18.06644967622581,76.3730017906637,28.812825331466435,22.964602545330152,8.586721708783863,8.701565027637658,0,0,0,4
13,5,130.06516691102354,18.06588722288266,18.194902831005685,71.49082537076474,28.031045814821496,28.179085185739893,8.104433529053114,8.586721708783863,1,0,0,5
13,6,89.12765631771151,18.044370766919126,18.1590627332663,66.69754130074213,26.85649546185668,29.847481926906653,7.820497280287988,8.104433529053114,2,0,0,6
13,7,53.14683032622099,18.15541843095014,18.08225071287883,62.12889680078315,28.57253350987129,29.37944149035664,6.650640680847666,7.820497280287988,3,0,0,7
13,8,16.653522263632095,18.101066497632445,18.137210330784665,57.909835182115074,29.894102118510705,30.0,6.469203201412769,6.650640680847666,4,0,0,8
13,9,0.0,18.076590870400885,18.093214819887177,68.38580656024446,30.254864713342,27.944976276265702,6.462944993413989,6.469203201412769,4,0,0,9
14,0,72.39512915990431,21.0,21.0,40.0,26.261996141262443,21.0592616014806,4.478147900676209,7.277721786841092,0,0,0,0
14,1,45.52624175584707,22.12523992282525,22.021185232029612,48.517826393693746,26.261996141262443,21.0592616014806,4.478147900676209,4.478147900676209,0,0,0,1
14,2,38.30389060718419,20.270890894040452,23.0888198851944,58.53787142210776,33.165643814379706,22.501273010142626,2.4074503828876264,4.478147900676209,0,0,0,2
14,3,32.00621801205042,23.531850767461467,22.5033648485563,69.30984642409005,34.49983332225874,25.34447224430956,1.049612099188962,2.4074503828876264,0,0,0,3
14,4,27.265418828025393,24.311637273419695,24.562825013356257,80.62606874570497,32.86790178674952,30.0,0.7901331973375043,1.049612099188962,0,0,0,4
14,5,24.34142445492923,25.25383532481016,25.094846492935176,77.11236881290304,33.99720182290064,29.8155763281998,0.3654992966370204,0.7901331973375043,1,0,0,5
14,6,19.824212419105546,25.881508239614583,25.87021876977494,73.25358917367151,32.42248732052146,29.47318135041445,0.5646515044779603,0.3654992966370204,2,0,0,6
14,7,11.227404984315347,26.487148542427537,26.388507773748955,69.17681547358009,32.89298551828559,27.79160503676208,1.0746009293487748,0.5646515044779603,3,0,0,7
14,8,7.309036467934602,23.858272106525785,23.63326345817345,64.23912762521888,34.3158890617833,21.585845113987737,1.959184258190373,1.0746009293487748,4,0,0,8
14,9,7.309036467934602,21.917788788985373,21.771664651083043,74.43146228139557,33.65270902180258,22.97137240140121,3.2220152578563246,1.959184258190373,4,0,0,9
15,0,130.12627754117364,21.0,21.0,40.0,27.966960170684136,18.15766526431868,6.016773721870224,6.7515617982732055,0,0,0,0
15,1,112.07595637556297,22.159339203413683,18.963153305286376,48.302432578300504,27.966960170684136,18.15766526431868,6.016773721870224,6.016773721870224,0,0,0,1
15,2,112.07595637556297,18.458086371394568,19.1140283399951,57.72796742996174,33.754886275556096,18.60919623367299,4.453263300382446,6.016773721870224,0,0,0,2
15,3,99.02395750201319,18.075611397275356,20.2043056733046,67.71637343939324,31.09362215775104,24.397522339090624,3.6863793374208806,4.453263300382446,0,0,0,3
15,4,81.11071370889897,21.395675421720693,20.5220530589577,79.23990972417641,37.885175012142064,26.134471014431107,2.9855406321857028,3.6863793374208806,0,0,0,4
15,5,59.05857377653206,21.97573315365356,22.08403643286752,75.47554353974644,35.054679672512414,27.36550819176548,2.756517491545865,2.9855406321857028,1,0,0,5
15,6,40.34006350206276,23.07129903841298,22.91442421345747,70.66291915575974,31.40786162982004,25.18866957025388,2.3398137843086624,2.756517491545865,2,0,0,6
15,7,15.768806956796594,23.724518860607482,23.810465107594926,65.22472475980602,25.58847613483113,27.532666109870476,3.071407068158271,2.3398137843086624,3,0,0,7
15,8,8.881067626166583,21.318182899185253,21.370555946955456,60.32131246300813,26.092153906678394,30.0,3.443869665315005,3.071407068158271,4,0,0,8
15,9,8.881067626166583,19.8091110984071,19.660920924517864,71.44150778521775,34.2013879395368,27.577474961627782,4.130537653213358,3.443869665315005,4,0,0,9
16,0,32.18347574428094,21.0,21.0,40.0,34.62841056110579,15.575079902738878,2.747501458813862,5.740885074374117,0,0,0,0
16,1,15.698466991397765,22.292568211222118,21.91150159805478,49.036628283492036,34.62841056110579,15.575079902738878,2.747501458813862,2.747501458813862,0,0,0,1
16,2,12.358148475009596,23.29821416619066,23.073942355730203,58.701763295261685,35.31239211518222,18.38280239464918,0.5567197527313617,2.747501458813862,0,0,0,2
16,3,9.334336794800986,24.41737255313325,24.186043394995615,68.18673077048724,33.81239940752076,18.88186434373233,0.5039686133681017,0.5567197527313617,0,0,0,3
16,4,4.626670203236059,25.56746606435044,25.42377274498192,77.75151910501,31.89615815503073,21.24155481454018,0.7846110985941548,0.5039686133681017,0,0,0,4
16,5,4.127791520166488,26.11586936429082,25.895484182720715,72.05597490289695,32.433039984202544,19.258381115169357,0.0623598353836964,0.7846110985941548,1,0,0,5
16,6,3.495442306297117,23.575196692831955,26.462736215177696,66.30540734419037,30.157268695613837,21.228467089349618,0.1264698427738742,0.0623598353836964,2,0,0,6
16,7,3.495442306297117,26.122564309569803,22.07828575376948,61.037109589741036,31.48292371505573,22.58208876022572,0.0,0.1264698427738742,3,0,0,7
16,8,0.0,21.017699719543053,25.22163940076214,55.69558438981484,27.062693804896934,26.59549952884645,0.6990884612594235,0.0,4,0,0,8
16,9,0.0,21.814347031428248,20.55077760703958,64.11175103117796,23.437928671026736,23.31855266987953,1.2904280770404633,0.6990884612594235,4,0,0,9
17,0,233.34364822401713,21.0,21.0,40.0,25.81871451238587,16.634519240858396,5.629555566,2.810798798891432,0,0,0,0
17,1,233.34364822401713,19.11637429024772,18.93269038481717,47.64158207558397,25.81871451238587,16.634519240858396,5.629555566,5.629555566,0,0,0,1
17,2,222.59746806033036,18.101172582318434,18.148331387867955,56.28930012919906,26.516221983085657,21.52665609255376,7.024113614054433,5.629555566,0,0,0,2
17,3,203.8525793639382,18.02477666466135,18.04605718874141,65.01244674424899,26.782585747821816,21.67933989134448,7.040460804292091,7.024113614054433,0,0,0,3
17,4,185.86933326679662,18.179819940114147,18.01240842761656,73.38388655570697,28.990997005707317,17.517001946836952,6.882465053019259,7.040460804292091,0,0,0,4
17,5,151.3453659225307,18.16059549332915,18.083954002071266,67.53096001015075,29.866339952854123,20.95073479405577,6.1984299688104585,6.882465053019259,1,0,0,5
17,6,117.65948655430714,18.12948280358678,18.055415619331225,62.45569689219343,34.11946184014111,21.0179652823182,6.401658140436525,6.1984299688104585,2,0,0,6
17,7,83.47296825566856,17.993928727677122,18.047030074158933,56.42097206200833,28.96850244820124,20.838581828548215,6.339055966529619,6.401658140436525,3,1,0,7
17,8,39.53834275771928,19.220052490191602,18.10911764012279,51.290647189412965,30.047536454031103,24.783992031550195,6.267183403,6.339055966529619,4,1,0,8
17,9,23.16330176323426,20.00967989852886,17.95979276234692,59.29574186399632,23.54493328550933,20.92781490662042,4.462867536297095,6.267183403,4,1,1,9
18,0,144.39050449033687,21.0,21.0,40.0,34.443744382523725,18.677464581644607,5.635131593856222,3.710905355422147,0,0,0,0
18,1,144.39050449033687,19.288874887650476,18.973549291632892,49.5618176135503,34.443744382523725,18.677464581644607,5.635131593856222,5.635131593856222,0,0,0,1
18,2,137.07040021801265,18.05188775959019,18.163164806238925,59.78810178830429,32.17039161744754,24.64229824229684,6.489297640153488,5.635131593856222,0,0,0,2
18,3,120.09115326699023,18.20369906428635,18.02040218418284,70.4861729242241,37.29897793767242,22.13475059521549,6.462647732471483,6.489297640153488,0,0,0,3
18,4,90.55685148851725,18.084976397500057,18.035556581504522,65.44544607120515,33.166834700111565,22.16246056089426,5.248820222218948,6.462647732471483,1,0,0,4
18,5,65.96744721013685,18.053417288098416,18.073951578149607,60.29118868371181,31.351090865406764,23.34747920407466,4.520520264842107,5.248820222218948,2,0,0,5
18,6,43.662386922643805,18.03672790580142,18.104374170845492,54.853188840241856,28.975704260183488,24.14651883165008,4.158268771345154,4.520520264842107,3,0,0,6
18,7,24.010119335735215,18.216168027253087,18.099310316197386,50.65339631776001,35.39375135420171,24.60740129867693,3.5711570984621663,4.158268771345154,4,0,0,7
18,8,16.614032075888495,18.059503124289407,18.149570895992735,61.39901727818587,32.92479175960908,26.77310246497904,3.4468132854144784,3.5711570984621663,4,0,0,8
18,9,8.090828354513906,18.157087428456432,18.08807797121464,72.88376224819073,36.07762946962353,27.72650925262572,3.32116926890584,3.4468132854144784,4,0,0,9
19,0,113.11859501067333,21.0,21.0,40.0,27.195361581889124,23.8040828251533,2.267431907553209,4.022244520743904,0,0,0,0
19,1,99.51400356535407,22.143907231637783,22.076081656503067,49.17989999326764,27.195361581889124,23.8040828251533,2.267431907553209,2.267431907553209,0,0,0,1
19,2,88.62298851971947,23.251462326097315,23.20220692202259,59.44970500203058,30.267313050831127,26.78715922007411,1.8151691742724327,2.267431907553209,0,0,0,2
19,3,77.65431767133884,24.28966362209454,24.3744731533773,68.82090684113064,24.28029346821377,27.78193897123093,1.8281118080634384,1.8151691742724327,0,0,0,3
19,4,63.28467571195157,25.552594523936413,25.578845217582398,79.15566486385332,27.41532234845933,30.0,2.3949403265645466,1.8281118080634384,0,0,0,4
19,5,36.22279550947012,26.139831493391387,26.10750846983053,74.44837085692348,29.202045367427065,27.97965459407385,3.3827350253101818,2.3949403265645466,1,0,0,5
19,6,29.000081689241522,23.81600885041132,23.603144073642103,70.2172934713067,35.477716024779184,24.34963183290538,3.611356910114296,3.3827350253101818,2,0,0,6
19,7,20.659937883812717,21.47103895656917,21.370151972000723,64.9241813739783,31.08223794740131,22.84491706744089,4.170071902714403,3.611356910114296,3,0,0,7
19,8,11.548879244936487,19.34041293784065,19.195923920782104,60.668874810542206,34.2152484678489,25.47749284639502,4.555529319438115,4.170071902714403,4,0,0,8
19,9,9.086545011959481,18.01568436976435,18.063449748784805,70.04551389252939,28.50838907949843,23.58405026487481,4.559942761740891,4.555529319438115,4,0,0,9
20,0,146.43849709469362,21.0,21.0,40.0,34.03487760059643,23.695520081705304,5.530670999028015,3.018100944219988,0,0,0,0
20,1,146.43849709469362,19.28069755201193,19.07391040163411,50.39147158281431,34.03487760059643,23.695520081705304,5.530670999028015,5.530670999028015,0,0,0,1
20,2,139.5689025179477,18.089400434838133,18.10473846606286,60.58021625569502,32.24508737946167,24.35904969209785,6.680410704530024,5.530670999028015,0,0,0,2
20,3,121.69791422722734,18.06033588144365,18.0733990660234,70.19656629242833,28.496356407223654,24.927810463516977,6.678404481872221,6.680410704530024,0,0,0,3
20,4,88.26444173821088,18.173028565305387,18.169848202295615,66.52449218382688,33.55845294528952,29.37446867359129,5.785892698590509,6.678404481872221,1,0,0,4
20,5,61.78339079582615,18.046090274765724,18.121031451031367,62.31684936677297,29.957539905256056,30.0,5.1181283516326985,5.785892698590509,2,0,0,5
20,6,38.001239894869585,18.133756571619344,18.070962066998895,57.476638638442495,29.708907464702243,26.73436626679511,4.465759594723016,5.1181283516326985,3,0,0,6
20,7,18.237987844154944,18.101328964590493,18.03123727443576,52.20701565734592,32.15673728843194,21.90091281658705,3.672268136192737,4.465759594723016,4,0,0,7
20,8,11.531052912241458,18.111883500910814,18.098830275250144,61.55746976247089,30.44743043317154,21.49953681752274,2.718600098748033,3.672268136192737,4,0,0,8
20,9,5.297398884348695,18.133089794660027,18.017568394392462,70.56073373127677,31.12327340584094,18.89485975419172,2.270032877088619,2.718600098748033,4,0,0,9
21,0,166.79226517601728,21.0,21.0,40.0,34.599403986625305,23.335456982769287,4.635424999011551,7.291819783222505,0,0,0,0
21,1,138.97971518194797,22.29198807973251,22.066709139655387,50.428274974491025,34.599403986625305,23.335456982769287,4.635424999011551,4.635424999011551,0,0,0,1
21,2,138.97971518194797,20.43435533804549,20.329347836118625,62.36484783455082,37.47192643224938,28.842367234749485,2.740063549903083,4.635424999011551,0,0,0,2
21,3,120.78188507219942,22.140166357052635,21.8667124553504,75.90945320507352,45.24780761401495,30.0,3.032971684958091,2.740063549903083,0,0,0,3
21,4,86.84571201520099,23.10477683491245,22.77565608225587,74.30893930949911,47.49971781369669,26.941871655334356,4.242021632124803,3.032971684958091,1,0,0,4
21,5,75.87569062743401,20.9731103881974,20.752026775412315,71.43497538329842,41.67892950288291,25.687937573779973,5.485010693883489,4.242021632124803,2,0,0,5
21,6,64.32141303186205,19.080992667868866,18.989369160600205,68.29462081428133,36.89217430811269,28.99474475290343,5.777138797785983,5.485010693883489,3,0,0,6
21,7,46.49461527990381,18.091407586263585,18.115738808969198,64.86418009735128,34.2753293503886,30.0,4.989442179725419,5.777138797785983,4,0,0,7
21,8,36.35313479506809,18.06808006437663,18.11140121326917,76.18074060549844,32.86978060081759,30.0,4.716433036,4.989442179725419,4,0,0,8
21,9,9.101273791516892,18.0033403935929,18.0119188157967,70.82226478878053,26.599923791479128,26.96409944897689,4.566440939,4.716433036,5,0,0,9
22,0,105.81271909509297,21.0,21.0,40.0,28.166889866459577,18.23033519432189,2.3929586011749118,2.6222743122223973,0,0,0,0
22,1,91.45496748804351,22.16333779732919,21.96460670388644,48.35150051094067,28.166889866459577,18.23033519432189,2.3929586011749118,2.3929586011749118,0,0,0,1
22,2,74.76850903261969,23.06929593942902,23.00674234259159,55.96818635890426,24.211783810544198,18.10313756703134,2.781076409237303,2.3929586011749118,0,0,0,2
22,3,65.48473524740558,21.21466086536438,24.102509236386624,65.2754989599211,29.126588814660344,22.580703413210927,3.0945912617380373,2.781076409237303,0,0,0,3
22,4,56.094403888369,21.494714863056792,23.54002578187808,74.85039517052708,28.80529816515105,24.38856967154888,3.130110453012193,3.0945912617380373,0,0,0,4
22,5,38.894781221996865,20.778870654520475,22.971030471169684,70.04941430814128,33.18678140820518,23.474436022984865,3.439924533274427,3.130110453012193,1,0,0,5
22,6,32.3616334485758,20.226603469192913,19.419344216618576,64.68874436235444,30.516199506748173,23.035634127769363,3.2665738867105327,3.439924533274427,2,0,0,6
22,7,16.006063339740525,18.192527373229275,21.028712362512483,60.84063785130118,35.74286794254805,26.212095884933824,3.136028138684763,3.2665738867105327,3,0,0,7
22,8,7.359955773050028,18.178754025683254,18.148554146755984,57.49337382101879,35.553164894724866,29.18425715926184,2.932838710040296,3.136028138684763,4,0,0,8
22,9,0.0,18.085501845067963,18.149279814476813,69.32542900825614,35.73363992909633,30.0,3.052730709227171,2.932838710040296,4,0,0,9
23,0,131.1631762094787,21.0,21.0,40.0,25.76796364159105,19.968384727961094,7.497149033777024,6.3965568804569015,0,0,0,0
23,1,131.1631762094787,19.11535927283182,18.999367694559222,48.23254270651938,25.76796364159105,19.968384727961094,7.497149033777024,7.497149033777024,0,0,0,1
23,2,122.00848299913534,18.167523400653632,18.08396778170926,57.81682514539924,29.54670338300439,23.69931016632816,6.688473521913769,7.497149033777024,0,0,0,2
23,3,108.09804002854918,17.917964071658805,18.116274139703215,66.45089693499445,21.739602451765208,26.227463045985957,5.281179815041523,6.688473521913769,0,1,0,3
23,4,89.09955738188529,19.791676912852076,18.09639559462062,75.28828131370287,22.69090546100109,26.405674420712387,4.428637114635541,5.281179815041523,0,1,0,4
23,5,66.85094040002974,19.87895676742981,18.07470646157391,69.38800096709252,27.045561924466508,23.508436149920485,3.864010626762654,4.428637114635541,1,1,0,5
23,6,52.704834941762854,19.94368364235265,18.200214391115125,64.32992532746489,26.75863675896801,28.47427635421184,2.4900981745775432,3.864010626762654,2,1,0,6
23,7,37.383737674394794,20.05857634418561,20.494556827945793,59.57385803593384,30.631875924912688,26.27886134435924,1.9151371584210075,2.4900981745775432,3,1,0,7
23,8,12.172734832661881,21.312543310832464,21.076879236626603,54.52959049917634,30.27656062484088,25.03306417095077,3.151375355216614,1.9151371584210075,4,1,0,8
23,9,0.0,22.56939791156002,19.5026248811522,64.49216476879262,31.11062373234024,24.237011098861345,4.057578277553961,3.151375355216614,4,0,0,9
24,0,106.71089446932606,21.0,21.0,40.0,28.419619496676518,21.42062755476349,2.5174397310238072,3.3401175408885475,0,0,0,0
24,1,91.60625608318323,22.168392389933533,22.028412551095272,48.971244469259204,28.419619496676518,21.42062755476349,2.5174397310238072,2.5174397310238072,0,0,0,1
24,2,80.85352508557185,23.235199243472074,23.238588276091352,59.609903892621446,30.516954707366715,28.586708755756867,1.7921218329352309,2.5174397310238072,0,0,0,2
24,3,73.37156867963296,24.37188281818165,24.361520899876986,69.44155021631012,27.543758889885048,27.076498463940936,1.246992734323148,1.7921218329352309,0,0,0,3
24,4,63.90240481295453,25.63549727475016,25.555386200016077,79.7502396033066,30.71573955284951,26.55475704157539,1.5781939777797382,1.246992734323148,0,0,0,4
24,5,41.181252835244045,26.218061901513398,26.04892613126153,74.73828398304971,32.573795038310955,22.91534040470633,2.8401439972138105,1.5781939777797382,1,0,0,5
24,6,32.25008796988071,23.619861316069812,23.627129120352258,68.79859484537141,26.254353342943705,24.080707003287944,4.465582432681668,2.8401439972138105,2,0,0,6
24,7,20.598280577606253,21.323292510509983,21.34686139750657,63.360665712876894,25.91757725826013,27.205038672325863,5.825903696137226,4.465582432681668,3,0,0,7
24,8,7.312736217459362,19.12828033472195,19.081696538151522,57.55351914417935,26.523532237626466,24.547875714053824,6.642772180073447,5.825903696137226,4,0,0,8
24,9,0.0,18.1805532832613,18.026226075775032,66.66592217635606,29.81251653007518,20.81194475979547,7.381225544338564,6.642772180073447,4,0,0,9
25,0,128.3592203405451,21.0,21.0,40.0,32.18852103928587,21.555851194735737,3.915876833570394,2.3289170727994013,0,0,0,0
25,1,116.61158983983391,22.24377042078572,19.031117023894716,49.67398700212389,32.18852103928587,21.555851194735737,3.915876833570394,3.915876833570394,0,0,0,1
25,2,101.98101254621908,18.505679899605887,22.26619694036851,59.66298202960666,32.82918286729137,22.66523395205737,4.876859097871611,3.915876833570394,0,0,0,2
25,3,101.98101254621908,19.511816639614942,18.274216307149256,71.15376791631655,34.654980191227864,29.182719179382627,5.695417134415616,4.876859097871611,0,0,0,3
25,4,78.77740776537445,18.05034432586168,18.07488420053904,66.80619061559833,32.402537313734385,26.77758879338659,5.592865939795212,5.695417134415616,1,0,0,4
25,5,54.638740552917895,18.08066185348959,18.072835635958928,61.886379777845036,30.99528800863112,25.005762892739455,4.441042459603855,5.592865939795212,2,0,0,5
25,6,35.00610975993887,19.544383528892396,18.049519920380373,57.19989436585038,33.82417956350818,23.473123703188172,2.925959428996236,4.441042459603855,3,0,0,6
25,7,18.901231945563318,19.90436738177441,20.22924421787059,53.12308905392126,33.43176362829917,27.252651305427925,2.0131097267969444,2.925959428996236,4,0,0,7
25,8,6.327347395169882,21.9214675848503,21.570900043684556,63.80345198398577,35.995287064157075,23.34006254731237,2.095647425065572,2.0131097267969444,4,0,0,8
25,9,6.327347395169882,20.158555310361145,20.0254840447751,74.8403201587043,36.61400535039012,24.70192895360177,2.663501378497768,2.095647425065572,4,0,0,9
26,0,151.57139600506545,21.0,21.0,40.0,27.940953683034884,18.170431886567712,5.893436323864762,6.383964078185615,0,0,0,0
26,1,133.89108703347117,22.1588190736607,18.963408637731355,48.300049402528465,27.940953683034884,18.170431886567712,5.893436323864762,5.893436323864762,0,0,0,1
26,2,133.89108703347117,18.360551316557736,19.140894977689097,57.09171335809904,28.87827550665968,19.96430202428799,5.172941529936083,5.893436323864762,0,0,0,2
26,3,117.55132555978912,17.93656350338076,20.068935697628095,65.05447177606217,24.08547113150123,20.152075634960617,4.596461237272315,5.172941529936083,0,1,0,3
26,4,100.9188829506071,21.01824445047399,18.060815310490796,73.29712512213958,25.160444128521195,20.632074460797707,4.408455941447205,4.596461237272315,0,1,0,4
26,5,81.90566984281813,20.161013629659276,18.164515356953338,67.08093800336286,23.81730049550588,24.981659955734564,3.733215419993696,4.408455941447205,1,1,0,5
26,6,62.889023565633394,20.084257695095282,18.151633071098516,61.98821079686249,26.86221960127477,28.178184807056525,3.4943538797757703,3.733215419993696,2,1,0,6
26,7,34.810742849188415,20.026540170006182,20.590885541434695,57.06563522403589,28.3788960253002,27.606795236774268,3.5097850895556224,3.4943538797757703,3,1,0,7
26,8,20.206307656562466,21.395302950842414,18.165329551259752,53.04148771065957,32.005223833362955,28.97173442565745,2.9208870385251906,3.5097850895556224,4,1,0,8
26,9,10.90061623971377,20.895194951359606,18.79407553757089,64.4724906136312,33.50557168317574,30.0,3.101897138949565,2.9208870385251906,4,1,0,9
27,0,128.3646480190184,21.0,21.0,40.0,33.71081447619661,15.18451614086729,2.3233528208611207,2.345153248332065,0,0,0,0
27,1,114.42453109385168,22.274216289523935,21.903690322817347,48.8011595110715,33.71081447619661,15.18451614086729,2.3233528208611207,2.3233528208611207,0,0,0,1
27,2,101.26974510584817,23.204148437252066,23.13681405092075,58.39747011428719,31.118722750848004,22.19411393368359,2.192464331333918,2.3233528208611207,0,0,0,2
27,3,86.99818576578,24.451207655620347,24.277470548389395,69.26246956579978,35.02898961023811,25.332118453720696,2.3785932233446974,2.192464331333918,0,0,0,3
27,4,70.18353105875451,25.58259471453246,25.598408971452848,79.52051751756395,29.40224952501167,27.586905762567007,2.802442451170915,2.3785932233446974,0,0,0,4
27,5,52.90620581258606,23.05043148502614,26.1710569044275,74.179091396541,23.695129474110423,29.96361429798427,3.455465049233689,2.802442451170915,1,0,0,5
27,6,44.26828995602088,22.848434260533896,21.881575962343934,70.25512744786698,31.53353361847768,30.0,4.318957928282589,3.455465049233689,2,0,0,6
27,7,33.99681029951501,20.097959725819756,20.396799650693254,65.6261872615489,28.588938597036996,29.02806036786257,5.135739828252932,4.318957928282589,3,0,0,7
27,8,23.164089012644272,18.386670239444257,18.11580639868704,61.78488227443941,36.32487164849459,25.66787842311929,5.331252524896281,5.135739828252932,4,0,0,8
27,9,10.873865866827511,18.171501379601427,18.020663009656708,72.24732531044916,37.44505330735414,20.67963022603335,5.201435999053804,5.331252524896281,4,0,0,9
28,0,198.46945720099959,21.0,21.0,40.0,25.97211810438348,22.462361213165437,7.167555802871595,7.672630592867759,0,0,0,0
28,1,198.46945720099959,19.11944236208767,19.04924722426331,48.71820627715881,25.97211810438348,22.462361213165437,7.167555802871595,7.167555802871595,0,0,0,1
28,2,189.6171417775376,18.142589607815097,17.986773498149855,58.030117376247375,31.42300871233525,20.309830727045707,7.206989393791038,7.167555802871595,0,0,1,2
28,3,159.80322266530555,18.128633804596582,19.655374443345057,68.0195299092752,32.17204991842274,23.324686376176302,6.864731372099096,7.206989393791038,0,0,1,3
28,4,142.02919621305196,18.195628777438543,20.336759887954514,78.13463818268156,32.68193726934052,23.513108694028084,5.524224236511907,6.864731372099096,0,0,1,4
28,5,116.79309950781689,18.057831481875557,20.1543778486494,74.03742487706447,30.9076613166444,29.66337587437175,4.819517762750454,5.524224236511907,1,0,1,5
28,6,91.0845151103297,18.267724413184727,20.081012243720156,71.47314885484377,39.08735543210727,30.0,4.782101728848781,4.819517762750454,2,0,1,6
28,7,66.23880773634048,18.084568591513257,20.089046591245708,68.16620421046476,36.89126004702173,28.070158595317093,4.709985254161456,4.782101728848781,3,0,1,7
28,8,39.923323949423946,18.20248242931799,19.800012001496338,64.68006828537393,37.47332298216413,26.4925885451091,4.7147586868674844,4.709985254161456,4,0,1,8
28,9,24.27219952631591,18.128576389428563,20.341195133551725,76.34234705249149,36.17007890387185,28.620358691225714,4.957393087135706,4.7147586868674844,4,0,1,9
29,0,203.88675410780817,21.0,21.0,40.0,30.31986999720141,18.504111555298973,4.941945488069576,4.252747373704692,0,0,0,0
29,1,189.06091764359945,22.20639739994403,18.97008223110598,48.78831667945007,30.31986999720141,18.504111555298973,4.941945488069576,4.941945488069576,0,0,0,1
29,2,189.06091764359945,18.38838229431698,19.228114038572595,58.17599043357589,29.355941699133417,22.79780137934336,5.936607181998901,4.941945488069576,0,0,0,2
29,3,179.05444449345967,18.198968808664016,18.03241028965233,68.01628138377644,33.897826292914075,20.770456763755654,6.813720764,5.936607181998901,0,0,0,3
29,4,161.73671218418264,18.06226060497704,18.10513040755597,77.42263385234168,29.353947902146498,22.9035658121048,7.437005707312654,6.813720764,0,0,0,4
29,5,123.41986192677868,18.175966991387973,18.119700904382434,72.58162978578778,32.2231214224641,24.21574487445868,6.927868134252721,7.437005707312654,1,0,0,5
29,6,90.20490112011873,18.060244625510684,18.12557233421994,67.73477124479021,31.362497116938822,25.04384432196351,6.397840940077202,6.927868134252721,2,0,0,6
29,7,55.59209792392758,18.127314084613076,18.070690841468647,62.50877250938842,28.597354849302185,25.702652176243443,6.340085188475379,6.397840940077202,3,0,0,7
29,8,25.572026803883787,18.163215063855898,18.067639157980956,57.85039534474991,32.057420772528616,25.396039423924105,5.249943440657939,6.340085188475379,4,0,0,8
29,9,13.543268703097237,18.07391750907051,17.99973659558142,67.3973676193782,30.20060131615604,22.83813354288997,4.643374444303599,5.249943440657939,4,0,1,9
30,0,72.37830601237775,21.0,21.0,40.0,26.98377311064561,24.58554254525746,5.380253318,6.900144347563503,0,0,0,0
30,1,56.23754605837775,22.139675462212914,19.09171085090515,49.28247681806255,26.98377311064561,24.58554254525746,5.380253318,5.380253318,0,0,0,1
30,2,56.23754605837775,18.42668830436904,19.255798378604542,58.81931959819316,28.623212673727974,24.359247215886565,4.261016022,5.380253318,0,0,0,2
30,3,43.00814379168186,18.12951641847392,20.277786543499264,69.04710580835925,29.934077220474578,26.886957280448097,3.734951689440178,4.261016022,0,0,0,3
30,4,41.304640154103836,18.303244080794606,18.09569951331533,79.06314602271185,30.2506065420194,25.394061315495023,3.189679277797625,3.734951689440178,0,0,0,4
30,5,19.987128108114668,19.581149298993676,19.55336140078385,75.67360743879433,34.502563422680495,30.0,2.664689005748646,3.189679277797625,1,0,0,5
30,6,6.536111602851902,20.843514924005692,20.720249166690582,70.95794758686284,31.85766469186392,25.277558352961115,1.681377063157846,2.664689005748646,2,0,0,6
30,7,1.6766309045974055,21.818135132678602,21.727381713284014,65.43241829626183,29.51130285750289,23.12464552804701,0.6074350872818121,1.681377063157846,3,0,0,7
30,8,0.0,22.493130368668222,22.397148754664627,58.657552184335515,25.92778512908729,19.76740313798875,0.2095788630746757,0.6074350872818121,4,0,0,8
30,9,0.0,20.511603406390943,20.51296763235822,65.93612240370659,20.90400706520915,19.53249415351907,0.3546719944990188,0.2095788630746757,4,0,0,9
31,0,187.11708962081528,21.0,21.0,40.0,33.50093312201388,19.75388834365709,6.549074611397077,4.599278477463367,0,0,0,0
31,1,187.11708962081528,19.27001866244028,18.995077766873145,49.58586786382077,33.50093312201388,19.75388834365709,6.549074611397077,6.549074611397077,0,0,0,1
31,2,178.34182597290328,18.171401127648174,18.05278536710791,59.63520183260029,35.07472468689059,20.75490847299558,7.601466203172697,6.549074611397077,0,0,0,2
31,3,157.70185289594002,18.22618409187519,18.1258005069997,71.42427569984005,40.01511622740632,25.479738590592348,7.860661311606663,7.601466203172697,0,0,0,3
31,4,114.10947856343228,18.172499853092848,18.064094323347614,67.67659247901807,39.127130658378846,23.38574033705456,7.948807103155732,7.860661311606663,1,0,0,4
31,5,77.37792314822583,18.090758899304994,18.138028449599982,63.80238099280446,35.29534420432466,26.514591983377496,6.938017535011351,7.948807103155732,2,0,0,5
31,6,48.56341044769334,18.010476221576095,18.083950920666954,58.79894549506365,30.205255422380155,25.331214034615343,5.565022430713377,6.938017535011351,3,0,0,6
31,7,23.160194972524543,18.050774864844573,18.189982913614624,54.31891083693715,28.444251899297225,30.0,4.617525497752228,5.565022430713377,4,0,0,7
31,8,14.788757307643014,18.043593502282818,18.014652067502222,64.02135847583197,27.38380349710275,26.51868338564631,3.843452410058232,4.617525497752228,4,0,0,8
31,9,5.288055439849494,18.13191359144168,18.139547700232853,73.99334618343926,30.775617979549487,24.624313729379868,3.2801173257146914,3.843452410058232,4,0,0,9
32,0,206.06444309168103,21.0,21.0,40.0,31.66212388872196,21.294204847178563,5.2520712615241205,4.9164242102509,0,0,0,0
32,1,190.30822930710866,22.23324247777444,19.02588409694357,49.532139172462095,31.66212388872196,21.294204847178563,5.2520712615241205,5.2520712615241205,0,0,0,1
32,2,190.30822930710866,18.514518195347293,19.315691696551145,60.17379471395684,33.58600460806516,25.53430395579454,5.104904316,5.2520712615241205,0,0,0,2
32,3,183.3221568260939,17.990842679563393,18.001193981207432,69.15806533636521,27.39124660607387,22.521367962861547,6.171411245944386,5.104904316,0,1,0,3
32,4,152.71274653483889,19.8815608169043,18.125140669844797,78.94332391248663,29.544326299916992,24.818221345202023,7.050898028157826,6.171411245944386,0,1,0,4
32,5,115.51454833904748,19.972717044996354,17.965991546291527,72.94257018081238,29.522964985285064,20.472847616524625,6.586840358102887,7.050898028157826,1,1,1,5
32,6,71.54741180511257,19.96776811796226,20.392936554875387,67.08537264691934,29.81790383442188,20.97544319950564,5.495892066741863,6.586840358102887,2,1,1,6
32,7,35.70610388632743,21.296656275731987,21.15649322958656,61.473318575176606,26.392940455279607,25.76231470170524,4.480163489848142,5.495892066741863,3,1,1,7
32,8,0.0,22.066114647798695,22.029772451726334,56.39709970819689,29.52583645073378,25.606280954934427,4.463262985790929,4.480163489848142,4,0,0,8
32,9,0.0,20.32490550229536,20.196634624542366,65.58296711320841,28.995636761621714,22.036959932886727,5.421904745512226,4.463262985790929,4,0,0,9
33,0,224.257954581454,21.0,21.0,40.0,26.00162013788841,16.797779870414136,7.793234250311443,6.069136932602557,0,0,0,0
33,1,224.257954581454,19.12003240275777,18.935955597408284,47.70389200149446,26.00162013788841,16.797779870414136,7.793234250311443,7.793234250311443,0,0,0,1
33,2,211.00159393118747,18.047588762517574,18.046468521348938,55.04100001855842,25.654478662441235,15.107232543469667,8.756754433038273,7.793234250311443,0,0,0,2
33,3,184.8210912873304,18.209738107099117,18.182744515919527,64.19929325650526,30.48690535495586,20.3925015225266,8.512176622686447,8.756754433038273,0,0,0,3
33,4,167.11942155639127,18.165089895391905,18.024187203341697,73.8109902293846,31.98110819399595,21.417208322000366,8.110113054,8.512176622686447,0,0,0,4
33,5,129.6917235418,18.176939176932486,18.179022433217618,69.76500631439981,31.24811173442331,29.60753318232789,6.826024008047389,8.110113054,1,0,0,5
33,6,98.22338030096556,17.968653424750197,18.09942215031375,64.51216277326571,24.74389293996263,29.406976275959007,6.213277852434638,6.826024008047389,2,1,0,6
33,7,62.758562561051434,19.382725140590654,18.063611823003523,59.49779879230988,29.48853623324298,25.987219428113484,5.222984908731959,6.213277852434638,3,1,0,7
33,8,31.54746105358667,19.681605164436924,18.148137192396973,55.54426004605378,31.79577150725637,29.57345768020978,5.103819230963974,5.222984908731959,4,1,0,8
33,9,13.606742505,20.30391534192671,18.059062008829052,65.91180617549742,30.16282877349672,27.434649723412427,5.355966205113231,5.103819230963974,4,1,0,9
34,0,187.3494495650301,21.0,21.0,40.0,28.28820844287196,17.71995470429493,5.2969265193636375,4.118736003062949,0,0,0,0
34,1,187.3494495650301,19.16576416885744,18.9543990940859,48.28146936649004,28.28820844287196,17.71995470429493,5.2969265193636375,5.2969265193636375,0,0,0,1
34,2,178.50260076784124,18.15223156023431,18.173277681916957,57.87470865429316,30.23951126885254,23.056262552275875,6.157083578200977,5.2969265193636375,0,0,0,2
34,3,160.86484308812655,18.182855619072733,18.143073360495805,68.98298671902101,33.892506687075425,27.820149228079316,6.825420201567432,6.157083578200977,0,0,0,3
34,4,146.17608776863128,18.166369372010383,18.100678571012665,80.29681572423722,32.85460558453446,30.0,6.892215407986995,6.825420201567432,0,0,0,4
34,5,113.15578869018393,18.04251550310545,18.084118783725703,75.93460788680696,29.18325577808365,29.91558956952605,6.327056190332981,6.892215407986995,1,0,0,5
34,6,81.55380361652618,18.10417262518724,18.061932795235187,71.42893596474495,31.460250574350667,26.841572080860384,5.978319815675677,6.327056190332981,2,0,0,6
34,7,51.19331830448216,18.079566510977124,18.018234641131773,65.99927627607984,30.50667627495129,22.661881010242528,5.622806764996793,5.978319815675677,3,0,0,7
34,8,21.65923559664619,18.211950705656022,18.117507933535144,62.165932286415355,35.70929057264517,26.327687262552125,5.078696613976946,5.622806764996793,4,0,0,8
34,9,9.678156103239768,18.22966112889944,18.127231541146084,73.91598619803729,38.6917872801413,26.5862900066472,4.716536043130282,5.078696613976946,4,0,0,9
35,0,336.6320278956067,21.0,21.0,40.0,33.91127088394596,20.42283520936855,7.586468305,2.128247833012694,0,0,0,0
35,1,336.6320278956067,19.27822541767892,19.008456704187374,49.78013909679661,33.91127088394596,20.42283520936855,7.586468305,7.586468305,0,0,0,1
35,2,324.02937961282464,18.123541577852855,18.147682484662326,60.183734345406805,32.48061004231343,25.317141338854327,11.02916842047861,7.586468305,0,0,0,2
35,3,308.38397735273315,16.884392776452952,18.056200759488643,70.43670975551856,32.57129553060911,24.38967897001181,11.652346146318983,11.02916842047861,0,1,0,3
35,4,252.003340046265,18.989114118002142,15.525699546911019,66.9825333289854,34.86853655302945,29.27492774400851,11.276127461293624,11.652346146318983,1,1,1,4
35,5,172.3338116496069,18.273609536958116,19.166110459744182,63.60133084388471,35.9375237549187,28.61135132785524,9.958691049582262,11.276127461293624,2,1,1,5
35,6,106.67804321456701,20.256304923424192,19.913998860098125,60.072332922296965,33.72778932451251,30.0,8.206971054379984,9.958691049582262,3,1,1,6
35,7,48.71269965584921,21.272667583352042,21.25953277938359,56.713983770762155,35.233584597671275,29.44225344935753,7.245667944839726,8.206971054379984,4,1,1,7
35,8,9.773368956327076,23.060321885559933,22.788621320315873,69.17495791586106,41.50484223058399,27.72279190885437,6.489888449920356,7.245667944839726,4,0,0,8
35,9,9.773368956327076,21.2975831342928,21.170794714868304,81.68261036034174,39.950943737389096,29.536014287503573,5.354143166994714,6.489888449920356,4,0,0,9
36,0,97.57585514212983,21.0,21.0,40.0,27.685076794675016,24.52235008408805,2.7904907897140183,4.960442241307833,0,0,0,0
36,1,80.83291040384572,22.1537015358935,22.090447001681763,49.39733683817735,27.685076794675016,24.52235008408805,2.7904907897140183,2.7904907897140183,0,0,0,1
36,2,71.34198748636284,23.253631872257774,23.152158340575316,59.04053736894024,29.797915439657466,23.7754208423586,1.5818204862471457,2.7904907897140183,0,0,0,2
36,3,62.560500601485096,24.413985766946144,24.19723291929429,68.32329659078084,31.96531496180538,19.60556960397569,1.463581147479624,1.5818204862471457,0,0,0,3
36,4,52.131822209853965,25.579366623074176,25.359975705225086,77.35781441730197,32.20630215506365,17.985463547831475,1.7381130652718553,1.463581147479624,0,0,0,4
36,5,29.197670442398458,26.05425845274213,25.89447104337712,71.51901525352646,31.087897218617087,19.807662982630116,2.866768970931938,1.7381130652718553,1,0,0,5
36,6,22.8270401648689,23.67777941913937,23.38378245818251,66.48836323085743,36.2409628645229,19.144303676204725,3.1853151387647785,2.866768970931938,2,0,0,6
36,7,16.960496461780146,21.333566719923944,21.204219017932687,61.36109189563514,32.86291604800712,21.985576534091265,2.933271851544377,3.1853151387647785,3,0,0,7
36,8,11.625813479671653,19.071145152292843,19.090503507191354,56.19117358472948,27.79193136217813,26.81963357723485,2.6673414910542466,2.933271851544377,4,0,0,8
36,9,9.191442647694473,18.166722460362642,17.991502291932317,65.89600194630302,31.89864748896018,22.017065630892795,2.6465244550822216,2.6673414910542466,4,0,1,9
37,0,52.82877132205185,21.0,21.0,40.0,33.93792267834392,22.819069160221524,3.2843431330791875,7.220572235164975,0,0,0,0
37,1,33.12271252357672,22.27875845356688,22.05638138320443,50.21625853094178,33.93792267834392,22.819069160221524,3.2843431330791875,3.2843431330791875,0,0,0,1
37,2,20.723253312036043,23.312575337076453,23.16458674333511,59.76477634642296,31.89120346981068,21.156117727307,2.06657653525678,3.2843431330791875,0,0,0,2
37,3,14.080938137894066,24.485456035874453,24.226896762108886,69.37963044656408,34.281824353146646,19.13403175874846,1.107052529023663,2.06657653525678,0,0,0,3
37,4,13.492692245894066,25.587969870258263,25.511942411068024,79.04009154521091,30.674495195905592,22.994733129910152,0.098040982,1.107052529023663,0,0,0,4
37,5,12.369488697645938,26.113978215419355,25.925944130896298,72.72141141368414,29.385835469428915,18.843719355422373,0.1404004435310161,0.098040982,1,0,0,5
37,6,11.042856638866365,23.62803415227325,26.50582145789846,67.60274090007275,31.91371045548319,22.982564468898016,0.2653264117559145,0.1404004435310161,2,0,0,6
37,7,5.874170705015624,26.139399143710147,22.194060074298168,62.750951650131995,30.239546248830663,26.139402362609644,1.033737186770148,0.2653264117559145,3,0,0,7
37,8,0.0,21.235302234564458,25.258120466839898,58.622044527279115,34.21706742800142,26.177893000593663,1.1748341410031249,1.033737186770148,4,0,0,8
37,9,0.0,22.1630755718537,20.744689838644508,69.86390111001245,36.51588598464552,25.938872808317434,2.007588224141956,1.1748341410031249,4,0,0,9
38,0,81.61017055448788,21.0,21.0,40.0,27.41719516140864,24.44350780714981,2.575014029021886,4.983665124764339,0,0,0,0
38,1,66.16008638035656,22.148343903228174,22.088870156143,49.33492653434052,27.41719516140864,24.44350780714981,2.575014029021886,2.575014029021886,0,0,0,1
38,2,59.1299089590526,23.21382615471463,23.25031080482766,59.55941705893938,27.93529941864322,28.867425718017135,1.1716962368839925,2.575014029021886,0,0,0,2
38,3,53.542298804351475,24.395906084706986,24.341491083353944,69.50517396881992,28.713842685424147,26.54036236946776,0.9312683591168536,1.1716962368839925,0,0,0,3
38,4,47.151050723006264,25.5935312182644,25.549475772343076,79.35062805336892,28.85798222637257,25.83898491001079,1.0652080135575348,0.9312683591168536,0,0,0,4
38,5,36.501847221734934,26.143201926436085,26.09458919092151,74.46369971604203,29.637599961921737,26.54613149737328,1.3311504376589165,1.0652080135575348,1,0,0,5
38,6,31.83039281849485,23.794859582830846,23.714297913138108,71.12000912916606,34.75727451735574,30.0,2.33572720162004,1.3311504376589165,2,0,0,6
38,7,16.179474819210263,21.692468797126974,24.50170333612574,68.27469084146726,39.13635380411853,28.389655708665888,3.130183599856917,2.33572720162004,3,0,0,7
38,8,8.410822072,21.453023566493265,20.32226558058562,66.0108071162055,42.57779136836207,28.178410157961466,3.884326373605131,3.130183599856917,4,0,0,8
38,9,8.410822072,19.324638541814135,19.462179480317598,78.38101899367686,39.40386109136349,29.319538227921853,4.123240467148195,3.884326373605131,4,0,0,9
39,0,230.61590541221125,21.0,21.0,40.0,26.884939390196006,24.75378607633906,6.144777674852652,3.0368237570879333,0,0,0,0
39,1,230.61590541221125,19.13769878780392,19.095075721526783,49.29497058397631,26.884939390196006,24.75378607633906,6.144777674852652,6.144777674852652,0,0,0,1
39,2,221.51957266859122,18.051464547680858,17.96300730415854,57.18624997270672,25.67244403654346,18.167997011958807,7.495477395861172,6.144777674852652,0,0,1,2
39,3,186.284290900118,18.11727876898585,19.52951907213535,65.80089793367236,27.73699280911009,20.12216252958788,7.896745782436351,7.495477395861172,0,0,1,3
39,4,159.75470662871356,18.133991886817654,20.233281444164515,74.54795436332901,28.02708980154136,20.56766814099561,7.971989398903939,7.896745782436351,0,0,1,4
39,5,120.2875043991462,17.993126321063553,19.956314748430586,68.24733443944139,25.1683850728276,23.161504238907817,7.353835021477204,7.971989398903939,1,1,1,5
39,6,73.13235925649423,20.51463713523472,19.815388166904327,62.02708949579029,27.145519492865287,21.63089748685088,5.894393142831498,7.353835021477204,2,1,1,6
39,7,34.31064783052712,21.198243673435186,21.305940735768477,57.12285246167224,30.595726720484485,25.491845312192996,4.852713928245888,5.894393142831498,3,1,1,7
39,8,6.431748980085134,22.14599138988592,21.996447132937693,52.052213682910335,30.51243740408976,24.650680491677463,3.484862356305248,4.852713928245888,4,0,1,8
39,9,0.0,20.350483123725283,23.322273212636436,62.22196044491922,30.076126265468627,26.42246685680295,2.1439163266950447,3.484862356305248,4,0,0,9
40,0,76.17730661307024,21.0,21.0,40.0,26.13526509433376,24.3194108763197,2.160940524443446,5.837801084,0,0,0,0
40,1,63.21166346640957,22.122705301886675,22.086388217526395,49.08184167471762,26.13526509433376,24.3194108763197,2.160940524443446,2.160940524443446,0,0,0,1
40,2,60.56684378640957,23.161729293338023,23.21923974083672,58.78559724466917,25.789493528433376,28.120259637964104,0.44080328,2.160940524443446,0,0,0,2
40,3,55.58010064307259,24.32596246615974,24.331777208095296,68.68809690577379,26.93024659843937,28.08364040769745,0.8311238572228303,0.44080328,0,0,0,3
40,4,48.7851174854246,25.643203402158182,25.58781574043692,79.97088605803917,32.6821619570299,30.0,1.132497192941332,0.8311238572228303,0,0,0,4
40,5,35.64151628805156,26.15718460547045,26.20497186173847,75.49034743827441,28.441452112418013,30.0,1.6429501496716297,1.132497192941332,1,0,0,5
40,6,30.087153525675877,23.792376084926556,23.746712044998247,71.40867322320533,31.111879312116848,29.545486159721573,2.7771813811878427,1.6429501496716297,2,0,0,6
40,7,21.533270926241972,21.638063812904875,21.542144362767893,68.1952411822446,35.48093310577375,30.0,4.2769412997169525,2.7771813811878427,3,0,0,7
40,8,11.877706064320975,19.538902836356197,19.410333260375932,64.90998806025962,36.474598825575775,28.607328274507715,4.827782430960498,4.2769412997169525,4,0,0,8
40,9,11.317974782020977,18.039193122573547,18.08987832503189,75.29113156961272,31.2013706876807,26.47164880872539,5.245410445267625,4.827782430960498,4,0,0,9
41,0,219.8532323400746,21.0,21.0,40.0,26.44633370645822,20.839991102824285,7.741069094668894,2.8196600559436518,0,0,0,0
41,1,219.8532323400746,19.128926674129165,19.016799822056488,48.51153846567085,26.44633370645822,20.839991102824285,7.741069094668894,7.741069094668894,0,0,0,1
41,2,207.64230149097114,17.930717946493715,18.067740591836188,56.28762674921613,20.533088878220013,22.667401585920437,9.475349362,7.741069094668894,0,1,0,2
41,3,163.53832984899063,19.756100791660625,18.10035791362579,66.22941385100614,31.44730754616413,23.784843019335973,9.717499517839574,9.475349362,0,1,0,3
41,4,134.3564514174932,20.41792803422539,18.106116003451294,75.49354778241509,26.90889751196228,24.558513218087423,9.011000032593229,9.717499517839574,0,1,0,4
41,5,93.59573002044716,20.030189890310478,17.99280604984755,68.89617783030266,24.92183898297999,21.75943906083988,7.644086851946499,9.011000032593229,1,1,1,5
41,6,47.3253773140963,19.972416015590472,20.455615382298497,62.96219329602333,28.383770929439788,21.982981657897223,5.783794088293858,7.644086851946499,2,1,1,6
41,7,21.49832288195809,21.3296857245604,21.114747472016024,56.72634597268575,26.094329609583674,22.595407482985337,3.228381804017276,5.783794088293858,3,1,1,7
41,8,9.858855616494354,21.96970921252442,21.9822549093047,50.425422407254075,25.46249568170993,22.865706732558507,1.4549334081829666,3.228381804017276,4,1,1,8
41,9,0.0,23.24479954594467,23.23277787736012,60.381401599806026,27.86194674585024,27.449048768327252,1.643142602749059,1.4549334081829666,4,0,0,9
42,0,127.04412480689005,21.0,21.0,40.0,29.987010434134508,19.76712411690996,3.491291263362929,5.576542457704608,0,0,0,0
42,1,106.09637722671248,22.19974020868269,21.995342482338202,48.955744219188006,29.987010434134508,19.76712411690996,3.491291263362929,3.491291263362929,0,0,0,1
42,2,99.7603485765738,20.280409106410616,23.110634775789897,58.86366113134814,33.29933263576874,21.74465020956532,2.112009550046224,3.491291263362929,0,0,0,2
42,3,86.4966642351089,23.458307131906892,22.479490835991793,68.50507916623688,30.025431641112768,23.53800188604692,2.210614056910818,2.112009550046224,0,0,0,3
42,4,69.83649569241706,24.23138089810932,24.34808328282281,77.95540148502197,30.67445793148462,21.82733272843251,2.7766947571153064,2.210614056910818,0,0,0,4
42,5,42.76887622603555,25.10566772075454,24.882685152036753,73.58822570496861,34.23491916577876,24.83632650059146,3.3834524332976885,2.7766947571153064,1,0,0,5
42,6,34.78810442529529,22.717618012486337,22.548739089506658,68.27978135329604,32.8153302518961,21.026645572145227,3.990385900370133,3.3834524332976885,2,0,0,6
42,7,24.560237498449954,20.63208723637508,20.35720322702774,63.757211228153466,37.24266403063518,20.96527971857273,5.113933463422666,3.990385900370133,3,0,0,7
42,8,12.871315457380472,18.426058503744546,18.369500602328106,58.83529865961974,31.470264915144558,24.51910970411249,5.844461020534741,5.113933463422666,4,0,0,8
42,9,0.0,18.13522547278009,18.08535224110559,69.65944981789158,34.829675058591924,25.30449804291834,6.166486720011398,5.844461020534741,4,0,0,9
43,0,110.49709351894009,21.0,21.0,40.0,29.811094768392017,22.949714610376667,3.286918212,6.568422984102493,0,0,0,0
43,1,90.77558424694008,22.19622189536784,22.058994292207533,49.496945688178364,29.811094768392017,22.949714610376667,3.286918212,3.286918212,0,0,0,1
43,2,85.04253285362911,23.40285852530006,23.214877147489847,60.95800739355175,37.56502398388372,26.107541045968468,0.9555085655518278,3.286918212,0,0,0,2
43,3,78.83557939415094,24.58354129686491,24.469728945380727,72.50247239378896,36.323127454673454,27.81278921331106,1.0344922432463612,0.9555085655518278,0,0,0,3
43,4,68.94634272055201,25.13848647435538,25.079844840313964,69.06727349399867,34.444080987749395,29.80481401341568,1.2361545841998662,1.0344922432463612,1,0,0,4
43,5,51.95925863173832,25.860114988524145,25.72372394137588,65.78464844465249,36.39785218583333,28.698675317799022,2.1233855111017106,1.2361545841998662,2,0,0,5
43,6,20.154440223186903,26.514695758270193,26.337627750698147,61.826464693177314,36.121344844371016,25.22207875854469,3.975602301068928,2.1233855111017106,3,0,0,6
43,7,10.723276053838639,23.958539162080438,23.942006981862615,58.05886779639651,32.942434293400204,29.45980516892865,4.715582084674133,3.975602301068928,4,0,0,7
43,8,10.723276053838639,22.27432719333228,22.107979632008423,67.83651368889943,31.44280786390493,22.87744709444464,5.393763310810511,4.715582084674133,4,0,0,8
43,9,10.723276053838639,20.52185336973277,20.381636913454912,78.13993272195358,33.37362654202585,23.867590308275037,5.049292147680222,5.393763310810511,4,0,0,9
44,0,356.644331515614,21.0,21.0,40.0,25.90418423101937,18.722284496043383,7.387351990978872,2.421659745766675,0,0,0,0
44,1,356.644331515614,19.118083684620387,18.97444568992087,48.0327643708713,25.90418423101937,18.722284496043383,7.387351990978872,7.387351990978872,0,0,0,1
44,2,342.39972478467837,18.11883595037428,18.135870674939184,56.24820061192786,25.941797518713987,19.69951493160024,9.225697097092793,7.387351990978872,0,0,0,2
44,3,314.3340233970353,18.071056431441782,18.05329574108896,64.73567462360201,27.15978129825489,19.992852099934836,10.252409363366697,9.225697097092793,0,0,0,3
44,4,288.1156194211076,18.076538670095356,18.023940129379305,73.09240915566457,27.74691262881912,18.67939032708398,10.594897304164617,10.252409363366697,0,0,0,4
44,5,252.06232922047516,16.28883449110582,18.003765000899214,66.00402746708542,25.440185706857164,18.513249356592056,9.394529849405204,10.594897304164617,1,1,0,5
44,6,207.15165682658895,18.83302244826559,15.170157447926801,59.46259064757618,27.205655019715987,19.786362649677116,8.982134478777244,9.394529849405204,2,1,1,6
44,7,144.28707134650364,17.923586131643972,18.868264925810227,54.394801235880834,31.443991504786457,23.7349562080172,7.858073185010663,8.982134478777244,3,1,1,7
44,8,85.2057856870561,19.721854815084598,19.343749861703554,49.90255799197047,31.555746089639232,26.82068033308093,7.385160707430942,7.858073185010663,4,1,1,8
44,9,40.87244886667059,21.044227660511073,21.140697451043476,60.80417788360208,30.70631986380228,29.85823508970669,7.388889470064255,7.385160707430942,4,1,1,9
45,0,100.57229615598362,21.0,21.0,40.0,30.254637820087137,24.15019091140085,4.706471405544279,4.186657216829217,0,0,0,0
45,1,86.45288193935079,22.205092756401744,19.08300381822802,49.79286917166784,30.254637820087137,24.15019091140085,4.706471405544279,4.706471405544279,0,0,0,1
45,2,86.45288193935079,18.45073018111815,19.269842290960206,59.21313093549671,29.105258078665106,23.22952949816192,4.322788377059762,4.706471405544279,0,0,0,2
45,3,73.89579561383854,18.166874658555543,20.257271313096325,69.4489344949381,31.93629455773724,24.92928077249275,3.563578461605607,4.322788377059762,0,0,0,3
45,4,52.654678715886725,21.441270290349255,20.5981111583773,80.89909339347224,37.20700033061553,26.404993550129674,3.5401861496586355,3.563578461605607,0,0,0,4
45,5,44.82561192100708,19.071112895725076,19.18690062003523,77.93353353100517,36.858000764071846,30.0,3.914533397439822,3.5401861496586355,1,0,0,5
45,6,35.00737012853415,18.117604609714764,18.09384880217824,75.10548829916208,37.621970934205024,30.0,3.042716073903034,3.914533397439822,2,0,0,6
45,7,20.90754682066159,18.07827581252982,19.44142250479482,71.7667560864561,34.784821040522374,30.0,2.153209009614372,3.042716073903034,3,0,0,7
45,8,10.251318482629207,18.14291563583225,19.664129224258602,68.6458599134639,36.39342691166532,29.601594349489066,1.7957900248533507,2.153209009614372,4,0,0,8
45,9,7.393883275567168,18.125267113403304,18.001043902447382,79.56705525498317,35.31991162187953,25.353395831005383,2.6657300580809933,1.7957900248533507,4,0,0,9
46,0,142.623274319732,21.0,21.0,40.0,29.4495500706672,18.6187221624415,5.635608556225983,5.565058434578892,0,0,0,0
46,1,125.71644865105404,22.188991001413346,18.97237444324883,48.652289001959566,29.4495500706672,18.6187221624415,5.635608556225983,5.635608556225983,0,0,0,1
46,2,125.71644865105404,18.533868661879264,19.173555945127934,58.98074213288544,36.822589690922285,20.557705480888096,5.831586942675515,5.635608556225983,0,0,0,2
46,3,117.7523697338928,18.09643701877429,18.173565305705157,70.21273960173126,33.221464617825134,29.178521320207217,6.267322567,5.831586942675515,0,0,0,3
46,4,81.99974174851369,18.08573459742567,18.122160123210982,66.43777915219192,32.46862777867955,29.89270305721302,6.462576782285655,6.267322567,1,0,0,4
46,5,51.87595745026309,18.110607221086013,18.052894622267,62.184541706757244,33.87532048638328,25.828915927868483,5.687057486757116,6.462576782285655,2,0,0,5
46,6,28.25051431919295,18.0622031867566,18.0022878784237,56.83303282732503,32.01583273682822,21.586895710770563,4.504129683,5.687057486757116,3,0,0,6
46,7,8.79497775921499,18.12244940419166,18.113436425838586,52.097997346696445,32.298626710154295,24.728953953020262,3.504313734429956,4.504129683,4,0,0,7
46,8,5.1482429011355695,18.104087067496266,18.028378421644216,61.73241048108606,31.33075541544981,22.19376199782585,1.610558178501727,3.504313734429956,4,0,0,8
46,9,2.6649933619164856,18.131407119028975,18.104619117994453,71.4669062627603,30.691949893423917,23.388582226988508,0.8803954859311962,1.610558178501727,4,0,0,9
47,0,111.69584616042808,21.0,21.0,40.0,29.243793583307443,15.3766626812058,2.378815055016228,4.777329732,0,0,0,0
47,1,97.42295583033071,22.18487587166615,21.907533253624116,48.031682127612385,29.243793583307443,15.3766626812058,2.378815055016228,2.378815055016228,0,0,0,1
47,2,87.22299600361387,23.213988604646737,22.949365724225846,56.722048942239184,32.835549464245176,15.444266172570392,1.6999933044528066,2.378815055016228,0,0,0,2
47,3,72.19158776811221,24.29187574336426,24.14375404301901,66.38823872544538,32.53824128736074,21.16281306378475,2.505234705916943,1.6999933044528066,0,0,0,3
47,4,54.79282563876109,25.560245101098648,25.39241101423871,76.96485072415244,34.68624269827398,24.072712850098597,2.899793688225188,2.505234705916943,0,0,0,4
47,5,36.46684005861454,23.089372079233463,26.00344806042405,72.31502567721274,32.15734210240793,25.3436298590382,3.665197116029311,2.899793688225188,1,0,0,5
47,6,28.803235477545016,22.790847261559044,21.796958822768154,68.15343730493164,33.09834007672874,27.11505785504288,3.83180229053476,3.665197116029311,2,0,0,6
47,7,20.512151063692485,20.05627835604459,20.249943337446147,62.97951149367324,29.907189280175064,24.682111768389365,4.145542206926265,3.83180229053476,3,0,0,7
47,8,11.772247645939702,18.203154184715274,18.078064841297326,58.48112885793641,32.179978856086194,26.16233983426476,4.256385115332762,4.145542206926265,4,0,0,8
47,9,0.0,18.160968660281625,18.123994282245647,69.24847569432066,33.283976898865824,26.534616636602195,4.491674244651945,4.256385115332762,4,0,0,9
48,0,152.1786659012484,21.0,21.0,40.0,32.077185826254336,16.38042125620044,6.6251186068522285,7.473919274,0,0,0,0
48,1,152.1786659012484,19.241543716525086,18.92760842512401,48.72236927484186,32.077185826254336,16.38042125620044,6.6251186068522285,6.6251186068522285,0,0,0,1
48,2,145.13765308847672,18.21654956316596,18.19357631099442,60.288923274639885,37.868272213754224,26.39036111845704,5.5964268643967054,6.6251186068522285,0,0,0,2
48,3,131.02214467732477,18.056746223777896,18.156028339639043,71.65513787772619,33.97693430189244,29.16870238192036,5.965579643828574,5.5964268643967054,0,0,0,3
48,4,101.90537206691471,18.150804392260678,18.086001505255272,67.7651249279533,34.14562607144157,27.576524207597902,5.175895917,5.965579643828574,1,0,0,4
48,5,74.34969561615938,18.202149025045877,18.116591604044665,64.45388692794833,34.93756666663909,30.0,5.178223382386878,5.175895917,2,0,0,5
48,6,50.70182491218988,18.127578824374268,18.115549263061837,61.04699178317257,35.346998739268926,29.05913934531021,4.6659872244714125,5.178223382386878,3,0,0,6
48,7,28.44334827426847,18.165751068753966,18.10033759438683,57.89727693458062,35.834917507822496,30.0,4.243618137237089,4.6659872244714125,4,0,0,7
48,8,19.220587344285306,18.030697437522342,18.036453774722098,68.58430850096644,33.11499719058823,26.257400400444176,4.488369370698809,4.243618137237089,4,0,0,8
48,9,7.381396307945292,18.02217627486494,18.022897849116546,78.03024471339863,28.860722601873697,23.61670080052735,4.351844173529709,4.488369370698809,4,0,0,9
49,0,105.90663434115967,21.0,21.0,40.0,34.66788230859014,19.37149424433721,3.935726773728825,7.358534679,0,0,0,0
49,1,82.29227369878672,22.293357646171803,21.987429884886744,49.727087779526926,34.66788230859014,19.37149424433721,3.935726773728825,3.935726773728825,0,0,0,1
49,2,76.40304549639238,20.37635369628029,23.188453127442244,60.504661961080224,36.92967849045933,22.945733629281232,1.9630760674647807,3.935726773728825,0,0,0,2
49,3,70.69492810856288,23.7227524097114,22.541106637425894,71.6731498827881,39.473976133722616,22.573178986876645,0.9513528979715836,1.9630760674647807,0,0,0,3
49,4,61.006104810627974,23.81137404993057,23.91281324785723,68.38488551144147,38.858962312456505,26.206235624506657,1.2111029122418622,0.9513528979715836,1,0,0,4
49,5,44.365903409780145,24.79881158885856,24.51837108213229,64.9049206686532,38.25031634262834,25.74987897521464,2.080025175105979,1.2111029122418622,2,0,0,5
49,6,17.088938882623278,25.458147444108505,25.393760008749755,61.302908109351634,35.37406590857813,27.9480865397465,3.409620565894609,2.080025175105979,3,0,0,6
49,7,8.724417189982507,23.102623365830787,23.035721567402515,57.87887037067473,34.310901451794976,30.0,4.182260846320386,3.409620565894609,4,0,0,7
49,8,8.724417189982507,21.502608136189483,21.456484916768673,69.12142211848368,32.88415438431264,29.574466436848137,4.249714388,4.182260846320386,4,0,0,8
49,9,8.724417189982507,19.893502103283,19.793224941195803,80.00200355945657,33.0766905338719,27.37098413819972,4.513349779310955,4.249714388,4,0,0,9
50,0,51.36571147792231,21.0,21.0,40.0,29.218066717050583,15.959486398172444,2.0654438238572403,2.993402286830668,0,0,0,0
50,1,38.97304853477887,22.184361334341013,21.91918972796345,48.13195956074014,29.218066717050583,15.959486398172444,2.0654438238572403,2.0654438238572403,0,0,0,1
50,2,32.244961624083366,23.083306577859567,23.030763539507923,56.288518782006115,25.95947195458388,19.354745941338184,1.121347818449251,2.0654438238572403,0,0,0,2
50,3,24.82212671589327,24.20593716230576,24.046252604172626,64.70295049925963,27.759608177781093,18.98723469584954,1.2371391513650158,1.121347818449251,0,0,0,3
50,4,21.70496386389859,25.331756275060844,25.32261228108513,74.08083862647376,27.475923277652807,24.62345520687017,0.5195271419991128,1.2371391513650158,0,0,0,4
50,5,20.137709078760853,26.003841041807878,25.70694999625326,68.40888089461693,33.40208461630324,18.420372428936545,0.1959068481422173,0.5195271419991128,1,0,0,5
50,6,18.484713102685284,23.461128681895918,26.33835796117833,62.9468532739899,31.79031858007983,21.198416860881103,0.3305991952151142,0.1959068481422173,2,0,0,6
50,7,11.785041929480574,26.036500122950955,21.97256354741329,57.88389272874197,32.62208216813495,22.58369258048766,1.3399342346409415,0.3305991952151142,3,0,0,7
50,8,0.0,21.101630627987856,25.079617180783526,53.57301550810931,35.721868217105595,23.662147223824093,2.3570083858961146,1.3399342346409415,4,0,0,8
50,9,0.0,21.90093471626325,20.66938567426498,64.30648354143992,30.769015885463187,28.861362077484664,2.969739150353873,2.3570083858961146,4,0,0,9
51,0,79.59970627602385,21.0,21.0,40.0,30.64393802657934,20.32068332507236,3.015526451626599,6.171850198506405,0,0,0,0
51,1,61.50654756626426,22.212878760531588,22.006413666501448,49.17363184329731,30.64393802657934,20.32068332507236,3.015526451626599,3.015526451626599,0,0,0,1
51,2,56.20332899559528,23.188444493709333,23.144704888546872,58.36439939426033,28.17188819807372,22.88793152949864,0.8838697617781637,3.015526451626599,0,0,0,2
51,3,50.185967125812496,24.314326527648763,24.193220215987488,67.30250186033605,28.18376723601623,21.472357575515527,1.0028936449637966,0.8838697617781637,0,0,0,3
51,4,45.1366241728828,25.529120139607414,25.427557826531295,77.33278316250609,31.30924767039048,24.41453734166527,0.8415571588216164,1.0028936449637966,0,0,0,4
51,5,35.33423291392559,26.060923041575816,25.992329416620166,72.29427199092166,30.14736027311659,25.19424432919215,1.2252989073696512,0.8415571588216164,1,0,0,5
51,6,26.9921270562791,23.536049873648277,26.534991664462346,66.5023009225298,26.11876556017168,25.03695072654021,1.6684211715292987,1.2252989073696512,2,0,0,6
51,7,9.68612992732383,26.06988778859958,22.16992108620241,61.316452567426936,27.268636475760243,27.254428218112764,3.4611994257910537,1.6684211715292987,3,0,0,7
51,8,0.0,21.002708408009944,22.239468538668245,55.68490143200977,24.35421606980689,27.6927220667644,4.843064963661915,3.4611994257910537,4,0,0,8
51,9,0.0,20.02801985801973,19.692522332441534,64.57683964769254,23.81156553641412,25.58809121737903,5.062932254006196,4.843064963661915,4,0,0,9
52,0,162.66476831878498,21.0,21.0,40.0,26.97908180760525,21.78795921492037,5.487051280769098,5.792119723600514,0,0,0,0
52,1,146.2036144764777,22.139581636152105,19.03575918429841,48.77806738405461,26.97908180760525,21.78795921492037,5.487051280769098,5.487051280769098,0,0,0,1
52,2,146.2036144764777,18.402261972379872,19.295674509116385,58.90792684149646,29.081853463384,27.19514352240409,5.474302849034235,5.487051280769098,0,0,0,2
52,3,139.24666774314386,18.150177926546036,18.106965191665786,69.09421805826933,27.508896327301755,29.081610432547564,5.031784312788423,5.474302849034235,0,0,0,3
52,4,128.40764539847038,18.18156428028154,18.0329606447755,79.71334180498685,32.88090113399442,26.11423079221399,4.887322591539923,5.031784312788423,0,0,0,4
52,5,103.42525785371973,18.17538492776013,18.0041935119818,75.63159575635507,37.35336772691018,23.303598669579863,4.724393558605451,4.887322591539923,1,0,0,5
52,6,77.68279745394423,18.176844840371146,18.140754098022274,72.3691193477669,38.4289474623262,26.779516934406207,4.901636775385383,4.724393558605451,2,0,0,6
52,7,49.72642457898046,18.121507564664537,18.04646798107284,68.35947471385508,37.22669584772122,23.830833963879797,5.401596740240587,4.901636775385383,3,0,0,7
52,8,20.384363426108962,18.181113680283588,18.11301514724911,65.39989355374281,39.69263163843063,27.198584138723422,5.221270872074358,5.401596740240587,4,0,0,8
52,9,9.018986595619282,18.209000819259884,18.142625736706712,77.60205693291513,38.70926911843311,29.08052743252425,4.516298223514285,5.221270872074358,4,0,0,9
53,0,148.9824329265276,21.0,21.0,40.0,32.15040635947739,16.98588571567614,5.906667666199581,6.967597182107072,0,0,0,0
53,1,131.26242992792885,22.243008127189547,18.939717714313524,48.84453257352764,32.15040635947739,16.98588571567614,5.906667666199581,5.906667666199581,0,0,0,1
53,2,131.26242992792885,18.306222366936527,19.18115716238843,57.019560790902105,25.609719925201645,19.8071035046565,5.369467027425401,5.906667666199581,0,0,0,2
53,3,124.27913044098779,18.074272809266144,18.12963143441114,66.31541134258637,26.723253109882407,24.9203610661413,4.316539115878264,5.369467027425401,0,0,0,3
53,4,116.17206254980758,18.15370539998716,18.0017535224978,75.45780786772124,29.276966697170145,21.514125109134675,3.4196748616774157,4.316539115878264,0,0,0,4
53,5,92.74170064920487,18.133658730991918,19.305977561107284,70.08422339310297,29.95392794946264,23.526158302658114,3.473886534026832,3.4196748616774157,1,0,0,5
53,6,64.75039277952737,20.23779451104884,18.095849329810534,65.15427296328825,30.705517754344644,25.239202080017986,4.429651488424386,3.473886534026832,2,0,0,6
53,7,49.31754182874042,18.06240972446077,18.13768558375492,60.294123848676264,27.31391237481465,29.01859254400765,4.424865992195785,4.429651488424386,3,0,0,7
53,8,26.002848269237155,17.985304171256253,18.0982809981093,54.38601950436998,23.082586011808587,27.427945408712063,4.084651291384853,4.424865992195785,4,1,0,8
53,9,10.569402876100504,19.665264919094316,18.113044066686076,63.98473298760358,25.170508358217145,28.15567765974726,3.490175091142972,4.084651291384853,4,1,0,9
54,0,115.20286757903217,21.0,21.0,40.0,33.19546111629865,19.02161508290255,4.268166451987251,7.251146528503431,0,0,0,0
54,1,89.59386886710867,22.263909222325974,21.980432301658052,49.39907371585622,33.19546111629865,19.02161508290255,4.268166451987251,4.268166451987251,0,0,0,1
54,2,81.52674128322255,20.26740045700825,23.172558318727646,59.34822812283336,32.133670381405466,23.139409657356428,2.6890425279620382,4.268166451987251,0,0,0,2
54,3,73.57483185792502,23.48183408108055,22.489378201939672,68.8941643561793,29.539202552698423,23.493776521445675,1.325318237549589,2.6890425279620382,0,0,0,3
54,4,66.14408035926913,24.2045554322724,24.428571242174105,78.55679316410934,28.6836594235974,24.997611731569428,1.2384585831093164,1.325318237549589,0,0,0,4
54,5,51.65113855259054,25.04631481206001,24.906240369683772,73.43277196716197,29.25501693806712,25.61153196778081,1.8116177258348232,1.2384585831093164,1,0,0,5
54,6,28.261479743108012,25.643108663427334,25.66588334142623,68.79800303871937,29.27349989995337,28.311117164254465,2.923707351185316,1.8116177258348232,2,0,0,6
54,7,19.13361955931203,23.200769757115975,23.202351599419387,64.05456823859902,28.280102745977533,28.7008150311316,4.563930091897991,2.923707351185316,3,0,0,7
54,8,8.610229334551637,20.958776187217715,20.76992279062814,59.678884281650554,34.22146010594014,24.802517911012835,5.261695112380197,4.563930091897991,4,0,0,8
54,9,8.610229334551637,19.340497677486017,19.23358908099127,70.51189515701944,34.18081226281503,26.002581489234323,4.767790069613863,5.261695112380197,4,0,0,9
55,0,97.57538046132122,21.0,21.0,40.0,28.997468520857502,17.531056450986682,3.4418711599988705,5.760294626200038,0,0,0,0
55,1,76.924153501328,22.17994937041715,21.950621129019734,48.375134494931956,28.997468520857502,17.531056450986682,3.4418711599988705,3.4418711599988705,0,0,0,1
55,2,69.93163293134634,20.084016654802014,22.974373789042254,55.81171921371631,25.11821322887552,16.196146319926427,2.330840189993881,3.4418711599988705,0,0,0,2
55,3,62.127453655541956,23.213830079795397,22.245796708926513,63.84408948669963,24.83529541209621,19.7889838822556,1.3006965459673971,2.330840189993881,0,0,0,3
55,4,53.83765679554195,23.994519597381107,24.18698054514503,73.58592201116268,29.509372488704827,24.611919313867688,1.38163281,1.3006965459673971,0,0,0,4
55,5,41.1929553681008,24.86728446758366,24.609174638329897,67.83521104029828,30.70175814849115,20.68318090226213,1.5805876784301445,1.38163281,1,0,0,5
55,6,28.253078346363832,25.44754268501744,25.31511253581601,62.139789269899495,31.09262808722004,20.599473188342312,1.617484627717121,1.5805876784301445,2,0,0,6
55,7,19.866979168452087,25.927333837121424,25.931724947301145,56.92511927132696,28.064920590705103,26.29802386166976,1.0482623972389682,1.617484627717121,3,0,0,7
55,8,0.0,26.34851056442061,26.328347183276374,52.88977107715232,30.928517329550584,29.986214925034695,2.483372396056511,1.0482623972389682,4,0,0,8
55,9,0.0,24.254947735006144,24.079048818872163,62.88188407533622,32.30456770133104,23.207171177468403,3.4207754607158347,2.483372396056511,4,0,0,9
56,0,243.65989912708446,21.0,21.0,40.0,26.619574452116694,15.038631154240514,7.728012001146649,4.456424009021792,0,0,0,0
56,1,243.65989912708446,19.132391489042334,18.900772623084812,47.498477009144295,26.619574452116694,15.038631154240514,7.728012001146649,7.728012001146649,0,0,0,1
56,2,230.05482187894359,18.111852772081495,18.029950038759026,55.639999136544205,27.628218140827848,17.6024603447272,9.11409239217624,7.728012001146649,0,0,0,2
56,3,201.4229711658061,18.14694589888694,18.136285978254147,64.42997740001478,29.44196293618293,19.39124963865361,9.658710879041282,9.11409239217624,0,0,0,3
56,4,179.63077798414034,18.22845737384783,18.105056992626846,74.73748651677562,33.800510476306364,23.46342906125385,9.281501885279614,9.658710879041282,0,0,0,4
56,5,135.49432121792503,18.04313262051754,18.050791466968146,69.37711504208232,29.17798008029097,24.37551172696851,8.427360631162706,9.281501885279614,1,0,0,5
56,6,94.2853613596433,18.19530427183641,18.10460788016867,65.37248397278688,33.60769767060292,27.47768527775572,7.640240941018946,8.427360631162706,2,0,0,6
56,7,62.22916318414881,17.99241256968557,18.07774501085255,60.70419602543747,29.63996201691753,27.758438275585707,6.204195168096462,7.640240941018946,3,1,0,7
56,8,26.541265981320706,19.33522576644734,18.075481890735443,56.8326384470157,34.90749453588269,26.917185583996357,5.152994330215695,6.204195168096462,4,1,0,8
56,9,10.465388431754626,20.19715319150768,18.066495311921116,67.27461848567069,32.20007127223505,25.810928942514856,4.441829557691886,5.152994330215695,4,1,0,9
57,0,188.06089314445074,21.0,21.0,40.0,31.569373378022984,21.37348539219084,7.598820827,6.0967536474952775,0,0,0,0
57,1,188.06089314445074,19.23138746756046,19.027469707843817,49.52971457863849,31.569373378022984,21.37348539219084,7.598820827,7.598820827,0,0,0,1
57,2,178.4649177433937,18.198102571980666,18.005362913964184,58.99671951399151,33.931903163682385,18.662568699389933,7.96998135,7.598820827,0,0,0,2
57,3,157.60127848037942,18.223405419634485,18.140538674651058,70.36698002501147,38.11332586574945,25.05478808436148,7.719059936407361,7.96998135,0,0,0,3
57,4,120.87631640399404,18.240677806835997,18.173379294149402,68.09948286008137,41.91243799745935,28.823688864040044,6.693848707607271,7.719059936407361,1,0,0,4
57,5,91.40969028011713,18.116300566029825,18.00537255809999,64.04582293097403,34.41768733470548,26.39531305914268,5.838037227263794,6.693848707607271,2,0,0,5
57,6,64.16481189946981,18.12535107308861,18.123776317228838,60.69539360891858,35.51896376345633,29.200873336235624,5.194225076969724,5.838037227263794,3,0,0,6
57,7,39.165020666613415,18.179121258842997,18.10711959573246,58.05852190495935,39.86517393587248,28.818872153242918,4.804940062676389,5.194225076969724,4,0,0,7
57,8,29.010967999928752,18.185854405531735,18.148228289793984,70.93260765234623,41.52269859659381,30.0,4.927712319463442,4.804940062676389,4,0,0,8
57,9,0.0,18.122123515596687,18.037137200319158,68.27562504567614,42.39978992351935,26.17252892831344,5.1142726708158985,4.927712319463442,5,0,0,9
58,0,181.6713014621973,21.0,21.0,40.0,25.37415128584443,15.58139350111973,6.931968185400623,4.269489586438487,0,0,0,0
58,1,181.6713014621973,19.10748302571689,18.911627870022397,47.37199806165355,25.37415128584443,15.58139350111973,6.931968185400623,6.931968185400623,0,0,0,1
58,2,170.2170851508673,18.131388495045858,18.004356644644187,55.1639269229165,28.15605093014989,15.1324427435332,7.446575945898799,6.931968185400623,0,0,0,2
58,3,149.65201212227632,18.014915706243723,18.05267043055467,62.57878070861791,24.36715104550054,16.826481097285097,7.074442748072419,7.446575945898799,0,0,0,3
58,4,131.88144956954957,18.201797190614748,18.11112222400732,71.6160910621403,30.4921336234914,19.715146118299657,6.674299196334497,7.074442748072419,0,0,0,4
58,5,95.8637812968693,18.14183343875184,18.075073405215143,66.10038376336107,32.25631431277226,20.434200694009803,6.6748101,6.674299196334497,1,0,0,5
58,6,61.94053487252518,18.122937573955255,18.075172276943384,61.24132316269544,33.11728453868787,23.22126767983641,6.429578820330066,6.6748101,2,0,0,6
58,7,34.92913205340712,18.1694417847974,18.106776425317545,56.653633196199564,34.339751497315454,23.50641535548529,4.951146175083752,6.429578820330066,3,0,0,7
58,8,10.555610996895803,18.155819731485607,18.089928230525224,52.1622795184572,33.382480980706234,24.99888747628065,4.318396302,4.951146175083752,4,0,0,8
58,9,0.0,18.165418721322848,18.053794955117525,62.81659382483774,34.874615162463826,24.31601987298364,4.060415708,4.318396302,4,0,0,9
59,0,194.83094157418918,21.0,21.0,40.0,26.483845303341628,21.9133357931149,7.0424736869756295,2.341308708694496,0,0,0,0
59,1,194.83094157418918,19.129676906066834,19.0382667158623,48.711492597362174,26.483845303341628,21.9133357931149,7.0424736869756295,7.0424736869756295,0,0,0,1
59,2,182.9379416936443,18.125360961837607,18.075799581566372,58.20483748574591,30.00638194150466,22.73442299396057,9.287013822977675,7.0424736869756295,0,0,0,2
59,3,154.7206636002746,18.076590035005573,18.08917632978004,67.81309986597785,28.629846433613373,24.74938901211956,10.440992996153298,9.287013822977675,0,0,0,3
59,4,132.10289939329303,18.116037209908324,18.0204721739043,77.0846062841517,29.021478211153376,22.48689077870142,9.536350687728076,10.440992996153298,0,0,0,4
59,5,88.97834424668048,18.064806483139705,18.047768347659197,71.30524323596127,29.86682044516908,21.3589403982174,7.8697445519273215,9.536350687728076,1,0,0,5
59,6,56.355093461159214,18.038897316225533,18.10450133022186,66.0295925161308,29.47277910723153,24.55138356037698,6.084613301747831,7.8697445519273215,2,0,0,6
59,7,30.960324586936,18.070881096565333,18.18037994308287,61.30359906051655,29.159502363666185,27.918311771810146,4.621233719129699,6.084613301747831,3,0,0,7
59,8,8.6608593145808,18.05563420313192,18.040434420880825,56.22466276926629,28.59408296148077,26.522937642684443,3.994757060864592,4.621233719129699,4,0,0,8
59,9,0.0,18.14143797602615,18.033693913100617,66.37004875001952,31.81909662767957,24.544158820949477,3.153054951332821,3.994757060864592,4,0,0,9
60,0,204.99897197137884,21.0,21.0,40.0,28.238716441256617,21.80676443699532,5.895737675284039,6.303220308711328,0,0,0,0
60,1,187.31175894552672,22.164774328825132,19.036135288739906,49.00818655808535,28.238716441256617,21.80676443699532,5.895737675284039,5.895737675284039,0,0,0,1
60,2,187.31175894552672,18.411382437637965,19.235085838938787,58.46772491462403,29.14870320294833,23.404287666710992,5.250696485511845,5.895737675284039,0,0,0,2
60,3,179.30235155630677,18.207666511938246,18.080451843907984,68.62479738434843,34.0953042363352,22.33287615102256,5.474109280589384,5.250696485511845,0,0,0,3
60,4,166.46174749809774,18.150964375643873,18.10840959634352,79.24803777192119,33.70085846057591,25.31714369260612,5.747043852998098,5.474109280589384,0,0,0,4
60,5,135.4937230919603,18.015817037417513,18.130613792346132,74.64018878346063,29.90805416287307,27.826118123457118,5.873052932573664,5.747043852998098,1,0,0,5
60,6,103.37504516171944,18.006429189625816,18.089192521430054,69.32062437552506,27.072974659652346,26.707223074038943,6.073615911555651,5.873052932573664,2,0,0,6
60,7,65.17655821184316,18.059158749273227,18.120123446740863,64.16814347551414,27.903639545750966,26.80479989863286,6.927993398249087,6.073615911555651,3,0,0,7
60,8,26.365159119554924,18.14599194766406,18.154204253563154,60.04456199225601,30.42454731523256,30.0,6.755752328717398,6.927993398249087,4,0,0,8
60,9,11.561554851894591,18.071276115899643,18.096468007138824,70.70716131173559,29.236662885997664,30.0,5.925602710703807,6.755752328717398,4,0,0,9
61,0,80.6279835081575,21.0,21.0,40.0,34.80509278865018,22.839674169226885,5.284903714037762,7.108807753091166,0,0,0,0
61,1,64.77327236604421,22.296101855773006,19.05679348338454,50.376058052417875,34.80509278865018,22.839674169226885,5.284903714037762,5.284903714037762,0,0,0,1
61,2,64.77327236604421,18.65687915529114,19.412977266726784,62.41500537302776,38.833880342049866,28.04916032800504,3.560243604240781,5.284903714037762,0,0,0,2
61,3,51.71523460014145,20.871217764762186,20.463846601372552,73.73343941951991,35.95363782256288,26.92655132461576,2.176339627650459,3.560243604240781,0,0,0,3
61,4,49.75254688333898,21.648188938058002,21.629919794560927,70.35370487777418,35.790527474666575,28.766502848968244,0.2453359646003092,2.176339627650459,1,0,0,4
61,5,43.05713803533898,22.58744342839728,22.620594399515568,65.90467282515172,28.616488596541927,30.0,0.836926106,0.2453359646003092,2,0,0,5
61,6,32.50848176352434,23.617678296871073,23.53864437689304,62.32647048293467,33.45443143212744,30.0,1.3185820339768304,0.836926106,3,0,0,6
61,7,9.832967522896618,24.47639526696223,24.366055447600544,59.17362148688558,36.26000267262987,29.557502904875232,2.834439280078465,1.3185820339768304,4,0,0,7
61,8,9.832967522896618,22.815639877619486,22.68426608619704,71.38023260365115,38.01914653290039,29.79535967135276,3.795817377692595,2.834439280078465,4,0,0,8
61,9,0.0,20.418215965804738,20.301958654118323,68.58125764566951,37.78347245565754,30.0,4.916483761448309,3.795817377692595,5,0,0,9
62,0,135.66557001372172,21.0,21.0,40.0,26.99117210300796,17.055563209259258,4.462930448893935,6.577737058525979,0,0,0,0
62,1,108.88798732035812,22.13982344206016,21.941111264185185,47.9284123562081,26.99117210300796,17.055563209259258,4.462930448893935,4.462930448893935,0,0,0,1
62,2,97.52169131317542,20.12824986374404,23.01224191925877,56.5059590522708,28.21705854636809,19.43597865398028,3.788765335727567,4.462930448893935,0,0,0,2
62,3,88.50747916367385,20.44124518725747,22.34503856520028,66.81322115169249,34.40650874457375,22.85605847443565,3.004737383167191,3.788765335727567,0,0,0,3
62,4,71.75152587003167,23.38026192023139,22.54386264204887,77.89275204768235,37.40800633107499,24.14494309109093,2.792658882273697,3.004737383167191,0,0,0,4
62,5,48.62788841504034,23.749348773042733,23.74659824062411,72.60217444658909,33.312375671575445,20.62885987790645,2.890454681873916,2.792658882273697,1,0,0,5
62,6,29.691467015040338,24.52628446513229,21.453078742033732,66.89927250038184,27.67604444225004,23.974500301043022,3.78728428,2.890454681873916,2,0,0,6
62,7,19.464290188516976,20.382309461856405,21.242633458002476,62.32222503144229,30.49358893919986,27.41170290002481,5.113588413261682,3.78728428,3,0,0,7
62,8,8.231607150122969,18.91618800662956,18.52609607635033,58.072052357779654,33.160499747933585,26.560763176162883,5.616341519197003,5.113588413261682,4,0,0,8
62,9,0.0,18.05537842405589,18.069522235753457,68.76321323880433,32.751633619812885,26.643704608101917,5.779208970750829,5.616341519197003,4,0,0,9
63,0,166.84547179245695,21.0,21.0,40.0,28.010417639701927,24.12407232294737,3.960863727164933,3.6580867185612154,0,0,0,0
63,1,154.96288061096215,22.16020835279404,19.08248144645895,49.384208193276876,28.010417639701927,24.12407232294737,3.960863727164933,3.960863727164933,0,0,0,1
63,2,143.29660702196216,18.55349764375509,22.26064831687776,60.01442623464805,34.9325684176997,24.12419847880682,3.888757863,3.960863727164933,0,0,0,2
63,3,130.87086202058384,19.439077785300668,21.233421037124597,70.14102512497406,30.46723001799835,25.791652706035077,4.141915000459443,3.888757863,0,0,0,3
63,4,121.64135505917942,18.548062926267303,18.116260959866235,64.94477145442086,29.17909350449297,25.286163881322544,4.225269023746716,4.141915000459443,1,0,0,4
63,5,100.88808999806207,18.106317545452164,18.13339885842065,60.11799824839143,30.024544838673823,26.49338179449605,4.129135117076903,4.225269023746716,2,0,0,5
63,6,73.5380881403965,18.069256393761545,18.128557474619914,55.15787682577576,29.04799003102562,26.72911317666512,5.193176005,4.129135117076903,3,0,0,6
63,7,41.31639528063729,18.13050058060604,18.14881218079713,51.45446974829319,33.05413687780154,29.704712691739772,6.010732625,5.193176005,4,0,0,7
63,8,27.022982447004324,18.27453219543841,18.0984146611997,63.69478743074487,38.001764902509294,30.0,6.568302135683668,6.010732625,4,0,0,8
63,9,11.414338764852936,18.151762884381263,18.092989479591896,76.16593587200191,39.28415800698361,30.0,6.760420824402143,6.568302135683668,4,0,0,9
64,0,315.7638373561668,21.0,21.0,40.0,34.4068780681242,19.315241752097823,5.533428652391688,2.363734999653362,0,0,0,0
64,1,315.7638373561668,19.288137561362486,18.986304835041956,49.669981567639965,34.4068780681242,19.315241752097823,5.533428652391688,5.533428652391688,0,0,0,1
64,2,307.297954450249,17.985159025937104,18.06667934713512,58.9116145419689,29.559765129886983,21.78264028305155,7.961128980729184,5.533428652391688,0,1,0,2
64,3,264.13463343352396,19.77174313133254,18.205746683802,69.3844441622538,31.444645679141026,26.737741100219523,9.481031155821697,7.961128980729184,0,1,0,3
64,4,234.73822604526956,20.602089380137286,18.048297005431643,79.96584543286346,32.72066660719193,26.06489600730617,9.453667639875276,9.481031155821697,0,1,0,4
64,5,186.94308427428467,20.170805483899485,18.052528487048193,74.75088806579403,30.92476841434141,23.436579546384007,9.077297849175002,9.453667639875276,1,1,0,5
64,6,134.81968574728836,20.039477832786844,18.08211539393915,69.17309889093849,27.83595476940409,24.50966092584292,9.522550697,9.077297849175002,2,1,0,6
64,7,82.65324652401264,19.907611671764535,18.089021186497867,63.27599039553641,25.189699362625134,25.3819201073633,9.331505147,9.522550697,3,1,0,7
64,8,35.57957349169409,19.775734975896267,18.182594984121394,58.691993372937745,27.866683207785176,30.0,8.09018309,9.331505147,4,1,0,8
64,9,14.020552794680935,20.337438966006196,18.134795875614365,69.38279260263042,29.39332905384817,30.0,6.518653081586344,8.09018309,4,1,0,9
65,0,121.10310299076174,21.0,21.0,40.0,34.33634858119019,18.15807638443375,5.179411705528362,4.370684638871349,0,0,0,0
65,1,105.56486787417666,22.286726971623803,18.963161527688676,49.44899649381231,34.33634858119019,18.15807638443375,5.179411705528362,5.179411705528362,0,0,0,1
65,2,105.56486787417666,18.526622244032026,19.24562293745361,59.64379805237667,35.27061671220827,21.3671697242604,5.154878306542354,5.179411705528362,0,0,0,2
65,3,100.41011918992282,18.02666438007589,18.124974802652382,69.876799888758,30.188036044000228,26.661974158118323,4.277698521681051,5.154878306542354,0,0,0,3
65,4,91.72071971027893,18.00761006793574,18.070662488676092,79.51489388472899,26.78958934655997,26.75537729772327,3.801989064069521,4.277698521681051,0,0,0,4
65,5,68.83817707372803,18.20460856419829,19.297974696827705,75.35256374644435,33.73403645198226,26.475240557547476,3.393755927491692,3.801989064069521,1,0,0,5
65,6,44.707024653227904,20.324039682596325,18.059973197386892,71.19679617058634,34.19361476201069,26.052120927667072,3.875386419940792,3.393755927491692,2,0,0,6
65,7,31.654816564223356,18.091711792549013,18.07362817773166,66.44168188349035,32.471788130164946,24.444243608190643,3.843409162914415,3.875386419940792,3,0,0,7
65,8,11.81899522837588,18.180194963223173,18.142958582967356,63.41527386791516,36.92507513063641,29.59488033839036,3.505467384,3.843409162914415,4,0,0,8
65,9,5.175037578645266,18.057355601666004,18.039151353552235,73.37401221072687,31.570682938250407,23.75564118848134,2.6741063870713115,3.505467384,4,0,0,9
66,0,95.43352440881694,21.0,21.0,40.0,29.31504360639344,20.614515398284745,3.9894221197129087,6.489086375840484,0,0,0,0
66,1,71.49699169053949,22.18630087212787,22.012290307965696,48.98732062084207,29.31504360639344,20.614515398284745,3.9894221197129087,3.9894221197129087,0,0,0,1
66,2,64.73992579612634,20.312913450973454,23.164392481822073,59.643177226868644,34.61770514340814,24.58149822340617,2.2523552981377137,3.9894221197129087,0,0,0,2
66,3,64.34421943612634,23.581832271508503,22.457242477348437,69.49736368056205,34.10139227178551,20.64408802651121,0.06595106,2.2523552981377137,0,0,0,3
66,4,58.01488442294003,24.26519022288311,24.464454341178044,79.4789675217465,31.179497835450704,24.27385683779628,1.0548891688643838,0.06595106,0,0,0,4
66,5,42.23143580314061,25.127693268762126,24.975426556740146,74.92823321274687,31.33792494389403,26.713551117219197,1.9729310774749265,1.0548891688643838,1,0,0,5
66,6,24.974354453883368,25.80548970072341,25.769243928279323,71.46556528720303,34.096289302534245,30.0,2.157135168657155,1.9729310774749265,2,0,0,6
66,7,6.744169664375995,26.406530610184525,26.3348813128948,67.61423843037014,33.03161223437124,28.905460783223774,2.2787730986884216,2.157135168657155,3,0,0,7
66,8,3.1375042766203727,23.859627304183046,23.73708785829164,64.71054654607507,37.20171175391626,30.0,1.8033326938778111,2.2787730986884216,4,0,0,8
66,9,3.1375042766203727,21.986345463909448,21.875894120210216,75.60600175673177,33.945482799601685,26.58482392626893,1.7641524261652677,1.8033326938778111,4,0,0,9
67,0,245.2519839307645,21.0,21.0,40.0,25.590782627592905,16.699253631893868,6.449083289865628,2.143775095255414,0,0,0,0
67,1,245.2519839307645,19.111815652551858,18.933985072637878,47.61220652670762,25.590782627592905,16.699253631893868,6.449083289865628,6.449083289865628,0,0,0,1
67,2,232.43888916302996,18.049783841645365,18.00686637269125,55.20075787778387,25.824466749817184,16.334151867273114,8.790136138905629,6.449083289865628,0,0,0,2
67,3,203.12713468909507,18.08366922684497,18.156687362579866,63.715994130180164,26.165291119148453,21.141576949719823,9.678176844432295,8.790136138905629,0,0,0,3
67,4,181.52791239523,18.132578216772895,18.096788232083032,73.52936498641594,30.11410530523745,24.404621673850244,9.241254745155414,9.678176844432295,0,0,0,4
67,5,133.70933023194235,18.15459702329812,18.02472256013903,68.02609749760681,30.40570680297966,22.353918259191868,8.802661097435477,9.241254745155414,1,0,0,5
67,6,88.38380029106062,18.07569729211046,18.07580508428566,62.53453093887087,30.237396927696437,22.58723330154833,8.498076671736904,8.802661097435477,2,0,0,6
67,7,47.282787547045665,18.13794306628835,18.02077944414906,57.459267900587534,33.90328606694702,21.234141498145576,7.563380963,8.498076671736904,3,0,0,7
67,8,11.737178794763294,18.0195174211921,18.119677337813613,52.775002141815264,30.583517425933955,26.72611724755344,6.274886164721483,7.563380963,4,0,0,8
67,9,0.0,18.106007426782785,18.021158217988138,62.84827022577024,31.205574706902144,24.757025759514413,4.399162376309752,6.274886164721483,4,0,0,9
68,0,159.52462082562053,21.0,21.0,40.0,28.73783201908008,24.222883992666183,3.645018368703425,2.812360978347176,0,0,0,0
68,1,148.58956571951026,22.174756640381602,19.084457679853326,49.53292888211433,28.73783201908008,24.222883992666183,3.645018368703425,3.645018368703425,0,0,0,1
68,2,134.20763554031114,18.4686970903184,22.29232768133619,59.55120760272748,30.415029430220592,25.242074573185807,4.793976726399702,3.645018368703425,0,0,0,2
68,3,134.20763554031114,19.4198572519985,18.105850690729362,68.78697020650077,29.82783072068763,21.48196152249732,5.843315242677816,4.793976726399702,0,0,0,3
68,4,126.60466124175986,18.027642167919076,18.00251086436827,77.00757471061443,26.300208210855885,19.369816811997826,6.564445044391689,5.843315242677816,0,0,0,4
68,5,89.48756102261436,18.08827301628447,18.02300854156912,69.43579476261881,24.842243226569572,16.425645951232532,6.429011585666349,6.564445044391689,1,0,0,5
68,6,60.43356596220703,18.054987848071978,18.111562435603137,62.93115735271098,26.5376002541792,20.65885857966617,5.261052959073077,6.429011585666349,2,0,0,6
68,7,37.95549400548664,18.069433991081187,18.018127757235916,56.21409881844562,26.68165262152072,19.334688854782826,4.063333072372941,5.261052959073077,3,0,0,7
68,8,18.47892383128768,18.059553941611885,17.933166929968202,48.50092691242515,26.36931758347845,14.113060716407826,3.290596210075159,4.063333072372941,4,0,1,8
68,9,7.141974446999999,18.123300989589577,19.504735130913634,56.646455886148054,26.16504947947876,19.08788926342626,2.510986303985067,3.290596210075159,4,0,1,9
69,0,168.40824202850072,21.0,21.0,40.0,34.47897559257653,17.000405795484077,6.261618261169179,5.722465966572539,0,0,0,0
69,1,168.40824202850072,19.28957951185153,18.940008115909684,49.26628864985091,34.47897559257653,17.000405795484077,6.261618261169179,6.261618261169179,0,0,0,1
69,2,161.7371497721124,18.10953025888539,17.9686945187422,58.2284788646824,34.40811370256054,15.38183193539219,5.7449628941737485,6.261618261169179,0,0,1,2
69,3,136.97954119298078,18.124982216500932,19.603682364849668,68.1047926427027,32.86536226747748,22.00304761041306,5.696243746648586,5.7449628941737485,0,0,1,3
69,4,121.83358112475615,18.054262070001677,20.30588027687261,77.21481745691858,27.75719200763277,22.85405696023317,4.723209946096983,5.696243746648586,0,0,1,4
69,5,102.82501071670256,18.159828651133875,19.94466339611717,71.55200807180054,27.99143255669372,23.881848637094976,3.4830255254846505,4.723209946096983,1,0,1,5
69,6,73.5450181834562,20.556454491484896,19.975516149352266,65.89335825660153,27.08539292372149,24.810996991839588,3.659999066655797,3.4830255254846505,2,0,1,6
69,7,50.69099345214228,18.258598817296182,21.439728757846886,61.100652472483375,28.18238409634329,28.52480599188921,4.570804946262781,3.659999066655797,3,0,1,7
69,8,28.78467939687939,18.331524871740044,20.376606670286396,56.84869122243775,29.87014367652861,29.84118271210683,4.381262811052578,4.570804946262781,4,0,1,8
69,9,15.183691425416084,18.229171683416507,20.564056706306715,67.12057300915733,29.82276590175704,27.243244024462804,4.533662657154436,4.381262811052578,4,0,1,9
70,0,204.12082411116646,21.0,21.0,40.0,33.24299805047452,19.67141175253978,5.6491956551756255,6.636559600443364,0,0,0,0
70,1,187.17323714563958,22.264859961009492,18.993428235050796,49.52459376454257,33.24299805047452,19.67141175253978,5.6491956551756255,5.6491956551756255,0,0,0,1
70,2,187.17323714563958,18.49760952894965,19.32975824691393,60.1474611288512,33.23998489644054,25.77594490527406,5.122465904731769,5.6491956551756255,0,0,0,2
70,3,181.2847688871431,18.03954511528875,18.096162889772927,70.13306281287635,28.694622394176463,26.78094251707436,5.0459210274491255,5.122465904731769,0,0,0,3
70,4,150.3601858377815,18.087881782827814,18.10014610029062,65.44728091588226,30.307260409695303,26.993951273670845,5.392766412454131,5.0459210274491255,1,0,0,4
70,5,118.3747138799374,18.098821608604922,18.063877367877385,60.36863938890659,29.650887320940804,25.46777086252769,5.917000211412492,5.392766412454131,2,0,0,5
70,6,85.16744962208735,18.177384896342478,18.16366578672671,56.412430332334225,33.111562944279505,28.242831185874,6.186689451809002,5.917000211412492,3,0,0,6
70,7,54.26131262930089,17.99744082117173,18.140518606430838,51.56172108117147,27.20246449317786,29.182484111473507,5.9230934830517885,6.186689451809002,4,1,0,7
70,8,31.75224081886662,19.870828771839,18.092845515860706,61.1460986555562,24.72901316582481,28.51752891409037,5.3731581852950185,5.9230934830517885,4,1,0,8
70,9,17.040200376571057,20.222887176531273,18.156944391057756,70.98297065413472,24.93181668878156,29.71747219221017,4.451517973195677,5.3731581852950185,4,1,0,9
71,0,181.6195313250451,21.0,21.0,40.0,28.72181787013057,20.095375539056203,6.471504129448637,4.702982681900373,0,0,0,0
71,1,181.6195313250451,19.174436357402612,19.001907510781127,48.78709481365362,28.72181787013057,20.095375539056203,6.471504129448637,6.471504129448637,0,0,0,1
71,2,173.05879843488285,18.043428325850538,18.129979334964105,57.85328595502475,26.29672270524913,24.071005857923826,6.6220906550843415,6.471504129448637,0,0,0,2
71,3,155.1226794721655,18.037467120688454,18.027003417750873,65.89433864137644,24.029890279474827,20.642624644701154,6.404925180137017,6.6220906550843415,0,0,0,3
71,4,139.49551805630657,18.158983696048953,18.132400387978294,75.59716398940579,27.94918480244765,25.955400464382063,6.080941894292447,6.404925180137017,0,0,0,4
71,5,107.39904796868151,18.159195330104694,18.10608206511319,71.18649591439966,31.581085510665662,27.24853629485583,6.009416830663033,6.080941894292447,1,0,0,5
71,6,77.47718193286305,18.113099494005123,18.026079180852733,66.58617863581003,32.82056599543873,24.95544912350779,5.815820587489249,6.009416830663033,2,0,0,6
71,7,55.048237822463506,17.96920508495227,18.14268882496208,61.483826648152046,25.7460572439253,29.240876157974792,4.152366853745637,5.815820587489249,3,1,0,7
71,8,28.225085757408877,19.153024512120258,18.077260002318102,56.006747382364495,24.19722966724224,28.70788552282689,3.895278703582849,4.152366853745637,4,1,0,8
71,9,13.147457027213695,20.109855243997785,18.06608519669274,66.15986449391303,30.514849364166583,25.89135681110311,4.046631321752656,3.895278703582849,4,1,0,9
72,0,62.40957802895902,21.0,21.0,40.0,33.43253265588527,20.77564676857712,3.277939134256048,6.752898896,0,0,0,0
72,1,42.74194322342273,22.268650653117707,22.015512935371543,49.75747229640323,33.43253265588527,20.77564676857712,3.277939134256048,3.277939134256048,0,0,0,1
72,2,35.59601609750365,23.256952157596302,23.084870675399486,58.50084449622711,30.487714937527382,18.08657506149419,1.1909878543198462,3.277939134256048,0,0,0,2
72,3,34.32506606028127,24.373529321122376,24.13706628479679,67.39613177185845,31.91131834581384,17.506944296582464,0.2118250062037292,1.1909878543198462,0,0,0,3
72,4,32.15081770114597,25.55544964240214,25.411615905870235,77.49520552873987,33.42229884374357,22.68366647226437,0.3623747265225507,0.2118250062037292,0,0,0,4
72,5,25.647175523867748,26.15083192400267,25.920230313456297,72.53284295523959,34.72611947236998,21.038532897072848,0.8129552721597773,0.3623747265225507,1,0,0,5
72,6,20.29166278464838,23.591151572981232,26.60211487940528,67.69663690330053,29.68819038533247,26.77733154833945,1.0711025478438736,0.8129552721597773,2,0,0,6
72,7,11.104436751001717,26.274631249977517,22.27803050592281,64.33644267244799,34.66558760637477,30.0,1.837445206729333,1.0711025478438736,3,0,0,7
72,8,6.663430421232712,21.20386858356777,22.400585104219235,59.43127387011364,28.0977903354171,27.98460520716984,2.2205031648845024,1.837445206729333,4,0,0,8
72,9,6.663430421232712,20.348732015682746,19.915803718155733,70.28471237320991,31.9962738196679,28.300606753089177,2.793687986024838,2.2205031648845024,4,0,0,9
73,0,162.51050216525263,21.0,21.0,40.0,25.474168939060327,20.465489228499244,3.635294543,5.709522278,0,0,0,0
73,1,140.69873490725263,22.109483378781206,22.009309784569986,48.269138470160726,25.474168939060327,20.465489228499244,3.635294543,3.635294543,0,0,0,1
73,2,132.74727091015566,20.136658967124646,23.109186318998894,57.48821319175268,27.046659053039008,24.17042273358294,2.6504879990323245,3.635294543,0,0,0,2
73,3,115.82571650803668,23.498581210430483,22.39077500653989,67.8697640965101,34.238841360311966,23.436441443895887,2.8202590670198324,2.6504879990323245,0,0,0,3
73,4,96.08151349548754,24.170211258661023,24.393560157471104,77.57122971461449,29.673339664773003,24.22369154691809,3.290700502091522,2.8202590670198324,0,0,0,4
73,5,87.51078491022115,22.059672795849266,21.852654548554856,72.64693557395661,31.488411272790582,24.4877323902212,4.285364292633201,3.290700502091522,1,0,0,5
73,6,77.52557707175771,20.072042749198125,19.888916739106982,68.80571947902918,37.127409065521626,24.86583485154816,4.992603919231721,4.285364292633201,2,0,0,6
73,7,66.94860992460312,18.230002841754356,18.097992810490048,65.30521672433268,36.61674376091208,27.26935204632958,5.288483573577294,4.992603919231721,3,0,0,7
73,8,33.62335770251458,18.069595043137948,18.023339892453343,61.066184411401906,33.6214063436187,26.16174747343252,6.152355495634294,5.288483573577294,4,0,0,8
73,9,14.13507337015805,18.073726008048457,18.075861126670244,71.01470786177424,31.339245037803185,23.930329686487603,7.097063738,6.152355495634294,4,0,0,9
74,0,132.4362317737623,21.0,21.0,40.0,27.61324893252996,23.59697709440789,6.327921876227935,5.401997669740535,0,0,0,0
74,1,132.4362317737623,19.1522649786506,19.07193954188816,49.21784068484881,27.61324893252996,23.59697709440789,6.327921876227935,6.327921876227935,0,0,0,1
74,2,123.8242872726432,18.086686950716942,18.188592495483906,59.4207810643405,28.16021775687547,28.522784351411705,7.028749972938243,6.327921876227935,0,0,0,2
74,3,104.7942073408946,18.007745008728776,18.06692547077594,68.2932997175834,22.84699463775018,26.444775658043657,7.245431212902815,7.028749972938243,0,0,0,3
74,4,89.72710437983885,18.074414821380806,18.090536075211755,77.26599629266197,23.72074106904016,26.127573236951893,5.9900122356176695,7.245431212902815,0,0,0,4
74,5,62.28129601309823,18.102797275652325,18.02571715761123,71.2044030009991,25.758683748044064,23.89913129827333,4.988793535333528,5.9900122356176695,1,0,0,5
74,6,41.0207341535709,18.15773701309079,18.060471823107626,65.55859517663089,27.886850654539508,24.08088365452599,3.891601307104245,4.988793535333528,2,0,0,6
74,7,18.994497750543243,18.05777114819771,19.35487293176542,59.98067160746983,27.375665126907545,24.969203933308822,3.295392871402824,3.891601307104245,3,0,0,7
74,8,7.371193137540246,18.142886403257172,18.127200065203542,55.27529467859381,31.76543782469518,25.426912570438063,2.4892237048667933,3.295392871402824,4,0,0,8
74,9,0.0,18.002072107807805,18.059545061827002,64.59072954962318,27.640910872922845,24.11150507724029,2.8693953134373538,2.4892237048667933,4,0,0,9
75,0,157.8663522168429,21.0,21.0,40.0,28.476900101995167,21.864983821136708,4.384479734241937,3.786440956371011,0,0,0,0
75,1,144.71291301411708,22.169538002039904,19.037299676422734,49.061539106163735,28.476900101995167,21.864983821136708,4.384479734241937,4.384479734241937,0,0,0,1
75,2,131.14592781265438,18.567459702576905,22.187034599611376,59.445294399935655,36.84617972118896,20.84134968865505,4.522328400487565,4.384479734241937,0,0,0,2
75,3,131.14592781265438,19.456857080726152,18.176641561955513,69.70407010597029,33.35517542493694,23.638022941922184,4.149914079872511,4.522328400487565,0,0,0,3
75,4,127.42188859672646,18.06802092145998,18.116705214416637,80.14253308556499,30.82881828472181,27.16264271302652,3.841837875999029,4.149914079872511,0,0,0,4
75,5,103.02332649851954,18.177465814359525,18.044295474641224,75.72653483768478,32.01872256474113,26.78128716925768,4.523196449779826,3.841837875999029,1,0,0,5
75,6,83.067740453255,17.99965059021835,18.07294604350303,70.51062947030641,25.79242610977573,28.5636551825667,3.848054361168289,4.523196449779826,2,1,0,6
75,7,57.01881791029133,19.401582773176127,18.062120123673218,65.31493824687918,30.76074358481608,23.70763850725488,3.817481683667972,3.848054361168289,3,1,0,7
75,8,31.891172916565697,19.72744219890758,18.01977344754534,60.35801400100358,33.84950972191625,21.945355578774866,4.1000791853602685,3.817481683667972,4,1,0,8
75,9,18.359940674700702,20.394111935526873,18.092046626934597,71.33294627633965,37.836015281993966,23.13583069209533,3.888689910765792,4.1000791853602685,4,1,0,9
76,0,298.2062158081708,21.0,21.0,40.0,33.50485911613399,19.047745093036703,6.663612885840164,4.563244356244908,0,0,0,0
76,1,298.2062158081708,19.270097182322683,18.980954901860734,49.459468757650725,33.50485911613399,19.047745093036703,6.663612885840164,6.663612885840164,0,0,0,1
76,2,289.2994561681648,18.16871491607861,18.113501612710422,60.35841048385528,37.44561764597466,23.10405861071733,7.877303764,6.663612885840164,0,0,0,2
76,3,267.98375123791936,17.980539391563937,18.2292985030911,71.15501925362258,30.810646636622188,29.17051319541834,8.386627783419202,7.877303764,0,1,0,3
76,4,208.25138071855397,19.31240230301417,18.046607456654513,66.31142637629819,29.39781426889224,27.026669745972203,8.712097748,8.386627783419202,1,1,0,4
76,5,155.48799233431694,19.74164038919649,18.13070790402652,61.577421446142196,28.86250629935225,28.170799644225564,8.760079493874821,8.712097748,2,1,0,5
76,6,107.4466143325819,19.964337419488416,18.058815315472312,56.55400963321222,28.171028015677887,27.254461912488868,8.533817655,8.760079493874821,3,1,0,6
76,7,62.6764000567525,20.015036690224605,18.16662620248751,52.74144449363281,32.3870588391105,29.765357052115,7.948738947085753,8.533817655,4,1,0,7
76,8,42.17779636518563,20.64585426897162,18.151714973193503,63.97940647252605,32.43312210496244,30.0,6.832867897188958,7.948738947085753,4,1,0,8
76,9,24.760088406344217,20.6975650766981,18.276028387558647,75.150128558924,35.274245520149904,26.785321626505382,5.805902652947137,6.832867897188958,4,1,0,9
77,0,125.0503394486596,21.0,21.0,40.0,28.620354843606734,16.604283629544724,4.358596106030133,2.6426070858766666,0,0,0,0
77,1,111.9745511305692,22.172407096872135,18.932085672590897,48.14043492516726,28.620354843606734,16.604283629544724,4.358596106030133,4.358596106030133,0,0,0,1
77,2,96.60149454570306,18.366403393650454,22.184551109817228,57.521325793350556,29.906747967338028,22.209312411458072,5.124352194955377,4.358596106030133,0,0,0,2
77,3,96.21197880810408,19.35868295811008,18.19559831149832,68.0824734569773,31.53681862185452,27.13622395384961,5.535129941013032,5.124352194955377,0,0,0,3
77,4,90.62750887896212,18.22839435126135,18.135513841409427,80.24345342697028,37.69599389139493,29.865005941899373,5.430119558647781,5.535129941013032,0,0,0,4
77,5,66.18337171043501,18.156440616025733,18.126393569848116,77.77544707403557,39.62218692814047,30.0,4.814242419751664,5.430119558647781,1,0,0,5
77,6,46.44560951354384,18.079209972850556,18.09350722238814,74.66735337586864,36.06614612129484,30.0,3.950046099114752,4.814242419751664,2,0,0,6
77,7,29.86408675123387,18.177602311570027,18.120630040926184,71.8118339357374,37.46933644371529,30.0,3.123879832949727,3.950046099114752,3,0,0,7
77,8,12.8231395850759,18.127522680725356,18.097671387256458,68.27066250379661,33.66015871144008,30.0,3.099384389623832,3.123879832949727,4,0,0,8
77,9,5.621414708090627,18.09083766431145,18.07014910861791,79.40041152032998,31.83193898074097,30.0,2.872550832225003,3.099384389623832,4,0,0,9
78,0,113.70758762862297,21.0,21.0,40.0,33.4912242231306,22.07624053967252,5.978618560808513,7.151510518360688,0,0,0,0
78,1,95.77173194619743,22.269824484462614,19.04152481079345,50.00214365730456,33.4912242231306,22.07624053967252,5.978618560808513,5.978618560808513,0,0,0,1
78,2,95.77173194619743,18.663824317082938,19.245774444590186,60.93529499041327,40.03335917902833,20.706370449353376,5.433251308,5.978618560808513,0,0,0,2
78,3,90.42003198238771,18.21414248679145,18.047244372911774,72.00947219632718,39.99732777369208,21.52587892582965,4.875402238,5.433251308,0,0,0,3
78,4,70.26708754777826,18.099849035833003,18.129178845515625,68.15168727572014,36.336047909632015,25.56514697588437,3.617898391540053,4.875402238,1,0,0,4
78,5,44.17330131540788,19.521048196870932,19.256009823269153,62.92139184843228,33.54405402495851,20.732082490108937,3.2617232790462976,3.617898391540053,2,0,0,5
78,6,28.638160089456264,20.623399072573054,18.11960775084908,57.44414167145493,30.673935977514184,22.230229705945003,2.7812985305978963,3.2617232790462976,3,0,0,6
78,7,15.720377171182113,18.24549239737907,20.864378511424583,53.627718369563766,36.54339944048313,25.58758221567705,2.184591262295248,2.7812985305978963,4,0,0,7
78,8,8.229407542661408,18.743382169580823,20.778897375054697,63.86958814034913,32.92011225999333,23.979164244369805,2.4969898761735685,2.184591262295248,4,0,0,8
78,9,7.530380449444963,18.589838521625936,18.156763222547724,73.98143014486448,29.60952720156772,26.56737282351751,2.93188576008116,2.4969898761735685,4,0,0,9
79,0,109.18419487592554,21.0,21.0,40.0,30.807503813548443,18.64224440194048,3.6273035798374194,6.196018325853443,0,0,0,0
79,1,87.42037339690103,22.21615007627097,21.97284488803881,48.900954678788004,30.807503813548443,18.64224440194048,3.6273035798374194,3.6273035798374194,0,0,0,1
79,2,79.3655061545659,20.12524137605749,23.072273775633676,57.116423602724,25.969725933269896,19.67176808859674,2.6849557474450427,3.6273035798374194,0,0,0,2
79,3,63.415058064565905,23.255657398294755,22.41496533660763,65.92084725777174,23.371290920489397,25.542173829775805,2.658408015,2.6849557474450427,0,0,0,3
79,4,50.16859603695022,24.06882057841203,24.273691390169127,75.4027190526681,27.52195293232688,25.15511259487516,2.207743671269281,2.658408015,0,0,0,4
79,5,32.50373006095022,24.84582871425764,24.807095109782733,69.93599475389937,25.913130416003447,27.049512368614696,2.208108247,2.207743671269281,1,0,0,5
79,6,19.348545089440876,25.524996199351794,25.511537912452933,65.27611878541488,29.34952596024305,28.09560754817648,1.6443981214386678,2.208108247,2,0,0,6
79,7,5.755993716270254,26.003907886448587,25.99338688995092,59.08715369776745,24.83905904294019,24.11113491457406,1.6990689216463275,1.6443981214386678,3,0,0,7
79,8,0.0,23.323732278146593,26.307378878357227,53.52037464784107,26.69113399644885,25.71564905951573,1.1511987432540507,1.6990689216463275,4,0,0,8
79,9,0.0,23.31816572286487,22.348643815278614,64.17835189307617,31.466190535951757,27.744794159798808,0.9304819900810778,1.1511987432540507,4,0,0,9
80,0,216.10635154184098,21.0,21.0,40.0,26.668875993709456,19.651798152097108,6.424478732307885,3.1904456542051083,0,0,0,0
80,1,216.10635154184098,19.13337751987419,18.993035963041944,48.33772134624518,26.668875993709456,19.651798152097108,6.424478732307885,6.424478732307885,0,0,0,1
80,2,205.31564011659,17.99313284465541,17.959101845600625,55.151539950461896,22.803377786691687,15.051170014512271,7.894977424338023,6.424478732307885,0,1,1,2
80,3,157.18056254287995,19.563768465147458,19.458210940467605,62.80494537954829,24.153630135147267,18.365288915332712,8.022512928951674,7.894977424338023,0,1,1,3
80,4,109.70926932931674,21.147481674012475,21.02960242838995,70.65197734606336,25.53597359375954,18.058648442435253,7.911882202260536,8.022512928951674,0,1,1,4
80,5,54.89976195331674,22.080454771268517,21.973804102090646,64.73723420721149,28.78718568591612,21.686463542684567,6.851188422,7.911882202260536,1,0,1,5
80,6,26.452928231768183,20.07751641063866,22.915176029256656,60.03196929206007,33.4548759001857,23.738096793417515,5.689366744309711,6.851188422,2,0,0,6
80,7,18.12252808244421,19.88309491306081,19.026701495260156,55.210636434171974,28.401463700136645,28.14668708937397,4.165200074661987,5.689366744309711,3,0,0,7
80,8,7.759180264013412,18.09580039481047,18.10335824653132,50.13564476656093,27.101174540470343,28.03776063946832,3.1478937647926237,4.165200074661987,4,0,0,8
80,9,0.0,18.148396933694666,18.037813641551956,60.11657801564148,31.971485570696498,23.47814359086209,2.891563854731685,3.1478937647926237,4,0,0,9
81,0,111.44159187392415,21.0,21.0,40.0,32.4798363971435,15.52353309201925,5.891490264543936,6.472981752872061,0,0,0,0
81,1,93.76712108029234,22.249596727942873,18.910470661840385,48.640606508049295,32.4798363971435,15.52353309201925,5.891490264543936,5.891490264543936,0,0,0,1
81,2,93.76712108029234,18.42129887669244,19.239513322222496,58.56006221066407,32.14212797589164,22.96595926085714,4.769981565596694,5.891490264543936,0,0,0,2
81,3,79.70811951854756,18.12947004232152,20.160322282987018,67.85108133448428,30.19706997924777,21.41970293086449,3.962362554902545,4.769981565596694,0,0,0,3
81,4,77.80988255499543,18.242837601188462,18.19077365363635,78.06525726480456,30.754906019365556,25.99051581574712,2.909266697265241,3.962362554902545,0,0,0,4
81,5,60.85291201059281,19.500333402118592,19.52475637978431,73.410122368225,28.51564156338798,28.95583123339225,2.119621318050327,2.909266697265241,1,0,0,5
81,6,41.21570145636621,20.740804446954485,20.727369507705262,68.72046072674918,28.79252992241598,28.487127624940552,2.454651319278325,2.119621318050327,2,0,0,6
81,7,24.2974649257108,18.867157683305326,21.6591090601104,63.79596061512203,33.289477314166845,22.685522065682303,3.3836473061310826,2.454651319278325,3,0,0,7
81,8,14.045849598914955,18.77243670350588,18.03642243313251,59.22652681860242,36.20594320677768,21.741646812557875,4.287841148290218,3.3836473061310826,4,0,0,8
81,9,5.555277038382666,18.128920224656042,18.185055224692615,70.34285722649524,35.43479736997602,26.322593784984075,3.9744948078670768,4.287841148290218,4,0,0,9
82,0,268.47408649671087,21.0,21.0,40.0,32.118625764341864,20.045580003349063,7.573231765605503,3.035752208542616,0,0,0,0
82,1,268.47408649671087,19.24237251528684,19.00091160006698,49.389557038184364,32.118625764341864,20.045580003349063,7.573231765605503,7.573231765605503,0,0,0,1
82,2,256.5089294546165,18.16956634510717,18.156655148629476,60.277818292394954,35.79955243282704,24.69078786834289,10.115367987554286,7.573231765605503,0,0,0,2
82,3,230.86844889170632,18.10363868615103,18.061150029973998,70.86867589381804,35.1928705636875,23.64522722199628,10.33958047570259,10.115367987554286,0,0,0,3
82,4,210.73366466513068,16.285890199295842,16.139680931759603,65.6953357030796,31.270173857682444,23.32238063821515,10.067392113287829,10.33958047570259,1,1,1,4
82,5,138.50566901813872,17.71534672140879,17.70504279577619,61.06302342657061,30.15330021258947,27.44496491791611,9.028499455873993,10.067392113287829,2,1,1,5
82,6,76.49109775171532,19.232586086089132,19.105143329522416,57.3974330778762,34.74781961003898,28.221122897214283,7.751821408302924,9.028499455873993,3,1,1,6
82,7,31.251394984988508,20.498572637272336,20.41379974882269,54.30448451665313,36.15028577098298,30.0,5.654962845840851,7.751821408302924,4,1,1,7
82,8,4.861266054244576,22.264574613170627,22.07821828328514,66.33071248776061,38.70089371914127,28.111483898122447,4.398354821790655,5.654962845840851,4,0,0,8
82,9,4.861266054244576,20.49524525124158,20.46969740924975,77.5072657405156,33.08234978158966,29.00961273371587,3.079235623343481,4.398354821790655,4,0,0,9
83,0,208.67239457230107,21.0,21.0,40.0,30.29744152613354,20.98275176836561,4.247883074612051,2.888479401241957,0,0,0,0
83,1,195.92874534846493,22.205948830522672,19.019655035367315,49.23043479300985,30.29744152613354,20.98275176836561,4.247883074612051,4.247883074612051,0,0,0,1
83,2,181.50492481791784,18.2715682869636,22.2602903836288,57.458463284257284,22.034785744944717,23.67648365087439,4.807940176849033,4.247883074612051,0,0,0,2
83,3,181.1064809063376,19.35853869633057,18.161286769282803,67.85731806731748,30.67995391883464,27.09146154261088,5.601271316312742,4.807940176849033,0,0,0,3
83,4,175.10072498030445,18.052298666709763,18.143145087895462,78.68456050368275,30.15134686869589,30.0,5.779412730689313,5.601271316312742,0,0,0,4
83,5,143.65095748984842,18.126587105306275,18.16847111368393,74.6343236894495,30.83201769870422,30.0,5.805637585810726,5.779412730689313,1,0,0,5
83,6,112.20372584524863,18.23354325635919,18.084517484708062,71.12588228900569,34.9699377400764,28.87205447968017,6.0759748517792485,5.805637585810726,2,0,0,6
83,7,80.43383205533605,18.052813594809546,18.13222670311499,67.37392094189156,32.4891036271437,30.0,6.152671514563528,6.0759748517792485,3,0,0,7
83,8,47.02744889684024,18.2345289783242,18.065345941624805,64.87500710571001,39.45047868788029,30.0,6.009510818743253,6.152671514563528,4,0,0,8
83,9,32.438927555,17.984788986188658,18.050465178915434,75.50929124187101,31.18061580238675,27.898740509618836,6.157599233055826,6.009510818743253,4,1,0,9
84,0,196.551666194331,21.0,21.0,40.0,33.42525817019494,23.205074348317183,4.847267611431168,5.258178004627418,0,0,0,0
84,1,182.0098633600375,22.2685051634039,19.064101486966344,50.19345985333218,33.42525817019494,23.205074348317183,4.847267611431168,4.847267611431168,0,0,0,1
84,2,182.0098633600375,18.583345829850924,19.372887076014692,61.374133907748444,35.35192434812153,26.762931509746625,4.457872366427597,4.847267611431168,0,0,0,2
84,3,163.79432867528055,18.208603185274335,20.419891903505583,72.79824371388847,35.93110764562279,27.53616905515513,5.3829205372674505,4.457872366427597,0,0,0,3
84,4,141.72689087212018,18.141211283793506,18.12963371881546,69.53361520545565,35.196508286484296,30.0,6.460289319104372,5.3829205372674505,1,0,0,4
84,5,108.30904277487964,18.11167370108929,18.112651223016588,66.3447298929351,35.61730381933035,30.0,6.447826571648151,6.460289319104372,2,0,0,5
84,6,73.9107137357437,18.08834872885717,18.105544963982037,63.24114753318962,36.799908972835375,29.291300139689685,6.784443324934822,6.447826571648151,3,0,0,6
84,7,40.694035171692285,18.07334371078974,18.06483126498508,58.721963459980316,31.896683691736225,26.330071457100964,6.251109411909503,6.784443324934822,4,0,0,7
84,8,26.039757271495077,18.174376249951926,18.111336819451374,69.45842951087735,34.97441551480144,24.672618101293164,6.149495954965994,6.251109411909503,4,0,0,8
84,9,12.049976172243545,18.076438644459834,18.12290094918218,80.67625726521308,33.355191483200976,28.966073818664164,5.638351813642405,6.149495954965994,4,0,0,9
85,0,196.07635208908718,21.0,21.0,40.0,32.71446738656055,22.068956455189312,5.913198822623208,2.419124038747968,0,0,0,0
85,1,196.07635208908718,19.254289347731213,19.041379129103788,49.86101629151497,32.71446738656055,22.068956455189312,5.913198822623208,5.913198822623208,0,0,0,1
85,2,187.52492061373573,18.20238588944685,18.119715166010664,60.82484854131957,37.541562901541525,23.36861626403956,7.613413010358632,5.913198822623208,0,0,0,2
85,3,168.48591159942342,18.20479105556082,18.036629371550017,72.18797840889226,40.0094778280926,23.119021436200143,7.694488460032919,7.613413010358632,0,0,0,3
85,4,127.69952777393225,18.09777441069219,18.128567610773953,68.43264711345965,36.07722797232219,26.39315371971887,7.316933131509027,7.694488460032919,1,0,0,4
85,5,91.24771812118252,18.114189704936862,18.02894258593028,64.23566367480714,35.28474609260663,24.73201258154608,6.938339580497287,7.316933131509027,2,0,0,5
85,6,60.656099780496255,18.08970174925565,18.15566316101918,60.87932867213365,34.68702776292505,30.0,5.857315489111903,6.938339580497287,3,0,0,6
85,7,32.31027669103381,18.096727396515394,18.10767650987381,57.40624958301552,34.03844950489925,30.0,5.432944223,5.857315489111903,4,0,0,7
85,8,21.06105077010976,18.11356036244902,18.10960573791257,69.00247610999423,34.42348070543724,30.0,5.195172773608842,5.432944223,4,0,0,8
85,9,8.288890970344086,18.1982769830393,18.156054911381876,81.06076212737206,36.99047787432122,30.0,4.914102238100115,5.195172773608842,4,0,0,9
86,0,134.44590584372725,21.0,21.0,40.0,28.11959436668013,18.532111711560244,3.1314226891323096,6.118588394934509,0,0,0,0
86,1,115.65736970893337,22.162391887333605,21.970642234231207,48.39730709408327,28.11959436668013,18.532111711560244,3.1314226891323096,3.1314226891323096,0,0,0,1
86,2,99.70777312418261,23.106237267452073,23.02549387160607,56.474002730556286,25.89197295128752,18.97855836245149,2.658266097458461,3.1314226891323096,0,0,0,2
86,3,83.98405159928012,24.179031013354084,24.103655826768605,65.01985383491424,26.228430423365204,21.24852015640127,2.620620254150414,2.658266097458461,0,0,0,3
86,4,68.30130303907805,25.32921484870409,25.296048645290075,73.88877010624319,26.030347516210725,23.24140954672781,2.613791426700345,2.620620254150414,0,0,0,4
86,5,50.78859617460078,25.951277225690742,25.9174432295713,69.8739281326241,31.608924279649404,29.419731422466786,2.1890883580596587,2.613791426700345,1,0,0,5
86,6,23.957329736246194,26.69766065743651,26.533301460226543,67.015951503969,38.09057759932536,29.365107797035236,3.353908304794323,2.1890883580596587,2,0,0,6
86,7,15.855810883325642,24.257858386855393,24.121291930842357,64.48881944055327,39.29371075880148,30.0,4.050759426460276,3.353908304794323,3,0,0,7
86,8,7.944241900504845,21.851753829313644,21.78380770967843,61.26906394850543,35.44580282195648,30.0,3.955784491410399,4.050759426460276,4,0,0,8
86,9,7.944241900504845,20.105891002189953,20.146233970195645,71.7588320037647,28.63926629506424,29.63722290082053,3.374513679525193,3.955784491410399,4,0,0,9
87,0,97.68169989494726,21.0,21.0,40.0,28.89998725413445,17.394499605093863,5.585876845274029,6.115968445105075,0,0,0,0
87,1,80.92406935912517,22.17799974508269,18.947889992101878,48.333007634661094,28.89998725413445,17.394499605093863,5.585876845274029,5.585876845274029,0,0,0,1
87,2,80.92406935912517,18.36951713021842,19.159341912060352,57.34172391359977,29.504415487248508,20.544008284633048,5.325463386587771,5.585876845274029,0,0,0,2
87,3,74.24848126837745,18.09817837671968,18.03148195771169,66.56828548866812,29.693532379162782,21.56514303788363,4.409460844345565,5.325463386587771,0,0,0,3
87,4,65.79061255098166,18.034171823129252,18.116439450921387,75.8985964064171,26.20764162611661,25.627419028044372,3.5068617661006662,4.409460844345565,0,0,0,4
87,5,39.081108841498136,19.32013202313138,19.25369531527414,69.47439936263187,24.865585366364343,22.777764390384416,3.338687963685441,3.5068617661006662,1,0,0,5
87,6,20.769047190600944,20.468050588741797,18.109474633384078,63.38389898226998,25.98968963189492,23.507530477205744,3.2289934424849176,3.338687963685441,2,0,0,6
87,7,12.535933741758305,18.148943837969604,18.056988396966762,57.94172248765642,29.719496555318408,23.37952291905067,2.4659129082677875,3.2289934424849176,3,0,0,7
87,8,2.3158146538186446,18.149055546520337,19.25449915513356,53.91719777304888,33.20830094916067,27.766561747464124,1.500023003283221,2.4659129082677875,4,0,0,8
87,9,0.0,18.013760366368093,18.15963016494257,64.50689916439174,29.695429342520125,29.13624505382905,1.5245973850857035,1.500023003283221,4,0,0,9
88,0,180.95127227929333,21.0,21.0,40.0,33.9930016225108,23.28203541412352,6.497727972973101,5.696390751651309,0,0,0,0
88,1,180.95127227929333,19.279860032450216,19.065640708282473,50.309506666594174,33.9930016225108,23.28203541412352,6.497727972973101,6.497727972973101,0,0,0,1
88,2,173.8659939562273,18.065143589204034,18.147759069930125,60.56529586491822,29.56054408436665,27.41606257298917,6.761858263957461,6.497727972973101,0,0,0,2
88,3,155.6002611349533,18.03562437602411,18.073790667704902,70.06007839649496,26.470086633169405,26.27870520892363,6.897318008279126,6.761858263957461,0,0,0,3
88,4,115.49942198785733,18.12750560306552,18.117869024103488,65.96871925590798,32.37397077888328,28.22958955118908,6.974762906002781,6.897318008279126,1,0,0,4
88,5,78.37618068666274,18.07416811047895,18.032479566031004,61.46542587398393,32.26465901046929,26.05037775661933,7.092574517,6.974762906002781,2,0,0,5
88,6,45.11078506692369,18.038045621741208,18.173369281527744,56.79749293411609,29.474608636600063,27.925763919689707,6.197645696083647,7.092574517,3,0,0,6
88,7,17.355860422373475,18.15466552608858,18.065101083771054,52.619945057517015,34.57364081232357,25.551093206570474,5.196005940980736,6.197645696083647,4,0,0,7
88,8,8.973503649703826,18.074116077871793,18.124951909550287,63.558168908460296,31.2772604941457,29.490649788872524,3.809279738899316,5.196005940980736,4,0,0,8
88,9,2.5311963864118647,18.120080955285694,18.071462648440395,74.52760783889698,32.25451310193657,28.686814289378347,2.498019401498973,3.809279738899316,4,0,0,9
89,0,217.4600802732536,21.0,21.0,40.0,25.451274024758565,22.90210619952161,4.661039615902083,2.9972505039013466,0,0,0,0
89,1,217.4600802732536,19.109025480495173,19.058042123990433,48.70360844037043,25.451274024758565,22.90210619952161,4.661039615902083,4.661039615902083,0,0,0,1
89,2,194.12568663857638,18.17961148682524,20.410848814823872,58.29476353961411,29.74789561369203,23.536299382106197,6.375820927301481,4.661039615902083,0,0,0,2
89,3,189.16702948126,18.26178052271552,18.058563656386724,68.06704119351122,32.70464430430528,21.585787106234186,7.201787180292011,6.375820927301481,0,0,0,3
89,4,172.120177441004,18.093184006579598,18.132363284281382,78.0426420646887,30.863699278529857,24.556305561345123,7.598575859664281,7.201787180292011,0,0,0,4
89,5,127.91641935302758,18.169160937728325,18.101903716259933,73.57606767725679,32.661752224058645,25.857278956875135,8.167306144436386,7.598575859664281,1,0,0,5
89,6,86.62064123851712,18.028635635631446,18.063592423788897,67.67397034146055,26.90340682049278,23.64049686952814,7.884798333766904,8.167306144436386,2,0,0,6
89,7,46.61010520608041,18.100083689672616,18.171221886205625,62.38588415713984,26.775154462798177,27.179922290975707,7.114516377554699,7.884798333766904,3,0,0,7
89,8,12.467226322130747,18.088392352524863,18.1779759734482,57.72556846836662,27.442690617926555,30.0,6.002690450417221,7.114516377554699,4,0,0,8
89,9,0.0,18.057335523773816,18.019237387082608,67.84592775251262,29.546367684329223,26.67785056092639,4.9913483036184445,6.002690450417221,4,0,0,9
90,0,164.11168479892555,21.0,21.0,40.0,28.98970170703149,22.45824879712918,4.602837564512955,5.999467881936184,0,0,0,0
90,1,136.49465941184783,22.17979403414063,22.049164975942585,49.26063109074892,28.98970170703149,22.45824879712918,4.602837564512955,4.602837564512955,0,0,0,1
90,2,124.73182430384783,20.23458462635289,23.150570073161294,58.84114717432724,29.69262644288172,23.53246291033116,3.920945036,4.602837564512955,0,0,0,2
90,3,114.6702615945653,20.45197000043427,22.4970113867352,68.63091836241225,29.19788334720543,25.18973436437796,3.353854236427508,3.920945036,0,0,0,3
90,4,91.86536310306433,23.30203128216108,22.68456581291444,78.95485121239454,28.776417583859995,28.57876491604169,3.8008164152501633,3.353854236427508,0,0,0,4
90,5,84.03098245709248,20.731812379136077,20.92929361148347,74.64467688823399,29.38792042133023,30.0,3.917190322985927,3.8008164152501633,1,0,0,5
90,6,76.43407746183608,19.106320711202393,18.86599659055301,71.14057408001429,36.46004152857455,27.406053981315985,3.7984524976281984,3.917190322985927,2,0,0,6
90,7,60.325823592036485,18.08870595188823,18.030400725099746,66.80834659405615,33.09977791155359,26.16562494423448,4.385223467890149,3.7984524976281984,3,0,0,7
90,8,30.32640475993381,18.071064172639744,18.058047765816895,62.12894122555427,31.810792574570463,25.525844267085763,5.272515943030613,4.385223467890149,4,0,0,8
90,9,13.202640364915986,18.172323505002367,18.18765931421473,73.26895351390657,33.332479299534256,28.55647785797851,6.134442882265449,5.272515943030613,4,0,0,9
91,0,115.59331906293617,21.0,21.0,40.0,34.971743829866924,22.02957570915735,4.008022018649581,5.627254834601294,0,0,0,0
91,1,91.54518695103869,22.29943487659734,22.04059151418315,50.260237517024365,34.971743829866924,22.02957570915735,4.008022018649581,4.008022018649581,0,0,0,1
91,2,82.74724749080336,20.253223338509816,23.262481426600246,60.11605840731774,29.087153266660543,25.66740723496929,2.932646486745111,4.008022018649581,0,0,0,2
91,3,70.00653792378372,23.63916613715109,22.53327549859587,70.8595163012736,34.920768897524106,24.765108291119624,2.123451594503272,2.932646486745111,0,0,0,3
91,4,55.71258528644142,23.678286776949154,23.828427635320157,66.35447699252228,33.693326916690914,24.61201025691284,1.7867440796677885,2.123451594503272,1,0,0,4
91,5,37.58373925129784,24.52664873953833,24.359040543922994,60.75260203466807,29.170051347450265,23.041754442248557,2.266105754392947,1.7867440796677885,2,0,0,5
91,6,14.104288737679127,25.109801067298715,25.117994746835926,55.02868116584307,26.81910595417078,24.714666996801395,2.9349313142023394,2.266105754392947,3,0,0,6
91,7,7.161754443438425,22.679896673537613,22.71688329347609,49.985863004851055,26.6727203466978,28.6449565366799,3.471267147120351,2.9349313142023394,4,0,0,7
91,8,7.161754443438425,21.22260923345301,21.11570809047788,61.64810941779337,34.790257849679534,30.0,3.749236389605119,3.471267147120351,4,0,0,8
91,9,7.161754443438425,19.696262446364358,19.57421944336989,73.81076787118609,37.637996017710336,29.932328723360296,3.9668120745158246,3.749236389605119,4,0,0,9
92,0,165.0800559752539,21.0,21.0,40.0,27.065947488318407,17.376935257325343,6.102571632378794,2.12326619575354,0,0,0,0
92,1,165.0800559752539,19.14131894976637,18.94753870514651,47.999718894215874,27.065947488318407,17.376935257325343,6.102571632378794,6.102571632378794,0,0,0,1
92,2,152.37306493199034,18.18988556355431,18.031735641928805,56.284248755851024,29.494278177715454,16.530887720257606,8.434462045118662,6.102571632378794,0,0,0,2
92,3,127.10706634591357,18.080328426732084,18.163928726525114,65.09403998909401,28.00786036073844,20.935424268389266,8.861088397779568,8.434462045118662,0,0,0,3
92,4,107.36726184041251,18.13464271618894,18.150829849668416,75.05798228595853,31.6472855333335,23.70794944924712,8.318059209088986,8.861088397779568,0,0,0,4
92,5,72.69300531891098,18.023628507200414,18.13845479508128,69.70310203559552,26.705838462230226,26.878160146864204,6.483510991498598,8.318059209088986,1,0,0,5
92,6,46.987342223738054,18.21627829009375,18.034950278068745,64.51058057754489,32.71834895067292,21.76764294904577,4.746566005623345,6.483510991498598,2,0,0,6
92,7,26.668121124677747,18.00478934671643,18.059069672207105,58.297109716595784,28.2712592755334,20.542791496971606,3.779573363942356,4.746566005623345,3,0,0,7
92,8,8.248363864249365,18.19919370187209,18.061378782432904,52.363627765449664,30.552081972887542,19.81746274296733,3.0646993565967358,3.779573363942356,4,0,0,8
92,9,0.0,18.02655895807569,18.14580048504033,61.17209149341395,27.948849164808426,20.987060434993165,3.005376219331403,3.0646993565967358,4,0,0,9
93,0,81.55931231024456,21.0,21.0,40.0,28.27672314685522,22.63261691160744,3.143835890702841,7.072668928105348,0,0,0,0
93,1,62.69629696602751,22.165534462937106,22.05265233823215,49.16368121052328,28.27672314685522,22.63261691160744,3.143835890702841,3.143835890702841,0,0,0,1
93,2,60.047604180597055,23.130605444275666,23.096745841137306,57.4112214593938,24.6029400383865,21.2167280108942,0.4414487975717424,3.143835890702841,0,0,0,2
93,3,60.047604180597055,24.19663221270865,24.12852102849438,65.5647469880007,24.6054086528025,20.69195539501366,0.0,0.4414487975717424,0,0,0,3
93,4,56.445913031266386,25.274675264811858,25.367149635723344,74.23873806944826,22.293394279507464,25.89544506186779,0.6002818582217777,0.0,0,0,0,4
93,5,36.665529123751156,25.934825391881112,25.83834236738503,69.22977443888368,29.47139663455322,26.034360973421364,2.4725479884394037,0.6002818582217777,1,0,0,5
93,6,17.7173087253812,26.491349651592834,23.386279849561426,63.96578109921623,30.394830679874104,23.694095210862294,3.789644079673992,2.4725479884394037,2,0,0,6
93,7,9.105182334205494,22.216851490226688,22.941173411140078,59.6105144825429,34.74867933497493,24.388728350173245,4.306063195587853,3.789644079673992,3,0,0,7
93,8,0.0,20.4802802493776,20.084817345979403,54.84769937006037,32.890782865653094,23.98246650944396,4.552591167102747,4.306063195587853,4,0,0,8
93,9,0.0,18.77066501936471,18.7646703577447,65.75711901127801,33.41978176381356,27.18810513184,4.489877429685743,4.552591167102747,4,0,0,9
94,0,358.29088268490784,21.0,21.0,40.0,29.554693354139125,18.02535461582833,7.406259817,4.270221716340168,0,0,0,0
94,1,358.29088268490784,19.191093867082785,18.96050709231657,48.564408634594145,29.554693354139125,18.02535461582833,7.406259817,7.406259817,0,0,0,1
94,2,345.8608927829269,18.15879995562509,18.098164636270376,57.730642144286875,29.99998355987032,20.923535938422617,8.958786726692955,7.406259817,0,0,0,2
94,3,321.22548207387086,18.052215183812226,18.13900721165493,67.27846448564271,28.9412087716588,24.102248680318056,9.176924472210986,8.958786726692955,0,0,0,3
94,4,297.89238464009657,18.155169804915225,18.056841248620703,77.18915946258642,31.36680830824302,23.692608230333143,9.91500224494334,9.176924472210986,0,0,0,4
94,5,259.43470876672797,16.293523754081118,18.0505013309991,70.69801395319566,23.508148256082208,23.76326558063576,10.331484250390202,9.91500224494334,1,1,0,5
94,6,209.9739849427393,18.838460147712542,15.2398444983061,64.41615257821366,26.005111144437336,22.42899232788485,9.892144764797736,10.331484250390202,2,1,1,6
94,7,135.64364689975332,17.89871569430232,18.893566916321888,58.74373667145582,28.028292634620712,23.791618994502397,9.291292255373246,9.892144764797736,3,1,1,7
94,8,72.57625997655117,19.646831835237187,19.24726983603472,52.70447079722216,27.41859394204349,22.36326231221393,7.883423365400269,9.291292255373246,4,1,1,8
94,9,33.862637847037476,20.956821650873252,20.91816707802665,62.20583758964352,30.355764849687365,22.42960621932021,6.452270354918949,7.883423365400269,4,1,1,9
95,0,161.22074360441133,21.0,21.0,40.0,32.571571039308665,22.40559973019679,5.367180878111128,7.515389393,0,0,0,0
95,1,145.11920097007794,22.251431420786176,19.048111994603936,49.895890738510985,32.571571039308665,22.40559973019679,5.367180878111128,5.367180878111128,0,0,0,1
95,2,145.11920097007794,18.49278585095558,19.245087272718784,59.37913895654508,31.559716313492576,21.124996008919044,3.204682637650718,5.367180878111128,0,0,0,2
95,3,126.00436145407794,20.53688167096822,20.264551415359023,68.58395620135263,26.734932518137946,24.40294106412629,3.185806586,3.204682637650718,0,0,0,3
95,4,103.34433349304854,21.943928102344305,21.976995660699835,77.71197029987451,26.571382676297155,24.13980675993552,3.776671326838233,3.185806586,0,0,0,4
95,5,94.72755094904853,19.879945216933244,19.737550908290675,71.7412611766075,28.393214574878197,21.76951251808285,4.308391272,3.776671326838233,1,0,0,5
95,6,85.32154941840075,18.08824466684714,18.027152101535204,65.85098484663857,29.70733183874901,20.90224410586804,4.185172068648779,4.308391272,2,0,0,6
95,7,63.395605563625125,18.062684884346403,17.980705706392435,59.8660236374394,30.286281314144414,19.79726752363799,4.021299507924048,4.185172068648779,3,0,1,7
95,8,34.41059850976917,18.177761502199743,18.99935429299459,53.998512197417085,31.99471994760506,18.741327607826527,4.1777582127254895,4.021299507924048,4,0,1,8
95,9,16.88315120962021,18.09757144671002,19.849942948598322,62.37198129146621,29.710029860088312,16.80924288462907,4.682558248197385,4.1777582127254895,4,0,1,9
96,0,158.63509262668856,21.0,21.0,40.0,30.951060259904587,16.20258696163729,4.098079703346385,3.1145352940634696,0,0,0,0
96,1,146.34085351664942,22.219021205198093,18.92405173923275,48.48765649987754,30.951060259904587,16.20258696163729,4.098079703346385,4.098079703346385,0,0,0,1
96,2,132.8148376216102,18.43141572971038,22.117687734091394,57.53938859382839,32.69917114618926,17.58822937575991,4.508671965013072,4.098079703346385,0,0,0,2
96,3,132.51273216717232,19.29756934162187,18.125004456908034,66.832558346962,29.51185402832009,22.116866822422164,3.719756460272961,4.508671965013072,0,0,0,3
96,4,117.6024890018532,18.0155778517016,20.528839999483942,75.30274909752096,26.05201732458676,21.00459795629633,3.989299819349728,3.719756460272961,0,0,0,4
96,5,101.23417899508064,18.190355646780784,18.12217332237717,70.07512359462623,29.51778233903909,24.77318708932355,4.742618555000527,3.989299819349728,1,0,0,5
96,6,71.56036465492022,18.157314309892598,18.075509079296804,65.25855500352473,31.799020835715226,24.775598102609774,5.684578934815219,4.742618555000527,2,0,0,6
96,7,40.296731092933705,18.145996141398793,18.068287883010907,60.74862295681078,34.18837897981699,24.08977631621657,5.839555206841875,5.684578934815219,3,0,0,7
96,8,10.968185821377213,18.08477051171177,18.054311950390606,55.569717562215345,31.67229611085739,22.889340585834667,5.172962555863445,5.839555206841875,4,0,0,8
96,9,0.0,18.03020155586641,18.181651746732726,65.44003932371817,28.469086418503974,26.36603447873395,3.9519484502017344,5.172962555863445,4,0,0,9
97,0,81.01778345122844,21.0,21.0,40.0,25.74624457539805,23.994707833016637,2.946959183963936,4.984230543366618,0,0,0,0
97,1,63.336028347444824,22.11492489150796,22.079894156660334,48.95337143351465,25.74624457539805,23.994707833016637,2.946959183963936,2.946959183963936,0,0,0,1
97,2,52.71457968319312,23.184659976972736,23.12221194902335,58.10587624694095,27.24755569183167,23.5996932716478,1.7702414440419505,2.946959183963936,0,0,0,2
97,3,46.481751626927924,24.26178200813558,24.25796158632971,67.36659776618497,26.28809719711157,25.1603556875774,1.0388046760441996,1.7702414440419505,0,0,0,3
97,4,38.7521308551141,25.54852822058669,25.433053686442406,77.52222004465327,31.125578401785297,25.294545367483057,1.2882701286356366,1.0388046760441996,0,0,0,4
97,5,28.835686236975715,26.185100944684276,26.027603879671798,73.71705824729756,35.900258416517154,26.29328715372887,1.239555577267299,1.2882701286356366,1,0,0,5
97,6,26.190735558975714,23.635944428150797,23.66402577964325,68.69388104015977,28.19259084712164,27.2342024465573,1.322475339,1.239555577267299,2,0,0,6
97,7,17.760532115754657,24.390665851103613,24.42347948909594,64.1227386491992,27.938097827996906,30.0,1.053775430402632,1.322475339,3,0,0,7
97,8,4.952932162322046,24.96192279278332,24.942048568559407,59.79521187604267,29.896512284109445,29.39500564279867,1.6009499941790766,1.053775430402632,4,0,0,8
97,9,4.952932162322046,22.988166616405962,22.96706314792533,70.83880349777293,31.353286787390346,30.0,1.8567033471551009,1.6009499941790766,4,0,0,9
98,0,199.16461240337532,21.0,21.0,40.0,32.36557186423817,17.598937635510342,5.544229310768006,5.539910512101999,0,0,0,0
98,1,182.5319244710713,22.247311437284765,18.951978752710207,48.993611709954735,32.36557186423817,17.598937635510342,5.544229310768006,5.544229310768006,0,0,0,1
98,2,182.5319244710713,18.52778697959477,19.241709839233636,59.573524310075825,36.255569754784936,22.52172246811,5.4400243317361925,5.544229310768006,0,0,0,2
98,3,175.23012951049836,18.128775717225615,18.137718989718948,70.93260073629412,36.20402772264635,26.90195242301085,6.098865858018704,5.4400243317361925,0,0,0,3
98,4,136.41900776130203,18.120059311701773,18.175828736948212,67.72097446048238,37.35960057705839,28.131364557320808,6.979396639310782,6.098865858018704,1,0,0,4
98,5,103.20795729956905,18.046415642622566,18.048956663383297,63.203932268267565,33.06439061197947,25.174263875715987,6.412774146430532,6.979396639310782,2,0,0,5
98,6,74.45526667755587,18.081793682478914,18.093693273166156,58.2747914514199,30.71694896648893,25.2322687176907,5.3536530570623695,6.412774146430532,3,0,0,6
98,7,45.800590249964074,18.122273147909635,18.119380135211692,53.61926114689234,31.65378604131045,25.815490044647596,5.258781572135456,5.3536530570623695,4,0,0,7
98,8,32.63240559829181,18.169006637693048,18.023317573030656,64.20215953080431,35.2264186949781,23.567461215643934,5.948902806159799,5.258781572135456,4,0,0,8
98,9,14.351315484513464,18.146875340523852,18.1326941638109,75.21639277765783,34.322579934890555,26.86760476985126,6.851766520649955,5.948902806159799,4,0,0,9
99,0,199.6658195065551,21.0,21.0,40.0,30.8160831342532,21.123359991682484,5.025377196,4.810805480371773,0,0,0,0
99,1,184.5896879185551,22.216321662685065,19.022467199833653,49.34909976266842,30.8160831342532,21.123359991682484,5.025377196,5.025377196,0,0,0,1
99,2,184.5896879185551,18.446755768150442,19.263867661681246,59.07921261437672,30.55420238786085,23.50198012162969,4.705083320026059,5.025377196,0,0,0,2
99,3,179.217530249392,18.20490146632861,18.14686675485173,69.84462293434213,33.584646196717216,26.223188914201728,3.833256217835444,4.705083320026059,0,0,0,3
99,4,157.93491169514803,20.059180555958317,20.025189910315806,80.48594276962378,30.84424824181074,28.27419528753179,3.547103092373995,3.833256217835444,0,0,0,4
99,5,149.99424763228225,18.212822632330695,18.145083689282753,76.25500711769973,31.86247105206172,27.96566421502689,3.9703320314328834,3.547103092373995,1,0,0,5
99,6,126.84460650506193,18.14312288938295,18.031582291419245,71.62624610246453,31.30957500493805,26.30841935486638,4.5389409740231255,3.9703320314328834,2,0,0,6
99,7,94.922005725091,18.094569776506738,18.10727194169092,67.09177913016971,28.798766516115133,29.343083637802536,5.915580434433794,4.5389409740231255,3,0,0,7
99,8,54.01076577839433,18.131556214206334,18.08366820584468,63.155510399233194,33.209022408591885,28.25615130842749,7.281065810187256,5.915580434433794,4,0,0,8
99,9,35.18510631743932,18.11624897515658,17.995533014360312,73.19539190827632,32.13915431045234,23.637965184231728,7.274358210990655,7.281065810187256,4,0,1,9
