day,hour,cost_to_go,T1,T2,H,Occ1,Occ2,price_t,price_previous,vent_counter,low_override_r1,low_override_r2,current_time
0,0,194.33930809099584,21.0,21.0,40.0,32.969097664154,15.4710408718597,4.311188506349689,5.831303587171684,0,0,0,0
0,1,194.33930809099584,19.25938195328308,18.909420817437194,48.71922493648246,32.969097664154,15.4710408718597,4.311188506349689,4.311188506349689,0,0,0,1
0,2,189.8302944082937,18.079891779945747,18.13621397903038,58.35209347337499,34.098941577065816,19.416994739003783,3.524664059340214,4.311188506349689,0,0,0,2
0,3,181.29173466510807,18.140361304445523,18.17686769888278,68.14002304022256,33.61700679934285,20.76037968314361,3.027217961626824,3.524664059340214,0,0,0,3
0,4,173.8555020726223,18.221973089183045,18.266752705087747,78.98910121625781,35.44515142724666,24.827505106282526,3.082559734341235,3.027217961626824,0,0,0,4
0,5,156.75361085655163,18.09116059601071,18.253449897874347,75.23967383725861,32.503181227782214,30.0,3.3083678532011027,3.082559734341235,1,0,0,5
0,6,135.98337160194708,18.012127542818373,18.051977238970306,71.03588126398216,30.24481328432489,29.73411686413934,4.192301144705626,3.3083678532011027,2,0,0,6
0,7,92.22002741500856,19.26937301440018,19.35914598247524,65.80461173374793,24.59216549300006,29.67855933903202,5.470418023367315,4.192301144705626,3,0,0,7
0,8,56.08834714936332,19.326026026400864,18.954941590546262,60.00838268395103,25.69321559175705,25.438845242704595,6.3308398830607695,5.470418023367315,4,0,0,8
0,9,53.69864217521837,17.891834191865893,17.756282720818813,69.38258938756617,29.55543501630084,22.523491114894377,7.047661207485221,6.3308398830607695,4,1,1,9
1,0,212.97812599092984,21.0,21.0,40.0,25.7342414983848,16.144992366405123,7.3321530013852945,5.157535487108307,0,0,0,0
1,1,202.74155921195265,19.97612066505757,19.45758419372424,47.53826209566218,25.7342414983848,16.144992366405123,7.3321530013852945,7.3321530013852945,0,0,0,1
1,2,200.3885648361803,17.99950078450782,18.12785507867352,55.19141872958136,22.84453563940076,19.67300121570576,8.648140847410337,7.3321530013852945,0,1,0,2
1,3,164.03122280739558,19.755892808046745,18.185000085785823,64.19587133470586,28.60173119013869,21.42300550499739,7.884593167844987,8.648140847410337,0,1,0,3
1,4,143.5781128896914,20.41747560927312,18.22715593632033,72.81074753653974,24.350130853755847,23.51029248976572,6.095926729207571,7.884593167844987,0,1,0,4
1,5,116.92197238268368,20.29377789712301,18.12159170052351,67.9927544775367,34.47682771181968,22.089877515941293,4.919507707126695,6.095926729207571,1,1,0,5
1,6,92.09897690889689,20.20534559417149,18.047918696517964,62.68286142636451,32.21286023602414,21.62106725746368,4.594508577541502,4.919507707126695,2,1,0,6
1,7,58.70671455787938,20.17347266756761,20.17595816816188,58.28654075079517,37.02063365464495,21.88869592552539,4.360500787747049,4.594508577541502,3,1,0,7
1,8,40.84237776221176,21.265623611436546,17.971902225983467,53.52519174854169,35.76509059783254,21.11630383409252,3.572867359133523,4.360500787747049,4,1,1,8
1,9,21.033945455942845,20.877065233140307,21.53802965156757,65.10577819743516,40.34709562158727,23.989495761154217,3.301405384378153,3.572867359133523,4,1,1,9
2,0,250.2364238089512,21.0,21.0,40.0,27.721293233033787,22.818338600598924,7.647974385457378,7.199748919103557,0,0,0,0
2,1,250.2364238089512,19.15442586466068,19.05636677201198,49.09713373005388,27.721293233033787,22.818338600598924,7.647974385457378,7.647974385457378,0,0,0,1
2,2,240.6192338125127,18.03066746000434,18.116984551391308,58.49182733229344,26.389921148875032,25.80282108578918,8.017705861,7.647974385457378,0,0,0,2
2,3,216.5490464348848,18.16835284776115,18.10975634424303,67.68950366257089,27.307563536933053,23.79063829794164,8.275328396050925,8.017705861,0,0,0,3
2,4,195.68257829066903,18.233074685072005,18.175322052008127,77.22536708732025,29.69078795928531,23.28623106710005,8.302920910912846,8.275328396050925,0,0,0,4
2,5,154.44532480386528,18.114932200271973,18.116874929134685,71.14749467672955,27.937397972884,21.629977523834345,7.654257442106276,8.302920910912846,1,0,0,5
2,6,121.66540358212258,18.120552195241,18.091716210728684,65.94872968949066,31.100262650557788,23.35104297589282,6.167881551658359,7.654257442106276,2,0,0,6
2,7,89.71159165879737,17.821351985188652,17.920929508430213,59.46180637519686,25.032606994366216,22.26226348177931,6.241061387746969,6.167881551658359,3,1,1,7
2,8,51.04049931964194,19.0209869042735,18.909518029728783,53.25517891327986,26.46592526731451,22.386144388702185,4.8338865423944295,6.241061387746969,4,1,1,8
2,9,25.73519352223872,20.47792024871857,20.371105396477336,61.3280115242492,25.930922895586534,18.918147165354213,4.217550966233871,4.8338865423944295,4,1,1,9
3,0,198.4142332049954,21.0,21.0,40.0,32.26903443186937,16.978933102062314,3.304801234021085,4.054780927602364,0,0,0,0
3,1,198.4142332049954,19.24538068863739,18.93957866204125,48.864634156107705,32.26903443186937,16.978933102062314,3.304801234021085,3.304801234021085,0,0,0,1
3,2,194.1914209893012,18.07893230620284,18.151831936346028,58.77483826478002,33.350904657636065,21.70578483498792,3.382099322077719,3.304801234021085,0,0,0,2
3,3,184.6016179507241,18.09544055561367,18.223310082360094,68.85379811521634,30.62293243831953,25.37128895299335,3.4538076971036067,3.382099322077719,0,0,0,3
3,4,174.81188854734805,18.249390987987145,18.20925044442041,79.72314731807145,33.82197200642916,26.56330134276599,4.115665861886264,3.4538076971036067,0,0,0,4
3,5,152.17471352631063,18.188865066665144,18.21873397314468,76.56088787921502,35.765225339686424,30.0,4.358241910538685,4.115665861886264,1,0,0,5
3,6,127.46975917534851,17.98266283854481,18.016492631536703,72.35971944071693,32.03362218255116,27.959886492459493,5.112308244964565,4.358241910538685,2,1,0,6
3,7,92.40557036079866,19.3789705617193,17.89105855962878,67.61181945749844,31.57855164606743,25.377559558274285,5.275780035,5.112308244964565,3,1,1,7
3,8,57.29293231279867,19.65041730242226,19.91848150240724,63.775981048419766,35.46929499083572,26.55382495872718,4.389079756,5.275780035,4,1,1,8
3,9,32.351572297292364,21.392104950148628,21.22561404776549,74.49606348015257,31.929797814504514,27.62621569512222,4.156893335917718,4.389079756,4,1,1,9
4,0,211.328558227797,21.0,21.0,40.0,31.365327650566044,22.007154082152155,6.769341992482144,5.273271777648426,0,0,0,0
4,1,211.328558227797,19.22730655301132,19.040143081643045,49.60704671188928,31.365327650566044,22.007154082152155,6.769341992482144,6.769341992482144,0,0,0,1
4,2,203.44004237171123,18.0626601800318,18.10322109750365,59.675716691222405,31.633591567781178,24.30346387295844,7.224936543967067,6.769341992482144,0,0,0,2
4,3,184.11399071034973,18.244357447213208,18.24279034800012,71.42871682747575,36.35146392844239,28.94298127296512,6.859592786501511,7.224936543967067,0,0,0,3
4,4,148.121589224619,18.28868782508786,18.17292941297746,68.99888856706754,41.51534535158693,28.31894209058969,6.614926951011565,6.859592786501511,1,0,0,4
4,5,119.49414357205704,18.02608210787271,18.18362115818821,65.75638970120758,35.319450745222504,30.0,5.722686684749252,6.614926951011565,2,0,0,5
4,6,94.12071915727712,18.09839002212292,17.922791825632842,61.67321923477422,37.37420676699273,23.27484619726643,5.055002876401586,5.722686684749252,3,0,1,6
4,7,67.61493530228631,17.981873955635255,19.27405803193103,58.21242852263234,39.33264963313126,24.77406863274712,4.097149072681395,5.055002876401586,4,1,1,7
4,8,50.01517826929015,20.817515787597547,20.241865629460538,70.30512040724344,38.29068417179338,28.890937409379404,2.9332928388326955,4.097149072681395,4,1,1,8
4,9,22.91499460351753,21.297711250746897,21.343568893203187,66.76434399424842,35.002111755189766,28.660241505949053,3.3875229582215765,2.9332928388326955,5,1,1,9
5,0,73.62775164558076,21.0,21.0,40.0,32.81367886473842,16.657447977782923,6.053035409,7.581990489683603,0,0,0,0
5,1,73.62775164558076,19.25627357729477,18.93314895955566,48.90480283165384,32.81367886473842,16.657447977782923,6.053035409,6.053035409,0,0,0,1
5,2,68.37812980465337,18.033145688966265,18.123431590453567,58.18749294771116,31.606218228676816,19.96428241608611,4.233234238138066,6.053035409,0,0,0,2
5,3,61.19417417379124,18.19511209875593,18.169233050768074,68.04928940948483,33.86182316647451,20.925934954490288,2.4661025689868654,4.233234238138066,0,0,0,3
5,4,59.30827829402062,18.21378856421777,18.22885034753893,78.55745253781963,35.28074154611529,23.09794250018918,0.798518197,2.4661025689868654,0,0,0,4
5,5,55.866346786769945,18.12263005348796,18.13645841639221,73.69741189507597,33.91224422051305,22.42086331979994,0.6557757408914365,0.798518197,1,0,0,5
5,6,46.49214597372404,19.519675593343564,19.43321318433001,68.7747942881088,30.050576373092493,25.934881365978743,1.1717751016307385,0.6557757408914365,2,0,0,6
5,7,31.596680353548635,20.601542450717467,20.617686151353567,63.46076083796737,27.15033819019525,26.66058708679685,1.8619332025219248,1.1717751016307385,3,0,0,7
5,8,16.000486478117544,20.43693090867067,20.9766238400343,58.46542998320365,30.80983041575277,24.771664835559893,2.429613073165737,1.8619332025219248,4,0,0,8
5,9,15.033973326498758,19.66486224504404,19.024911948262144,70.27040139514993,39.74787077635845,25.83530373445421,3.3176841873575342,2.429613073165737,4,0,0,9
6,0,270.9476978851245,21.0,21.0,40.0,29.01257819165574,17.67497995388691,7.267481148619879,2.270557707986028,0,0,0,0
6,1,235.0298293449942,21.16926662722422,21.906756528638592,48.40376046619768,29.01257819165574,17.67497995388691,7.267481148619879,7.267481148619879,0,0,0,1
6,2,235.0298293449942,19.809266787672406,19.510381173489343,57.73349632378941,27.85689903172367,23.974966843785936,11.011881008803204,7.267481148619879,0,0,0,2
6,3,234.29675277616383,18.216518440212464,18.18818520497445,68.00556498806338,31.18282104234684,25.88422709250853,12.0,11.011881008803204,0,0,0,3
6,4,209.38259890034627,18.121496544672617,18.16752052230764,77.54140371591035,27.98713844472981,24.989743376642245,10.928046748362023,12.0,0,0,0,4
6,5,158.1497466244815,18.245806429433763,18.13749995255532,72.8269998816591,32.77745991641811,24.364741004408312,9.323647218966974,10.928046748362023,1,0,0,5
6,6,120.18083978730016,18.043332437406733,18.077012589368817,68.16439305801254,32.079336702378924,25.35062538847351,7.553340719034881,9.323647218966974,2,0,0,6
6,7,88.64175248407511,17.913359021362847,17.937791230414433,63.19344673073677,30.61203285489704,25.1049319935709,6.132322371908845,7.553340719034881,3,1,1,7
6,8,46.374637347759005,19.13845210041292,19.05236078804039,58.447753917795765,30.45322787214557,26.515145389293345,5.283389392039514,6.132322371908845,4,1,1,8
6,9,20.20018230750109,20.68924959838763,20.6602898641272,68.91671645358218,30.45012968760041,27.7107732889908,4.362409173376318,5.283389392039514,4,1,1,9
7,0,287.70307218719347,21.0,21.0,40.0,30.779173783334635,20.680614680722343,7.090128116,2.9956330997377263,0,0,0,0
7,1,254.99207825072327,20.900087689427675,21.94270509831249,49.262761923530256,30.779173783334635,20.680614680722343,7.090128116,7.090128116,0,0,0,1
7,2,254.99207825072327,19.81332481601077,19.24331004453557,58.11454585737656,31.01902742537257,18.15754998488469,9.193204237929365,7.090128116,0,0,0,2
7,3,251.6087271073261,18.21289470188757,18.237015435136023,68.31552102443551,34.16376251975196,22.508321741686643,9.64172416696774,9.193204237929365,0,0,0,3
7,4,232.8342508920101,18.265342880860373,18.253388507900503,79.84769515109312,38.16039673152284,25.90723730546388,8.355168477805561,9.64172416696774,0,0,0,4
7,5,194.3477022271109,18.120542109741,18.12912763058546,75.92689694068889,36.68750221857296,24.863618834736847,7.596460831600832,8.355168477805561,1,0,0,5
7,6,161.2132377790968,18.03850072253883,18.11618468747156,72.36695919000292,35.74779326113881,27.808108123939096,6.549782799705535,7.596460831600832,2,0,0,6
7,7,133.38608808729805,17.95130018286363,17.96771006480704,69.10942189872846,36.17754748869626,29.05835644866782,5.576957394085579,6.549782799705535,3,1,1,7
7,8,84.0997713814715,19.34109775231523,19.13411668115487,66.3736770242022,39.11882801297138,29.015922684104915,6.160789588228319,5.576957394085579,4,1,1,8
7,9,35.919279294,20.19749332219557,20.15218855742312,63.140268799287256,35.36995430602813,30.0,6.022561510933938,6.160789588228319,5,1,1,9
8,0,133.76612554035034,21.0,21.0,40.0,32.21736375634937,19.458250283585784,6.485857822549366,7.7394799538568435,0,0,0,0
8,1,133.76612554035034,19.244347275126987,18.989165005671715,49.30161052718833,32.21736375634937,19.458250283585784,6.485857822549366,6.485857822549366,0,0,0,1
8,2,127.43791527893086,18.042470975074373,18.15569232527367,59.355382527134005,31.47616742569292,24.378121462894168,5.47268384,6.485857822549366,0,0,0,2
8,3,114.05418123278662,18.216082639085982,18.22898412780356,70.71475542908586,34.780299379992755,28.32732785307307,4.797076067101612,5.47268384,0,0,0,3
8,4,91.11553762364542,18.137171299497616,18.06664425381905,65.57108477163821,32.368354523625115,22.38903071277685,4.153521599292188,4.797076067101612,1,0,0,4
8,5,67.57619980382553,18.225650654703987,18.29394708649626,62.40379378499277,36.150887258824426,29.586385037589807,4.252041794701322,4.153521599292188,2,0,0,5
8,6,50.56125843847721,18.06126983852233,18.037278273185613,59.09212757334362,36.34963410056533,28.58555361249489,3.595561977175403,4.252041794701322,3,0,0,6
8,7,37.61501374862851,17.8109496385922,17.802480418124482,53.33264010251982,29.761861114551024,21.574319603094565,2.582738914567651,3.595561977175403,4,1,1,7
8,8,23.36323617975852,18.92907908020077,18.84277963014696,46.74189326661956,25.580041971796938,21.138031162090503,1.7814721961087492,2.582738914567651,5,1,1,8
8,9,13.273123093055904,20.490365229076254,20.445984733862808,56.88567914887919,29.933941262016344,26.420424750537165,1.6816855144504357,1.7814721961087492,5,1,1,9
9,0,199.78539049384145,21.0,21.0,40.0,33.24437219818739,19.98399187856279,6.830282956640339,5.773273185929288,0,0,0,0
9,1,199.78539049384145,19.26488744396375,18.999679837571257,49.58110553381504,33.24437219818739,19.98399187856279,6.830282956640339,6.830282956640339,0,0,0,1
9,2,192.48352307065812,17.9494889297047,18.04569187580409,58.08753008683389,27.85407359904675,19.40384058439131,6.654260394555777,6.830282956640339,0,1,0,2
9,3,161.2528732668671,19.61975919710255,18.25120789303192,66.99291484850224,25.01012455105857,24.46423523598781,6.685748167751662,6.654260394555777,0,1,0,3
9,4,137.69974946874115,20.59048289102856,18.210877700539346,77.57581240610489,33.056264888307936,25.737610431706766,7.017789822289494,6.685748167751662,0,1,0,4
9,5,101.41980819233684,20.30691749452825,18.234175260251188,73.91102780332514,33.02704542917933,29.946373444266555,6.8777274829861215,7.017789822289494,1,1,0,5
9,6,73.35661678459729,20.339288684600017,18.058367432802186,70.67140232414258,35.33541400454128,30.0,5.392656343724765,6.8777274829861215,2,1,0,6
9,7,46.52800565811893,20.24649665701505,19.95505909056649,67.43934224071302,38.349224682063095,27.028219298883776,3.700137685,5.392656343724765,3,1,0,7
9,8,32.55430056788016,21.242073133864537,18.108308673328864,64.89148518041836,40.11917920538199,29.059392681869905,2.7947410180477528,3.700137685,4,1,0,8
9,9,17.747167588648193,21.0027914457416,21.127368837211336,78.01248977949496,42.89446999487001,30.0,2.7207304042692377,2.7947410180477528,4,1,0,9
10,0,27.70711980948789,21.0,21.0,40.0,25.90433139596119,21.46027891507768,2.398807380861561,5.763960930748606,0,0,0,0
10,1,27.70711980948789,19.118086627919222,19.02920557830156,48.525629855987,25.90433139596119,21.46027891507768,2.398807380861561,2.398807380861561,0,0,0,1
10,2,26.24549692431142,18.148994477607587,18.05300769588981,57.83797104307545,30.48931019196516,21.24591862519289,1.1071686046252442,2.398807380861561,0,0,0,2
10,3,26.14179178031578,18.2365046126408,18.21544517584079,68.51786032649848,34.814540824005924,24.518177417233144,0.036148005,1.1071686046252442,0,0,0,3
10,4,24.93707015206423,19.57009020670134,19.35298275201357,65.49603189860704,38.858330954607,27.68706666821836,0.1505902035314441,0.036148005,1,0,0,4
10,5,23.86806722591097,20.77373102137427,20.63909459042614,62.16587966959523,37.41046049216204,27.422027124438983,0.1336253657691576,0.1505902035314441,2,0,0,5
10,6,17.972150222279055,20.86448863895291,21.23536007156238,58.69951491133878,37.64807241751762,26.427678925502114,0.9289603745464912,0.1336253657691576,3,0,0,6
10,7,7.517827529471894,20.446573346062976,21.65803296651924,55.02327966164998,35.70869080442363,27.201113363971903,1.7806302475231244,0.9289603745464912,4,0,0,7
10,8,0.6758312529161745,20.123402781036383,21.22645783973716,52.54766558658852,39.57992180521409,30.0,1.296150207835052,1.7806302475231244,5,0,0,8
10,9,0.6758312529161745,19.41471135090634,18.949273922230496,64.55835378617903,36.72604555328055,30.0,1.3059908441020889,1.296150207835052,5,0,0,9
11,0,174.74177909085483,21.0,21.0,40.0,34.82587986096777,15.596075442048257,7.139526913102904,2.097733795737998,0,0,0,0
11,1,141.54546661178253,20.946169161407507,21.911921508840965,49.07595195454289,34.82587986096777,15.596075442048257,7.139526913102904,7.139526913102904,0,0,0,1
11,2,141.54546661178253,19.825857534722413,19.28315970420956,58.27526444554273,31.8779489654034,19.22934265126242,9.815371048649055,7.139526913102904,0,0,0,2
11,3,138.8730760955746,18.1821744175332,18.15106425166362,67.77372495931408,33.48666984206323,19.282555234444267,10.078831281894056,9.815371048649055,0,0,0,3
11,4,117.09716092973284,18.18266777351788,18.208303270547887,77.4535413304281,33.34954868670936,20.42720893059076,8.960873032667674,10.078831281894056,0,0,0,4
11,5,77.0045976182849,18.03621551836689,18.20669691974022,71.61956964450617,27.660324605054164,23.26205491760185,7.442216153401197,8.960873032667674,1,0,0,5
11,6,50.372882158868535,17.9545052138443,18.021105750681304,64.53478840893945,22.52084021289357,21.452597367291343,5.046254740706354,7.442216153401197,2,1,0,6
11,7,29.78411400866476,19.289242403013606,17.889522249116386,57.84531090353846,27.3761145069524,18.79345490748656,3.0313650287522886,5.046254740706354,3,1,1,7
11,8,15.08608623210472,19.37966935768543,19.71202256417473,50.453852748402255,23.323909449951604,18.945767465958323,1.837253472070005,3.0313650287522886,4,1,1,8
11,9,5.809936321148175,20.976745129988675,20.86513644009963,58.056774081754384,21.41679412453456,20.82165772742172,1.546024985159424,1.837253472070005,4,1,1,9
12,0,234.2505414170414,21.0,21.0,40.0,26.68594523517113,17.989768671675385,7.893431988743194,5.510491875932469,0,0,0,0
12,1,224.37880981326992,19.976364123686142,19.367776196183907,48.04162850323237,26.68594523517113,17.989768671675385,7.893431988743194,7.893431988743194,0,0,0,1
12,2,221.4934724386532,18.047446499650416,18.18189018326204,57.11597892230178,26.19352513331667,24.21953275040224,9.722816005948197,7.893431988743194,0,0,0,2
12,3,192.2363218709123,18.28518112198189,18.17373756304756,67.62059750663646,32.9525812324119,25.406410902780777,10.191479956704192,9.722816005948197,0,0,0,3
12,4,172.58716164295677,18.16827248607276,18.24730871647265,78.52806337463066,32.095695704802225,28.501336895165583,8.910361286274178,10.191479956704192,0,0,0,4
12,5,134.71595557312293,18.106325713341533,18.120745248773787,73.77916790166276,29.91198137187892,27.03859933385496,7.243051151382616,8.910361286274178,1,0,0,5
12,6,100.75267880546627,17.982225677595775,18.091084741312383,68.658757968493,26.158520167291893,28.72809131509836,6.567756554636774,7.243051151382616,2,1,0,6
12,7,64.61206751377566,19.20820282703652,17.95538715160162,62.68956551073374,20.808959032893394,29.362193979555126,5.468577530519753,6.567756554636774,3,1,1,7
12,8,32.54492749748879,19.3925129147774,19.802549873588017,56.351360009428845,23.20573386964927,24.915346678656856,4.008392502035858,5.468577530519753,4,1,1,8
12,9,13.05488087818513,21.124889279543662,21.037437539467497,66.00098456439417,25.91552896350606,27.693496341856868,3.2483411032172773,4.008392502035858,4,1,1,9
13,0,296.39949239801786,21.0,21.0,40.0,29.72369114070828,15.898684800310212,4.917734207362141,2.2657112237249217,0,0,0,0
13,1,272.43134722223834,21.068292570459736,21.917973696006207,48.21202766938333,29.72369114070828,15.898684800310212,4.917734207362141,4.917734207362141,0,0,0,1
13,2,272.43134722223834,19.89896344120772,19.33978009022753,57.54065446355119,33.51982753892794,18.305876873115736,7.309474058084169,4.917734207362141,0,0,0,2
13,3,245.46538231387467,19.880627347479727,19.40474483954959,67.05306477284032,28.020524147543284,24.82619979295188,8.701565027637658,7.309474058084169,0,0,0,3
13,4,245.46538231387467,18.27599671291549,18.3017970095718,76.3730017906637,28.812825331466435,22.964602545330152,8.586721708783863,8.701565027637658,0,0,0,4
13,5,202.8439484109776,18.1343644096671,18.2542896528082,71.49082537076474,28.031045814821496,28.179085185739893,8.104433529053114,8.586721708783863,1,0,0,5
13,6,163.42396133848655,18.033803894628218,18.09066283651085,66.69754130074213,26.85649546185668,29.847481926906653,7.820497280287988,8.104433529053114,2,0,0,6
13,7,129.14722171178607,17.977025859272775,17.933344289581484,62.12889680078315,28.57253350987129,29.37944149035664,6.650640680847666,7.820497280287988,3,1,1,7
13,8,77.39359610048393,19.14370147221342,19.1589239007506,57.909835182115074,29.894102118510705,30.0,6.469203201412769,6.650640680847666,4,1,1,8
13,9,38.61592614,20.75085697806874,20.70009248076606,68.38580656024446,30.254864713342,27.944976276265702,6.462944993413989,6.469203201412769,4,1,1,9
14,0,43.9439308343366,21.0,21.0,40.0,26.261996141262443,21.0592616014806,4.478147900676209,7.277721786841092,0,0,0,0
14,1,43.9439308343366,19.12523992282525,19.02118523202961,48.51782639369375,26.261996141262443,21.0592616014806,4.478147900676209,4.478147900676209,0,0,0,1
14,2,40.7617816824439,18.195367855149858,18.08613512986074,58.53787142210776,33.165643814379706,22.501273010142626,2.4074503828876264,4.478147900676209,0,0,0,2
14,3,37.90818114351013,18.176683790157565,18.206863984683324,69.30984642409005,34.49983332225874,25.34447224430956,1.049612099188962,2.4074503828876264,0,0,0,3
14,4,36.135650778312026,18.15277156591477,18.278520751738764,80.62606874570497,32.86790178674952,30.0,0.7901331973375043,1.049612099188962,0,0,0,4
14,5,33.21165640521586,19.63559305558819,19.514235789946973,77.11236881290304,33.99720182290064,29.8155763281998,0.3654992966370204,0.7901331973375043,1,0,0,5
14,6,28.69444436939218,20.847669137055068,20.825090197345293,73.25358917367151,32.42248732052146,29.47318135041445,0.5646515044779603,0.3654992966370204,2,0,0,6
14,7,20.09763693460198,21.949919668201893,21.85466574048436,69.17681547358009,32.89298551828559,27.79160503676208,1.0746009293487748,0.5646515044779603,3,0,0,7
14,8,9.509113724495071,20.97050683725649,21.761622019529632,64.23912762521888,34.3158890617833,21.585845113987737,1.959184258190373,1.0746009293487748,4,0,0,8
14,9,1.5145622393432006,19.53302039548524,18.95419407975985,59.43146228139557,33.65270902180258,22.97137240140121,3.2220152578563246,1.959184258190373,5,0,0,9
15,0,143.73278335012088,21.0,21.0,40.0,27.966960170684136,18.15766526431868,6.016773721870224,6.7515617982732055,0,0,0,0
15,1,143.73278335012088,19.159339203413683,18.963153305286376,48.3024325783005,27.966960170684136,18.15766526431868,6.016773721870224,6.016773721870224,0,0,0,1
15,2,137.643995717284,18.17305342378494,18.06632552107459,57.72796742996174,33.754886275556096,18.60919623367299,4.453263300382446,6.016773721870224,0,0,0,2
15,3,127.23849885578711,18.09677471764388,18.265766522108343,67.71637343939324,31.09362215775104,24.397522339090624,3.6863793374208806,4.453263300382446,0,0,0,3
15,4,120.2245676786204,18.32124125371278,18.22014917013176,79.23990972417641,37.885175012142064,26.134471014431107,2.9855406321857028,3.6863793374208806,0,0,0,4
15,5,106.31257412517812,18.093390093207407,18.174620743546683,75.47554353974644,35.054679672512414,27.36550819176548,2.756517491545865,2.9855406321857028,1,0,0,5
15,6,94.55506532896722,17.984358540833668,18.013758129257283,70.66291915575974,31.40786162982004,25.18866957025388,2.3398137843086624,2.756517491545865,2,1,0,6
15,7,70.82345577074985,19.25803706081357,19.01472563222495,65.22472475980602,25.58847613483113,27.53266610987048,3.071407068158271,2.3398137843086624,3,1,0,7
15,8,48.72643874090218,20.10079467402509,18.66827873546716,60.32131246300813,26.092153906678394,30.0,3.443869665315005,3.071407068158271,4,1,0,8
15,9,26.64320287849975,20.12252830396608,17.766139302607574,56.44150778521775,34.2013879395368,27.577474961627782,4.130537653213358,3.443869665315005,5,1,1,9
16,0,15.968465328056796,21.0,21.0,40.0,34.62841056110579,15.575079902738878,2.747501458813862,5.740885074374117,0,0,0,0
16,1,15.968465328056796,19.29256821122212,18.91150159805478,49.03662828349204,34.62841056110579,15.575079902738878,2.747501458813862,2.747501458813862,0,0,0,1
16,2,15.2935721418317,18.070974532769043,18.11344935152572,58.701763295261685,35.31239211518222,18.38280239464918,0.5567197527313617,2.747501458813862,0,0,0,2
16,3,13.49302468398806,18.12000014584676,18.88719371816827,68.18673077048724,33.81239940752076,18.88186434373233,0.5039686133681017,0.5567197527313617,0,0,0,3
16,4,7.216135895234823,19.79894453606809,19.35569439756182,62.75151910501,31.89615815503073,21.24155481454018,0.7846110985941548,0.5039686133681017,1,0,0,4
16,5,6.717257212165252,20.74446589735405,20.613947761525274,57.05597490289695,32.433039984202544,19.25838111516936,0.0623598353836964,0.7846110985941548,2,0,0,5
16,6,5.82401681874742,20.857726448771977,21.655433208657005,51.30540734419037,30.15726869561384,21.228467089349618,0.1264698427738742,0.0623598353836964,3,0,0,6
16,7,5.82401681874742,20.46971701825912,20.850419302434343,46.03710958974104,31.48292371505573,22.58208876022572,0.0,0.1264698427738742,4,0,0,7
16,8,1.058169075211713,20.402356967026343,21.461571090575188,40.69558438981484,27.06269380489693,26.59549952884645,0.6990884612594235,0.0,5,0,0,8
16,9,1.0278388570786312,19.37370321956106,19.077055459846683,49.11175103117797,23.437928671026736,23.31855266987953,1.2904280770404633,0.6990884612594235,5,0,0,9
17,0,247.32551091903667,21.0,21.0,40.0,25.81871451238587,16.634519240858396,5.629555566,2.810798798891432,0,0,0,0
17,1,219.24268279375576,21.10483701986152,21.93269038481717,47.64158207558397,25.81871451238587,16.634519240858396,5.629555566,5.629555566,0,0,0,1
17,2,219.24268279375576,19.778684678197987,19.430537350900654,56.28930012919906,26.516221983085657,21.52665609255376,7.024113614054433,5.629555566,0,0,0,2
17,3,217.57935415262685,18.15532727529472,18.1530536759758,65.01244674424899,26.782585747821816,21.67933989134448,7.040460804292091,7.024113614054433,0,0,0,3
17,4,200.107329963407,18.229578421782666,18.10216343773481,73.38388655570697,28.99099700570732,17.517001946836952,6.882465053019259,7.040460804292091,0,0,0,4
17,5,165.483754606502,18.167506858942936,18.21867465694438,67.53096001015075,29.866339952854123,20.95073479405577,6.1984299688104585,6.882465053019259,1,0,0,5
17,6,132.51083040503556,18.142357339433254,18.058639511452764,62.45569689219343,34.11946184014111,21.0179652823182,6.401658140436525,6.1984299688104585,2,0,0,6
17,7,100.07797420501684,17.839685910473683,17.939117429237083,56.42097206200833,28.96850244820124,20.83858182854821,6.339055966529619,6.401658140436525,3,1,1,7
17,8,49.94050698101682,19.109032058077464,18.973931713998823,51.290647189412965,30.047536454031103,24.783992031550195,6.267183403,6.339055966529619,4,1,1,8
17,9,23.16330176323426,20.49526221322024,20.48344994886605,59.29574186399632,23.54493328550933,20.92781490662042,4.462867536297095,6.267183403,4,1,1,9
18,0,186.4011696099193,21.0,21.0,40.0,34.443744382523725,18.677464581644607,5.635131593856222,3.710905355422147,0,0,0,0
18,1,179.61010487852056,20.03742140554353,19.430132524179523,49.5618176135503,34.443744382523725,18.677464581644607,5.635131593856222,5.635131593856222,0,0,0,1
18,2,179.12367940654724,18.07000867020724,18.176591574900545,59.78810178830429,32.17039161744754,24.64229824229684,6.489297640153488,5.635131593856222,0,0,0,2
18,3,161.4986419524523,18.252571726404483,18.099849047058363,70.4861729242241,37.29897793767242,22.13475059521549,6.462647732471483,6.489297640153488,0,0,0,3
18,4,131.68766868580843,18.10276733187376,18.185964395938544,65.44544607120515,33.166834700111565,22.16246056089426,5.248820222218948,6.462647732471483,1,0,0,4
18,5,107.05921725641194,18.113685123305903,18.17370037286361,60.29118868371181,31.351090865406764,23.34747920407466,4.520520264842107,5.248820222218948,2,0,0,5
18,6,85.59435255471048,18.00978716958305,18.07327569423902,54.853188840241856,28.975704260183488,24.14651883165008,4.158268771345154,4.520520264842107,3,0,0,6
18,7,66.80007068834361,18.071066040192854,17.951922747653008,50.65339631776001,35.39375135420171,24.60740129867693,3.5711570984621663,4.158268771345154,4,0,1,7
18,8,44.199500676976754,17.80062080810815,19.15638359602368,46.39901727818587,32.92479175960908,26.77310246497904,3.4468132854144784,3.5711570984621663,5,1,1,8
18,9,24.27248506354172,20.46286389112664,19.889112650412024,57.883762248190735,36.07762946962353,27.72650925262572,3.32116926890584,3.4468132854144784,5,1,1,9
19,0,157.8302047699161,21.0,21.0,40.0,27.195361581889124,23.8040828251533,2.267431907553209,4.022244520743904,0,0,0,0
19,1,157.8302047699161,19.143907231637783,19.076081656503067,49.17989999326764,27.195361581889124,23.8040828251533,2.267431907553209,2.267431907553209,0,0,0,1
19,2,155.68463648310816,18.118733931066345,18.11695642958592,59.44970500203058,30.267313050831127,26.78715922007411,1.8151691742724327,2.267431907553209,0,0,0,2
19,3,150.68987044932035,18.030259608347635,18.169895595023124,68.82090684113064,24.28029346821377,27.78193897123093,1.8281118080634384,1.8151691742724327,0,0,0,3
19,4,136.32022848993307,19.95202678479984,19.961829541828003,79.15566486385332,27.41532234845933,30.0,2.3949403265645466,1.8281118080634384,0,0,0,4
19,5,109.25834828745162,21.089451766197776,21.062063123622263,74.44837085692348,29.202045367427065,27.97965459407385,3.3827350253101818,2.3949403265645466,1,0,0,5
19,6,88.84923932947233,20.872013007758223,21.112265926078138,70.2172934713067,35.477716024779184,24.34963183290538,3.611356910114296,3.3827350253101818,2,0,0,6
19,7,80.50909552404352,19.09331331523486,18.85649102213968,64.9241813739783,31.08223794740131,22.84491706744089,4.170071902714403,3.611356910114296,3,0,0,7
19,8,63.739177129805576,17.912660210408944,17.902651515579084,60.668874810542206,34.2152484678489,25.47749284639502,4.555529319438115,4.170071902714403,4,1,1,8
19,9,27.259635035878446,18.89285165574762,18.797367487904104,55.045513892529385,28.50838907949843,23.58405026487481,4.559942761740891,4.555529319438115,5,1,1,9
20,0,180.94906626847813,21.0,21.0,40.0,34.03487760059643,23.695520081705304,5.530670999028015,3.018100944219988,0,0,0,0
20,1,157.25553387884034,20.7184479745755,21.920184900061464,50.39147158281431,34.03487760059643,23.695520081705304,5.530670999028015,5.530670999028015,0,0,0,1
20,2,157.25553387884034,19.76984198168628,19.25160015029321,60.58021625569502,32.24508737946167,24.35904969209785,6.680410704530024,5.530670999028015,0,0,0,2
20,3,155.69258997397458,18.075025380555225,18.161375215428368,70.19656629242833,28.49635640722365,24.927810463516977,6.678404481872221,6.680410704530024,0,0,0,3
20,4,121.53171715547788,18.286652127386283,18.274343360826457,66.52449218382688,33.55845294528952,29.37446867359129,5.785892698590509,6.678404481872221,1,0,0,4
20,5,95.67986950787416,18.07798173919933,18.16251062652817,62.31684936677297,29.957539905256056,30.0,5.1181283516326985,5.785892698590509,2,0,0,5
20,6,72.90897975065985,18.05232225287644,17.991982227023417,57.476638638442495,29.708907464702243,26.73436626679511,4.465759594723016,5.1181283516326985,3,0,1,6
20,7,51.26119470556206,17.29166169478708,19.20971137447712,52.20701565734592,32.15673728843194,21.90091281658705,3.672268136192737,4.465759594723016,4,1,1,7
20,8,29.5123939155778,19.71497904009831,18.96060626387833,46.55746976247089,30.44743043317154,21.49953681752274,2.718600098748033,3.672268136192737,5,1,1,8
20,9,15.892196653046083,20.82061784016082,20.802361399993835,55.56073373127677,31.12327340584094,18.89485975419172,2.270032877088619,2.718600098748033,5,1,1,9
21,0,220.76262849849687,21.0,21.0,40.0,34.599403986625305,23.335456982769287,4.635424999011551,7.291819783222505,0,0,0,0
21,1,220.76262849849687,19.29198807973251,19.066709139655387,50.42827497449103,34.599403986625305,23.335456982769287,4.635424999011551,4.635424999011551,0,0,0,1
21,2,218.24594785361512,18.1147453506,18.167433106727103,62.36484783455082,37.47192643224938,28.842367234749485,2.740063549903083,4.635424999011551,0,0,0,2
21,3,210.64785724987308,18.3055176236353,18.173152655305,75.90945320507352,45.24780761401495,30.0,3.032971684958091,2.740063549903083,0,0,0,3
21,4,188.3787250236001,18.2304484006186,18.12424762973165,74.30893930949911,47.49971781369669,26.94187165533436,4.242021632124803,3.032971684958091,1,0,0,4
21,5,144.49863947253223,19.71996678639472,19.43200717907874,71.43497538329842,41.67892950288291,25.687937573779973,5.485010693883489,4.242021632124803,2,0,0,5
21,6,131.0351567742643,17.96155979779211,18.123431045269985,68.29462081428133,36.89217430811269,28.99474475290343,5.777138797785983,5.485010693883489,3,1,0,6
21,7,101.56681317455067,19.49073825181988,17.2628102032544,64.86418009735128,34.2753293503886,30.0,4.989442179725419,5.777138797785983,4,1,1,7
21,8,63.83534888655068,19.25500830782744,19.865991110380737,61.18074060549844,32.86978060081759,30.0,4.716433036,4.989442179725419,5,1,1,8
21,9,27.30382137455068,20.435390536093774,20.25937920847774,55.82226478878053,26.599923791479128,26.96409944897689,4.566440939,4.716433036,6,1,1,9
22,0,140.4125824129975,21.0,21.0,40.0,28.166889866459577,18.23033519432189,2.392958601174912,2.6222743122223973,0,0,0,0
22,1,140.4125824129975,19.16333779732919,18.96460670388644,48.35150051094067,28.166889866459577,18.23033519432189,2.392958601174912,2.392958601174912,0,0,0,1
22,2,136.63892468286048,17.978192780569195,18.05475094914169,55.96818635890426,24.2117838105442,18.10313756703134,2.781076409237303,2.392958601174912,0,1,0,2
22,3,122.16458866082009,19.71613508163649,18.239551316923585,65.2754989599211,29.126588814660344,22.580703413210927,3.0945912617380373,2.781076409237303,0,1,0,3
22,4,111.71144524391477,20.527382376260608,18.22156752179172,74.85039517052708,28.80529816515105,24.38856967154888,3.130110453012193,3.0945912617380373,0,1,0,4
22,5,93.353862020129,20.2975959524298,18.13171732702872,70.04941430814128,33.18678140820518,23.474436022984865,3.439924533274427,3.130110453012193,1,1,0,5
22,6,75.81323107899905,20.17863317208113,18.048518863783205,64.68874436235444,30.516199506748173,23.035634127769363,3.2665738867105327,3.439924533274427,2,1,0,6
22,7,51.725719272874045,20.140263727057707,20.26958043418612,60.84063785130118,35.74286794254805,26.212095884933824,3.136028138684763,3.2665738867105327,3,1,0,7
22,8,32.61210647323484,21.307595774835963,19.65852589573652,57.49337382101879,35.553164894724866,29.18425715926184,2.932838710040296,3.136028138684763,4,1,0,8
22,9,22.25160164644924,21.80936197016214,19.583258402197785,69.32542900825614,35.73363992909633,30.0,3.052730709227171,2.932838710040296,4,1,0,9
23,0,153.11773905386715,21.0,21.0,40.0,25.76796364159105,19.96838472796109,7.497149033777024,6.3965568804569015,0,0,0,0
23,1,153.11773905386715,19.11535927283182,18.999367694559226,48.23254270651938,25.76796364159105,19.96838472796109,7.497149033777024,7.497149033777024,0,0,0,1
23,2,143.8741431577297,18.13286969651578,18.131913410454843,57.81682514539924,29.54670338300439,23.69931016632816,6.688473521913769,7.497149033777024,0,0,0,2
23,3,129.18092321081994,17.993857981375214,18.200563057593143,66.45089693499445,21.739602451765208,26.22746304598596,5.281179815041523,6.688473521913769,0,1,0,3
23,4,110.08609198405074,19.86501843650096,18.188974424119483,75.28828131370287,22.69090546100109,26.405674420712387,4.428637114635541,5.281179815041523,0,1,0,4
23,5,88.0477922892787,19.95650652222379,18.09205523458416,69.38800096709252,27.045561924466508,23.508436149920485,3.864010626762654,4.428637114635541,1,1,0,5
23,6,73.85093081192768,19.977357832597,18.272332015644785,64.32992532746489,26.75863675896801,28.47427635421184,2.4900981745775432,3.864010626762654,2,1,0,6
23,7,58.99107213703046,20.111949175976708,20.295558217203528,59.57385803593384,30.631875924912688,26.27886134435924,1.9151371584210075,2.4900981745775432,3,1,0,7
23,8,43.23419536094738,21.20915599392444,18.049203352478585,54.52959049917634,30.27656062484088,25.03306417095077,3.151375355216614,1.9151371584210075,4,1,0,8
23,9,24.050633924177383,20.7217761859988,20.26012493300745,64.49216476879262,31.11062373234024,24.237011098861345,4.057578277553961,3.151375355216614,4,1,0,9
24,0,190.0810771830668,21.0,21.0,40.0,28.41961949667652,21.42062755476349,2.5174397310238072,3.3401175408885475,0,0,0,0
24,1,190.0810771830668,19.168392389933533,19.028412551095272,48.9712444692592,28.41961949667652,21.42062755476349,2.5174397310238072,2.5174397310238072,0,0,0,1
24,2,187.88380927050025,18.099241605901305,18.200616525707368,59.609903892621446,30.516954707366715,28.586708755756867,1.7921218329352309,2.5174397310238072,0,0,0,2
24,3,184.5998980370865,18.090536083650367,18.11979579416368,69.44155021631012,27.543758889885048,27.076498463940936,1.246992734323148,1.7921218329352309,0,0,0,3
24,4,180.64856373836983,18.24884980988425,18.174975368177645,79.7502396033066,30.71573955284951,26.55475704157539,1.5781939777797382,1.246992734323148,0,0,0,4
24,5,157.92741176065937,19.57382116295057,19.40281440279045,74.73828398304971,32.573795038310955,22.91534040470633,2.8401439972138105,1.5781939777797382,1,0,0,5
24,6,122.20275229920604,20.63892205741832,20.64675115867324,68.79859484537141,26.254353342943705,24.080707003287944,4.465582432681668,2.8401439972138105,2,0,0,6
24,7,80.76984553561064,20.752625984992985,21.66418445381196,63.360665712876894,25.91757725826013,27.205038672325863,5.825903696137226,4.465582432681668,3,0,0,7
24,8,67.48430117546374,19.147474210850085,18.834493539732943,57.55351914417935,26.523532237626466,24.547875714053824,6.642772180073447,5.825903696137226,4,0,0,8
24,9,62.98625120431253,17.88036948922399,17.739871184289854,66.66592217635606,29.81251653007518,20.81194475979547,7.381225544338564,6.642772180073447,4,1,1,9
25,0,153.93225428843826,21.0,21.0,40.0,32.18852103928587,21.555851194735737,3.915876833570394,2.3289170727994013,0,0,0,0
25,1,136.5973785720313,20.670588845664906,22.03111702389472,49.67398700212389,32.18852103928587,21.555851194735737,3.915876833570394,3.915876833570394,0,0,0,1
25,2,136.5973785720313,19.833725427069645,19.222287995296018,59.66298202960666,32.82918286729137,22.66523395205737,4.876859097871611,3.915876833570394,0,0,0,2
25,3,135.31528447327463,18.18651594647873,18.28034970454649,71.15376791631655,34.654980191227864,29.182719179382627,5.695417134415616,4.876859097871611,0,0,0,3
25,4,104.61896770908048,18.140361339075096,18.13730758890505,66.80619061559833,32.402537313734385,26.77758879338659,5.592865939795212,5.695417134415616,1,0,0,4
25,5,80.72133965262242,18.12185501389793,18.11456348198705,61.88637977784504,30.99528800863112,25.00576289273945,4.441042459603855,5.592865939795212,2,0,0,5
25,6,65.5596260842672,18.11387273278505,18.02664211789649,57.19989436585038,33.82417956350818,23.47312370318817,2.925959428996236,4.441042459603855,3,0,0,6
25,7,58.05557725219072,17.234856779608304,17.318295650357268,53.12308905392126,33.43176362829917,27.252651305427925,2.0131097267969444,2.925959428996236,4,1,1,7
25,8,41.290397851666135,18.67404526369248,18.39590911213089,48.80345198398577,35.995287064157075,23.34006254731237,2.095647425065572,2.0131097267969444,5,1,1,8
25,9,25.30938958067953,20.2793340550816,20.12453337261431,59.84032015870431,36.61400535039012,24.70192895360177,2.663501378497768,2.095647425065572,5,1,1,9
26,0,153.14091476906435,21.0,21.0,40.0,27.940953683034884,18.170431886567712,5.893436323864762,6.383964078185615,0,0,0,0
26,1,153.14091476906435,19.1588190736607,18.963408637731355,48.30004940252847,27.940953683034884,18.170431886567712,5.893436323864762,5.893436323864762,0,0,0,1
26,2,146.0655342494677,18.07604133816001,18.09317230444192,57.09171335809904,28.87827550665968,19.96430202428799,5.172941529936083,5.893436323864762,0,0,0,2
26,3,132.47717048344717,18.05414391249682,18.15375547221344,65.05447177606217,24.08547113150123,20.152075634960617,4.596461237272315,5.172941529936083,0,0,0,3
26,4,120.51460567884848,18.206909656565355,18.195010173141696,73.29712512213958,25.160444128521195,20.632074460797707,4.408455941447205,4.596461237272315,0,0,0,4
26,5,99.84374864959412,18.12313712733969,18.23699170989873,67.08093800336286,23.81730049550588,24.981659955734564,3.733215419993696,4.408455941447205,1,0,0,5
26,6,81.62245907032016,18.11819328380289,18.12122539871396,61.98821079686249,26.86221960127477,28.178184807056525,3.4943538797757703,3.733215419993696,2,0,0,6
26,7,63.779711621326456,17.973038626792995,17.93127730690684,57.06563522403589,28.3788960253002,27.606795236774268,3.5097850895556224,3.4943538797757703,3,1,1,7
26,8,40.41261531312493,19.183487547161747,19.135346154973483,53.04148771065957,32.005223833362955,28.97173442565745,2.9208870385251906,3.5097850895556224,4,1,1,8
26,9,21.80123247942754,20.813660292483643,20.75799127647661,64.4724906136312,33.50557168317574,30.0,3.101897138949565,2.9208870385251906,4,1,1,9
27,0,176.08087616826091,21.0,21.0,40.0,33.71081447619661,15.18451614086729,2.3233528208611207,2.345153248332065,0,0,0,0
27,1,176.08087616826091,19.27421628952393,18.903690322817347,48.8011595110715,33.71081447619661,15.18451614086729,2.3233528208611207,2.3233528208611207,0,0,0,1
27,2,173.31403565167346,18.00545306718053,18.19748685754381,58.39747011428719,31.118722750848004,22.19411393368359,2.192464331333918,2.3233528208611207,0,0,0,2
27,3,166.56713806122607,18.2282053371878,18.212760090400728,69.26246956579978,35.02898961023811,25.332118453720696,2.3785932233446974,2.192464331333918,0,0,0,3
27,4,149.7524833542006,20.07686774420949,20.045194442996724,79.52051751756395,29.40224952501167,27.586905762567007,2.802442451170915,2.3785932233446974,0,0,0,4
27,5,122.10876296033108,21.066784676855576,21.201656363696884,74.179091396541,23.695129474110423,29.96361429798427,3.455465049233689,2.802442451170915,1,0,0,5
27,6,107.63130269267258,20.04954766358533,19.77479248408836,70.25512744786698,31.53353361847768,30.0,4.318957928282589,3.455465049233689,2,0,0,6
27,7,80.43382653000845,19.86902377546651,19.506359550733148,65.6261872615489,28.588938597037,29.02806036786257,5.135739828252932,4.318957928282589,3,0,0,7
27,8,68.0418374085386,18.004718661029138,17.782796361105103,61.78488227443941,36.32487164849459,25.66787842311929,5.331252524896281,5.135739828252932,4,0,1,8
27,9,32.62159760048253,17.83699343655221,18.7585576111572,57.24732531044916,37.44505330735414,20.67963022603335,5.201435999053804,5.331252524896281,5,1,1,9
28,0,220.13834114804848,21.0,21.0,40.0,25.97211810438348,22.46236121316544,7.167555802871595,7.672630592867759,0,0,0,0
28,1,220.13834114804848,19.11944236208767,19.04924722426331,48.71820627715881,25.97211810438348,22.46236121316544,7.167555802871595,7.167555802871595,0,0,0,1
28,2,210.9170718313646,18.166312713846533,18.01424429196511,58.030117376247375,31.42300871233525,20.309830727045707,7.206989393791038,7.167555802871595,0,0,0,2
28,3,191.0899970120682,18.16498082412173,18.210297112982605,68.0195299092752,32.17204991842274,23.324686376176302,6.864731372099096,7.206989393791038,0,0,0,3
28,4,178.17587810047408,18.19560794364332,18.189178642982,78.13463818268156,32.68193726934052,23.513108694028084,5.524224236511907,6.864731372099096,0,0,0,4
28,5,152.41853915142858,18.11451448094608,18.273005343606872,74.03742487706447,30.9076613166444,29.66337587437175,4.819517762750454,5.524224236511907,1,0,0,5
28,6,128.7260885240167,18.220888783996774,18.064027384200084,71.47314885484377,39.08735543210727,30.0,4.782101728848781,4.819517762750454,2,0,0,6
28,7,106.29794725985955,17.89878319061077,17.904108270218824,68.16620421046476,36.89126004702173,28.070158595317093,4.709985254161456,4.782101728848781,3,1,1,7
28,8,68.5798777649197,19.254271477270294,19.03305926464678,64.68006828537393,37.47332298216413,26.4925885451091,4.7147586868674844,4.709985254161456,4,1,1,8
28,9,38.835519242105455,20.826813481734103,20.742182741268245,76.34234705249149,36.17007890387185,28.620358691225714,4.957393087135706,4.7147586868674844,4,1,1,9
29,0,244.73002422884613,21.0,21.0,40.0,30.31986999720141,18.504111555298973,4.941945488069576,4.252747373704692,0,0,0,0
29,1,244.73002422884613,19.20639739994403,18.97008223110598,48.78831667945007,30.31986999720141,18.504111555298973,4.941945488069576,4.941945488069576,0,0,0,1
29,2,237.22206420346728,18.03801633572614,18.14316869816839,58.17599043357589,29.355941699133417,22.79780137934336,5.936607181998901,4.941945488069576,0,0,0,2
29,3,217.60353056476524,18.2408376918756,18.109453107688235,68.01628138377644,33.897826292914075,20.770456763755654,6.813720764,5.936607181998901,0,0,0,3
29,4,199.92738319799253,18.09453262880961,18.228072377591943,77.42263385234168,29.353947902146498,22.9035658121048,7.437005707312654,6.813720764,0,0,0,4
29,5,161.96893538133162,18.20738347040635,18.176243581247075,72.58162978578778,32.2231214224641,24.21574487445868,6.927868134252721,7.437005707312654,1,0,0,5
29,6,129.72031018871974,18.04008241557701,18.07385689063761,67.73477124479021,31.362497116938822,25.04384432196351,6.397840940077202,6.927868134252721,2,0,0,6
29,7,96.94633159727957,17.887402252959753,17.955881255398083,62.50877250938842,28.597354849302185,25.702652176243443,6.340085188475379,6.397840940077202,3,1,1,7
29,8,54.94678407201607,19.17360294288984,19.019831615186245,57.85039534474991,32.057420772528616,25.396039423924105,5.249943440657939,6.340085188475379,4,1,1,8
29,9,27.08653740619448,20.67528677998933,20.574168822835087,67.3973676193782,30.20060131615604,22.83813354288997,4.643374444303599,5.249943440657939,4,1,1,9
30,0,54.635888195268265,21.0,21.0,40.0,26.98377311064561,24.58554254525746,5.380253318,6.900144347563503,0,0,0,0
30,1,54.635888195268265,19.13967546221292,19.09171085090515,49.28247681806255,26.98377311064561,24.58554254525746,5.380253318,5.380253318,0,0,0,1
30,2,49.6915500562568,18.09008369294915,18.05276899510008,58.81931959819316,28.623212673727974,24.359247215886565,4.261016022,5.380253318,0,0,0,2
30,3,38.87067200153808,18.176217290934915,18.200554201291222,69.04710580835925,29.934077220474578,26.886957280448097,3.734951689440178,4.261016022,0,0,0,3
30,4,31.502847264308745,18.191740783055856,18.155552277325896,79.06314602271185,30.2506065420194,25.394061315495023,3.189679277797625,3.734951689440178,0,0,0,4
30,5,17.142484629732397,18.23503913761322,18.242118773690105,75.67360743879433,34.502563422680495,30.0,2.664689005748646,3.189679277797625,1,0,0,5
30,6,9.080119502343962,18.004396927071188,17.962846068746742,70.95794758686284,31.85766469186392,25.277558352961115,1.681377063157846,2.664689005748646,2,0,1,6
30,7,4.289228049129611,19.19904170242729,19.19668998574016,65.43241829626183,29.51130285750289,23.12464552804701,0.6074350872818121,1.681377063157846,3,0,1,7
30,8,2.885337497286248,18.88761392622526,20.066485178250687,58.65755218433552,25.92778512908729,19.76740313798875,0.2095788630746757,0.6074350872818121,4,0,1,8
30,9,0.9439045601183204,20.505433147089622,20.65045869396826,65.93612240370659,20.90400706520915,19.53249415351907,0.3546719944990188,0.2095788630746757,4,0,1,9
31,0,230.91010931251995,21.0,21.0,40.0,33.50093312201388,19.75388834365709,6.549074611397077,4.599278477463367,0,0,0,0
31,1,224.60569966160705,19.96724457246454,19.26049314970293,49.58586786382077,33.50093312201388,19.75388834365709,6.549074611397077,6.549074611397077,0,0,0,1
31,2,222.85782140581333,18.08877073298504,18.077315304274272,59.63520183260029,35.07472468689059,20.75490847299558,7.601466203172697,6.549074611397077,0,0,0,2
31,3,200.69594375831656,18.2488078308103,18.244496602351926,71.42427569984005,40.01511622740632,25.479738590592348,7.860661311606663,7.601466203172697,0,0,0,3
31,4,157.52168709634992,18.16765048524442,18.14353023155421,67.67659247901807,39.127130658378846,23.38574033705456,7.948807103155732,7.860661311606663,1,0,0,4
31,5,120.85933099196448,18.073364270918912,18.21257703292646,63.80238099280446,35.29534420432466,26.514591983377496,6.938017535011351,7.948807103155732,2,0,0,5
31,6,92.91710902858654,17.955493126048623,18.03362734271227,58.79894549506365,30.205255422380155,25.331214034615343,5.565022430713377,6.938017535011351,3,1,0,6
31,7,65.1658193856154,19.318414479740376,17.33608081762018,54.31891083693715,28.444251899297225,30.0,4.617525497752228,5.565022430713377,4,1,1,7
31,8,42.10510492526601,19.83755400274876,20.41495169915569,64.02135847583197,27.38380349710275,26.51868338564631,3.843452410058232,4.617525497752228,4,1,1,8
31,9,15.86416631954848,21.02304448159655,20.72679908767108,58.99334618343926,30.775617979549487,24.624313729379868,3.2801173257146914,3.843452410058232,5,1,1,9
32,0,237.77328095558184,21.0,21.0,40.0,31.66212388872196,21.294204847178563,5.2520712615241205,4.9164242102509,0,0,0,0
32,1,237.77328095558184,19.23324247777444,19.02588409694357,49.532139172462095,31.66212388872196,21.294204847178563,5.2520712615241205,5.2520712615241205,0,0,0,1
32,2,232.1187851523516,18.09577251607438,18.14209688385984,60.17379471395684,33.58600460806516,25.53430395579454,5.104904316,5.2520712615241205,0,0,0,2
32,3,215.52434436413668,18.02610483996017,18.089741280141325,69.15806533636521,27.39124660607387,22.521367962861547,6.171411245944386,5.104904316,0,0,0,3
32,4,196.60751544768547,18.22847179050182,18.231347264271765,78.94332391248663,29.544326299916992,24.818221345202023,7.050898028157826,6.171411245944386,0,0,0,4
32,5,161.60832799952829,18.14957277370736,18.06309252542645,72.94257018081238,29.522964985285064,20.472847616524625,6.586840358102887,7.050898028157826,1,0,0,5
32,6,132.35218435539673,18.06319367867025,18.067346813347136,67.08537264691934,29.81790383442188,20.97544319950564,5.495892066741863,6.586840358102887,2,0,0,6
32,7,108.7567464701952,17.874205830729636,18.03844252835648,61.473318575176606,26.392940455279607,25.76231470170524,4.480163489848142,5.495892066741863,3,1,0,7
32,8,78.37981272970094,19.16854909355994,17.846879325064585,56.39709970819689,29.52583645073378,25.606280954934427,4.463262985790929,4.480163489848142,4,1,1,8
32,9,45.84838425662758,19.94589996002668,20.20322735400059,65.58296711320841,28.995636761621714,22.036959932886727,5.421904745512226,4.463262985790929,4,1,1,9
33,0,261.0307467642114,21.0,21.0,40.0,26.00162013788841,16.797779870414136,7.793234250311443,6.069136932602557,0,0,0,0
33,1,261.0307467642114,19.12003240275777,18.935955597408284,47.70389200149446,26.00162013788841,16.797779870414136,7.793234250311443,7.793234250311443,0,0,0,1
33,2,247.9514586917874,18.050352072178555,18.023483955148613,55.04100001855842,25.654478662441235,15.107232543469667,8.756754433038273,7.793234250311443,0,0,0,2
33,3,220.6807980016985,18.24664853385028,18.255705379581123,64.19929325650526,30.48690535495586,20.3925015225266,8.512176622686447,8.756754433038273,0,0,0,3
33,4,201.900180517186,18.21529425340576,18.20590433261443,73.8109902293846,31.98110819399595,21.417208322000366,8.110113054,8.512176622686447,0,0,0,4
33,5,165.26119121919967,18.13534007080855,18.313806497206546,69.76500631439981,31.24811173442331,29.60753318232789,6.826024008047389,8.110113054,1,0,0,5
33,6,134.8581004725213,17.927210525798305,18.05328376356013,64.51216277326571,24.74389293996263,29.406976275959007,6.213277852434638,6.826024008047389,2,1,0,6
33,7,100.17983608839116,19.34260923885292,17.874309961355575,59.49779879230988,29.48853623324298,25.987219428113484,5.222984908731959,6.213277852434638,3,1,1,7
33,8,59.349282240679386,19.55598927692684,19.952032783635104,55.54426004605378,31.79577150725637,29.57345768020978,5.103819230963974,5.222984908731959,4,1,1,8
33,9,27.21348501,21.348567930416564,21.1751912974024,65.91180617549742,30.16282877349672,27.434649723412427,5.355966205113231,5.103819230963974,4,1,1,9
34,0,249.90804377722063,21.0,21.0,40.0,28.28820844287196,17.71995470429493,5.2969265193636375,4.118736003062949,0,0,0,0
34,1,249.90804377722063,19.16576416885744,18.9543990940859,48.28146936649004,28.28820844287196,17.71995470429493,5.2969265193636375,5.2969265193636375,0,0,0,1
34,2,241.462435032745,18.096320958207126,18.16402105864712,57.87470865429316,30.23951126885254,23.056262552275875,6.157083578200977,5.2969265193636375,0,0,0,2
34,3,222.45236406598795,18.223059908364444,18.24527773351605,68.98298671902101,33.892506687075425,27.82014922807932,6.825420201567432,6.157083578200977,0,0,0,3
34,4,207.7743354629412,18.16465217457414,18.229007212063365,80.29681572423722,32.85460558453446,30.0,6.892215407986995,6.825420201567432,0,0,0,4
34,5,174.85336984320531,18.076573003870983,18.14831179139052,75.93460788680696,29.18325577808365,29.91558956952605,6.327056190332981,6.892215407986995,1,0,0,5
34,6,144.1832944001734,18.102834797612854,17.995814551914204,71.42893596474495,31.460250574350667,26.841572080860384,5.978319815675677,6.327056190332981,2,0,1,6
34,7,107.39632956657712,17.923633612324497,19.25638796265931,65.99927627607984,30.50667627495129,22.661881010242528,5.622806764996793,5.978319815675677,3,1,1,7
34,8,66.76675665476156,20.037813771058325,19.45035539975602,62.16593228641536,35.70929057264517,26.327687262552125,5.078696613976946,5.622806764996793,4,1,1,8
34,9,29.034468309719305,20.66268801846145,20.596815584382263,58.91598619803729,38.6917872801413,26.5862900066472,4.716536043130282,5.078696613976946,5,1,1,9
35,0,337.931641141334,21.0,21.0,40.0,33.91127088394596,20.42283520936855,7.586468305,2.128247833012694,0,0,0,0
35,1,303.6363833403201,20.79880817400719,22.00845670418737,49.78013909679661,33.91127088394596,20.42283520936855,7.586468305,7.586468305,0,0,0,1
35,2,303.6363833403201,19.851623577248365,19.34545964412513,60.183734345406805,32.48061004231343,25.317141338854327,11.02916842047861,7.586468305,0,0,0,2
35,3,303.0295260096193,18.1518137097659,18.131450752623152,70.43670975551856,32.57129553060911,24.38967897001181,11.652346146318983,11.02916842047861,0,0,0,3
35,4,237.7266225114056,18.231355017073373,18.283115172104903,66.9825333289854,34.86853655302945,29.27492774400851,11.276127461293624,11.652346146318983,1,0,0,4
35,5,187.2490316070643,18.171379744037782,18.13672847167693,63.60133084388471,35.9375237549187,28.61135132785524,9.958691049582262,11.276127461293624,2,0,0,5
35,6,146.65476833473735,18.013100213079394,18.085067875130413,60.072332922296965,33.72778932451251,30.0,8.206971054379984,9.958691049582262,3,0,0,6
35,7,110.15766552679872,17.97282100377566,17.93155016729963,56.71398377076216,35.233584597671275,29.44225344935753,7.245667944839726,8.206971054379984,4,1,1,7
35,8,71.21833482727658,20.07357834443664,19.810318588944856,69.17495791586106,41.50484223058399,27.72279190885437,6.489888449920356,7.245667944839726,4,1,1,8
35,9,39.0934758253083,21.614578433133204,21.485257770783026,81.68261036034174,39.950943737389096,29.536014287503573,5.354143166994714,6.489888449920356,4,1,1,9
36,0,113.62699789687623,21.0,21.0,40.0,27.685076794675016,24.52235008408805,2.7904907897140183,4.960442241307833,0,0,0,0
36,1,113.62699789687623,19.1537015358935,19.090447001681763,49.39733683817735,27.685076794675016,24.52235008408805,2.7904907897140183,2.7904907897140183,0,0,0,1
36,2,111.82986351988612,18.099551674587165,18.04235631685291,59.04053736894024,29.797915439657466,23.7754208423586,1.5818204862471457,2.7904907897140183,0,0,0,2
36,3,107.60563715103729,18.193347990442945,18.06660297523233,68.32329659078084,31.96531496180538,19.60556960397569,1.463581147479624,1.5818204862471457,0,0,0,3
36,4,97.17695875940616,20.03479732368604,19.78840405610458,77.35781441730197,32.20630215506365,17.985463547831475,1.7381130652718553,1.463581147479624,0,0,0,4
36,5,74.24280699195066,21.047944673453387,20.896257969008083,71.51901525352646,31.087897218617087,19.80766298263012,2.866768970931938,1.7381130652718553,1,0,0,5
36,6,54.69024867587676,20.31530089005676,21.88053026829856,66.48836323085743,36.2409628645229,19.144303676204725,3.1853151387647785,2.866768970931938,2,0,0,6
36,7,48.82370497278801,19.422871847268787,18.73575624351793,61.36109189563514,32.86291604800712,21.985576534091265,2.933271851544377,3.1853151387647785,3,0,0,7
36,8,39.55508093604672,17.748580306283408,17.946681140862864,56.19117358472948,27.79193136217813,26.81963357723485,2.6673414910542466,2.933271851544377,4,1,1,8
36,9,18.382885295388945,18.937850627869462,18.68078874033428,50.896001946303016,31.89864748896018,22.017065630892795,2.6465244550822216,2.6673414910542466,5,1,1,9
37,0,29.183087373920262,21.0,21.0,40.0,33.93792267834392,22.819069160221524,3.2843431330791875,7.220572235164975,0,0,0,0
37,1,29.183087373920262,19.27875845356688,19.05638138320443,50.21625853094178,33.93792267834392,22.819069160221524,3.2843431330791875,3.2843431330791875,0,0,0,1
37,2,27.192489950642063,18.01636051751685,18.02403587302921,59.76477634642296,31.89120346981068,21.156117727307,2.06657653525678,3.2843431330791875,0,0,0,2
37,3,23.88449851583905,18.197812417666707,18.10955828062881,69.37963044656408,34.281824353146646,19.13403175874846,1.107052529023663,2.06657653525678,0,0,0,3
37,4,23.645233475229773,18.113263613480147,18.2626242240482,79.04009154521091,30.674495195905592,22.994733129910152,0.098040982,1.107052529023663,0,0,0,4
37,5,22.522029926981645,19.521975426174023,19.26632492072348,72.72141141368414,29.385835469428915,18.843719355422373,0.1404004435310161,0.098040982,1,0,0,5
37,6,20.399418632934328,20.654661789395963,20.55273402129942,67.60274090007275,31.91371045548319,22.982564468898016,0.2653264117559145,0.1404004435310161,2,0,0,6
37,7,12.795541242223983,21.05269426471776,21.602667352570062,62.750951650132,30.239546248830663,26.139402362609644,1.033737186770148,0.2653264117559145,3,0,0,7
37,8,4.939679319516872,21.113855819742845,21.956062858854303,58.62204452727912,34.21706742800142,26.177893000593663,1.1748341410031249,1.033737186770148,4,0,0,8
37,9,0.885217489251149,19.46497552872916,18.981204707355865,54.86390111001245,36.51588598464552,25.938872808317434,2.007588224141956,1.1748341410031249,5,0,0,9
38,0,78.87709450332366,21.0,21.0,40.0,27.41719516140864,24.44350780714981,2.575014029021886,4.983665124764339,0,0,0,0
38,1,78.87709450332366,19.148343903228174,19.088870156143,49.33492653434052,27.41719516140864,24.44350780714981,2.575014029021886,2.575014029021886,0,0,0,1
38,2,77.53047188364152,18.06765698683221,18.145773259904846,59.55941705893938,27.93529941864322,28.86742571801713,1.1716962368839925,2.575014029021886,0,0,0,2
38,3,74.96271499823726,18.165570865335617,18.103458733029,69.50517396881992,28.713842685424147,26.54036236946776,0.9312683591168536,1.1716962368839925,0,0,0,3
38,4,66.44105088977699,19.28161124225802,19.239864935622773,64.35062805336892,28.85798222637257,25.83898491001079,1.0652080135575348,0.9312683591168536,1,0,0,4
38,5,55.79184738850565,20.46385943160199,20.414553954301592,59.46369971604203,29.637599961921737,26.54613149737328,1.3311504376589165,1.0652080135575348,2,0,0,5
38,6,39.56711818519946,20.6293645239832,21.60268184525168,56.120009129166064,34.75727451735574,30.0,2.33572720162004,1.3311504376589165,3,0,0,6
38,7,26.697655263639344,19.77388574540621,20.78229470208593,53.27469084146726,39.13635380411853,28.389655708665888,3.130183599856917,2.33572720162004,4,0,0,7
38,8,2.243111096384916,19.94150105493446,21.055293159341225,51.0108071162055,42.57779136836207,28.178410157961466,3.884326373605131,3.130183599856917,5,0,0,8
38,9,2.243111096384916,19.31099833559986,18.775174247008994,63.38101899367686,39.40386109136349,29.319538227921853,4.123240467148195,3.884326373605131,5,0,0,9
39,0,185.9364316324998,21.0,21.0,40.0,26.884939390196006,24.75378607633906,6.144777674852652,3.0368237570879333,0,0,0,0
39,1,157.88600721957087,20.73809455366754,22.05960091736444,49.29497058397631,26.884939390196006,24.75378607633906,6.144777674852652,6.144777674852652,0,0,0,1
39,2,157.88600721957087,19.727932698937312,19.18139184933655,57.18624997270672,25.67244403654346,18.167997011958807,7.495477395861172,6.144777674852652,0,0,0,2
39,3,153.22527455953667,18.19129097545132,18.18908331035258,65.80089793367236,27.73699280911009,20.12216252958788,7.896745782436351,7.495477395861172,0,0,0,3
39,4,133.40778397819156,18.19121213647358,18.19432030885311,74.54795436332901,28.02708980154136,20.56766814099561,7.971989398903939,7.896745782436351,0,0,0,4
39,5,92.9931992800148,18.092825905425723,18.20187672195824,68.24733443944139,25.1683850728276,23.161504238907817,7.353835021477204,7.971989398903939,1,0,0,5
39,6,61.85453700912281,18.096837590088267,18.026682766646378,62.02708949579029,27.145519492865287,21.63089748685088,5.894393142831498,7.353835021477204,2,0,0,6
39,7,36.07059588929039,18.011709242864868,18.019924054819327,57.12285246167224,30.595726720484485,25.491845312193,4.852713928245888,5.894393142831498,3,0,0,7
39,8,22.255317703705824,17.14833421367209,17.13317670358968,52.052213682910335,30.51243740408976,24.650680491677463,3.484862356305248,4.852713928245888,4,1,1,8
39,9,9.391819743535557,18.93322371325232,18.86469777810373,62.22196044491922,30.076126265468627,26.42246685680295,2.1439163266950447,3.484862356305248,4,1,1,9
40,0,86.21677773523899,21.0,21.0,40.0,26.13526509433376,24.3194108763197,2.160940524443446,5.837801084,0,0,0,0
40,1,86.21677773523899,19.122705301886675,19.086388217526395,49.08184167471762,26.13526509433376,24.3194108763197,2.160940524443446,2.160940524443446,0,0,0,1
40,2,83.571958055239,20.461729293338024,20.51923974083672,58.78559724466917,25.789493528433376,28.120259637964104,0.44080328,2.160940524443446,0,0,0,2
40,3,79.94673450524868,19.15108497358544,19.608487799894853,53.68809690577379,26.93024659843937,28.08364040769745,0.8311238572228303,0.44080328,1,0,0,3
40,4,70.88675696171802,20.55676650946563,20.365902422432207,49.97088605803917,32.6821619570299,30.0,1.132497192941332,0.8311238572228303,2,0,0,4
40,5,62.15076909523879,19.757557119796022,20.64434096452734,45.49034743827441,28.441452112418013,30.0,1.6429501496716297,1.132497192941332,3,0,0,5
40,6,46.40273028057619,19.669020424376136,20.77634660875884,41.40867322320533,31.111879312116848,29.545486159721573,2.7771813811878427,1.6429501496716297,4,0,0,6
40,7,35.65880689782157,19.802538218848216,20.90537868335725,53.1952411822446,35.48093310577375,30.0,4.2769412997169525,2.7771813811878427,4,0,0,7
40,8,5.747125434235012,19.801925076226176,21.117988200118745,49.90998806025962,36.474598825575775,28.607328274507715,4.827782430960498,4.2769412997169525,5,0,0,8
40,9,5.747125434235012,19.142692758380228,18.65327938363336,60.29113156961272,31.2013706876807,26.47164880872539,5.245410445267625,4.827782430960498,5,0,0,9
41,0,191.60260825940168,21.0,21.0,40.0,26.44633370645822,20.839991102824285,7.741069094668894,2.819660055943652,0,0,0,0
41,1,153.66301097436556,21.03000646311649,22.016799822056488,48.51153846567085,26.44633370645822,20.839991102824285,7.741069094668894,7.741069094668894,0,0,0,1
41,2,153.66301097436556,19.68703851142076,19.43368675789276,56.28762674921613,20.533088878220013,22.66740158592044,9.475349362,7.741069094668894,0,0,0,2
41,3,149.65213593347772,18.368284373358865,18.17234882866829,66.22941385100614,31.44730754616413,23.784843019335973,9.717499517839574,9.475349362,0,0,0,3
41,4,129.88022396020892,18.094641995940915,18.200883600599983,75.49354778241509,26.90889751196228,24.558513218087423,9.011000032593229,9.717499517839574,0,0,0,4
41,5,87.69045579036597,18.11025882942036,18.09401851685505,68.89617783030266,24.92183898297999,21.75943906083988,7.644086851946499,9.011000032593229,1,0,0,5
41,6,56.47465609460702,18.12653354061671,18.06176575362866,62.96219329602333,28.383770929439788,21.982981657897223,5.783794088293858,7.644086851946499,2,0,0,6
41,7,39.61218651423039,17.896916271915362,17.954953614814247,56.72634597268575,26.094329609583674,22.595407482985337,3.228381804017276,5.783794088293858,3,1,1,7
41,8,27.97271924876666,19.04400206240984,18.97465508055715,50.42542240725408,25.46249568170993,22.865706732558507,1.4549334081829666,3.228381804017276,4,1,1,8
41,9,18.113863632272302,20.56252750366176,20.57507363866711,60.381401599806026,27.86194674585024,27.44904876832725,1.643142602749059,1.4549334081829666,4,1,1,9
42,0,198.8707396339836,21.0,21.0,40.0,29.987010434134508,19.76712411690996,3.491291263362929,5.576542457704608,0,0,0,0
42,1,198.8707396339836,19.19974020868269,18.9953424823382,48.955744219188006,29.987010434134508,19.76712411690996,3.491291263362929,3.491291263362929,0,0,0,1
42,2,196.27435571623087,18.12354134572018,18.09684542354061,58.86366113134814,33.29933263576874,21.74465020956532,2.112009550046224,3.491291263362929,0,0,0,2
42,3,190.11518163292652,18.08452198010688,18.18586703352961,68.50507916623688,30.025431641112768,23.53800188604692,2.210614056910818,2.112009550046224,0,0,0,3
42,4,173.45501309023473,20.04307107109201,19.83572505100415,77.95540148502197,30.67445793148462,21.82733272843251,2.7766947571153064,2.210614056910818,0,0,0,4
42,5,146.38739362385323,21.14175983355815,21.015991786280768,73.58822570496861,34.23491916577876,24.83632650059146,3.3834524332976885,2.7766947571153064,1,0,0,5
42,6,132.91128416463386,20.07387456439977,19.52208582545976,68.27978135329604,32.8153302518961,21.026645572145227,3.990385900370133,3.3834524332976885,2,0,0,6
42,7,122.23954759055653,18.031251773887263,17.941477781241034,63.757211228153466,37.24266403063518,20.96527971857273,5.113933463422666,3.990385900370133,3,0,1,7
42,8,84.02741282414551,17.734552017690188,19.0842816910994,58.83529865961974,31.47026491514456,24.51910970411249,5.844461020534741,5.113933463422666,4,1,1,8
42,9,34.69551906405433,19.67482302282605,19.079400580489818,54.659449817891584,34.829675058591924,25.30449804291834,6.166486720011398,5.844461020534741,5,1,1,9
43,0,140.34229609783412,21.0,21.0,40.0,29.811094768392017,22.949714610376667,3.286918212,6.568422984102493,0,0,0,0
43,1,140.34229609783412,19.19622189536784,19.058994292207533,49.49694568817837,29.811094768392017,22.949714610376667,3.286918212,3.286918212,0,0,0,1
43,2,139.27681877421315,18.212373485997336,18.12045143039933,60.95800739355175,37.56502398388372,26.107541045968468,0.9555085655518278,3.286918212,0,0,0,2
43,3,136.67774342287902,18.12516206941578,18.18410496334684,72.50247239378896,36.323127454673454,27.81278921331106,1.0344922432463612,0.9555085655518278,0,0,0,3
43,4,126.78850674928007,19.429598316900307,19.319130109234315,69.06727349399867,34.444080987749395,29.80481401341568,1.2361545841998662,1.0344922432463612,1,0,0,4
43,5,109.8014226604664,20.691019702639835,20.570176627578945,65.78464844465249,36.39785218583333,28.698675317799022,2.1233855111017106,1.2361545841998662,2,0,0,5
43,6,85.34113326411597,20.180843193277106,21.533701643649533,61.826464693177314,36.121344844371016,25.22207875854469,3.975602301068928,2.1233855111017106,3,0,0,6
43,7,63.20972571585459,19.397319833199045,21.172475915053106,58.05886779639651,32.942434293400204,29.45980516892865,4.715582084674133,3.975602301068928,4,0,0,7
43,8,52.42219909423357,18.54424275458216,17.840388714636735,52.83651368889943,31.44280786390493,22.87744709444464,5.393763310810511,4.715582084674133,5,0,1,8
43,9,32.16982816151592,17.853206176937437,19.86330897499333,63.13993272195359,33.37362654202585,23.86759030827504,5.049292147680222,5.393763310810511,5,1,1,9
44,0,334.14494365700176,21.0,21.0,40.0,25.90418423101937,18.722284496043383,7.387351990978872,2.421659745766675,0,0,0,0
44,1,296.86288732727627,21.19656583873353,21.9427050983125,48.0327643708713,25.90418423101937,18.722284496043383,7.387351990978872,7.387351990978872,0,0,0,1
44,2,296.86288732727627,19.800723662669352,19.45203623305339,56.24820061192786,25.941797518713987,19.69951493160024,9.225697097092793,7.387351990978872,0,0,0,2
44,3,294.35002136716616,18.17435967559081,18.15586674336668,64.73567462360201,27.15978129825489,19.99285209993484,10.252409363366697,9.225697097092793,0,0,0,3
44,4,267.38437874566114,18.19715282323624,18.159140961167942,73.09240915566457,27.74691262881912,18.67939032708398,10.594897304164617,10.252409363366697,0,0,0,4
44,5,215.1000685382057,18.10386546156076,18.14667718059016,66.00402746708542,25.440185706857164,18.513249356592056,9.394529849405204,10.594897304164617,1,0,0,5
44,6,166.50642707512318,18.09260428794469,18.08275716754921,59.46259064757618,27.205655019715987,19.78636264967712,8.982134478777244,9.394529849405204,2,0,0,6
44,7,124.84029580619404,18.027471828013898,18.021676969479287,54.394801235880834,31.443991504786457,23.7349562080172,7.858073185010663,8.982134478777244,3,0,0,7
44,8,85.2057856870561,17.852235091697047,17.91171448250126,49.90255799197047,31.555746089639232,26.82068033308093,7.385160707430942,7.858073185010663,4,1,1,8
44,9,40.87244886667059,19.62412051597343,19.589315003250256,60.80417788360208,30.70631986380228,29.85823508970669,7.388889470064255,7.385160707430942,4,1,1,9
45,0,133.82692811592258,21.0,21.0,40.0,30.254637820087137,24.15019091140085,4.706471405544279,4.186657216829217,0,0,0,0
45,1,133.82692811592258,19.205092756401744,19.08300381822802,49.79286917166784,30.254637820087137,24.15019091140085,4.706471405544279,4.706471405544279,0,0,0,1
45,2,129.27668970875948,18.03430730685907,18.038881673422736,59.21313093549671,29.105258078665106,23.22952949816192,4.322788377059762,4.706471405544279,0,0,0,2
45,3,118.68272556765582,18.206620729581427,18.18399502548661,69.4489344949381,31.93629455773724,24.92928077249275,3.563578461605607,4.322788377059762,0,0,0,3
45,4,110.55253049965388,18.290824312082528,18.21492445217769,80.89909339347224,37.20700033061553,26.404993550129674,3.5401861496586355,3.563578461605607,0,0,0,4
45,5,90.63861000053726,18.14302000866913,18.221900128997405,77.93353353100517,36.858000764071846,30.0,3.914533397439822,3.5401861496586355,1,0,0,5
45,6,75.88447469451248,18.072574305090185,18.05729490168752,75.10548829916208,37.621970934205024,30.0,3.042716073903034,3.914533397439822,2,0,0,6
45,7,65.26769376574342,17.885962100438828,17.942705098312484,71.7667560864561,34.784821040522374,30.0,2.153209009614372,3.042716073903034,3,1,1,7
45,8,50.90137356691662,19.25198532566493,19.099125775059303,68.6458599134639,36.39342691166532,29.601594349489066,1.7957900248533507,2.153209009614372,4,1,1,8
45,9,29.575533102268672,20.14876419686017,19.99529174622437,64.56705525498317,35.31991162187953,25.353395831005383,2.6657300580809933,1.7957900248533507,5,1,1,9
46,0,159.76426927976365,21.0,21.0,40.0,29.4495500706672,18.6187221624415,5.635608556225983,5.565058434578892,0,0,0,0
46,1,159.76426927976365,19.188991001413346,18.97237444324883,48.652289001959566,29.4495500706672,18.6187221624415,5.635608556225983,5.635608556225983,0,0,0,1
46,2,152.22166174965574,18.20475569409261,18.09607456805644,58.98074213288544,36.822589690922285,20.557705480888096,5.831586942675515,5.635608556225983,0,0,0,2
46,3,135.5063548672475,18.07797749853804,18.322416316786367,70.21273960173126,33.221464617825134,29.178521320207217,6.267322567,5.831586942675515,0,0,0,3
46,4,99.4642019633196,18.17035345984205,18.199693831365085,66.43777915219192,32.46862777867955,29.89270305721302,6.462576782285655,6.267322567,1,0,0,4
46,5,69.69631966726735,18.17813385415408,18.068724257413106,62.18454170675725,33.87532048638328,25.828915927868483,5.687057486757116,6.462576782285655,2,0,0,5
46,6,46.73276768302152,18.020105146696416,17.972454497345556,56.83303282732503,32.01583273682822,21.586895710770563,4.504129683,5.687057486757116,3,0,1,6
46,7,26.16181842935045,17.248360977779,19.24108361459441,52.097997346696445,32.298626710154295,24.728953953020262,3.504313734429956,4.504129683,4,1,1,7
46,8,13.277353001336635,19.738478668711824,18.957922009314725,46.73241048108606,31.33075541544981,22.19376199782585,1.610558178501727,3.504313734429956,5,1,1,8
46,9,7.994980085749457,20.817430705758373,20.9055303502488,56.466906262760304,30.69194989342392,23.388582226988508,0.8803954859311962,1.610558178501727,5,1,1,9
47,0,165.83493078310758,21.0,21.0,40.0,29.243793583307443,15.3766626812058,2.378815055016228,4.777329732,0,0,0,0
47,1,165.83493078310758,19.18487587166615,18.90753325362412,48.03168212761239,29.243793583307443,15.3766626812058,2.378815055016228,2.378815055016228,0,0,0,1
47,2,163.41342179508433,18.12913001930627,18.05864697151479,56.722048942239184,32.835549464245176,15.444266172570392,1.6999933044528066,2.378815055016228,0,0,0,2
47,3,156.02093866810483,18.14405383646229,18.264370937824275,66.38823872544538,32.53824128736074,21.16281306378475,2.505234705916943,1.6999933044528066,0,0,0,3
47,4,138.6221765387537,20.188268665911217,19.93990293853912,76.96485072415244,34.68624269827398,24.0727128500986,2.899793688225188,2.505234705916943,0,0,0,4
47,5,109.30059961051924,21.20627430325748,21.144509776601712,72.31502567721274,32.15734210240793,25.3436298590382,3.665197116029311,2.899793688225188,1,0,0,5
47,6,96.479151839628,20.04532135213685,19.820714209218995,68.15343730493164,33.09834007672874,27.11505785504288,3.83180229053476,3.665197116029311,2,0,0,6
47,7,88.18806742577547,18.04687381508844,18.009754407728078,62.97951149367324,29.907189280175064,24.682111768389365,4.145542206926265,3.83180229053476,3,0,0,7
47,8,65.32345449521556,17.89545579151822,17.87960456131751,58.48112885793641,32.179978856086194,26.16233983426476,4.256385115332762,4.145542206926265,4,1,1,8
47,9,29.390060538,18.969373913910804,18.839142077725747,54.24847569432066,33.283976898865824,26.534616636602195,4.491674244651945,4.256385115332762,5,1,1,9
48,0,206.2010461067042,21.0,21.0,40.0,32.077185826254336,16.38042125620044,6.6251186068522285,7.473919274,0,0,0,0
48,1,206.2010461067042,19.241543716525086,18.92760842512401,48.72236927484186,32.077185826254336,16.38042125620044,6.6251186068522285,6.6251186068522285,0,0,0,1
48,2,199.04539354409047,18.17311662943751,18.257493698932645,60.288923274639885,37.868272213754224,26.39036111845704,5.5964268643967054,6.6251186068522285,0,0,0,2
48,3,184.6523097257653,18.07217324176275,18.20556682526926,71.65513787772619,33.97693430189244,29.16870238192036,5.965579643828574,5.5964268643967054,0,0,0,3
48,4,155.29187759989065,18.18878403201595,18.15356663313852,67.7651249279533,34.14562607144157,27.576524207597902,5.175895917,5.965579643828574,1,0,0,4
48,5,127.99212237175198,18.16583881190396,18.19846951584804,64.45388692794833,34.93756666663909,30.0,5.178223382386878,5.175895917,2,0,0,5
48,6,105.18495890838174,18.065483543140108,18.038477688593723,61.04699178317257,35.346998739268926,29.05913934531021,4.6659872244714125,5.178223382386878,3,0,0,6
48,7,83.8891585362664,17.952463473683554,17.961522311406277,57.89727693458062,35.834917507822496,30.0,4.243618137237089,4.6659872244714125,4,1,1,7
48,8,56.958942312073546,19.91765747107308,19.777787883953387,68.58430850096644,33.11499719058823,26.257400400444176,4.488369370698809,4.243618137237089,4,1,1,8
48,9,22.14418892383588,20.626479325418945,20.563559765527927,63.03024471339863,28.860722601873697,23.61670080052735,4.351844173529709,4.488369370698809,5,1,1,9
49,0,125.83420062487816,21.0,21.0,40.0,34.66788230859014,19.37149424433721,3.935726773728825,7.358534679,0,0,0,0
49,1,125.83420062487816,19.293357646171803,18.987429884886744,49.727087779526926,34.66788230859014,19.37149424433721,3.935726773728825,3.935726773728825,0,0,0,1
49,2,123.7405727532353,18.10253082532489,18.128779689386384,60.504661961080224,36.92967849045933,22.945733629281232,1.9630760674647807,3.935726773728825,0,0,0,2
49,3,121.19121099567236,18.200885952865253,18.14254890715189,71.6731498827881,39.473976133722616,22.573178986876645,0.9513528979715836,1.9630760674647807,0,0,0,3
49,4,114.36619104936402,18.173109920199646,18.25807132937757,68.38488551144147,38.858962312456505,26.206235624506657,1.2111029122418622,0.9513528979715836,1,0,0,4
49,5,97.7259896485162,19.71448719885149,19.438990028749835,64.9049206686532,38.25031634262834,25.74987897521464,2.080025175105979,1.2111029122418622,2,0,0,5
49,6,70.44902512135933,20.885221495076912,20.81935105873077,61.302908109351634,35.37406590857813,27.9480865397465,3.409620565894609,2.080025175105979,3,0,0,6
49,7,50.975310040491706,19.59633099843256,20.96567759290967,57.87887037067473,34.310901451794976,30.0,4.182260846320386,3.409620565894609,4,0,0,7
49,8,42.4758812644917,18.508694041274307,18.03169630398188,54.12142211848368,32.88415438431264,29.574466436848137,4.249714388,4.182260846320386,5,0,0,8
49,9,34.89766875993003,17.818440526366214,17.770520157402064,65.00200355945657,33.0766905338719,27.37098413819972,4.513349779310955,4.249714388,5,1,1,9
50,0,45.18256443112424,21.0,21.0,40.0,29.218066717050583,15.959486398172444,2.0654438238572403,2.993402286830668,0,0,0,0
50,1,45.18256443112424,19.184361334341013,18.91918972796345,48.13195956074014,29.218066717050583,15.959486398172444,2.0654438238572403,2.0654438238572403,0,0,0,1
50,2,43.48248211673261,17.992123006438177,18.2380532525034,56.28851878200612,25.95947195458388,19.354745941338184,1.121347818449251,2.0654438238572403,0,1,0,2
50,3,37.805349027553625,19.80295591867663,18.142649775090213,64.70295049925963,27.759608177781093,18.98723469584954,1.2371391513650158,1.121347818449251,0,1,0,3
50,4,34.92822600171373,20.46870020452265,20.44770748773088,74.08083862647376,27.475923277652807,24.62345520687017,0.5195271419991128,1.2371391513650158,0,1,0,4
50,5,33.45259764644823,21.619981344633874,20.85894084768384,68.40888089461693,33.40208461630324,18.420372428936545,0.1959068481422173,0.5195271419991128,1,1,0,5
50,6,31.40902704595568,22.23716528360206,20.43505372135625,62.9468532739899,31.79031858007983,21.198416860881103,0.3305991952151142,0.1959068481422173,2,0,0,6
50,7,23.16974617639645,20.974540382317983,21.769001265974683,57.88389272874197,32.62208216813495,22.58369258048766,1.3399342346409415,0.3305991952151142,3,0,0,7
50,8,7.571372262478794,21.07877483933256,21.98137265197216,53.57301550810931,35.721868217105595,23.662147223824093,2.3570083858961146,1.3399342346409415,4,0,0,8
50,9,1.500702653802514,19.37930729984526,19.0261988424284,49.30648354143992,30.769015885463187,28.861362077484664,2.969739150353873,2.3570083858961146,5,0,0,9
51,0,70.22503657893151,21.0,21.0,40.0,30.64393802657934,20.32068332507236,3.015526451626599,6.171850198506405,0,0,0,0
51,1,70.22503657893151,19.212878760531588,19.006413666501448,49.17363184329731,30.64393802657934,20.32068332507236,3.015526451626599,3.015526451626599,0,0,0,1
51,2,69.17911425604521,18.0078539051174,18.108639865776023,58.36439939426033,28.17188819807372,22.88793152949864,0.8838697617781637,3.015526451626599,0,0,0,2
51,3,66.21118148339154,18.15023758075884,18.121688520920326,67.30250186033605,28.18376723601623,21.472357575515527,1.0028936449637966,0.8838697617781637,0,0,0,3
51,4,59.47872421281861,19.33697443850014,19.207644949877192,62.33278316250609,31.30924767039048,24.41453734166527,0.8415571588216164,1.0028936449637966,1,0,0,4
51,5,49.676332953861404,20.471331605251173,20.41106813295957,57.29427199092166,30.14736027311659,25.19424432919215,1.2252989073696512,0.8415571588216164,2,0,0,5
51,6,38.12834360449547,20.525935636872564,21.4128457719225,51.5023009225298,26.11876556017168,25.03695072654021,1.6684211715292987,1.2252989073696512,3,0,0,6
51,7,20.854946156639645,19.96922317489248,20.942132975381604,46.316452567426936,27.268636475760243,27.254428218112764,3.4611994257910537,1.6684211715292987,4,0,0,7
51,8,5.064910112655425,20.12178236574469,21.18512663750812,55.68490143200977,24.35421606980689,27.6927220667644,4.843064963661915,3.4611994257910537,4,0,0,8
51,9,2.653466465444486,19.30730644743173,19.147788473901883,64.57683964769254,23.81156553641412,25.58809121737903,5.062932254006196,4.843064963661915,4,0,0,9
52,0,213.0761993322425,21.0,21.0,40.0,26.97908180760525,21.78795921492037,5.487051280769098,5.792119723600514,0,0,0,0
52,1,213.0761993322425,19.139581636152105,19.03575918429841,48.77806738405461,26.97908180760525,21.78795921492037,5.487051280769098,5.487051280769098,0,0,0,1
52,2,206.141065404382,18.09935033480308,18.165438587837176,58.90792684149646,29.081853463384,27.19514352240409,5.474302849034235,5.487051280769098,0,0,0,2
52,3,192.4467613502046,18.118540857278337,18.187729338202853,69.09421805826933,27.508896327301755,29.081610432547564,5.031784312788423,5.474302849034235,0,0,0,3
52,4,180.82491894201752,18.29285029275881,18.126062603818287,79.71334180498685,32.88090113399442,26.11423079221399,4.887322591539923,5.031784312788423,0,0,0,4
52,5,155.98563764682433,18.23944933185832,18.09378735754732,75.63159575635507,37.35336772691018,23.303598669579863,4.724393558605451,4.887322591539923,1,0,0,5
52,6,131.46991772402615,18.078806496395835,18.12681326698404,72.3691193477669,38.4289474623262,26.779516934406207,4.901636775385383,4.724393558605451,2,0,0,6
52,7,104.94390270015772,17.918660066020387,17.883731438901957,68.35947471385508,37.22669584772122,23.8308339638798,5.401596740240587,4.901636775385383,3,1,1,7
52,8,63.17373572356284,19.29239461422839,19.052992252369773,65.39989355374281,39.69263163843063,27.198584138723422,5.221270872074358,5.401596740240587,4,1,1,8
52,9,36.07594638247713,20.90099401974656,20.780239894585964,77.60205693291513,38.70926911843311,29.08052743252425,4.516298223514285,5.221270872074358,4,1,1,9
53,0,166.9194122792406,21.0,21.0,40.0,32.15040635947739,16.98588571567614,5.906667666199581,6.967597182107072,0,0,0,0
53,1,166.9194122792406,19.243008127189547,18.939717714313524,48.84453257352764,32.15040635947739,16.98588571567614,5.906667666199581,5.906667666199581,0,0,0,1
53,2,160.1924317592776,17.926481173002003,18.11371925746712,57.019560790902105,25.609719925201645,19.8071035046565,5.369467027425401,5.906667666199581,0,1,0,2
53,3,140.0922146450065,19.687935870266035,18.25226515122969,66.31541134258637,26.723253109882407,24.9203610661413,4.316539115878264,5.369467027425401,0,1,0,3
53,4,128.78725921738717,20.535984284073507,18.117285477484835,75.45780786772124,29.276966697170145,21.514125109134675,3.419674861677416,4.316539115878264,0,1,0,4
53,5,109.95556418818812,20.17295022901469,18.190934276637265,70.08422339310297,29.95392794946264,23.526158302658114,3.473886534026832,3.419674861677416,1,1,0,5
53,6,85.92150968838433,20.180555989773666,18.09155577723471,65.15427296328825,30.705517754344644,25.239202080017986,4.429651488424386,3.473886534026832,2,1,0,6
53,7,52.04618846197137,19.998083609081704,20.314548947676617,60.29412384867626,27.31391237481465,29.01859254400765,4.424865992195785,4.429651488424386,3,1,0,7
53,8,24.19501674235468,21.04251126987914,19.85297319830387,54.38601950436998,23.082586011808587,27.427945408712063,4.084651291384853,4.424865992195785,4,1,0,8
53,9,10.569402876100504,21.635242368797925,19.95579866968834,63.98473298760358,25.170508358217145,28.15567765974726,3.490175091142972,4.084651291384853,4,1,0,9
54,0,124.5543034162494,21.0,21.0,40.0,33.19546111629865,19.02161508290255,4.268166451987251,7.251146528503431,0,0,0,0
54,1,124.5543034162494,19.26390922232597,18.98043230165805,49.39907371585622,33.19546111629865,19.02161508290255,4.268166451987251,4.268166451987251,0,0,0,1
54,2,121.50022039525636,18.03605908698964,18.139650793176592,59.34822812283336,32.133670381405466,23.139409657356428,2.6890425279620382,4.268166451987251,0,0,0,2
54,3,117.76042453204822,18.09811064342586,18.15708733728177,68.8941643561793,29.539202552698423,23.493776521445675,1.325318237549589,2.6890425279620382,0,0,0,3
54,4,114.67038066253272,18.16829933404293,18.215486900827432,78.55679316410934,28.6836594235974,24.997611731569428,1.2384585831093164,1.325318237549589,0,0,0,4
54,5,100.17743885585412,19.507587377783167,19.42056140834209,73.43277196716197,29.25501693806712,25.61153196778081,1.8116177258348232,1.2384585831093164,1,0,0,5
54,6,76.78778004637161,20.690083056339272,20.69694319245762,68.79800303871937,29.27349989995337,28.311117164254465,2.923707351185316,1.8116177258348232,2,0,0,6
54,7,45.81837616936772,20.562064727901987,21.69697505807403,64.05456823859902,28.280102745977533,28.7008150311316,4.563930091897991,2.923707351185316,3,0,0,7
54,8,16.947272264659727,20.48298261189695,21.003077698487203,59.67888428165056,34.22146010594014,24.802517911012835,5.261695112380197,4.563930091897991,4,0,0,8
54,9,7.411692125432,18.637652549605225,18.31805940815653,55.51189515701944,34.18081226281503,26.002581489234323,4.767790069613863,5.261695112380197,5,0,0,9
55,0,65.70496968948747,21.0,21.0,40.0,28.997468520857502,17.531056450986682,3.4418711599988705,5.760294626200038,0,0,0,0
55,1,65.70496968948747,19.17994937041715,18.950621129019734,48.37513449493196,28.997468520857502,17.531056450986682,3.4418711599988705,3.4418711599988705,0,0,0,1
55,2,62.553869424155934,17.979709795847867,18.030596699066297,55.81171921371631,25.11821322887552,16.196146319926427,2.330840189993881,3.4418711599988705,0,1,0,2
55,3,56.4122700191384,19.61627176812358,18.221856751246573,63.84408948669963,24.83529541209621,19.7889838822556,1.3006965459673971,2.330840189993881,0,1,0,3
55,4,48.42758474372523,20.5008881292716,20.60042950958921,73.58592201116268,29.509372488704827,24.611919313867688,1.38163281,1.3006965459673971,0,1,0,4
55,5,36.7168861187474,21.66726440581732,20.84610922476756,67.83521104029828,30.70175814849115,20.68318090226213,1.5805876784301445,1.38163281,1,1,0,5
55,6,27.911873720980267,22.22969741835013,19.7098260549167,62.139789269899495,31.09262808722004,20.599473188342312,1.617484627717121,1.5805876784301445,2,0,0,6
55,7,22.80851942500396,19.61258046258107,21.174053683048545,56.92511927132696,28.064920590705103,26.29802386166976,1.0482623972389682,1.617484627717121,3,0,0,7
55,8,17.841774632890935,18.599481793506943,18.112193779276385,52.88977107715232,30.928517329550584,29.98621492503469,2.483372396056511,1.0482623972389682,4,0,0,8
55,9,2.944602571571608,19.48042329630517,18.839820118589053,62.88188407533622,32.30456770133104,23.207171177468403,3.4207754607158347,2.483372396056511,4,0,0,9
56,0,268.4811789767278,21.0,21.0,40.0,26.61957445211669,15.038631154240514,7.728012001146649,4.456424009021792,0,0,0,0
56,1,255.9649138229402,20.12935182327566,19.52340930189061,47.498477009144295,26.61957445211669,15.038631154240514,7.728012001146649,7.728012001146649,0,0,0,1
56,2,255.24170261475567,18.07746777546173,18.10857148549725,55.639999136544205,27.628218140827848,17.6024603447272,9.11409239217624,7.728012001146649,0,0,0,2
56,3,226.1365171207433,18.186274895907093,18.18577578587852,64.42997740001478,29.44196293618293,19.39124963865361,9.658710879041282,9.11409239217624,0,0,0,3
56,4,203.17500652973573,18.272581147427427,18.26685378507696,74.73748651677562,33.800510476306364,23.46342906125385,9.281501885279614,9.658710879041282,0,0,0,4
56,5,159.4890895380678,18.05754939207969,18.168241653314293,69.37711504208232,29.17798008029097,24.37551172696851,8.427360631162706,9.281501885279614,1,0,0,5
56,6,119.4518736114054,18.14588925349376,18.11933837270326,65.37248397278688,33.60769767060292,27.47768527775572,7.640240941018946,8.427360631162706,2,0,0,6
56,7,88.80570885138613,17.863350385238775,17.94832015826908,60.70419602543747,29.63996201691753,27.758438275585707,6.204195168096462,7.640240941018946,3,1,1,7
56,8,47.581754209660566,19.21885219956322,19.033555088616403,56.8326384470157,34.90749453588269,26.91718558399636,5.152994330215695,6.204195168096462,4,1,1,8
56,9,20.93077686350925,20.737085040171024,20.664891326860666,67.27461848567069,32.20007127223505,25.810928942514856,4.441829557691886,5.152994330215695,4,1,1,9
57,0,247.02151953882472,21.0,21.0,40.0,31.569373378022984,21.37348539219084,7.598820827,6.0967536474952775,0,0,0,0
57,1,247.02151953882472,19.23138746756046,19.027469707843817,49.52971457863849,31.569373378022984,21.37348539219084,7.598820827,7.598820827,0,0,0,1
57,2,238.1894144133679,18.10454549740069,18.003076567831485,58.99671951399151,33.931903163682385,18.662568699389933,7.96998135,7.598820827,0,0,0,2
57,3,215.5211529083115,18.233628454041323,18.277844387699417,70.36698002501147,38.11332586574945,25.05478808436148,7.719059936407361,7.96998135,0,0,0,3
57,4,178.96120974714037,18.26139243925917,18.26078821221854,68.09948286008137,41.91243799745935,28.823688864040044,6.693848707607271,7.719059936407361,1,0,0,4
57,5,150.1802426995178,18.00010498674492,18.101432483902048,64.04582293097403,34.41768733470548,26.39531305914268,5.838037227263794,6.693848707607271,2,0,0,5
57,6,123.13419283834378,18.07932043026253,18.113406107229377,60.69539360891858,35.51896376345633,29.200873336235624,5.194225076969724,5.838037227263794,3,0,0,6
57,7,99.43551071484106,18.02962930176081,17.93506507465263,58.05852190495935,39.86517393587248,28.81887215324292,4.804940062676389,5.194225076969724,4,0,1,7
57,8,67.45434441987592,17.883150493214412,19.191002201764764,55.93260765234624,41.52269859659381,30.0,4.927712319463442,4.804940062676389,5,1,1,8
57,9,36.768708394980536,20.634837169181083,19.917936436711862,68.27562504567614,42.39978992351935,26.17252892831344,5.1142726708158985,4.927712319463442,5,1,1,9
58,0,227.54124544871223,21.0,21.0,40.0,25.37415128584443,15.58139350111973,6.931968185400623,4.269489586438487,0,0,0,0
58,1,216.19700451999705,20.0509582051992,19.60466350901257,47.37199806165355,25.37415128584443,15.58139350111973,6.931968185400623,6.931968185400623,0,0,0,1
58,2,215.5206352923771,18.112932894573625,18.048315886535782,55.1639269229165,28.15605093014989,15.1324427435332,7.446575945898799,6.931968185400623,0,0,0,2
58,3,193.77014489999743,18.074222002307003,18.183880767075024,62.57878070861791,24.36715104550054,16.826481097285097,7.074442748072419,7.446575945898799,0,0,0,3
58,4,175.55434678059336,18.30790984818477,18.24318349704526,71.6160910621403,30.4921336234914,19.715146118299657,6.674299196334497,7.074442748072419,0,0,0,4
58,5,140.08133417605512,18.18528361378561,18.164381091514205,66.10038376336107,32.25631431277226,20.434200694009803,6.6748101,6.674299196334497,1,0,0,5
58,6,106.99419904460602,18.07451430620583,18.11303624140405,61.24132316269544,33.11728453868787,23.22126767983641,6.429578820330066,6.6748101,2,0,0,6
58,7,81.72140282939024,17.967154437485036,17.948408051825464,56.65363319619957,34.339751497315454,23.50641535548529,4.951146175083752,6.429578820330066,3,1,1,7
58,8,47.17423241339024,19.2195458802674,19.05749792587676,52.1622795184572,33.382480980706234,24.99888747628065,4.318396302,4.951146175083752,4,1,1,8
58,9,22.81173816539024,20.805149724543064,20.642592205070656,62.81659382483774,34.874615162463826,24.31601987298364,4.060415708,4.318396302,4,1,1,9
59,0,220.202557851484,21.0,21.0,40.0,26.483845303341628,21.9133357931149,7.0424736869756295,2.341308708694496,0,0,0,0
59,1,186.5361571234208,21.102822773290303,21.845600297262948,48.711492597362174,26.483845303341628,21.9133357931149,7.0424736869756295,7.0424736869756295,0,0,0,1
59,2,186.5361571234208,19.79562955086247,19.4273571147198,58.20483748574591,30.00638194150466,22.73442299396057,9.287013822977675,7.0424736869756295,0,0,0,2
59,3,185.179808454736,18.12246928984216,18.190299320363167,67.81309986597785,28.629846433613373,24.74938901211956,10.440992996153298,9.287013822977675,0,0,0,3
59,4,161.94607553181334,18.19324283217576,18.140160231956592,77.0846062841517,29.021478211153376,22.48689077870142,9.536350687728076,10.440992996153298,0,0,0,4
59,5,118.78556593061096,18.166906844680312,18.12744099239032,71.30524323596127,29.86682044516908,21.3589403982174,7.8697445519273215,9.536350687728076,1,0,0,5
59,6,86.9924785622635,18.04941407492877,18.121143764930707,66.0295925161308,29.47277910723153,24.55138356037698,6.084613301747831,7.8697445519273215,2,0,0,6
59,7,63.11911727973793,17.936439563441173,18.01004366254115,61.30359906051655,29.159502363666185,27.918311771810146,4.621233719129699,6.084613301747831,3,1,0,7
59,8,36.21821618591723,19.15154482409914,17.822092517417488,56.22466276926629,28.59408296148077,26.522937642684443,3.994757060864592,4.621233719129699,4,1,1,8
59,9,17.2998864779203,19.982395791921338,20.23573272779124,66.37004875001952,31.81909662767957,24.54415882094948,3.153054951332821,3.994757060864592,4,1,1,9
60,0,270.2241990457082,21.0,21.0,40.0,28.238716441256617,21.80676443699532,5.895737675284039,6.303220308711328,0,0,0,0
60,1,270.2241990457082,19.16477432882513,19.036135288739903,49.00818655808535,28.238716441256617,21.80676443699532,5.895737675284039,5.895737675284039,0,0,0,1
60,2,263.82742397231243,18.07549463692133,18.08924536628183,58.46772491462403,29.14870320294833,23.404287666710992,5.250696485511845,5.895737675284039,0,0,0,2
60,3,248.02868270317683,18.248932020667723,18.12857176968622,68.62479738434843,34.0953042363352,22.33287615102256,5.474109280589384,5.250696485511845,0,0,0,3
60,4,234.7122466002612,18.17752128110977,18.245095547456625,79.24803777192119,33.70085846057591,25.31714369260612,5.747043852998098,5.474109280589384,0,0,0,4
60,5,203.85596288760075,18.074143914045944,18.200179488617017,74.64018878346063,29.90805416287307,27.82611812345712,5.873052932573664,5.747043852998098,1,0,0,5
60,6,172.80147183433223,18.000593311623096,18.03491700069915,69.32062437552506,27.072974659652346,26.707223074038943,6.073615911555651,5.873052932573664,2,0,0,6
60,7,136.13550487105343,17.95931839603446,17.94465663480436,64.16814347551414,27.903639545750966,26.80479989863286,6.927993398249087,6.073615911555651,3,1,1,7
60,8,82.08948624131423,19.15578554431009,19.151693126374468,60.04456199225601,30.42454731523256,30.0,6.755752328717398,6.927993398249087,4,1,1,8
60,9,34.684664555683774,20.02977969852518,20.04627416618592,55.70716131173559,29.236662885997664,30.0,5.925602710703807,6.755752328717398,5,1,1,9
61,0,66.92297289212756,21.0,21.0,40.0,34.80509278865018,22.839674169226885,5.284903714037762,7.108807753091166,0,0,0,0
61,1,66.92297289212756,19.296101855773006,19.05679348338454,50.37605805241788,34.80509278865018,22.839674169226885,5.284903714037762,5.284903714037762,0,0,0,1
61,2,63.6137305363262,18.1378706527555,18.16148462486308,62.41500537302776,38.833880342049866,28.04916032800504,3.560243604240781,5.284903714037762,0,0,0,2
61,3,58.220043544848885,18.09239514961025,18.127547819932204,73.73343941951991,35.95363782256288,26.92655132461576,2.176339627650459,3.560243604240781,0,0,0,3
61,4,56.81430336891524,18.18214798966704,18.22220922711202,70.35370487777418,35.790527474666575,28.766502848968244,0.2453359646003092,2.176339627650459,1,0,0,4
61,5,50.11889452091524,19.503004803410647,19.518656660246315,65.90467282515172,28.616488596541927,30.0,0.836926106,0.2453359646003092,2,0,0,5
61,6,39.5702382491006,20.83118406581353,20.757399880120285,62.32647048293467,33.45443143212744,30.0,1.3185820339768304,0.836926106,3,0,0,6
61,7,21.385558192764314,20.716852768894046,21.530251228623303,59.17362148688558,36.26000267262987,29.557502904875232,2.834439280078465,1.3185820339768304,4,0,0,7
61,8,2.53266275891259,20.155831968196143,20.975017080451767,56.38023260365115,38.01914653290039,29.79535967135276,3.795817377692595,2.834439280078465,5,0,0,8
61,9,2.442345461360784,19.3130944927664,18.89329920674073,68.58125764566951,37.78347245565754,30.0,4.916483761448309,3.795817377692595,5,0,0,9
62,0,178.5235434614015,21.0,21.0,40.0,26.99117210300796,17.055563209259258,4.462930448893935,6.577737058525979,0,0,0,0
62,1,178.5235434614015,19.13982344206016,18.941111264185185,47.9284123562081,26.99117210300796,17.055563209259258,4.462930448893935,4.462930448893935,0,0,0,1
62,2,173.0441398822488,18.081812630554715,18.10490321058192,56.5059590522708,28.21705854636809,19.43597865398028,3.788765335727567,4.462930448893935,0,0,0,2
62,3,164.13718124592776,18.273789003964104,18.21840159640909,66.81322115169249,34.40650874457375,22.85605847443565,3.004737383167191,3.788765335727567,0,0,0,3
62,4,158.00118658330638,18.24544014835498,18.21118788895806,77.89275204768235,37.40800633107499,24.14494309109093,2.792658882273697,3.004737383167191,0,0,0,4
62,5,143.05012018139348,18.068087386810006,18.079678335736308,72.60217444658909,33.312375671575445,20.62885987790645,2.890454681873916,2.792658882273697,1,0,0,5
62,6,122.9670002155398,17.944568277101002,18.124207710150245,66.89927250038184,27.67604444225004,23.974500301043022,3.78728428,2.890454681873916,2,1,0,6
62,7,82.34807511426177,19.41047198631693,19.238273384182307,62.32222503144229,30.49358893919986,27.41170290002481,5.113588413261682,3.78728428,3,1,0,7
62,8,38.59794282841085,20.42202071967562,20.13147757784413,58.07205235777965,33.160499747933585,26.560763176162883,5.616341519197003,5.113588413261682,4,1,0,8
62,9,16.016895159643425,21.76782033669294,19.64011508823832,68.76321323880433,32.751633619812885,26.64370460810192,5.779208970750829,5.616341519197003,4,1,0,9
63,0,229.38254451978923,21.0,21.0,40.0,28.010417639701927,24.12407232294737,3.960863727164933,3.658086718561216,0,0,0,0
63,1,229.38254451978923,19.16020835279404,19.08248144645895,49.38420819327688,28.010417639701927,24.12407232294737,3.960863727164933,3.960863727164933,0,0,0,1
63,2,224.9536794827077,18.195737917247467,18.05729742480469,60.01442623464805,34.9325684176997,24.12419847880682,3.888757863,3.960863727164933,0,0,0,2
63,3,213.8676656710253,18.06069323200597,18.183349084544563,70.14102512497406,30.46723001799835,25.79165270603508,4.141915000459443,3.888757863,0,0,0,3
63,4,189.1895828305452,18.15964746635486,18.17530042013072,64.94477145442086,29.17909350449297,25.286163881322544,4.225269023746716,4.141915000459443,1,0,0,4
63,5,166.79384947603367,18.166909026683616,18.17414435826347,60.11799824839143,30.024544838673823,26.49338179449605,4.129135117076903,4.225269023746716,2,0,0,5
63,6,140.42662406522146,18.03776380553456,18.062009529330897,55.15787682577576,29.04799003102562,26.72911317666512,5.193176005,4.129135117076903,3,0,0,6
63,7,109.20290009987352,18.02282803524799,18.002217088613968,51.45446974829319,33.05413687780154,29.70471269173977,6.010732625,5.193176005,4,0,0,7
63,8,74.80554124097166,17.948952560494142,17.855905746165195,48.69478743074487,38.001764902509294,30.0,6.568302135683668,6.010732625,5,1,1,8
63,9,34.24301629455881,19.79120727767455,19.633438161833563,61.16593587200192,39.28415800698361,30.0,6.760420824402143,6.568302135683668,5,1,1,9
64,0,344.70007882937847,21.0,21.0,40.0,34.4068780681242,19.315241752097823,5.533428652391688,2.363734999653362,0,0,0,0
64,1,320.0720532721942,20.7825086198726,21.9427050983125,49.669981567639965,34.4068780681242,19.315241752097823,5.533428652391688,5.533428652391688,0,0,0,1
64,2,320.0720532721942,19.748865849234534,19.24526440876586,58.9116145419689,29.559765129886983,21.78264028305155,7.961128980729184,5.533428652391688,0,0,0,2
64,3,289.0210141381665,19.916274881527503,19.43174972367537,69.3844441622538,31.444645679141026,26.737741100219523,9.481031155821697,7.961128980729184,0,0,0,3
64,4,289.0210141381665,18.3810507291198,18.39329286447772,79.96584543286346,32.72066660719193,26.06489600730617,9.453667639875276,9.481031155821697,0,0,0,4
64,5,244.16128668765964,18.114082036142992,18.097433670781555,74.75088806579403,30.92476841434141,23.436579546384007,9.077297849175002,9.453667639875276,1,0,0,5
64,6,194.29170099128768,17.99551862878877,18.078756529276696,69.17309889093849,27.83595476940409,24.50966092584292,9.522550697,9.077297849175002,2,1,0,6
64,7,131.87448879887995,19.29240859176764,17.960150281942887,63.27599039553641,25.18969936262513,25.3819201073633,9.331505147,9.522550697,3,1,1,7
64,8,67.15302407887994,19.51385150916421,19.956195337955936,58.69199337293775,27.866683207785176,30.0,8.09018309,9.331505147,4,1,1,8
64,9,28.04110558936187,21.323034138287305,21.202464408572823,69.38279260263042,29.39332905384817,30.0,6.518653081586344,8.09018309,4,1,1,9
65,0,148.85909697991536,21.0,21.0,40.0,34.33634858119019,18.15807638443375,5.179411705528362,4.370684638871349,0,0,0,0
65,1,148.85909697991536,19.286726971623803,18.96316152768868,49.44899649381231,34.33634858119019,18.15807638443375,5.179411705528362,5.179411705528362,0,0,0,1
65,2,143.05876681735236,18.075980264307866,18.12147676848404,59.64379805237667,35.27061671220827,21.3671697242604,5.154878306542354,5.179411705528362,0,0,0,2
65,3,131.18839665654303,18.048348386635823,18.255896088677144,69.876799888758,30.188036044000228,26.661974158118323,4.277698521681051,5.154878306542354,0,0,0,3
65,4,122.16023157872075,18.117441262676152,18.18727825941705,79.51489388472899,26.78958934655997,26.75537729772327,3.801989064069521,4.277698521681051,0,0,0,4
65,5,103.59827731471356,18.288888942108443,18.144397265196485,75.35256374644435,33.73403645198226,26.47524055754748,3.393755927491692,3.801989064069521,1,0,0,5
65,6,84.52964508413638,18.066486467888083,18.04883250908991,71.19679617058634,34.19361476201069,26.052120927667072,3.875386419940792,3.393755927491692,2,0,0,6
65,7,64.9617029045063,17.908268565675574,17.910547551922953,66.44168188349035,32.471788130164946,24.444243608190643,3.843409162914415,3.875386419940792,3,1,1,7
65,8,36.91796383250629,19.250015701781656,19.102728110062525,63.41527386791516,36.92507513063641,29.59488033839036,3.505467384,3.843409162914415,4,1,1,8
65,9,15.525112735935796,20.075350137024536,19.963235579544897,58.37401221072688,31.570682938250407,23.75564118848134,2.6741063870713115,3.505467384,5,1,1,9
66,0,64.4250669560375,21.0,21.0,40.0,29.31504360639344,20.614515398284745,3.9894221197129087,6.489086375840484,0,0,0,0
66,1,64.4250669560375,19.18630087212787,19.012290307965696,48.98732062084207,29.31504360639344,20.614515398284745,3.9894221197129087,3.9894221197129087,0,0,0,1
66,2,61.67116448264679,18.163348132427803,18.136634558189943,59.64317722686864,34.61770514340814,24.58149822340617,2.2523552981377137,3.9894221197129087,0,0,0,2
66,3,61.49761811269361,18.13967374256753,18.071251796062093,69.49736368056205,34.10139227178551,20.64408802651121,0.06595106,2.2523552981377137,0,0,0,3
66,4,53.058504761778536,19.300948255429017,19.18336201942756,64.4789675217465,31.179497835450704,24.27385683779628,1.0548891688643838,0.06595106,1,0,0,4
66,5,37.27505614197913,20.469765285475606,20.412553679742548,59.92823321274688,31.33792494389403,26.7135511172192,1.9729310774749265,1.0548891688643838,2,0,0,5
66,6,25.93868962235005,19.6548824872888,20.87641834585881,56.46556528720304,34.096289302534245,30.0,2.157135168657155,1.9729310774749265,3,0,0,6
66,7,13.024881752699423,19.683012456269417,20.78631026622919,52.614238430370136,33.03161223437124,28.905460783223774,2.2787730986884216,2.157135168657155,4,0,0,7
66,8,1.1407239529644062,20.103537555600376,21.03840565194289,49.710546546075065,37.20171175391626,30.0,1.8033326938778111,2.2787730986884216,5,0,0,8
66,9,1.1407239529644062,19.2403092155254,18.812635609155983,60.60600175673177,33.945482799601685,26.58482392626893,1.7641524261652677,1.8033326938778111,5,0,0,9
67,0,272.7755812220631,21.0,21.0,40.0,25.590782627592905,16.699253631893868,6.449083289865628,2.143775095255414,0,0,0,0
67,1,239.711342143972,21.238782942623875,21.93398507263788,47.61220652670762,25.590782627592905,16.699253631893868,6.449083289865628,6.449083289865628,0,0,0,1
67,2,239.711342143972,19.80581016305375,19.407443226398662,55.20075787778387,25.824466749817184,16.334151867273114,8.790136138905629,6.449083289865628,0,0,0,2
67,3,236.32098220303504,18.156816487386628,18.24614850164892,63.71599413018016,26.165291119148453,21.141576949719823,9.678176844432295,8.790136138905629,0,0,0,3
67,4,213.43405054686312,18.264386480346737,18.250671091107566,73.52936498641594,30.11410530523745,24.404621673850244,9.241254745155414,9.678176844432295,0,0,0,4
67,5,167.12621305338607,18.15583202995484,18.10898593170684,68.02609749760681,30.40570680297966,22.353918259191868,8.802661097435477,9.241254745155414,1,0,0,5
67,6,122.75723520642674,18.05392870418185,18.061961202534643,62.53453093887087,30.23739692769644,22.58723330154833,8.498076671736904,8.802661097435477,2,0,0,6
67,7,83.13112065913151,18.01602288109749,17.915643262244426,57.459267900587534,33.90328606694702,21.234141498145576,7.563380963,8.498076671736904,3,0,1,7
67,8,45.952191986624605,17.08360462717974,19.11153415059537,52.775002141815264,30.583517425933955,26.72611724755344,6.274886164721483,7.563380963,4,1,1,8
67,9,19.55721772876609,20.123408274336704,19.386058438364262,62.84827022577024,31.205574706902144,24.757025759514413,4.399162376309752,6.274886164721483,4,1,1,9
68,0,176.4536169530781,21.0,21.0,40.0,28.73783201908008,24.222883992666183,3.645018368703425,2.812360978347176,0,0,0,0
68,1,160.04830029517498,20.90585821788645,21.854106166809377,49.53292888211433,28.73783201908008,24.222883992666183,3.645018368703425,3.645018368703425,0,0,0,1
68,2,160.04830029517498,19.749816655743487,19.36188317392592,59.55120760272748,30.415029430220592,25.242074573185807,4.793976726399702,3.645018368703425,0,0,0,2
68,3,142.49721500395017,19.73264811281796,19.312285116630687,68.78697020650077,29.82783072068763,21.48196152249732,5.843315242677816,4.793976726399702,0,0,0,3
68,4,142.3016505679681,18.1258747663534,18.143167302414867,77.00757471061443,26.300208210855885,19.369816811997826,6.564445044391689,5.843315242677816,0,0,0,4
68,5,105.9195432897268,18.12084070031427,18.091116582784693,69.43579476261881,24.84224322656957,16.425645951232532,6.429011585666349,6.564445044391689,1,0,0,5
68,6,76.9917989793052,18.091202042239708,18.141959154256188,62.93115735271098,26.5376002541792,20.65885857966617,5.261052959073077,6.429011585666349,2,0,0,6
68,7,55.67463639851167,17.945586145659316,17.91622170381482,56.21409881844562,26.68165262152072,19.334688854782826,4.063333072372941,5.261052959073077,3,1,1,7
68,8,29.3498667179104,19.05350031596874,18.81718451118068,48.50092691242515,26.36931758347845,14.113060716407826,3.290596210075159,4.063333072372941,4,1,1,8
68,9,14.283948893999998,20.43695669277612,20.36630822989149,56.64645588614805,26.16504947947876,19.08788926342626,2.510986303985067,3.290596210075159,4,1,1,9
69,0,170.5800130775535,21.0,21.0,40.0,34.47897559257653,17.000405795484077,6.261618261169179,5.722465966572539,0,0,0,0
69,1,170.5800130775535,19.28957951185153,18.940008115909684,49.26628864985091,34.47897559257653,17.000405795484077,6.261618261169179,6.261618261169179,0,0,0,1
69,2,163.89412001152976,18.055877663887195,18.024923424485664,58.2284788646824,34.40811370256054,15.38183193539219,5.7449628941737485,6.261618261169179,0,0,0,2
69,3,146.7091774811635,18.11914497129833,18.2824243135004,68.1047926427027,32.86536226747748,22.00304761041306,5.696243746648586,5.7449628941737485,0,0,0,3
69,4,135.7200172116507,18.083246791428063,18.20243038362136,77.21481745691858,27.75719200763277,22.85405696023317,4.723209946096983,5.696243746648586,0,0,0,4
69,5,116.40575122489372,18.15468481098122,18.170555833537232,71.55200807180054,27.99143255669372,23.881848637094976,3.4830255254846505,4.723209946096983,1,0,0,5
69,6,97.43082424980702,18.03917410902807,18.07587786878241,65.89335825660153,27.08539292372149,24.810996991839588,3.659999066655797,3.4830255254846505,2,0,0,6
69,7,73.39513024243792,17.964644921764922,18.01698127831348,61.100652472483375,28.18238409634329,28.52480599188921,4.570804946262781,3.659999066655797,3,1,0,7
69,8,42.10008772496706,19.18969021536062,18.316337566209217,56.84869122243775,29.87014367652861,29.84118271210683,4.381262811052578,4.570804946262781,4,1,0,8
69,9,15.183691425416084,20.25045982405637,20.39788424766164,67.12057300915733,29.82276590175704,27.243244024462804,4.533662657154436,4.381262811052578,4,1,0,9
70,0,225.56224254447284,21.0,21.0,40.0,33.24299805047452,19.67141175253978,5.6491956551756255,6.636559600443364,0,0,0,0
70,1,225.56224254447284,19.26485996100949,18.9934282350508,49.52459376454257,33.24299805047452,19.67141175253978,5.6491956551756255,5.6491956551756255,0,0,0,1
70,2,219.88013480493785,18.05723463860682,18.179385564742184,60.1474611288512,33.23998489644054,25.77594490527406,5.122465904731769,5.6491956551756255,0,0,0,2
70,3,206.29584218448983,18.059092749954708,18.170099952236,70.13306281287635,28.694622394176463,26.78094251707436,5.0459210274491255,5.122465904731769,0,0,0,3
70,4,174.64232311544976,18.217662956935342,18.1896703717569,65.44728091588226,30.307260409695303,26.993951273670845,5.392766412454131,5.0459210274491255,1,0,0,4
70,5,143.27059169387232,18.13687253822491,18.119476391777138,60.36863938890659,29.650887320940804,25.46777086252769,5.917000211412492,5.392766412454131,2,0,0,5
70,6,111.21424419720373,18.12650841415429,18.11279610815444,56.41243033233423,33.111562944279505,28.242831185874,6.186689451809002,5.917000211412492,3,0,0,6
70,7,90.14261377341948,17.124523129290438,17.261498156824473,51.56172108117147,27.20246449317786,29.182484111473507,5.9230934830517885,6.186689451809002,4,1,1,7
70,8,47.15734829105933,18.381541194510795,18.4162190012159,46.1460986555562,24.72901316582481,28.51752891409037,5.3731581852950185,5.9230934830517885,5,1,1,8
70,9,20.44824045188527,19.970124994545927,20.055434762602964,55.98297065413471,24.93181668878156,29.71747219221017,4.451517973195677,5.3731581852950185,5,1,1,9
71,0,212.00103269046824,21.0,21.0,40.0,28.72181787013057,20.095375539056203,6.471504129448637,4.702982681900373,0,0,0,0
71,1,204.8653558138711,19.88409677789126,19.39487744235024,48.78709481365362,28.72181787013057,20.095375539056203,6.471504129448637,6.471504129448637,0,0,0,1
71,2,203.0603107560767,18.00879299838989,18.13680750806485,57.85328595502475,26.29672270524913,24.071005857923826,6.6220906550843415,6.471504129448637,0,0,0,2
71,3,184.18489909036592,18.104663351484508,18.08143237573553,65.89433864137644,24.029890279474827,20.642624644701154,6.404925180137017,6.6220906550843415,0,0,0,3
71,4,167.61753256274503,18.26379608708441,18.29166571301857,75.59716398940579,27.94918480244765,25.955400464382063,6.080941894292447,6.404925180137017,0,0,0,4
71,5,136.14872568462278,18.22263801416436,18.17586271660948,71.18649591439966,31.581085510665662,27.24853629485583,6.009416830663033,6.080941894292447,1,0,0,5
71,6,107.18973857886948,18.082084511382973,18.01143315826056,66.58617863581003,32.82056599543873,24.95544912350779,5.815820587489249,6.009416830663033,2,0,0,6
71,7,85.76222262182642,17.801214923282213,18.028413639001823,61.483826648152046,25.7460572439253,29.240876157974792,4.152366853745637,5.815820587489249,3,1,0,7
71,8,59.339673336419125,19.034062352043087,17.839340187297044,56.006747382364495,24.19722966724224,28.70788552282689,3.895278703582849,4.152366853745637,4,1,1,8
71,9,35.05988540590319,19.931414706962,20.197361505324544,66.15986449391303,30.514849364166583,25.89135681110311,4.046631321752656,3.895278703582849,4,1,1,9
72,0,49.86235832235233,21.0,21.0,40.0,33.43253265588527,20.77564676857712,3.277939134256048,6.752898896,0,0,0,0
72,1,49.86235832235233,19.268650653117707,19.015512935371543,49.75747229640323,33.43253265588527,20.77564676857712,3.277939134256048,3.277939134256048,0,0,0,1
72,2,48.59980498224881,17.99839854732035,18.003513467545847,58.50084449622711,30.487714937527382,18.08657506149419,1.1909878543198462,3.277939134256048,0,1,0,2
72,3,47.60827745645843,19.747148913327404,18.13840738470176,67.39613177185845,31.91131834581384,17.506944296582464,0.2118250062037292,1.1909878543198462,0,1,0,3
72,4,45.434029097323126,20.56834018000663,20.83618999116474,77.49520552873987,33.42229884374357,22.68366647226437,0.3623747265225507,0.2118250062037292,0,1,0,4
72,5,39.65540981112135,21.90944353646072,20.66350072263961,72.53284295523959,34.72611947236998,21.038532897072848,0.8129552721597773,0.3623747265225507,1,1,0,5
72,6,33.51379812228277,22.164697302228635,20.21417864484437,67.69663690330053,29.68819038533247,26.77733154833945,1.0711025478438736,0.8129552721597773,2,0,0,6
72,7,22.59788302523324,20.79478945323393,21.66573206613001,64.33644267244799,34.66558760637477,30.0,1.837445206729333,1.0711025478438736,3,0,0,7
72,8,8.454066004718273,20.68148043328012,21.8096921041434,59.43127387011364,28.0977903354171,27.98460520716984,2.2205031648845024,1.837445206729333,4,0,0,8
72,9,0.9255173159789278,19.455929119494144,19.10149592590783,55.28471237320991,31.9962738196679,28.300606753089177,2.793687986024838,2.2205031648845024,5,0,0,9
73,0,243.202206042854,21.0,21.0,40.0,25.474168939060327,20.465489228499244,3.635294543,5.709522278,0,0,0,0
73,1,243.202206042854,19.109483378781206,19.009309784569982,48.269138470160726,25.474168939060327,20.465489228499244,3.635294543,3.635294543,0,0,0,1
73,2,239.55965896667823,18.08874470396708,18.13139357178917,57.48821319175268,27.046659053039008,24.17042273358294,2.6504879990323245,3.635294543,0,0,0,2
73,3,231.4854148744316,18.293843646145444,18.135320374206245,67.8697640965101,34.238841360311966,23.436441443895887,2.8202590670198324,2.6504879990323245,0,0,0,3
73,4,224.0956305129429,18.094100162714174,18.2011551986854,77.57122971461449,29.673339664773003,24.22369154691809,3.290700502091522,2.8202590670198324,0,0,0,4
73,5,200.6507480659428,18.186301432160352,18.15528081686606,72.64693557395661,31.488411272790582,24.4877323902212,4.285364292633201,3.290700502091522,1,0,0,5
73,6,160.70991671208904,19.691607101078173,19.455681801386994,68.80571947902918,37.127409065521626,24.86583485154816,4.992603919231721,4.285364292633201,2,0,0,6
73,7,148.40057397954848,17.932491792220294,17.99077544220811,65.30521672433268,36.61674376091208,27.26935204632958,5.288483573577294,4.992603919231721,3,1,1,7
73,8,99.18173001447414,19.239346028175817,19.072667755775747,61.06618441140191,33.6214063436187,26.16174747343252,6.152355495634294,5.288483573577294,4,1,1,8
73,9,42.40522011047415,20.049484264361773,19.95130943905548,56.01470786177424,31.339245037803185,23.930329686487603,7.097063738,6.152355495634294,5,1,1,9
74,0,158.887189918631,21.0,21.0,40.0,27.61324893252996,23.59697709440789,6.327921876227935,5.401997669740535,0,0,0,0
74,1,158.887189918631,19.1522649786506,19.07193954188816,49.21784068484881,27.61324893252996,23.59697709440789,6.327921876227935,6.327921876227935,0,0,0,1
74,2,150.63535724550195,18.06823427817441,18.155811046827576,59.4207810643405,28.16021775687547,28.522784351411705,7.028749972938243,6.327921876227935,0,0,0,2
74,3,130.7096290354794,18.043735537617493,18.108439826132624,68.2932997175834,22.84699463775018,26.444775658043657,7.245431212902815,7.028749972938243,0,0,0,3
74,4,114.76052084634578,18.202885125250763,18.179066148203123,77.26599629266197,23.72074106904016,26.127573236951893,5.9900122356176695,7.245431212902815,0,0,0,4
74,5,87.45252669189605,18.190758853580075,18.105431161226427,71.2044030009991,25.758683748044064,23.89913129827333,4.988793535333528,5.9900122356176695,1,0,0,5
74,6,67.00269696057259,18.099858239817426,18.060929948812564,65.55859517663089,27.886850654539508,24.08088365452599,3.891601307104245,4.988793535333528,2,0,0,6
74,7,49.81413883285087,17.932481387759847,17.960471503888137,59.98067160746983,27.375665126907545,24.969203933308822,3.295392871402824,3.891601307104245,3,1,1,7
74,8,29.90034919391652,19.18404117346722,19.0488736335436,55.27529467859381,31.76543782469518,25.426912570438063,2.4892237048667933,3.295392871402824,4,1,1,8
74,9,12.683977313292392,20.6446496513123,20.61461179737573,64.59072954962318,27.640910872922845,24.11150507724029,2.8693953134373538,2.4892237048667933,4,1,1,9
75,0,180.552042519928,21.0,21.0,40.0,28.476900101995167,21.864983821136708,4.384479734241937,3.786440956371011,0,0,0,0
75,1,180.552042519928,19.169538002039904,19.03729967642273,49.061539106163735,28.476900101995167,21.864983821136708,4.384479734241937,4.384479734241937,0,0,0,1
75,2,175.0935541035928,18.22468049407138,18.036822219037862,59.445294399935655,36.84617972118896,20.84134968865505,4.522328400487565,4.384479734241937,0,0,0,2
75,3,163.90411102913487,18.080179914074947,18.20593346506533,69.70407010597029,33.35517542493694,23.638022941922184,4.149914079872511,4.522328400487565,0,0,0,3
75,4,154.7296324178808,18.13488305382065,18.255902592047043,80.14253308556499,30.82881828472181,27.16264271302652,3.841837875999029,4.149914079872511,0,0,0,4
75,5,130.74287964401262,18.17379808560038,18.14237288912462,75.72653483768478,32.01872256474113,26.78128716925768,4.523196449779826,3.841837875999029,1,0,0,5
75,6,111.29467540613471,17.93276897258821,18.09294226195369,70.51062947030641,25.79242610977573,28.5636551825667,3.848054361168289,4.523196449779826,2,1,0,6
75,7,85.94208157864932,19.393516018957484,17.845584764806247,65.31493824687918,30.76074358481608,23.70763850725488,3.817481683667972,3.848054361168289,3,1,1,7
75,8,53.14144809576717,19.5951009573218,19.821397250704347,60.35801400100358,33.84950972191625,21.945355578774866,4.1000791853602685,3.817481683667972,4,1,1,8
75,9,22.03192880964084,20.735383844946547,20.373491265133808,56.332946276339655,37.836015281993966,23.13583069209533,3.888689910765792,4.1000791853602685,5,1,1,9
76,0,320.8143926428718,21.0,21.0,40.0,33.50485911613399,19.047745093036703,6.663612885840164,4.563244356244908,0,0,0,0
76,1,314.3137391434833,19.986014534522027,19.240582439611707,49.459468757650725,33.50485911613399,19.047745093036703,6.663612885840164,6.663612885840164,0,0,0,1
76,2,312.3837159139106,18.13611007228433,18.13842117204113,60.35841048385528,37.44561764597466,23.10405861071733,7.877303764,6.663612885840164,0,0,0,2
76,3,290.34920542062883,18.01730057981294,18.27132909169401,71.15501925362258,30.810646636622188,29.17051319541834,8.386627783419202,7.877303764,0,0,0,3
76,4,240.4635568980867,18.15715354927037,18.142533327636045,66.31142637629819,29.39781426889224,27.026669745972203,8.712097748,8.386627783419202,1,0,0,4
76,5,193.01562058826843,18.1392938406092,18.172882597965067,61.5774214461422,28.86250629935225,28.170799644225564,8.760079493874821,8.712097748,2,0,0,5
76,6,149.55318689551217,18.043465336014027,18.038968147052778,56.55400963321222,28.171028015677887,27.254461912488868,8.533817655,8.760079493874821,3,0,0,6
76,7,119.21046518280755,17.32702571478112,17.292923001104995,52.74144449363281,32.3870588391105,29.765357052115,7.948738947085753,8.533817655,4,1,1,7
76,8,64.54752200529589,18.615229055509065,18.576797427512656,48.97940647252605,32.43312210496244,30.0,6.832867897188958,7.948738947085753,5,1,1,8
76,9,29.712106087613066,20.343426985250822,20.18517799577685,60.150128558924,35.274245520149904,26.785321626505382,5.805902652947137,6.832867897188958,5,1,1,9
77,0,162.21127387060568,21.0,21.0,40.0,28.620354843606734,16.604283629544724,4.358596106030133,2.6426070858766666,0,0,0,0
77,1,141.0155197246016,21.03538444792324,21.932085672590897,48.14043492516726,28.620354843606734,16.604283629544724,4.358596106030133,4.358596106030133,0,0,0,1
77,2,141.0155197246016,19.82529659896579,19.40233752044789,57.52132579335056,29.906747967338028,22.209312411458072,5.124352194955377,4.358596106030133,0,0,0,2
77,3,140.25046357585103,18.18260141309032,18.248538230847817,68.0824734569773,31.53681862185452,27.13622395384961,5.535129941013032,5.124352194955377,0,0,0,3
77,4,128.17429218251849,18.308593702015767,18.23998583638595,80.24345342697028,37.69599389139493,29.865005941899373,5.430119558647781,5.535129941013032,0,0,0,4
77,5,104.24920090021207,18.18852386073491,18.15269988116201,77.77544707403557,39.62218692814047,30.0,4.814242419751664,5.430119558647781,1,0,0,5
77,6,85.22955237734936,17.986174085550605,18.05729490168752,74.66735337586864,36.06614612129484,30.0,3.950046099114752,4.814242419751664,2,1,0,6
77,7,64.63972589906257,19.52232099386448,17.942705098312487,71.8118339357374,37.46933644371529,30.0,3.123879832949727,3.950046099114752,3,1,1,7
77,8,39.84465078207191,19.688227629688125,20.08890922412492,68.27066250379661,33.66015871144008,30.0,3.099384389623832,3.123879832949727,4,1,1,8
77,9,16.86424412427188,20.803747504683724,20.64690424673787,64.40041152032998,31.83193898074097,30.0,2.872550832225003,3.099384389623832,5,1,1,9
78,0,147.43912429950524,21.0,21.0,40.0,33.4912242231306,22.07624053967252,5.978618560808513,7.151510518360688,0,0,0,0
78,1,147.43912429950524,19.26982448446261,19.04152481079345,50.00214365730456,33.4912242231306,22.07624053967252,5.978618560808513,5.978618560808513,0,0,0,1
78,2,141.96003624152567,18.18813760080545,18.02989749988112,60.93529499041327,40.03335917902833,20.706370449353376,5.433251308,5.978618560808513,0,0,0,2
78,3,128.92133843713182,18.149279371893265,18.16639016952952,72.00947219632718,39.99732777369208,21.52587892582965,4.875402238,5.433251308,0,0,0,3
78,4,108.40480294897309,18.112184599343763,18.266195557626062,68.15168727572014,36.336047909632015,25.56514697588437,3.617898391540053,4.875402238,1,0,0,4
78,5,91.32634234701652,18.09416012230653,18.05333871028449,62.92139184843228,33.54405402495851,20.732082490108937,3.2617232790462976,3.617898391540053,2,0,0,5
78,6,76.59570053187454,17.999892540738628,18.08725784600424,57.44414167145493,30.673935977514184,22.230229705945003,2.7812985305978963,3.2617232790462976,3,1,0,6
78,7,62.694775615308224,19.52589555694628,17.64373931603865,53.627718369563766,36.54339944048313,25.58758221567705,2.184591262295248,2.7812985305978963,4,1,1,7
78,8,47.71283635826681,20.195119600219424,20.580947512179243,63.86958814034913,32.92011225999333,23.979164244369805,2.4969898761735685,2.184591262295248,4,1,1,8
78,9,30.12152179777985,21.906589833092244,21.72999837194329,73.98143014486448,29.60952720156772,26.56737282351751,2.93188576008116,2.4969898761735685,4,1,1,9
79,0,68.75447229308958,21.0,21.0,40.0,30.807503813548443,18.64224440194048,3.6273035798374194,6.196018325853443,0,0,0,0
79,1,68.75447229308958,19.21615007627097,18.97284488803881,48.900954678788,30.807503813548443,18.64224440194048,3.6273035798374194,3.6273035798374194,0,0,0,1
79,2,65.4226850169348,17.960539344081933,18.07788537542064,57.116423602724,25.969725933269896,19.67176808859674,2.6849557474450427,3.6273035798374194,0,1,0,2
79,3,53.06220290291751,19.609613748574265,18.267408114823567,65.92084725777174,23.3712909204894,25.542173829775805,2.658408015,2.6849557474450427,0,1,0,3
79,4,45.69745495110021,20.486473150425446,18.17766897192693,75.4027190526681,27.52195293232688,25.15511259487516,2.207743671269281,2.658408015,0,1,0,4
79,5,29.860045032584484,20.11351103491635,20.001268301155555,69.93599475389937,25.913130416003447,27.049512368614696,2.208108247,2.207743671269281,1,1,0,5
79,6,17.031185661834307,21.2218048103731,21.03195242842778,65.27611878541488,29.34952596024305,28.09560754817648,1.6443981214386678,2.208108247,2,1,0,6
79,7,8.53584105360267,22.02519917933989,19.06759641135616,59.08715369776745,24.83905904294019,24.11113491457406,1.6990689216463275,1.6443981214386678,3,0,0,7
79,8,0.7959002147130281,20.304575156499823,21.235861722849965,53.52037464784107,26.69113399644885,25.71564905951573,1.1511987432540507,1.6990689216463275,4,0,0,8
79,9,0.7959002147130281,19.36950829306648,19.015694395638377,64.17835189307617,31.46619053595176,27.744794159798808,0.9304819900810778,1.1511987432540507,4,0,0,9
80,0,208.62068852731235,21.0,21.0,40.0,26.668875993709456,19.651798152097108,6.424478732307885,3.1904456542051083,0,0,0,0
80,1,177.1504344540053,21.031868959350383,21.993035963041944,48.33772134624518,26.668875993709456,19.651798152097108,6.424478732307885,6.424478732307885,0,0,0,1
80,2,177.1504344540053,19.718744723051632,19.275350466500573,55.151539950461896,22.803377786691687,15.051170014512271,7.894977424338023,6.424478732307885,0,0,0,2
80,3,172.0671009464313,18.1770050469691,18.216282378016405,62.80494537954829,24.153630135147267,18.365288915332712,8.022512928951674,7.894977424338023,0,0,0,3
80,4,151.64595436169995,18.2130570657972,18.17927738716701,70.65197734606336,25.53597359375954,18.058648442435253,7.911882202260536,8.022512928951674,0,0,0,4
80,5,113.35057653078468,18.21502424184313,18.222556302004985,64.73723420721149,28.78718568591612,21.686463542684567,6.851188422,7.911882202260536,1,0,0,5
80,6,84.27054855306052,18.150648705972905,18.09832756670217,60.03196929206007,33.4548759001857,23.738096793417515,5.689366744309711,6.851188422,2,0,0,6
80,7,63.311003948476326,17.841636854311506,18.03087690423161,55.21063643417197,28.401463700136645,28.14668708937397,4.165200074661987,5.689366744309711,3,1,0,7
80,8,44.1714447782725,19.10574578795431,17.14782147100189,50.13564476656093,27.101174540470343,28.03776063946832,3.147893764792624,4.165200074661987,4,1,1,8
80,9,26.8220616498824,19.567141232088872,19.98465168757791,60.11657801564148,31.971485570696498,23.47814359086209,2.891563854731685,3.147893764792624,4,1,1,9
81,0,122.7500533174726,21.0,21.0,40.0,32.4798363971435,15.52353309201925,5.891490264543936,6.472981752872061,0,0,0,0
81,1,122.7500533174726,19.24959672794288,18.910470661840385,48.640606508049295,32.4798363971435,15.52353309201925,5.891490264543936,5.891490264543936,0,0,0,1
81,2,116.56876795970469,18.05054073326248,18.20614342506425,58.56006221066407,32.14212797589164,22.96595926085714,4.769981565596694,5.891490264543936,0,0,0,2
81,3,105.6634241296163,18.11109884006712,18.11907487340013,67.85108133448428,30.19706997924777,21.41970293086449,3.962362554902545,4.769981565596694,0,0,0,3
81,4,98.25666852529946,18.19656691742731,18.27682645432261,78.06525726480456,30.75490601936556,25.99051581574712,2.909266697265241,3.962362554902545,0,0,0,4
81,5,87.120968035093,18.10521471088045,18.2093063083529,73.410122368225,28.51564156338798,28.95583123339225,2.119621318050327,2.909266697265241,1,0,0,5
81,6,74.64620560143277,18.062832668868072,18.04792082951848,68.72046072674918,28.79252992241598,28.487127624940552,2.454651319278325,2.119621318050327,2,0,0,6
81,7,47.577027152384105,19.45609694296733,19.24849138980252,63.79596061512203,33.289477314166845,22.685522065682303,3.3836473061310826,2.454651319278325,3,0,0,7
81,8,13.27429796606236,20.50274787921975,20.2757436172848,59.22652681860242,36.20594320677768,21.741646812557875,4.287841148290218,3.3836473061310826,4,0,0,8
81,9,10.249263710331949,19.56881190910113,18.94267970280392,70.34285722649524,35.43479736997602,26.322593784984075,3.9744948078670768,4.287841148290218,4,0,0,9
82,0,268.86293227766873,21.0,21.0,40.0,32.118625764341864,20.045580003349063,7.573231765605503,3.035752208542616,0,0,0,0
82,1,233.9785951823428,21.028984109195715,21.82056826454631,49.38955703818437,32.118625764341864,20.045580003349063,7.573231765605503,7.573231765605503,0,0,0,1
82,2,233.9785951823428,19.87432214183056,19.41467160393569,60.27781829239496,35.79955243282704,24.69078786834289,10.115367987554286,7.573231765605503,0,0,0,2
82,3,233.9785951823428,18.222251917871848,18.12919421240648,70.86867589381804,35.1928705636875,23.64522722199628,10.33958047570259,10.115367987554286,0,0,0,3
82,4,176.67150867046036,18.106956262504863,18.178953264949342,65.6953357030796,31.270173857682444,23.32238063821515,10.067392113287829,10.33958047570259,1,0,0,4
82,5,127.32696592164868,18.127662527098146,18.23245168559401,61.06302342657061,30.15330021258947,27.44496491791611,9.028499455873993,10.067392113287829,2,0,0,5
82,6,88.26924546897251,18.149185289636502,18.07281806127348,57.3974330778762,34.74781961003898,28.221122897214283,7.751821408302924,9.028499455873993,3,0,0,6
82,7,68.24605047711987,17.270754421531347,17.278282640368186,54.30448451665313,36.15028577098298,30.0,5.654962845840851,7.751821408302924,4,1,1,7
82,8,33.059211902794615,18.714918883375624,18.5008722213042,51.33071248776061,38.70089371914127,28.111483898122447,4.398354821790655,5.654962845840851,5,1,1,8
82,9,14.583798162733729,20.283940895114515,20.266700152778466,62.50726574051561,33.08234978158966,29.00961273371587,3.079235623343481,4.398354821790655,5,1,1,9
83,0,262.4078586358684,21.0,21.0,40.0,30.29744152613354,20.98275176836561,4.247883074612051,2.888479401241957,0,0,0,0
83,1,243.1214825989934,20.74618115286276,22.019655035367315,49.23043479300985,30.29744152613354,20.98275176836561,4.247883074612051,4.247883074612051,0,0,0,1
83,2,243.1214825989934,19.633637983665626,19.28442977703285,57.45846328425728,22.03478574494472,23.67648365087439,4.807940176849033,4.247883074612051,0,0,0,2
83,3,240.06921641359887,18.3229033634778,18.21829955783472,67.85731806731748,30.67995391883464,27.09146154261088,5.601271316312742,4.807940176849033,0,0,0,3
83,4,227.68451716008784,18.17483805562218,18.243580965772736,78.68456050368275,30.15134686869589,30.0,5.779412730689313,5.601271316312742,0,0,0,4
83,5,197.29208714759767,18.163613416600167,18.15,74.6343236894495,30.83201769870422,30.0,5.805637585810726,5.779412730689313,1,0,0,5
83,6,166.81683603623867,18.14005330251496,18.03473599128112,71.12588228900569,34.9699377400764,28.87205447968017,6.0759748517792485,5.805637585810726,2,0,0,6
83,7,136.2635934803926,17.89308841605383,17.96526400871888,67.37392094189156,32.4891036271437,30.0,6.152671514563528,6.0759748517792485,3,1,1,7
83,8,88.1875069304466,19.32879960211757,19.118137350560445,64.87500710571001,39.45047868788029,30.0,6.009510818743253,6.152671514563528,4,1,1,8
83,9,38.926713066000005,20.100429508706785,20.09799067831857,60.50929124187101,31.18061580238675,27.89874050961884,6.157599233055826,6.009510818743253,5,1,1,9
84,0,271.4146265380326,21.0,21.0,40.0,33.42525817019494,23.205074348317183,4.847267611431168,5.258178004627418,0,0,0,0
84,1,271.4146265380326,19.2685051634039,19.064101486966344,50.19345985333218,33.42525817019494,23.205074348317183,4.847267611431168,4.847267611431168,0,0,0,1
84,2,267.0991949433421,18.095828225246034,18.12845204491609,61.37413390774845,35.35192434812153,26.762931509746625,4.457872366427597,4.847267611431168,0,0,0,2
84,3,252.881497743226,18.16158366595001,18.16546475090816,72.79824371388847,35.93110764562279,27.53616905515513,5.3829205372674505,4.457872366427597,0,0,0,3
84,4,216.56355304707265,18.1707182094422,18.23468681552187,69.53361520545565,35.196508286484296,30.0,6.460289319104372,5.3829205372674505,1,0,0,4
84,5,183.3843585711727,18.15841591065692,18.15,66.3447298929351,35.61730381933035,30.0,6.447826571648151,6.460289319104372,2,0,0,5
84,6,149.97321808264607,18.08094700475761,18.04312090448132,63.24114753318962,36.799908972835375,29.291300139689685,6.784443324934822,6.447826571648151,3,0,0,6
84,7,118.92699130062458,17.84464059269049,17.883480524660694,58.72196345998032,31.896683691736225,26.330071457100964,6.251109411909503,6.784443324934822,4,1,1,7
84,8,82.03001557082861,19.875673901212075,19.65798597335085,69.45842951087735,34.97441551480144,24.672618101293164,6.149495954965994,6.251109411909503,4,1,1,8
84,9,48.19990468897418,21.331892485725668,21.30941651079329,80.67625726521308,33.355191483200976,28.966073818664164,5.638351813642405,6.149495954965994,4,1,1,9
85,0,254.037627627613,21.0,21.0,40.0,32.71446738656055,22.068956455189312,5.913198822623208,2.419124038747968,0,0,0,0
85,1,227.8094822093593,20.78848909058005,21.9427050983125,49.86101629151497,32.71446738656055,22.068956455189312,5.913198822623208,5.913198822623208,0,0,0,1
85,2,227.8094822093593,19.910295945879863,19.280572210810085,60.82484854131957,37.541562901541525,23.36861626403956,7.613413010358632,5.913198822623208,0,0,0,2
85,3,227.4633568625427,18.24891656849937,18.1450081034432,72.18797840889226,40.0094778280926,23.119021436200143,7.694488460032919,7.613413010358632,0,0,0,3
85,4,186.7204195226715,18.10676519950956,18.250892842295343,68.43264711345965,36.07722797232219,26.39315371971887,7.316933131509027,7.694488460032919,1,0,0,4
85,5,150.34069345607884,18.134150362405688,18.116777177236543,64.23566367480714,35.28474609260663,24.73201258154608,6.938339580497287,7.316933131509027,2,0,0,5
85,6,120.53621308746,18.045340535093885,18.162654650056595,60.87932867213365,34.68702776292505,30.0,5.857315489111903,6.938339580497287,3,0,0,6
85,7,93.8112139516301,17.929733533151968,17.942705098312484,57.40624958301552,34.03844950489925,30.0,5.432944223,5.857315489111903,4,1,1,7
85,8,62.64017730997704,19.92571783135431,19.83335674769741,69.00247610999423,34.42348070543724,30.0,5.195172773608842,5.432944223,4,1,1,8
85,9,33.155563881376345,21.52483385719868,21.41273262480933,81.06076212737206,36.99047787432122,30.0,4.914102238100115,5.195172773608842,4,1,1,9
86,0,138.9547822402117,21.0,21.0,40.0,28.11959436668013,18.532111711560244,3.1314226891323096,6.118588394934509,0,0,0,0
86,1,138.9547822402117,19.162391887333605,18.970642234231207,48.39730709408327,28.11959436668013,18.532111711560244,3.1314226891323096,3.1314226891323096,0,0,0,1
86,2,135.37347266508394,18.01274247337966,18.066223834705323,56.474002730556286,25.89197295128752,18.97855836245149,2.658266097458461,3.1314226891323096,0,0,0,2
86,3,127.20518305652816,18.156729149441546,18.19539923587898,65.01985383491424,26.228430423365204,21.24852015640127,2.620620254150414,2.658266097458461,0,0,0,3
86,4,120.62115840505491,18.18144853848188,18.2252679844315,73.88877010624319,26.030347516210725,23.24140954672781,2.613791426700345,2.620620254150414,0,0,0,4
86,5,108.6619283616932,18.26157153526877,18.273566437514784,69.8739281326241,31.608924279649404,29.419731422466786,2.1890883580596587,2.613791426700345,1,0,0,5
86,6,92.52160514363707,18.18692796808104,18.05620242917888,67.015951503969,38.09057759932536,29.36510779703524,3.353908304794323,2.1890883580596587,2,0,0,6
86,7,60.11552973195488,19.618379161420155,19.47172260791477,64.48881944055327,39.29371075880148,30.0,4.050759426460276,3.353908304794323,3,0,0,7
86,8,50.82883513771608,17.77304184126308,17.84999999999999,61.26906394850543,35.44580282195648,30.0,3.955784491410399,4.050759426460276,4,1,1,8
86,9,23.832725701514534,18.82199277996772,18.81886446446177,56.758832003764695,28.63926629506424,29.63722290082053,3.374513679525193,3.955784491410399,5,1,1,9
87,0,111.68464359138444,21.0,21.0,40.0,28.89998725413445,17.394499605093863,5.585876845274029,6.115968445105075,0,0,0,0
87,1,111.68464359138444,19.17799974508269,18.94788999210188,48.33300763466109,28.89998725413445,17.394499605093863,5.585876845274029,5.585876845274029,0,0,0,1
87,2,104.43770242647892,18.069383466349787,18.12028507527829,57.34172391359977,29.504415487248508,20.544008284633048,5.325463386587771,5.585876845274029,0,0,0,2
87,3,91.58967983717945,18.15378233783827,18.170422695065,66.56828548866812,29.693532379162782,21.56514303788363,4.409460844345565,5.325463386587771,0,0,0,3
87,4,82.9331593404872,18.115692381564035,18.26665571642817,75.8985964064171,26.20764162611661,25.62741902804437,3.5068617661006662,4.409460844345565,0,0,0,4
87,5,64.79147914199862,18.12315887480496,18.0930069072468,69.47439936263187,24.865585366364343,22.777764390384416,3.338687963685441,3.5068617661006662,1,0,0,5
87,6,47.46091076873393,18.079776986998127,18.071890223423942,63.38389898226998,25.98968963189492,23.507530477205744,3.2289934424849176,3.338687963685441,2,0,0,6
87,7,34.45678315437483,18.017301236780952,17.940144947149385,57.94172248765642,29.719496555318408,23.37952291905067,2.4659129082677875,3.2289934424849176,3,0,1,7
87,8,25.46620383437505,17.219776087876845,19.140460559475155,53.91719777304888,33.20830094916067,27.766561747464124,1.500023003283221,2.4659129082677875,4,1,1,8
87,9,16.318619523860836,20.151412650586067,19.56402362333275,64.50689916439174,29.695429342520125,29.13624505382905,1.5245973850857035,1.500023003283221,4,1,1,9
88,0,227.59430694176527,21.0,21.0,40.0,33.9930016225108,23.28203541412352,6.497727972973101,5.696390751651309,0,0,0,0
88,1,227.59430694176527,19.279860032450216,19.06564070828248,50.309506666594174,33.9930016225108,23.28203541412352,6.497727972973101,6.497727972973101,0,0,0,1
88,2,221.21416509339443,17.968645750924615,18.139975444864813,60.56529586491822,29.56054408436665,27.41606257298917,6.761858263957461,6.497727972973101,0,1,0,2
88,3,190.37485086128325,19.711275626547177,18.12725285271867,70.06007839649496,26.470086633169405,26.27870520892363,6.897318008279126,6.761858263957461,0,1,0,3
88,4,148.51100035177512,19.829918913485507,18.22442788347028,65.96871925590798,32.37397077888328,28.22958955118908,6.974762906002781,6.897318008279126,1,1,0,4
88,5,108.24345184022474,20.07163068264969,18.1064157641086,61.46542587398393,32.26465901046929,26.05037775661933,7.092574517,6.974762906002781,2,1,0,5
88,6,60.88230860679214,20.07483083599207,20.27521427904814,56.79749293411609,29.474608636600063,27.925763919689707,6.197645696083647,7.092574517,3,1,0,6
88,7,34.90227890188845,21.42175573278546,18.18118974775357,52.619945057517015,34.57364081232357,25.551093206570474,5.196005940980736,6.197645696083647,4,1,0,7
88,8,20.458093439027348,21.053490876683185,19.78177007984088,63.558168908460296,31.2772604941457,29.490649788872524,3.809279738899316,5.196005940980736,4,1,0,8
88,9,3.796794579617797,21.037494474635736,20.0174603624258,59.52760783889698,32.25451310193657,28.686814289378347,2.498019401498973,3.809279738899316,5,1,0,9
89,0,258.86491301366925,21.0,21.0,40.0,25.451274024758565,22.90210619952161,4.661039615902083,2.9972505039013466,0,0,0,0
89,1,237.3452208798508,20.8812616678068,21.90273561485611,48.70360844037043,25.451274024758565,22.90210619952161,4.661039615902083,4.661039615902083,0,0,0,1
89,2,237.3452208798508,19.758272683217065,19.32759857447055,58.29476353961411,29.74789561369203,23.5362993821062,6.375820927301481,4.661039615902083,0,0,0,2
89,3,214.6989940312515,19.870354055500663,19.35185725922449,68.06704119351122,32.70464430430528,21.585787106234186,7.201787180292011,6.375820927301481,0,0,0,3
89,4,214.6989940312515,18.28219965606798,18.31160082060713,78.0426420646887,30.863699278529857,24.556305561345123,7.598575859664281,7.201787180292011,0,0,0,4
89,5,172.45957103294728,18.18596105891057,18.1760194679106,73.57606767725679,32.661752224058645,25.85727895687513,8.167306144436386,7.598575859664281,1,0,0,5
89,6,132.89028850636464,17.9421279936162,18.012959259940573,67.67397034146055,26.90340682049278,23.64049686952814,7.884798333766904,8.167306144436386,2,1,0,6
89,7,84.81020548880134,19.26862214161765,18.013493606741438,62.38588415713984,26.775154462798177,27.179922290975707,7.114516377554699,7.884798333766904,3,1,0,7
89,8,49.10335087826678,19.53024171720117,17.906401554180487,57.72556846836662,27.442690617926555,30.0,6.002690450417221,7.114516377554699,4,1,1,8
89,9,19.15526105655612,20.101135703042743,20.530917409480896,67.84592775251262,29.546367684329223,26.67785056092639,4.9913483036184445,6.002690450417221,4,1,1,9
90,0,215.6690409120152,21.0,21.0,40.0,28.98970170703149,22.45824879712918,4.602837564512955,5.999467881936184,0,0,0,0
90,1,215.6690409120152,19.17979403414063,19.049164975942585,49.26063109074892,28.98970170703149,22.45824879712918,4.602837564512955,4.602837564512955,0,0,0,1
90,2,211.10122667307843,18.071353396404508,18.078779183951543,58.84114717432724,29.69262644288172,23.53246291033116,3.920945036,4.602837564512955,0,0,0,2
90,3,201.4227107174015,18.14010513808646,18.183145429080923,68.63091836241225,29.19788334720543,25.18973436437796,3.353854236427508,3.920945036,0,0,0,3
90,4,192.27516296304063,18.17698088135805,18.253190807658232,78.95485121239454,28.776417583859995,28.57876491604169,3.8008164152501633,3.353854236427508,0,0,0,4
90,5,171.5910989870689,18.162230056749404,18.17842470167917,74.64467688823399,29.38792042133023,30.0,3.917190322985927,3.8008164152501633,1,0,0,5
90,6,152.52194779666652,18.1987373238324,18.005415981313835,71.14057408001429,36.46004152857455,27.406053981315985,3.7984524976281984,3.917190322985927,2,0,0,6
90,7,130.86359169711645,17.875499825972064,17.917896517570853,66.80834659405615,33.09977791155359,26.16562494423448,4.385223467890149,3.7984524976281984,3,1,1,7
90,8,88.68346415287155,19.142308808138026,19.00389083450869,62.12894122555427,31.810792574570463,25.525844267085763,5.272515943030613,4.385223467890149,4,1,1,8
90,9,39.60792109474796,20.01897163082483,19.96497699408251,58.26895351390657,33.332479299534256,28.55647785797851,6.134442882265449,5.272515943030613,5,1,1,9
91,0,123.75602641259204,21.0,21.0,40.0,34.971743829866924,22.02957570915735,4.008022018649581,5.627254834601294,0,0,0,0
91,1,123.75602641259204,19.29943487659734,19.04059151418315,50.260237517024365,34.971743829866924,22.02957570915735,4.008022018649581,4.008022018649581,0,0,0,1
91,2,120.95842871441369,17.939603090423372,18.13005153220374,60.11605840731774,29.087153266660543,25.66740723496929,2.932646486745111,4.008022018649581,0,1,0,2
91,3,111.346455960851,19.865622126087253,18.131954021123004,70.8595163012736,34.920768897524106,24.765108291119624,2.123451594503272,2.932646486745111,0,1,0,3
91,4,100.73597728322667,19.90543068714628,18.18234823594083,66.35447699252228,33.693326916690914,24.61201025691284,1.7867440796677885,2.123451594503272,1,1,0,4
91,5,87.78044262630856,20.00714427296987,18.11859488370672,60.75260203466807,29.170051347450265,23.04175444224856,2.266105754392947,1.7867440796677885,2,1,0,5
91,6,64.86991563300653,20.009682331198405,20.34031276925371,55.02868116584307,26.81910595417078,24.714666996801395,2.9349313142023394,2.266105754392947,3,1,0,6
91,7,42.71185345075153,21.28325186615819,19.606785161796257,49.985863004851055,26.6727203466978,28.6449565366799,3.471267147120351,2.9349313142023394,4,1,0,7
91,8,19.0621906669859,21.237556912231284,19.952552975120668,46.64810941779337,34.790257849679534,30.0,3.749236389605119,3.471267147120351,5,1,0,8
91,9,7.161754443438425,22.00285368078351,19.23424151602969,58.81076787118609,37.637996017710336,29.932328723360296,3.9668120745158246,3.749236389605119,5,0,0,9
92,0,202.4793848678895,21.0,21.0,40.0,27.065947488318407,17.376935257325343,6.102571632378794,2.12326619575354,0,0,0,0
92,1,171.6597424209476,21.218283109473067,21.920845857851816,47.999718894215874,27.065947488318407,17.376935257325343,6.102571632378794,6.102571632378794,0,0,0,1
92,2,171.6597424209476,19.86517291279484,19.395136279132053,56.284248755851024,29.49427817771545,16.530887720257606,8.434462045118662,6.102571632378794,0,0,0,2
92,3,169.61612195673388,18.12027164366044,18.23809073096261,65.09403998909401,28.00786036073844,20.935424268389266,8.861088397779568,8.434462045118662,0,0,0,3
92,4,148.95391010454787,18.25819870007686,18.24086070024212,75.05798228595853,31.6472855333335,23.70794944924712,8.318059209088986,8.861088397779568,0,0,0,4
92,5,114.86145909738347,18.05117105857793,18.21340421395234,69.70310203559552,26.705838462230226,26.878160146864204,6.483510991498598,8.318059209088986,1,0,0,5
92,6,90.15656991603768,18.17754511145637,17.955084557731148,64.51058057754489,32.71834895067292,21.76764294904577,4.746566005623345,6.483510991498598,2,0,1,6
92,7,65.51632640648558,17.853763304809696,19.246613362445085,58.29710971659578,28.2712592755334,20.542791496971606,3.779573363942356,4.746566005623345,3,1,1,7
92,8,40.99873155371169,19.9078437466802,19.275296344791176,52.363627765449664,30.552081972887542,19.81746274296733,3.064699356596736,3.779573363942356,4,1,1,8
92,9,22.966474237723272,21.00380281586245,21.054331261832846,61.17209149341395,27.948849164808426,20.987060434993165,3.005376219331403,3.064699356596736,4,1,1,9
93,0,91.1596391612234,21.0,21.0,40.0,28.27672314685522,22.63261691160744,3.143835890702841,7.072668928105348,0,0,0,0
93,1,91.1596391612234,19.165534462937103,19.05265233823215,49.16368121052328,28.27672314685522,22.63261691160744,3.143835890702841,3.143835890702841,0,0,0,1
93,2,90.6363258570508,17.983819239518127,18.02897712367324,57.4112214593938,24.6029400383865,21.2167280108942,0.4414487975717424,3.143835890702841,0,1,0,2
93,3,90.6363258570508,19.611935120802944,19.52011869040064,65.5647469880007,24.6054086528025,20.69195539501366,0.0,0.4414487975717424,0,1,0,3
93,4,85.83407099127659,20.4342247343839,20.5338106791518,59.23873806944826,22.293394279507464,25.89544506186779,0.6002818582217777,0.0,1,1,0,4
93,5,66.80381757385436,21.5826868588098,21.180686770169785,54.22977443888368,29.47139663455322,26.034360973421364,2.472547988439404,0.6002818582217777,2,1,0,5
93,6,47.855597175484405,22.39111473334229,19.37770005055406,48.96578109921623,30.394830679874104,23.694095210862294,3.789644079673992,2.472547988439404,3,0,0,6
93,7,32.49463865812787,19.219322915506364,20.208054639219863,44.6105144825429,34.74867933497493,24.388728350173245,4.306063195587853,3.789644079673992,4,0,0,7
93,8,32.49463865812787,18.64115041380937,18.166364569571144,54.84769937006037,32.890782865653094,23.98246650944396,4.552591167102747,4.306063195587853,4,0,0,8
93,9,25.53370631097391,17.825169781338243,17.878702575822953,65.75711901127801,33.41978176381356,27.18810513184,4.489877429685743,4.552591167102747,4,1,1,9
94,0,373.7775091253114,21.0,21.0,40.0,29.554693354139125,18.02535461582833,7.406259817,4.270221716340168,0,0,0,0
94,1,363.6049939076236,20.07829629141482,19.44680701181782,48.56440863459415,29.554693354139125,18.02535461582833,7.406259817,7.406259817,0,0,0,1
94,2,362.9258635145884,18.06620070580214,18.11525852813939,57.73064214428688,29.99998355987032,20.923535938422617,8.958786726692955,7.406259817,0,0,0,2
94,3,336.27950246426064,18.128824504235755,18.21357425483789,67.27846448564271,28.9412087716588,24.102248680318056,9.176924472210986,8.958786726692955,0,0,0,3
94,4,312.32106787940404,18.23392218735664,18.17721738762526,77.18915946258642,31.36680830824302,23.692608230333143,9.91500224494334,9.176924472210986,0,0,0,4
94,5,257.1160643883186,17.992826798956784,18.151413147006053,70.69801395319566,23.508148256082208,23.76326558063576,10.331484250390202,9.91500224494334,1,1,0,5
94,6,190.4340111091122,19.40879815077941,18.03060943663249,64.41615257821366,26.005111144437336,22.42899232788485,9.892144764797736,10.331484250390202,2,1,0,6
94,7,135.64364689975332,19.74427605821822,17.96995763164478,58.74373667145582,28.028292634620712,23.7916189945024,9.291292255373246,9.892144764797736,3,1,1,7
94,8,72.57625997655117,19.64633437360569,20.07752326898113,52.70447079722216,27.41859394204349,22.36326231221393,7.883423365400269,9.291292255373246,4,1,1,8
94,9,33.86263784703748,21.45482447215165,21.16694463093168,62.20583758964352,30.355764849687365,22.42960621932021,6.452270354918949,7.883423365400269,4,1,1,9
95,0,195.6048002145032,21.0,21.0,40.0,32.571571039308665,22.40559973019679,5.367180878111128,7.515389393,0,0,0,0
95,1,195.6048002145032,19.251431420786176,19.048111994603936,49.895890738510985,32.571571039308665,22.40559973019679,5.367180878111128,5.367180878111128,0,0,0,1
95,2,192.30119700105635,18.03705780717118,18.031682827261942,59.37913895654508,31.559716313492576,21.124996008919044,3.204682637650718,5.367180878111128,0,0,0,2
95,3,182.83983128941472,18.0535043240929,18.21555890110413,68.58395620135263,26.734932518137946,24.40294106412629,3.185806586,3.204682637650718,0,0,0,3
95,4,173.32074698790987,18.18213919978815,18.18014751054116,77.71197029987451,26.571382676297155,24.13980675993552,3.776671326838233,3.185806586,0,0,0,4
95,5,149.7352862866547,18.186436637971617,18.102594115162947,71.7412611766075,28.3932145748782,21.76951251808285,4.308391272,3.776671326838233,1,0,0,5
95,6,127.758078980699,18.08357724696493,18.03994953344322,65.85098484663857,29.70733183874901,20.90224410586804,4.185172068648779,4.308391272,2,0,0,6
95,7,106.53915174997545,17.95428408782039,17.920605566667884,59.8660236374394,30.28628131414441,19.79726752363799,4.021299507924048,4.185172068648779,3,1,1,7
95,8,73.11708604817153,19.17124806361144,18.916283773161616,53.998512197417085,31.99471994760506,18.741327607826527,4.1777582127254895,4.021299507924048,4,1,1,8
95,9,45.02173655898723,20.60264018186968,20.421113729495445,62.37198129146621,29.710029860088312,16.80924288462907,4.682558248197385,4.1777582127254895,4,1,1,9
96,0,194.65399425330213,21.0,21.0,40.0,30.951060259904587,16.20258696163729,4.098079703346385,3.1145352940634696,0,0,0,0
96,1,188.8684168367806,20.08703831352243,19.467812301263912,48.48765649987754,30.951060259904587,16.20258696163729,4.098079703346385,4.098079703346385,0,0,0,1
96,2,188.49247663438064,18.11807719942638,18.08500774996996,57.53938859382839,32.69917114618926,17.58822937575991,4.508671965013072,4.098079703346385,0,0,0,2
96,3,177.71676721910816,18.086253657642605,18.24057274893324,66.832558346962,29.51185402832009,22.116866822422164,3.719756460272961,4.508671965013072,0,0,0,3
96,4,167.90830761305068,18.11621346255029,18.16316481930244,75.30274909752096,26.05201732458676,21.00459795629633,3.989299819349728,3.719756460272961,0,0,0,4
96,5,141.24522526322068,18.219315300289047,18.22537178266054,70.07512359462623,29.51778233903909,24.77318708932355,4.742618555000527,3.989299819349728,1,0,0,5
96,6,112.660024263144,18.10291967162104,18.05734312195324,65.25855500352473,31.799020835715226,24.775598102609774,5.684578934815219,4.742618555000527,2,0,0,6
96,7,82.73656023889555,17.990492261194515,17.928988662584622,60.74862295681078,34.18837897981699,24.08977631621657,5.839555206841875,5.684578934815219,3,1,1,7
96,8,41.352859791988,19.18069189643876,19.023483865521275,55.56971756221535,31.67229611085739,22.889340585834667,5.172962555863445,5.839555206841875,4,1,1,8
96,9,17.641169090777588,20.64497451830199,20.65007588878183,65.44003932371817,28.469086418503974,26.36603447873395,3.9519484502017344,5.172962555863445,4,1,1,9
97,0,50.98379828234953,21.0,21.0,40.0,25.74624457539805,23.99470783301664,2.946959183963936,4.984230543366618,0,0,0,0
97,1,50.98379828234953,19.11492489150796,19.07989415666033,48.95337143351465,25.74624457539805,23.99470783301664,2.946959183963936,2.946959183963936,0,0,0,1
97,2,48.80667780287947,18.08732112401617,18.049394610460126,58.10587624694095,27.24755569183167,23.5996932716478,1.7702414440419505,2.946959183963936,0,0,0,2
97,3,45.74696063664826,18.130810830105588,18.181213248318578,67.36659776618497,26.28809719711157,25.1603556875774,1.0388046760441996,1.7702414440419505,0,0,0,3
97,4,36.39774429351037,18.620374175940103,19.23144647822108,62.52222004465327,31.125578401785297,25.294545367483057,1.2882701286356366,1.0388046760441996,1,0,0,4
97,5,26.48129967537197,20.385690406357504,20.010229290417445,58.71705824729756,35.900258416517154,26.29328715372887,1.239555577267299,1.2882701286356366,2,0,0,5
97,6,17.219546278109892,20.289043285725363,21.37916707987088,53.693881040159766,28.19259084712164,27.2342024465573,1.322475339,1.239555577267299,3,0,0,6
97,7,11.930957833232736,19.92530321788877,20.8389636661625,49.122738649199206,27.938097827996906,30.0,1.053775430402632,1.322475339,4,0,0,7
97,8,1.3965290338027057,20.081176120486987,21.1580157129497,44.79521187604266,29.896512284109445,29.39500564279867,1.6009499941790766,1.053775430402632,5,0,0,8
97,9,0.7392980170845094,19.437088272414787,19.0738173132038,55.83880349777293,31.353286787390346,30.0,1.8567033471551009,1.6009499941790766,5,0,0,9
98,0,288.678023540988,21.0,21.0,40.0,32.36557186423817,17.598937635510342,5.544229310768006,5.539910512101999,0,0,0,0
98,1,288.678023540988,19.247311437284765,18.951978752710207,48.993611709954735,32.36557186423817,17.598937635510342,5.544229310768006,5.544229310768006,0,0,0,1
98,2,282.03385722724323,18.13509485949844,18.15575059833949,59.57352431007583,36.255569754784936,22.52172246811,5.4400243317361925,5.544229310768006,0,0,0,2
98,3,265.88342956783674,18.14896915935721,18.23760459909801,70.93260073629412,36.20402772264635,26.90195242301085,6.098865858018704,5.4400243317361925,0,0,0,3
98,4,226.9706815359706,18.20852165371321,18.209998439311168,67.72097446048238,37.35960057705839,28.131364557320808,6.979396639310782,6.098865858018704,1,0,0,4
98,5,194.08531893620628,18.06409580069842,18.0908579863679,63.203932268267565,33.06439061197947,25.174263875715987,6.412774146430532,6.979396639310782,2,0,0,5
98,6,166.19086826685313,18.010346068777707,18.058454998527008,58.2747914514199,30.71694896648893,25.2322687176907,5.3536530570623695,6.412774146430532,3,0,0,6
98,7,146.10708351123196,17.2614418398089,17.254369524851608,53.61926114689234,31.65378604131045,25.8154900446476,5.258781572135456,5.3536530570623695,4,1,1,7
98,8,98.5158610619536,18.628287739065684,18.39723028396618,49.20215953080431,35.2264186949781,23.56746121564393,5.948902806159799,5.258781572135456,5,1,1,8
98,9,57.405261938053854,20.22057099248474,20.140788725713808,60.21639277765783,34.322579934890555,26.86760476985126,6.851766520649955,5.948902806159799,5,1,1,9
99,0,248.28358770178755,21.0,21.0,40.0,30.8160831342532,21.123359991682484,5.025377196,4.810805480371773,0,0,0,0
99,1,248.28358770178755,19.216321662685065,19.022467199833653,49.34909976266842,30.8160831342532,21.123359991682484,5.025377196,5.025377196,0,0,0,1
99,2,242.890145228431,18.052057286759663,18.10486730428645,59.07921261437672,30.55420238786085,23.50198012162969,4.705083320026059,5.025377196,0,0,0,2
99,3,231.91532409207213,18.210608876177115,18.204424175851425,69.84462293434213,33.584646196717216,26.223188914201728,3.833256217835444,4.705083320026059,0,0,0,3
99,4,224.0559235351815,18.130602237526823,18.22643032409156,80.48594276962378,30.84424824181074,28.27419528753179,3.547103092373995,3.833256217835444,0,0,0,4
99,5,202.969920391718,18.17036445620501,18.1438293785499,76.25500711769973,31.86247105206172,27.96566421502689,3.9703320314328834,3.547103092373995,1,0,0,5
99,6,180.11520583880863,18.046236980745043,18.024150004484305,71.62624610246453,31.30957500493805,26.30841935486638,4.5389409740231255,3.9703320314328834,2,0,0,6
99,7,149.44711054595126,17.892488928536025,18.003398383971206,67.09177913016971,28.798766516115133,29.343083637802536,5.915580434433794,4.5389409740231255,3,1,0,7
99,8,100.41699326885242,19.226671255427853,17.8282613534125,63.1555103992332,33.209022408591885,28.25615130842749,7.281065810187256,5.915580434433794,4,1,1,8
99,9,42.22212758092719,19.31503617657242,19.56453536465261,58.19539190827632,32.13915431045234,23.637965184231728,7.274358210990655,7.281065810187256,5,1,1,9
0,0,153.13081227524373,21.0,21.0,40.0,32.969097664154,15.4710408718597,4.311188506349689,5.831303587171684,0,0,0,0
0,1,127.2636812371456,22.25938195328308,21.909420817437194,48.71922493648246,32.969097664154,15.4710408718597,4.311188506349689,4.311188506349689,0,0,0,1
0,2,106.1156968811043,23.26274080967607,23.0740902136686,58.35209347337499,34.098941577065816,19.416994739003783,3.524664059340214,4.311188506349689,0,0,0,2
0,3,97.03404299622385,21.40291140877835,24.202374045256608,68.14002304022256,33.61700679934285,20.76037968314361,3.027217961626824,3.524664059340214,0,0,0,3
0,4,78.53868459017642,24.74390597664489,23.69171425928213,78.98910121625781,35.44515142724666,24.827505106282526,3.082559734341235,3.027217961626824,0,0,0,4
0,5,61.996845324170906,21.830969071430875,25.09656296208406,75.23967383725861,32.503181227782214,30.0,3.3083678532011027,3.082559734341235,1,0,0,5
0,6,53.61224303475965,21.8121247643662,20.82223266876653,71.03588126398216,30.24481328432489,29.73411686413934,4.192301144705626,3.3083678532011027,2,0,0,6
0,7,42.67140698802502,19.071525438742267,19.4702209443428,65.80461173374793,24.59216549300006,29.67855933903202,5.470418023367315,4.192301144705626,3,0,0,7
0,8,19.31891405795397,18.11323473365104,18.071076396560866,60.00838268395103,25.69321559175705,25.438845242704595,6.3308398830607695,5.470418023367315,4,0,0,8
0,9,0.0,18.147219780179103,18.01600942985409,69.38258938756617,29.55543501630084,22.523491114894377,7.047661207485221,6.3308398830607695,4,0,0,9
1,0,184.89675009367696,21.0,21.0,40.0,25.7342414983848,16.144992366405123,7.3321530013852945,5.157535487108307,0,0,0,0
1,1,184.89675009367696,19.114684829967697,18.922899847328104,47.53826209566218,25.7342414983848,16.144992366405123,7.3321530013852945,7.3321530013852945,0,0,0,1
1,2,178.3712111763694,18.05689071278801,17.296435778180683,55.19141872958136,22.84453563940076,19.67300121570576,8.648140847410337,7.3321530013852945,0,0,1,2
1,3,154.71743167283444,16.274258206235103,19.35882017291448,64.19587133470586,28.60173119013869,21.42300550499739,7.884593167844987,8.648140847410337,0,1,1,3
1,4,118.141871297589,20.077277281006825,19.1351119237232,72.81074753653974,24.350130853755847,23.51029248976572,6.095926729207571,7.884593167844987,0,1,1,4
1,5,78.78580964057545,20.736491991084847,20.771402594352363,67.9927544775367,34.47682771181968,22.089877515941293,4.919507707126695,6.095926729207571,1,1,1,5
1,6,42.02974102024344,21.928046358657355,21.705737318105893,62.68286142636451,32.21286023602414,21.62106725746368,4.594508577541502,4.919507707126695,2,1,1,6
1,7,7.145734718267046,22.884974069866125,22.649028027449177,58.28654075079517,37.02063365464495,21.88869592552539,4.360500787747049,4.594508577541502,3,0,0,7
1,8,0.0,20.56291594769848,20.340724025148763,53.52519174854169,35.76509059783254,21.11630383409252,3.572867359133523,4.360500787747049,4,0,0,8
1,9,0.0,19.087546013518065,18.827051593074312,65.10577819743516,40.34709562158727,23.989495761154217,3.301405384378153,3.572867359133523,4,0,0,9
2,0,249.1681594714666,21.0,21.0,40.0,27.721293233033787,22.818338600598924,7.647974385457378,7.199748919103557,0,0,0,0
2,1,249.1681594714666,19.15442586466068,19.05636677201198,49.09713373005388,27.721293233033787,22.818338600598924,7.647974385457378,7.647974385457378,0,0,0,1
2,2,244.81688679051155,18.00794909345744,17.4829168738033,58.49182733229344,26.389921148875032,25.80282108578918,8.017705861,7.647974385457378,0,0,1,2
2,3,219.9909016023588,16.34558102474539,19.432752185861805,67.68950366257089,27.307563536933053,23.79063829794164,8.275328396050925,8.017705861,0,1,1,3
2,4,170.1733761368817,20.24984647643889,19.195603990260263,77.22536708732025,29.69078795928531,23.28623106710005,8.302920910912846,8.275328396050925,0,1,1,4
2,5,108.93931660003147,20.693769394857988,20.883893731730588,71.14749467672955,27.937397972884,21.629977523834345,7.654257442106276,8.302920910912846,1,1,1,5
2,6,59.59626418676461,21.960472310506905,21.74845061595183,65.94872968949066,31.100262650557788,23.35104297589282,6.167881551658359,7.654257442106276,2,1,1,6
2,7,9.66777308478886,22.68056930092298,22.68876893903776,59.46180637519686,25.032606994366216,22.26226348177931,6.241061387746969,6.167881551658359,3,0,0,7
2,8,0.0,20.339455757358323,20.25540024835165,53.25517891327986,26.46592526731451,22.386144388702185,4.8338865423944295,6.241061387746969,4,0,0,8
2,9,0.0,18.68099023581773,18.56595137391509,61.3280115242492,25.930922895586534,18.918147165354213,4.217550966233871,4.8338865423944295,4,0,0,9
3,0,134.46801358460164,21.0,21.0,40.0,32.26903443186937,16.978933102062314,3.304801234021085,4.054780927602364,0,0,0,0
3,1,114.63920618047511,22.24538068863739,21.93957866204125,48.864634156107705,32.26903443186937,16.978933102062314,3.304801234021085,3.304801234021085,0,0,0,1
3,2,87.58241160385337,22.5616743986562,22.420512610182083,43.77483826478002,33.350904657636065,21.70578483498792,3.382099322077719,3.304801234021085,1,0,0,2
3,3,70.31337311833533,20.04056343616002,22.97787910299573,38.85379811521634,30.62293243831953,25.37128895299335,3.4538076971036067,3.382099322077719,2,0,0,3
3,4,49.73504380890402,22.86804103108652,18.841672917762534,34.72314731807147,33.82197200642916,26.56330134276599,4.115665861886264,3.4538076971036067,3,0,0,4
3,5,27.9438342562106,18.423425665089688,22.51603159229316,31.560887879215024,35.765225339686424,30.0,4.358241910538685,4.115665861886264,4,0,0,5
3,6,27.9438342562106,19.977319098553824,18.668062606590947,42.359719440716944,32.03362218255116,27.959886492459493,5.112308244964565,4.358241910538685,4,0,0,6
3,7,27.57937382630611,18.13739123398212,18.33706653058756,52.611819457498456,31.57855164606743,25.377559558274285,5.275780035,5.112308244964565,4,0,0,7
3,8,18.47079005945876,18.18946367410648,18.1387041747296,63.77598104841978,35.46929499083572,26.55382495872718,4.389079756,5.275780035,4,0,0,8
3,9,8.087893074323091,18.02726325620218,18.171551887999247,74.4960634801526,31.929797814504514,27.62621569512222,4.156893335917718,4.389079756,4,0,0,9
4,0,193.7628833371517,21.0,21.0,40.0,31.365327650566044,22.007154082152155,6.769341992482144,5.273271777648426,0,0,0,0
4,1,193.7628833371517,19.22730655301132,19.040143081643045,49.60704671188928,31.365327650566044,22.007154082152155,6.769341992482144,6.769341992482144,0,0,0,1
4,2,168.4082501555024,18.09156715960579,20.4917910354464,59.675716691222405,31.633591567781178,24.30346387295844,7.224936543967067,6.769341992482144,0,0,0,2
4,3,168.4082501555024,18.35686894940593,17.48863213354421,71.42871682747575,36.35146392844239,28.94298127296512,6.859592786501511,7.224936543967067,0,0,1,3
4,4,122.11887265456228,18.22096756772048,19.2197949498311,68.99888856706754,41.51534535158693,28.31894209058969,6.614926951011565,6.859592786501511,1,0,1,4
4,5,89.1448839010757,18.009238300616534,19.841224123894104,65.75638970120758,35.319450745222504,30.0,5.722686684749252,6.614926951011565,2,0,1,5
4,6,61.017407814471966,18.21927498244997,19.82340714148348,61.67321923477422,37.37420676699273,23.27484619726643,5.055002876401586,5.722686684749252,3,0,1,6
4,7,38.50321261636003,18.18427299132054,19.91677360288245,58.21242852263234,39.33264963313126,24.77406863274712,4.097149072681395,5.055002876401586,4,0,1,7
4,8,29.703334099861948,18.263864840874,20.55611972215713,70.30512040724344,38.29068417179338,28.890937409379404,2.9332928388326955,4.097149072681395,4,0,1,8
4,9,11.457497301758766,18.10635680339484,19.905654552978035,66.76434399424842,35.002111755189766,28.660241505949053,3.3875229582215765,2.9332928388326955,5,0,1,9
5,0,93.42006469655628,21.0,21.0,40.0,32.81367886473842,16.657447977782923,6.053035409,7.581990489683603,0,0,0,0
5,1,75.26095846955627,22.25627357729477,18.93314895955566,48.90480283165384,32.81367886473842,16.657447977782923,6.053035409,6.053035409,0,0,0,1
5,2,62.56125575514208,18.42619071518288,22.1902893842528,58.18749294771116,31.606218228676816,19.96428241608611,4.233234238138066,6.053035409,0,0,0,2
5,3,55.16294804818149,19.426562210123542,21.038614845162886,68.04928940948483,33.86182316647451,20.925934954490288,2.4661025689868654,4.233234238138066,0,0,0,3
5,4,50.37183886618149,22.249457499369584,21.52218572793926,78.55745253781963,35.28074154611529,23.09794250018918,0.798518197,2.4661025689868654,0,0,0,4
5,5,45.12563293904999,22.80909866929717,22.79745258271201,73.69741189507597,33.91224422051305,22.42086331979994,0.6557757408914365,0.798518197,1,0,0,5
5,6,35.75143212600408,23.72221267787821,23.643392603711487,68.7747942881088,30.050576373092493,25.934881365978743,1.1717751016307385,0.6557757408914365,2,0,0,6
5,7,20.855966505828683,24.388411227706744,24.402262227888794,63.46076083796737,27.15033819019525,26.66058708679685,1.8619332025219248,1.1717751016307385,3,0,0,7
5,8,8.70790114,21.96678241167284,24.84186380001437,58.46542998320365,30.80983041575277,24.771664835559893,2.429613073165737,1.8619332025219248,4,0,0,8
5,9,8.70790114,22.19740532072516,21.05662956338461,70.27040139514993,39.74787077635845,25.83530373445421,3.3176841873575342,2.429613073165737,4,0,0,9
6,0,287.4959522486532,21.0,21.0,40.0,29.01257819165574,17.67497995388691,7.267481148619879,2.270557707986028,0,0,0,0
6,1,287.4959522486532,19.18025156383312,18.95349959907774,48.40376046619768,29.01257819165574,17.67497995388691,7.267481148619879,7.267481148619879,0,0,0,1
6,2,280.23262105004875,18.100198529013166,17.430995056586426,57.73349632378941,27.85689903172367,23.974966843785936,11.011881008803204,7.267481148619879,0,0,1,2
6,3,244.23262105004875,16.41960791519026,19.51439707792151,68.00556498806338,31.18282104234684,25.88422709250853,12.0,11.011881008803204,0,1,1,3
6,4,178.66434055987662,20.286968488517065,19.29858383833594,77.54140371591035,27.98713844472981,24.989743376642245,10.928046748362023,12.0,0,1,1,4
6,5,104.07516280814085,20.863495146197533,20.991756163011672,72.8269998816591,32.77745991641811,24.364741004408312,9.323647218966974,10.928046748362023,1,1,1,5
6,6,43.648437055861805,22.09568897571384,21.922636444391493,68.16439305801254,32.079336702378924,25.35062538847351,7.553340719034881,9.323647218966974,2,0,1,6
6,7,12.986825196317575,19.937234314759475,22.879008056929656,63.19344673073677,30.61203285489704,25.1049319935709,6.132322371908845,7.553340719034881,3,0,0,7
6,8,2.4200464122385483,19.710344784341032,18.749051012032933,58.447753917795765,30.45322787214557,26.515145389293345,5.283389392039514,6.132322371908845,4,0,0,8
6,9,0.0,18.058538573850416,18.08747548821282,68.91671645358218,30.45012968760041,27.7107732889908,4.362409173376318,5.283389392039514,4,0,0,9
7,0,258.36836803047424,21.0,21.0,40.0,30.779173783334635,20.680614680722343,7.090128116,2.9956330997377263,0,0,0,0
7,1,258.36836803047424,19.21558347566669,19.013612293614447,49.262761923530256,30.779173783334635,20.680614680722343,7.090128116,7.090128116,0,0,0,1
7,2,225.62815467569385,18.11186737326596,20.35387967486956,58.11454585737656,31.01902742537257,18.15754998488469,9.193204237929365,7.090128116,0,0,0,2
7,3,225.62815467569385,18.23645816898408,17.330745662941695,68.31552102443551,34.16376251975196,22.508321741686643,9.64172416696774,9.193204237929365,0,0,1,3
7,4,200.5626492422772,16.725297881403183,19.75194844469472,79.84769515109312,38.16039673152284,25.90723730546388,8.355168477805561,9.64172416696774,0,1,1,4
7,5,139.7909625894705,20.14521357392173,19.00074073725755,75.92689694068889,36.68750221857296,24.863618834736847,7.596460831600832,8.355168477805561,1,1,1,5
7,6,87.39270019182622,20.758964379753827,20.943512528009084,72.36695919000292,35.74779326113881,27.808108123939096,6.549782799705535,7.596460831600832,2,1,1,6
7,7,42.7770410391416,22.06005287881801,21.86230461354086,69.10942189872846,36.17754748869626,29.05835644866782,5.576957394085579,6.549782799705535,3,0,1,7
7,8,11.973093098,19.91048029034184,22.76774666334765,66.3736770242022,39.11882801297138,29.015922684104915,6.160789588228319,5.576957394085579,4,0,0,8
7,9,11.973093098,20.24848607291922,19.28390707489692,78.14026879928726,35.36995430602813,30.0,6.022561510933938,6.160789588228319,4,0,0,9
8,0,152.26833664798127,21.0,21.0,40.0,32.21736375634937,19.458250283585784,6.485857822549366,7.7394799538568435,0,0,0,0
8,1,132.81076318033317,22.244347275126987,18.989165005671715,49.30161052718833,32.21736375634937,19.458250283585784,6.485857822549366,6.485857822549366,0,0,0,1
8,2,116.39271166033318,18.45362143614249,22.288215197723108,59.355382527134005,31.47616742569292,24.378121462894168,5.47268384,6.485857822549366,0,0,0,2
8,3,102.00148345902834,19.511916438763983,21.232478879751408,70.71475542908586,34.780299379992755,28.32732785307307,4.797076067101612,5.47268384,0,0,0,3
8,4,93.681535608208,18.63313444826503,17.920486158044532,65.57108477163821,32.368354523625115,22.38903071277685,4.153521599292188,4.797076067101612,1,0,1,4
8,5,65.68332321616865,18.19260614008268,19.69045931543666,62.40379378499277,36.150887258824426,29.586385037589807,4.252041794701322,4.153521599292188,2,0,1,5
8,6,45.837337394733424,18.11862840103653,19.9944125509305,59.09212757334362,36.34963410056533,28.58555361249489,3.595561977175403,4.252041794701322,3,0,1,6
8,7,31.83988217423503,17.989795174993755,19.84369229627545,53.33264010251982,29.761861114551024,21.574319603094565,2.582738914567651,3.595561977175403,4,1,1,7
8,8,21.15104899758253,20.90745986801182,20.262450515433184,61.74189326661956,25.580041971796938,21.138031162090503,1.7814721961087492,2.582738914567651,4,1,1,8
8,9,11.06093591087992,21.9356819965913,22.058914472135307,71.88567914887919,29.933941262016344,26.420424750537165,1.6816855144504357,1.7814721961087492,4,1,0,9
9,0,183.762980403802,21.0,21.0,40.0,33.24437219818739,19.98399187856279,6.830282956640339,5.773273185929288,0,0,0,0
9,1,163.27213153388095,22.26488744396375,18.999679837571257,49.58110553381504,33.24437219818739,19.98399187856279,6.830282956640339,6.830282956640339,0,0,0,1
9,2,143.30935035021363,18.39365050940033,22.20420813102497,58.08753008683389,27.85407359904675,19.40384058439131,6.654260394555777,6.830282956640339,0,0,0,2
9,3,123.25210584695864,19.248117424143768,21.09403235135496,66.99291484850224,25.01012455105857,24.46423523598781,6.685748167751662,6.654260394555777,0,0,0,3
9,4,123.25210584695864,19.184685034134752,18.484537466839367,77.57581240610489,33.056264888307936,25.737610431706766,7.017789822289494,6.685748167751662,0,0,0,4
9,5,102.42364485837632,18.07776688429577,17.19780482773048,73.91102780332514,33.02704542917933,29.946373444266555,6.8777274829861215,7.017789822289494,1,0,1,5
9,6,63.87427612629211,18.197214725557306,19.206001578896604,70.67140232414258,35.33541400454128,30.0,5.392656343724765,6.8777274829861215,2,0,1,6
9,7,42.08286742266597,18.181805721382183,19.76339879329353,67.43934224071302,38.349224682063095,27.028219298883776,3.700137685,5.392656343724765,3,0,1,7
9,8,26.2132769600898,18.18604572471829,19.81199602276725,64.89148518041836,40.11917920538199,29.059392681869905,2.7947410180477528,3.700137685,4,0,1,8
9,9,17.747167588648193,18.21990025365407,20.362521143348665,78.01248977949496,42.89446999487001,30.0,2.7207304042692377,2.7947410180477528,4,0,1,9
10,0,46.86826021071695,21.0,21.0,40.0,25.90433139596119,21.46027891507768,2.398807380861561,5.763960930748606,0,0,0,0
10,1,27.67780116382446,21.418086627919227,21.32920557830156,33.525629855987,25.90433139596119,21.46027891507768,2.398807380861561,2.398807380861561,1,0,0,1
10,2,18.820452326822505,21.89003044088352,21.731826924433378,27.83797104307545,30.48931019196516,21.24591862519289,1.1071686046252442,2.398807380861561,2,0,0,2
10,3,18.531268286822502,22.50969100509272,22.351224791892303,23.51786032649848,34.814540824005924,24.518177417233144,0.036148005,1.1071686046252442,3,0,0,3
10,4,17.326546658570955,23.33351389406782,23.15762847230017,20.496031898607043,38.858330954607,27.68706666821836,0.1505902035314441,0.036148005,4,0,0,4
10,5,16.257543732417695,24.18554555975618,24.038542518932008,17.165879669595228,37.41046049216204,27.422027124438983,0.1336253657691576,0.1505902035314441,5,0,0,5
10,6,10.683781485138748,25.73175062763641,25.55144367004335,28.69951491133878,37.64807241751762,26.427678925502114,0.9289603745464912,0.1336253657691576,5,0,0,6
10,7,0.0,27.00727030471789,26.891210843186776,40.02327966164998,35.70869080442363,27.201113363971903,1.7806302475231244,0.9289603745464912,5,0,0,7
10,8,0.0,25.1212111317442,24.96443053409925,52.54766558658852,39.57992180521409,30.0,1.296150207835052,1.7806302475231244,5,0,0,8
10,9,0.0,23.156837472735937,23.069350740963813,64.55835378617901,36.72604555328055,30.0,1.3059908441020889,1.296150207835052,5,0,0,9
11,0,200.5877412237111,21.0,21.0,40.0,34.82587986096777,15.596075442048257,7.139526913102904,2.097733795737998,0,0,0,0
11,1,200.5877412237111,19.29651759721936,18.911921508840965,49.07595195454289,34.82587986096777,15.596075442048257,7.139526913102904,7.139526913102904,0,0,0,1
11,2,165.73933425744178,18.081353262451408,20.393368765696664,58.27526444554273,31.8779489654034,19.22934265126242,9.815371048649055,7.139526913102904,0,0,0,2
11,3,165.73933425744178,18.2374555366822,17.25976859355625,67.77372495931408,33.48666984206323,19.282555234444267,10.078831281894056,9.815371048649055,0,0,1,3
11,4,138.85671515943875,16.58679388918508,19.621653177000493,77.4535413304281,33.34954868670936,20.42720893059076,8.960873032667674,10.078831281894056,0,1,1,4
11,5,79.31898593222918,19.84494166336939,18.84651848327572,71.61956964450617,27.660324605054164,23.26205491760185,7.442216153401197,8.960873032667674,1,1,1,5
11,6,38.94894800657835,20.31181039323412,20.589972490350178,64.53478840893945,22.52084021289357,21.452597367291343,5.046254740706354,7.442216153401197,2,1,1,6
11,7,14.69802777656004,21.53775400063188,21.282652179507743,57.84531090353846,27.3761145069524,18.79345490748656,3.0313650287522886,5.046254740706354,3,1,1,7
11,8,0.0,22.09010079520573,22.07906850186309,50.453852748402255,23.323909449951604,18.945767465958323,1.837253472070005,3.0313650287522886,4,0,0,8
11,9,0.0,20.210102123857787,20.20150908391832,58.056774081754384,21.41679412453456,20.82165772742172,1.546024985159424,1.837253472070005,4,0,0,9
12,0,231.45305817490043,21.0,21.0,40.0,26.68594523517113,17.989768671675385,7.893431988743194,5.510491875932469,0,0,0,0
12,1,231.45305817490043,19.133718904703425,18.959795373433508,48.04162850323237,26.68594523517113,17.989768671675385,7.893431988743194,7.893431988743194,0,0,0,1
12,2,224.92323807200887,18.06875592122364,17.40985551154767,57.11597892230178,26.19352513331667,24.21953275040224,9.722816005948197,7.893431988743194,0,0,1,2
12,3,194.3487982018963,16.432886609631446,19.479633325941613,67.62059750663646,32.9525812324119,25.406410902780777,10.191479956704192,9.722816005948197,0,1,1,3
12,4,140.88663048425124,20.352264990862928,19.366353799777148,78.52806337463066,32.095695704802225,28.501336895165583,8.910361286274178,10.191479956704192,0,1,1,4
12,5,82.94222127319031,20.86643650287523,21.104742219440485,73.77916790166276,29.91198137187892,27.03859933385496,7.243051151382616,8.910361286274178,1,1,1,5
12,6,30.40016883609612,22.0459466858727,22.02584639385925,68.658757968493,26.158520167291893,28.72809131509836,6.567756554636774,7.243051151382616,2,0,0,6
12,7,19.463013775056616,19.788176121047712,19.965270907584983,62.68956551073374,20.808959032893394,29.362193979555126,5.468577530519753,6.567756554636774,3,0,0,7
12,8,9.352347729785953,18.037014569727685,18.011293817185962,56.351360009428845,23.20573386964927,24.915346678656856,4.008392502035858,5.468577530519753,4,0,0,8
12,9,0.0,18.06583715859491,18.14352574048356,66.00098456439417,25.91552896350606,27.693496341856868,3.2483411032172773,4.008392502035858,4,0,0,9
13,0,289.94879047089387,21.0,21.0,40.0,29.72369114070828,15.898684800310212,4.917734207362141,2.2657112237249217,0,0,0,0
13,1,275.19558784880746,22.194473822814167,18.917973696006207,48.21202766938333,29.72369114070828,15.898684800310212,4.917734207362141,4.917734207362141,0,0,0,1
13,2,253.26716567455497,18.43681781691405,22.1154888416402,57.54065446355119,33.51982753892794,18.305876873115736,7.309474058084169,4.917734207362141,0,0,0,2
13,3,253.26716567455497,19.26804403469671,18.10055624018704,67.05306477284032,28.020524147543284,24.82619979295188,8.701565027637658,7.309474058084169,0,0,0,3
13,4,246.8225669061369,18.06023931927858,17.542990442093227,76.3730017906637,28.812825331466435,22.964602545330152,8.586721708783863,8.701565027637658,0,0,1,4
13,5,206.30039926087133,16.047192075648425,19.2053275262224,71.49082537076474,28.031045814821496,28.179085185739893,8.104433529053114,8.586721708783863,1,1,1,5
13,6,143.73642101856743,19.4744840476651,18.58686314179391,66.69754130074213,26.85649546185668,29.847481926906653,7.820497280287988,8.104433529053114,2,1,1,6
13,7,90.53129557178607,20.108618867885784,20.39104329925685,62.12889680078315,28.57253350987129,29.37944149035664,6.650640680847666,7.820497280287988,3,1,1,7
13,8,38.777669960483934,21.257798780602545,21.17518940882101,57.909835182115074,29.894102118510705,30.0,6.469203201412769,6.650640680847666,4,1,1,8
13,9,0.0,22.59484547542773,22.573430518220658,68.38580656024446,30.254864713342,27.944976276265702,6.462944993413989,6.469203201412769,4,0,0,9
14,0,72.39512915990431,21.0,21.0,40.0,26.261996141262443,21.0592616014806,4.478147900676209,7.277721786841092,0,0,0,0
14,1,45.52624175584707,22.12523992282525,22.02118523202961,48.51782639369375,26.261996141262443,21.0592616014806,4.478147900676209,4.478147900676209,0,0,0,1
14,2,38.30389060718419,20.27089089404045,23.0888198851944,58.53787142210776,33.165643814379706,22.501273010142626,2.4074503828876264,4.478147900676209,0,0,0,2
14,3,32.00621801205042,23.531850767461467,22.5033648485563,69.30984642409005,34.49983332225874,25.34447224430956,1.049612099188962,2.4074503828876264,0,0,0,3
14,4,27.2654188280254,24.31163727341969,24.562825013356257,80.62606874570497,32.86790178674952,30.0,0.7901331973375043,1.049612099188962,0,0,0,4
14,5,24.34142445492923,25.25383532481016,25.094846492935176,77.11236881290304,33.99720182290064,29.8155763281998,0.3654992966370204,0.7901331973375043,1,0,0,5
14,6,19.824212419105542,25.881508239614583,25.87021876977494,73.25358917367151,32.42248732052146,29.47318135041445,0.5646515044779603,0.3654992966370204,2,0,0,6
14,7,11.227404984315347,26.487148542427537,26.388507773748955,69.17681547358009,32.89298551828559,27.79160503676208,1.0746009293487748,0.5646515044779603,3,0,0,7
14,8,7.309036467934602,23.858272106525785,23.63326345817345,64.23912762521888,34.3158890617833,21.585845113987737,1.959184258190373,1.0746009293487748,4,0,0,8
14,9,7.309036467934602,21.917788788985373,21.771664651083043,74.43146228139557,33.65270902180258,22.97137240140121,3.2220152578563246,1.959184258190373,4,0,0,9
15,0,133.22365410639625,21.0,21.0,40.0,27.966960170684136,18.15766526431868,6.016773721870224,6.7515617982732055,0,0,0,0
15,1,115.17333294078556,22.159339203413683,18.963153305286376,48.3024325783005,27.966960170684136,18.15766526431868,6.016773721870224,6.016773721870224,0,0,0,1
15,2,101.81354303963823,18.458086371394568,22.1140283399951,57.72796742996174,33.754886275556096,18.60919623367299,4.453263300382446,6.016773721870224,0,0,0,2
15,3,90.7544050273756,19.335010260257967,21.1043056733046,67.71637343939324,31.09362215775104,24.397522339090624,3.6863793374208806,4.453263300382446,0,0,0,3
15,4,72.84116123426138,22.313495080615475,21.547692376747268,79.23990972417641,37.885175012142064,26.134471014431107,2.9855406321857028,3.6863793374208806,0,0,0,4
15,5,59.05857377653206,19.86646264199573,22.94242002354126,75.47554353974644,35.054679672512414,27.36550819176548,2.756517491545865,2.9855406321857028,1,0,0,5
15,6,40.34006350206276,22.95354803931988,21.90637698366489,70.66291915575974,31.40786162982004,25.18866957025388,2.3398137843086624,2.756517491545865,2,0,0,6
15,7,15.768806956796594,23.084365223004006,23.43740033920129,65.22472475980602,25.58847613483113,27.53266610987048,3.071407068158271,2.3398137843086624,3,0,0,7
15,8,8.881067626166583,20.90229794686803,20.874544333875274,60.32131246300813,26.092153906678394,30.0,3.443869665315005,3.071407068158271,4,0,0,8
15,9,8.881067626166583,19.386738644863826,19.26258646920347,71.44150778521775,34.2013879395368,27.577474961627782,4.130537653213358,3.443869665315005,4,0,0,9
16,0,37.87538545700527,21.0,21.0,40.0,34.62841056110579,15.575079902738878,2.747501458813862,5.740885074374117,0,0,0,0
16,1,15.89537378649437,21.59256821122212,21.21150159805478,34.03662828349204,34.62841056110579,15.575079902738878,2.747501458813862,2.747501458813862,1,0,0,1
16,2,11.441615764643476,21.968214166190663,21.743942355730205,28.701763295261685,35.31239211518222,18.38280239464918,0.5567197527313617,2.747501458813862,2,0,0,2
16,3,7.409866857698661,22.520372553133253,22.28904339499562,23.186730770487245,33.81239940752076,18.88186434373233,0.5039686133681017,0.5567197527313617,3,0,0,3
16,4,1.1329780689454236,23.16016606435045,23.016472744981925,17.751519105010004,31.89615815503073,21.24155481454018,0.7846110985941548,0.5039686133681017,4,0,0,4
16,5,0.7588190566432453,24.649299364290822,24.42891418272072,27.055974902896946,32.433039984202544,19.25838111516936,0.0623598353836964,0.7846110985941548,4,0,0,5
16,6,0.0,25.955283692831955,25.842823215177702,36.30540734419037,30.15726869561384,21.228467089349618,0.1264698427738742,0.0623598353836964,4,0,0,6
16,7,0.0,27.164642609569807,27.020364053769484,46.03710958974104,31.48292371505573,22.58208876022572,0.0,0.1264698427738742,4,0,0,7
16,8,0.0,24.995570189543056,25.02950987076214,55.69558438981484,27.06269380489693,26.59549952884645,0.6990884612594235,0.0,4,0,0,8
16,9,0.0,22.892430454428247,22.87986103003958,64.11175103117796,23.437928671026736,23.31855266987953,1.2904280770404633,0.6990884612594235,4,0,0,9
17,0,240.71949114294185,21.0,21.0,40.0,25.81871451238587,16.634519240858396,5.629555566,2.810798798891432,0,0,0,0
17,1,240.71949114294185,19.11637429024772,18.93269038481717,47.64158207558397,25.81871451238587,16.634519240858396,5.629555566,5.629555566,0,0,0,1
17,2,214.62409280106752,18.09726206837693,20.33745971313237,56.28930012919906,26.516221983085657,21.52665609255376,7.024113614054433,5.629555566,0,0,0,2
17,3,214.62409280106752,18.074601065036457,17.300476854480277,65.01244674424899,26.782585747821816,21.67933989134448,7.040460804292091,7.024113614054433,0,0,1,3
17,4,182.6618369892404,18.119204272086403,19.477948832615184,73.38388655570697,28.99099700570732,17.517001946836952,6.882465053019259,7.040460804292091,0,0,1,4
17,5,146.32158675946127,18.125377806419817,19.67662700723,67.53096001015075,29.866339952854123,20.95073479405577,6.1984299688104585,6.882465053019259,1,0,1,5
17,6,110.06280038879332,18.18994670750759,19.79857409166725,62.45569689219343,34.11946184014111,21.0179652823182,6.401658140436525,6.1984299688104585,2,0,1,6
17,7,74.62282811823819,18.04893707037479,19.81301698688818,56.42097206200833,28.96850244820124,20.83858182854821,6.339055966529619,6.401658140436525,3,0,1,7
17,8,38.205907624698746,18.106878716821026,19.66165227723481,51.290647189412965,30.047536454031103,24.783992031550195,6.267183403,6.339055966529619,4,0,1,8
17,9,23.16330176323426,17.9778630111504,20.088474113082984,59.29574186399632,23.54493328550933,20.92781490662042,4.462867536297095,6.267183403,4,1,1,9
18,0,172.81239744165015,21.0,21.0,40.0,34.443744382523725,18.677464581644607,5.635131593856222,3.710905355422147,0,0,0,0
18,1,155.90700266008147,22.28887488765048,18.97354929163289,49.5618176135503,34.443744382523725,18.677464581644607,5.635131593856222,5.635131593856222,0,0,0,1
18,2,136.43910973962102,18.471494775311346,22.315530586613608,59.78810178830429,32.17039161744754,24.64229824229684,6.489297640153488,5.635131593856222,0,0,0,2
18,3,136.43910973962102,19.58404124500253,18.12754595476272,70.4861729242241,37.29897793767242,22.13475059521549,6.462647732471483,6.489297640153488,0,0,0,3
18,4,119.38901916919612,18.056148009297047,17.024642842960702,65.44544607120515,33.166834700111565,22.16246056089426,5.248820222218948,6.462647732471483,1,0,1,4
18,5,86.65645918313278,18.04224038901421,18.950736340860416,60.29118868371181,31.351090865406764,23.34747920407466,4.520520264842107,5.248820222218948,2,0,1,5
18,6,61.2410733804635,18.074639326569727,19.593495512299658,54.853188840241856,28.975704260183488,24.14651883165008,4.158268771345154,4.520520264842107,3,0,1,6
18,7,40.53101854924572,18.2283253990452,19.75768537391776,50.65339631776001,35.39375135420171,24.60740129867693,3.5711570984621663,4.158268771345154,4,0,1,7
18,8,30.190578693002283,18.07430977756888,20.492467999214515,61.39901727818587,32.92479175960908,26.77310246497904,3.4468132854144784,3.5711570984621663,4,0,1,8
18,9,20.227070886284764,18.34662122387936,20.45415135304571,72.88376224819073,36.07762946962353,27.72650925262572,3.32116926890584,3.4468132854144784,4,0,1,9
19,0,103.65628122987437,21.0,21.0,40.0,27.195361581889124,23.8040828251533,2.267431907553209,4.022244520743904,0,0,0,0
19,1,85.51682596944869,21.443907231637784,21.376081656503068,34.17989999326764,27.195361581889124,23.8040828251533,2.267431907553209,2.267431907553209,1,0,0,1
19,2,70.99547257526923,21.92146232609732,21.872206922022592,29.449705002030584,30.267313050831127,26.78715922007411,1.8151691742724327,2.267431907553209,2,0,0,2
19,3,56.37057811076173,22.392663622094545,22.477473153377304,23.82090684113063,24.28029346821377,27.78193897123093,1.8281118080634384,1.8151691742724327,3,0,0,3
19,4,37.21105549824536,23.14529452393641,23.1715452175824,19.155664863853303,27.41532234845933,30.0,2.3949403265645466,1.8281118080634384,4,0,0,4
19,5,27.062850422314817,21.67326149339139,24.64093846983053,29.448370856923468,29.202045367427065,27.97965459407385,3.3827350253101818,2.3949403265645466,4,0,0,5
19,6,27.062850422314817,22.29609585041132,21.1832310736421,40.21729347130669,35.477716024779184,24.34963183290538,3.611356910114296,3.3827350253101818,4,0,0,6
19,7,27.062850422314817,20.263117256569167,20.432230272000723,49.924181373978286,31.08223794740131,22.84491706744089,4.170071902714403,3.611356910114296,4,0,0,7
19,8,27.062850422314817,19.11528340784065,18.8897943907821,60.66887481054219,34.2152484678489,25.47749284639502,4.555529319438115,4.170071902714403,4,0,0,8
19,9,22.716362529898703,17.983334056743338,18.030863686337256,70.04551389252937,28.50838907949843,23.58405026487481,4.559942761740891,4.555529319438115,4,1,0,9
20,0,168.83526035011968,21.0,21.0,40.0,34.03487760059643,23.695520081705304,5.530670999028015,3.018100944219988,0,0,0,0
20,1,152.24324735303563,22.28069755201193,19.07391040163411,50.39147158281431,34.03487760059643,23.695520081705304,5.530670999028015,5.530670999028015,0,0,0,1
20,2,132.20201523944556,18.530752155860792,22.335067547226863,60.58021625569502,32.24508737946167,24.35904969209785,6.680410704530024,5.530670999028015,0,0,0,2
20,3,132.20201523944556,19.437488204926343,18.22482266864239,70.19656629242833,28.49635640722365,24.927810463516977,6.678404481872221,6.680410704530024,0,0,0,3
20,4,112.8128760752789,18.18112012077224,17.110134195332833,66.52449218382688,33.55845294528952,29.37446867359129,5.785892698590509,6.678404481872221,1,0,1,4
20,5,76.22598588717796,18.010762615483376,19.18441742937568,62.31684936677297,29.957539905256056,30.0,5.1181283516326985,5.785892698590509,2,0,1,5
20,6,49.35471040124656,18.12523653342512,19.69647012343864,57.476638638442495,29.708907464702243,26.73436626679511,4.465759594723016,5.1181283516326985,3,0,1,6
20,7,28.458894773397844,18.13145896977774,19.764806311730887,52.20701565734592,32.15673728843194,21.90091281658705,3.672268136192737,4.465759594723016,4,0,1,7
20,8,20.088505327499163,18.07890887944495,20.33101311004885,61.55746976247089,30.44743043317154,21.49953681752274,2.718600098748033,3.672268136192737,4,0,1,8
20,9,13.243497210871736,18.16741930484968,20.23184135745297,70.56073373127677,31.12327340584094,18.89485975419172,2.270032877088619,2.718600098748033,4,0,1,9
21,0,186.1763664159492,21.0,21.0,40.0,34.599403986625305,23.335456982769287,4.635424999011551,7.291819783222505,0,0,0,0
21,1,158.36381642187987,22.29198807973251,22.066709139655387,50.42827497449103,34.599403986625305,23.335456982769287,4.635424999011551,4.635424999011551,0,0,0,1
21,2,150.14362577217062,20.43435533804549,23.329347836118625,62.36484783455082,37.47192643224938,28.842367234749485,2.740063549903083,4.635424999011551,0,0,0,2
21,3,131.94579566242209,23.94016635705264,22.7667124553504,75.90945320507352,45.24780761401495,30.0,3.032971684958091,2.740063549903083,0,0,0,3
21,4,98.00962260542364,24.184776834912444,24.12565608225588,74.30893930949911,47.49971781369669,26.94187165533436,4.242021632124803,3.032971684958091,1,0,0,4
21,5,70.5845691360062,22.1071103881974,24.805026775412312,71.43497538329842,41.67892950288291,25.687937573779973,5.485010693883489,4.242021632124803,2,0,0,5
21,6,59.03029154043424,21.85299266786886,20.885669160600205,68.29462081428133,36.89217430811269,28.99474475290343,5.777138797785983,5.485010693883489,3,0,0,6
21,7,49.0514071809834,19.31551098204104,19.520201447213864,64.86418009735128,34.2753293503886,30.0,4.989442179725419,5.777138797785983,4,0,0,7
21,8,49.0514071809834,18.256874873269464,18.13807212170127,76.18074060549844,32.86978060081759,30.0,4.716433036,4.989442179725419,4,0,0,8
21,9,22.753184478792228,17.95707971949279,18.043262407429143,70.82226478878053,26.599923791479128,26.96409944897689,4.566440939,4.716433036,5,1,0,9
22,0,122.32614768641452,21.0,21.0,40.0,28.166889866459577,18.23033519432189,2.392958601174912,2.6222743122223973,0,0,0,0
22,1,107.96839607936506,22.16333779732919,21.96460670388644,48.35150051094067,28.166889866459577,18.23033519432189,2.392958601174912,2.392958601174912,0,0,0,1
22,2,85.71978480546665,22.36929593942902,22.30674234259159,40.96818635890426,24.2117838105442,18.10313756703134,2.781076409237303,2.392958601174912,1,0,0,2
22,3,70.24682849677646,19.88466086536438,22.772509236386625,35.275498959921094,29.126588814660344,22.580703413210927,3.0945912617380373,2.781076409237303,2,0,0,3
22,4,45.20594487267891,22.5977148630568,21.64302578187808,29.85039517052708,28.80529816515105,24.38856967154888,3.130110453012193,3.0945912617380373,3,0,0,4
22,5,28.006322206306773,19.97157065452048,23.063730471169684,25.049414308141287,33.18678140820518,23.474436022984865,3.439924533274427,3.130110453012193,4,0,0,5
22,6,18.20660054617517,23.74003346919292,19.662774216618573,34.68874436235444,30.516199506748173,23.035634127769363,3.2665738867105327,3.439924533274427,4,0,0,6
22,7,8.798516130120888,19.877237027892463,23.909799362512484,45.84063785130118,35.74286794254805,26.212095884933824,3.136028138684763,3.2665738867105327,4,0,0,7
22,8,0.0,21.11281912208221,22.775672266986945,57.49337382101879,35.553164894724866,29.18425715926184,2.932838710040296,3.136028138684763,4,0,0,8
22,9,0.0,20.62121679708628,20.00768805503293,69.32542900825614,35.73363992909633,30.0,3.052730709227171,2.932838710040296,4,0,0,9
23,0,137.49826938078638,21.0,21.0,40.0,25.76796364159105,19.96838472796109,7.497149033777024,6.3965568804569015,0,0,0,0
23,1,137.49826938078638,19.11535927283182,18.999367694559226,48.23254270651938,25.76796364159105,19.96838472796109,7.497149033777024,7.497149033777024,0,0,0,1
23,2,133.22676522342945,18.12109399307024,17.400306977080938,57.81682514539924,29.54670338300439,23.69931016632816,6.688473521913769,7.497149033777024,0,0,1,2
23,3,108.48266714198596,17.90393460997037,19.52459265157366,66.45089693499445,21.739602451765208,26.22746304598596,5.281179815041523,6.688473521913769,0,1,1,3
23,4,81.91084445417272,20.632459181467816,20.22055714818105,75.28828131370287,22.69090546100109,26.405674420712387,4.428637114635541,5.281179815041523,0,1,1,4
23,5,50.99875944007148,21.405688380150792,21.458516474645897,69.38800096709252,27.045561924466508,23.508436149920485,3.864010626762654,4.428637114635541,1,1,1,5
23,6,31.07797404345113,22.43198913401213,22.45045349756848,64.32992532746489,26.75863675896801,28.47427635421184,2.4900981745775432,3.864010626762654,2,0,0,6
23,7,15.756876776083072,23.35521145555547,23.2626118548775,59.57385803593384,30.631875924912688,26.27886134435924,1.9151371584210075,2.4900981745775432,3,0,0,7
23,8,0.0,20.96236686040244,23.88527681152803,54.52959049917634,30.27656062484088,25.03306417095077,3.151375355216614,1.9151371584210075,4,0,0,8
23,9,0.0,21.14938352137187,20.13503828336461,64.49216476879262,31.11062373234024,24.237011098861345,4.057578277553961,3.151375355216614,4,0,0,9
24,0,74.76425872415825,21.0,21.0,40.0,28.41961949667652,21.42062755476349,2.5174397310238072,3.3401175408885475,0,0,0,0
24,1,59.659620338015415,22.168392389933533,22.028412551095272,48.9712444692592,28.41961949667652,21.42062755476349,2.5174397310238072,2.5174397310238072,0,0,0,1
24,2,45.32264567453357,22.535199243472075,22.53858827609136,44.609903892621446,30.516954707366715,28.586708755756867,1.7921218329352309,2.5174397310238072,1,0,0,2
24,3,35.346703799948386,23.04188281818165,23.031520899876988,39.44155021631012,27.543758889885048,27.076498463940936,1.246992734323148,1.7921218329352309,2,0,0,3
24,4,22.721151977710484,23.738497274750163,23.65838620001608,34.7502396033066,30.71573955284951,26.55475704157539,1.5781939777797382,1.246992734323148,3,0,0,4
24,5,0.0,24.5107619015134,24.34162613126153,29.738283983049712,32.573795038310955,22.91534040470633,2.8401439972138105,1.5781939777797382,4,0,0,5
24,6,0.0,22.78329131606981,22.790559120352256,38.79859484537141,26.254353342943705,24.080707003287944,4.465582432681668,2.8401439972138105,4,0,0,6
24,7,0.0,21.270379510509983,21.293948397506565,48.360665712876894,25.91757725826013,27.205038672325863,5.825903696137226,4.465582432681668,4,0,0,7
24,8,0.0,19.78065863472195,19.73407483815152,57.55351914417935,26.523532237626466,24.547875714053824,6.642772180073447,5.825903696137226,4,0,0,8
24,9,0.0,18.27818772559652,18.11215142916205,66.66592217635606,29.81251653007518,20.81194475979547,7.381225544338564,6.642772180073447,4,0,0,9
25,0,161.58297590536012,21.0,21.0,40.0,32.18852103928587,21.555851194735737,3.915876833570394,2.3289170727994013,0,0,0,0
25,1,149.83534540464893,22.24377042078572,19.03111702389472,49.67398700212389,32.18852103928587,21.555851194735737,3.915876833570394,3.915876833570394,0,0,0,1
25,2,110.82047262167605,20.805679899605888,21.56619694036851,44.66298202960666,32.82918286729137,22.66523395205737,4.876859097871611,3.915876833570394,1,0,0,2
25,3,82.34338694959796,19.081816639614942,21.74421630714925,41.15376791631655,34.654980191227864,29.182719179382627,5.695417134415616,4.876859097871611,2,0,0,3
25,4,71.15765507000754,18.81183062076121,17.900611750093958,36.806190615598325,32.402537313734385,26.77758879338659,5.592865939795212,5.695417134415616,3,0,1,4
25,5,42.24870460512568,18.05602362128145,19.700102253652187,31.88637977784503,30.99528800863112,25.00576289273945,4.441042459603855,5.592865939795212,4,0,1,5
25,6,24.692948031148266,21.21335202984591,20.51310732292829,42.19989436585037,33.82417956350818,23.47312370318817,2.925959428996236,4.441042459603855,4,0,1,6
25,7,12.6142896703666,22.58321037358921,22.669701539207075,53.12308905392125,33.43176362829917,27.252651305427925,2.0131097267969444,2.925959428996236,4,0,0,7
25,8,6.327347395169882,21.18939487519664,23.91034303517438,63.80345198398575,35.995287064157075,23.34006254731237,2.095647425065572,2.0131097267969444,4,0,0,8
25,9,6.327347395169882,21.34259929235894,20.28807331642985,74.84032015870429,36.61400535039012,24.70192895360177,2.663501378497768,2.095647425065572,4,0,0,9
26,0,131.86702123832413,21.0,21.0,40.0,27.940953683034884,18.170431886567712,5.893436323864762,6.383964078185615,0,0,0,0
26,1,114.18671226672984,22.1588190736607,18.963408637731355,48.30004940252847,27.940953683034884,18.170431886567712,5.893436323864762,5.893436323864762,0,0,0,1
26,2,98.6678876769216,18.360551316557736,22.140894977689097,57.09171335809904,28.87827550665968,19.96430202428799,5.172941529936083,5.893436323864762,0,0,0,2
26,3,84.87850396510466,19.18170670589832,20.968935697628098,65.05447177606217,24.08547113150123,20.152075634960617,4.596461237272315,5.172941529936083,0,0,0,3
26,4,84.87850396510466,18.931787411229266,18.30505132035585,73.29712512213958,25.160444128521195,20.632074460797707,4.408455941447205,4.596461237272315,0,0,0,4
26,5,61.055924604728816,18.062867711704666,19.892926140271488,67.08093800336286,23.81730049550588,24.981659955734564,3.733215419993696,4.408455941447205,1,0,0,5
26,6,33.10109356652266,20.49186038969979,19.96916216524537,61.98821079686249,26.86221960127477,28.178184807056525,3.4943538797757703,3.733215419993696,2,0,0,6
26,7,15.552168118744548,18.23933843487565,21.38070588644145,57.06563522403589,28.3788960253002,27.606795236774268,3.5097850895556224,3.4943538797757703,3,0,0,7
26,8,7.28996847349698,18.33303463730732,18.158615748562305,53.04148771065957,32.005223833362955,28.97173442565745,2.9208870385251906,3.5097850895556224,4,0,0,8
26,9,0.0,18.13717560081905,18.14017546251053,64.4724906136312,33.50557168317574,30.0,3.101897138949565,2.9208870385251906,4,0,0,9
27,0,123.10178941836372,21.0,21.0,40.0,33.71081447619661,15.18451614086729,2.3233528208611207,2.345153248332065,0,0,0,0
27,1,109.161672493197,22.27421628952393,21.903690322817347,48.8011595110715,33.71081447619661,15.18451614086729,2.3233528208611207,2.3233528208611207,0,0,0,1
27,2,91.62195784252566,22.504148437252063,22.436814050920752,43.39747011428719,31.118722750848004,22.19411393368359,2.192464331333918,2.3233528208611207,1,0,0,2
27,3,72.59321205576808,23.12120765562035,22.9474705483894,39.262469565799776,35.02898961023811,25.332118453720696,2.3785932233446974,2.192464331333918,2,0,0,3
27,4,50.17367244640076,23.685594714532463,23.701408971452853,34.52051751756394,29.40224952501167,27.586905762567007,2.802442451170915,2.3785932233446974,3,0,0,4
27,5,32.89634720023231,21.343131485026145,24.463756904427505,29.179091396540983,23.695129474110423,29.96361429798427,3.455465049233689,2.802442451170915,4,0,0,5
27,6,32.89634720023231,22.011864260533898,21.04500596234394,40.25512744786697,31.53353361847768,30.0,4.318957928282589,3.455465049233689,4,0,0,6
27,7,32.89634720023231,20.04504672581976,20.343886650693257,50.62618726154889,28.588938597037,29.02806036786257,5.135739828252932,4.318957928282589,4,0,0,7
27,8,32.89634720023231,19.03904853944426,18.7362566974747,61.78488227443939,36.32487164849459,25.66787842311929,5.331252524896281,5.135739828252932,4,0,0,8
27,9,27.18466466706878,18.137085780456328,17.935869650382898,72.24732531044914,37.44505330735414,20.67963022603335,5.201435999053804,5.331252524896281,4,0,1,9
28,0,200.1397147494605,21.0,21.0,40.0,25.97211810438348,22.46236121316544,7.167555802871595,7.672630592867759,0,0,0,0
28,1,178.63704734084573,22.11944236208767,19.04924722426331,48.71820627715881,25.97211810438348,22.46236121316544,7.167555802871595,7.167555802871595,0,0,0,1
28,2,157.0160791594726,18.45113611911851,22.14993110076003,58.030117376247375,31.42300871233525,20.309830727045707,7.206989393791038,7.167555802871595,0,0,0,2
28,3,157.0160791594726,19.37603539624754,18.08944963091016,68.0195299092752,32.17204991842274,23.324686376176302,6.864731372099096,7.206989393791038,0,0,0,3
28,4,153.37671614541273,18.071624980960333,17.61542339921462,78.13463818268156,32.68193726934052,23.513108694028084,5.524224236511907,6.864731372099096,0,0,1,4
28,5,119.52332610160892,18.17582753232893,19.263574624140503,74.03742487706447,30.9076613166444,29.66337587437175,4.819517762750454,5.524224236511907,1,0,1,5
28,6,91.39756336305317,18.27410489061221,19.88456890663951,71.47314885484377,39.08735543210727,30.0,4.782101728848781,4.819517762750454,2,0,1,6
28,7,65.89025514593203,18.10908444256659,20.03394187657801,68.16620421046476,36.89126004702173,28.070158595317093,4.709985254161456,4.782101728848781,3,0,1,7
28,8,39.84622376090061,18.119199319672724,19.79819009772803,64.68006828537393,37.47332298216413,26.4925885451091,4.7147586868674844,4.709985254161456,4,0,1,8
28,9,24.27219952631591,18.086945747195266,20.290678696634075,76.34234705249149,36.17007890387185,28.620358691225714,4.957393087135706,4.7147586868674844,4,0,1,9
29,0,244.29595624988403,21.0,21.0,40.0,30.31986999720141,18.504111555298973,4.941945488069576,4.252747373704692,0,0,0,0
29,1,229.4701197856753,22.20639739994403,18.97008223110598,48.78831667945007,30.31986999720141,18.504111555298973,4.941945488069576,4.941945488069576,0,0,0,1
29,2,211.6602982396786,18.38838229431698,22.228114038572595,58.17599043357589,29.355941699133417,22.79780137934336,5.936607181998901,4.941945488069576,0,0,0,2
29,3,211.6602982396786,19.43863453898445,18.0241676251246,68.01628138377644,33.897826292914075,20.770456763755654,6.813720764,5.936607181998901,0,0,0,3
29,4,206.40254389076927,18.032846932617147,17.62120742548263,77.42263385234168,29.353947902146498,22.9035658121048,7.437005707312654,6.813720764,0,0,1,4
29,5,171.76320321950575,16.169746061836488,19.133090383016736,72.58162978578778,32.2231214224641,24.21574487445868,6.927868134252721,7.437005707312654,1,1,1,5
29,6,120.58047569888814,19.558027990699763,18.54265163844618,67.73477124479021,31.362497116938822,25.04384432196351,6.397840940077202,6.927868134252721,2,1,1,6
29,7,69.8597941910851,20.107651575576167,20.354370427791064,62.50877250938842,28.597354849302185,25.702652176243443,6.340085188475379,6.397840940077202,3,1,1,7
29,8,27.86024666582159,21.278771243110548,21.071527960473983,57.85039534474991,32.057420772528616,25.396039423924105,5.249943440657939,6.340085188475379,4,1,1,8
29,9,0.0,22.5378550772282,22.45277870655384,67.3973676193782,30.20060131615604,22.83813354288997,4.643374444303599,5.249943440657939,4,0,0,9
30,0,83.3936862542891,21.0,21.0,40.0,26.98377311064561,24.58554254525746,5.380253318,6.900144347563503,0,0,0,0
30,1,67.25292630028909,22.13967546221292,19.09171085090515,49.28247681806255,26.98377311064561,24.58554254525746,5.380253318,5.380253318,0,0,0,1
30,2,54.46987823428909,18.42668830436904,22.255798378604545,58.81931959819316,28.623212673727974,24.359247215886565,4.261016022,5.380253318,0,0,0,2
30,3,43.26502316596855,19.387461964570445,21.177786543499263,69.04710580835925,29.934077220474578,26.886957280448097,3.734951689440178,4.261016022,0,0,0,3
30,4,33.695985332575674,22.220627744623563,18.586399466414434,79.06314602271185,30.2506065420194,25.394061315495023,3.189679277797625,3.734951689440178,0,0,0,4
30,5,19.987128108114668,18.1954212093802,22.051001585010955,75.67360743879433,34.502563422680495,30.0,2.664689005748646,3.189679277797625,1,0,0,5
30,6,6.536111602851902,21.92638060765791,20.63810436819063,70.95794758686284,31.85766469186392,25.277558352961115,1.681377063157846,2.664689005748646,2,0,0,6
30,7,1.6766309045974055,22.09370795867429,22.35245768392536,65.43241829626183,29.51130285750289,23.12464552804701,0.6074350872818121,1.681377063157846,3,0,0,7
30,8,0.0,22.950847798851736,22.750015241454445,58.65755218433552,25.92778512908729,19.76740313798875,0.2095788630746757,0.6074350872818121,4,0,0,8
30,9,0.0,20.86063852751989,20.893458036505272,65.93612240370659,20.90400706520915,19.53249415351907,0.3546719944990188,0.2095788630746757,4,0,0,9
31,0,215.014137933114,21.0,21.0,40.0,33.50093312201388,19.75388834365709,6.549074611397077,4.599278477463367,0,0,0,0
31,1,215.014137933114,19.27001866244028,18.995077766873145,49.58586786382077,33.50093312201388,19.75388834365709,6.549074611397077,6.549074611397077,0,0,0,1
31,2,187.5401506607675,18.251142703318315,20.43292759867354,59.63520183260029,35.07472468689059,20.75490847299558,7.601466203172697,6.549074611397077,0,0,0,2
31,3,187.5401506607675,18.442696596435265,17.497453575092415,71.42427569984005,40.01511622740632,25.479738590592348,7.860661311606663,7.601466203172697,0,0,1,3
31,4,132.73234757447352,18.101626725630627,19.17527393544246,67.67659247901807,39.127130658378846,23.38574033705456,7.948807103155732,7.860661311606663,1,0,1,4
31,5,91.82375218194404,18.080558970886155,19.68655515399115,63.80238099280446,35.29534420432466,26.514591983377496,6.938017535011351,7.948807103155732,2,0,1,5
31,6,60.399618903020034,18.08692765651543,19.860926209421343,58.79894549506365,30.205255422380155,25.331214034615343,5.565022430713377,6.938017535011351,3,0,1,6
31,7,34.6578129794222,18.029029525141247,19.95313955504815,54.31891083693715,28.444251899297225,30.0,4.617525497752228,5.565022430713377,4,0,1,7
31,8,23.06049057676781,18.03839694125013,20.426438347624604,64.02135847583197,27.38380349710275,26.51868338564631,3.843452410058232,4.617525497752228,4,0,1,8
31,9,13.220138599623734,18.19018935222831,20.35075084531258,73.99334618343926,30.775617979549487,24.624313729379868,3.2801173257146914,3.843452410058232,4,0,1,9
32,0,199.38512874638675,21.0,21.0,40.0,31.66212388872196,21.294204847178563,5.2520712615241205,4.9164242102509,0,0,0,0
32,1,183.6289149618144,22.23324247777444,19.02588409694357,49.532139172462095,31.66212388872196,21.294204847178563,5.2520712615241205,5.2520712615241205,0,0,0,1
32,2,168.31420201381437,18.514518195347293,22.315691696551145,60.17379471395684,33.58600460806516,25.53430395579454,5.104904316,5.2520712615241205,0,0,0,2
32,3,149.7999682759812,19.39889031034387,21.161140687118465,69.15806533636521,27.39124660607387,22.521367962861547,6.171411245944386,5.104904316,0,0,0,3
32,4,149.7999682759812,19.199943129685064,18.576745917558387,78.94332391248663,29.544326299916992,24.818221345202023,7.050898028157826,6.171411245944386,0,0,0,4
32,5,129.68385588884908,18.093179999210545,17.045151703721533,72.94257018081238,29.522964985285064,20.472847616524625,6.586840358102887,7.050898028157826,1,0,1,5
32,6,89.74137973793216,18.119099710236807,18.9889623746329,67.08537264691934,29.81790383442188,20.97544319950564,5.495892066741863,6.586840358102887,2,0,1,6
32,7,62.23842162301611,18.03850036997303,19.626099930878546,61.473318575176606,26.392940455279607,25.76231470170524,4.480163489848142,5.495892066741863,3,0,1,7
32,8,35.61567659615808,18.135293280012093,19.615760918658555,56.39709970819689,29.52583645073378,25.606280954934427,4.463262985790929,4.480163489848142,4,0,1,8
32,9,17.193144096235343,18.095049323603394,20.11393834395007,65.58296711320841,28.995636761621714,22.036959932886727,5.421904745512226,4.463262985790929,4,0,1,9
33,0,236.5639663075245,21.0,21.0,40.0,26.00162013788841,16.797779870414136,7.793234250311443,6.069136932602557,0,0,0,0
33,1,236.5639663075245,19.12003240275777,18.935955597408284,47.70389200149446,26.00162013788841,16.797779870414136,7.793234250311443,7.793234250311443,0,0,0,1
33,2,230.5031408076992,18.06009904495349,17.212245673434058,55.04100001855842,25.654478662441235,15.107232543469667,8.756754433038273,7.793234250311443,0,0,1,2
33,3,204.96661093963985,16.262410126333112,19.314878061140355,64.19929325650526,30.48690535495586,20.3925015225266,8.512176622686447,8.756754433038273,0,1,1,3
33,4,156.30593261563985,20.19997713677656,19.072958758894465,73.8109902293846,31.98110819399595,21.417208322000366,8.110113054,8.512176622686447,0,1,1,4
33,5,101.69774055126072,20.6714357293706,20.97672967169332,69.76500631439981,31.24811173442331,29.60753318232789,6.826024008047389,8.110113054,1,1,1,5
33,6,51.99151773178362,21.882346380626423,21.88401986464953,64.51216277326571,24.74389293996263,29.406976275959007,6.213277852434638,6.826024008047389,2,1,1,6
33,7,10.207638461927948,22.827591655955,22.75706327464547,59.49779879230988,29.48853623324298,25.987219428113484,5.222984908731959,6.213277852434638,3,0,0,7
33,8,0.0,20.531135990031395,20.50784822788332,55.54426004605378,31.79577150725637,29.57345768020978,5.103819230963974,5.222984908731959,4,0,0,8
33,9,0.0,18.97460121089686,18.9270239585396,65.91180617549742,30.16282877349672,27.434649723412427,5.355966205113231,5.103819230963974,4,0,0,9
34,0,217.5545980140678,21.0,21.0,40.0,28.28820844287196,17.71995470429493,5.2969265193636375,4.118736003062949,0,0,0,0
34,1,201.6638184559769,22.16576416885744,18.9543990940859,48.28146936649004,28.28820844287196,17.71995470429493,5.2969265193636375,5.2969265193636375,0,0,0,1
34,2,183.192567721374,18.38445383417334,22.204198382273265,57.87470865429316,30.23951126885254,23.056262552275875,6.157083578200977,5.2969265193636375,0,0,0,2
34,3,183.11867480771213,19.423000215044983,18.166455835428245,68.98298671902101,33.892506687075425,27.82014922807932,6.825420201567432,6.157083578200977,0,0,0,3
34,4,178.80614862794073,18.10228049673996,17.796441977967948,80.29681572423722,32.85460558453446,30.0,6.892215407986995,6.825420201567432,0,0,1,4
34,5,135.67766827457675,18.05143564435921,19.341317781137366,75.93460788680696,29.18325577808365,29.91558956952605,6.327056190332981,6.892215407986995,1,0,1,5
34,6,100.46553326413309,18.13939815419631,19.77008816257394,71.42893596474495,31.460250574350667,26.841572080860384,5.978319815675677,6.327056190332981,2,0,1,6
34,7,68.73127233298963,18.10055793897011,19.8106080598073,65.99927627607984,30.50667627495129,22.661881010242528,5.622806764996793,5.978319815675677,3,0,1,7
34,8,39.359364786649,18.20677853894523,19.722776024887786,62.16593228641536,35.70929057264517,26.327687262552125,5.078696613976946,5.622806764996793,4,0,1,8
34,9,24.195390258099422,18.191895793907207,20.27992063265393,73.91598619803729,38.6917872801413,26.5862900066472,4.716536043130282,5.078696613976946,4,0,1,9
35,0,343.0357104626334,21.0,21.0,40.0,33.91127088394596,20.42283520936855,7.586468305,2.128247833012694,0,0,0,0
35,1,343.0357104626334,19.27822541767892,19.00845670418737,49.78013909679661,33.91127088394596,20.42283520936855,7.586468305,7.586468305,0,0,0,1
35,2,338.2300674760488,18.03116999454284,17.533109990328168,60.183734345406805,32.48061004231343,25.317141338854327,11.02916842047861,7.586468305,0,0,1,2
35,3,303.2730290370919,16.487937804859452,19.473723474911903,70.43670975551856,32.57129553060911,24.38967897001181,11.652346146318983,11.02916842047861,0,1,1,3
35,4,213.0640093467429,19.72069125577805,18.7130833785819,66.9825333289854,34.86853655302945,29.27492774400851,11.276127461293624,11.652346146318983,1,1,1,4
35,5,133.39448095008476,20.405512977293416,20.56127189191099,63.60133084388471,35.9375237549187,28.61135132785524,9.958691049582262,11.276127461293624,2,1,1,5
35,6,67.73871251504488,21.73297281482487,21.61168935394935,60.072332922296965,33.72778932451251,30.0,8.206971054379984,9.958691049582262,3,1,1,6
35,7,9.773368956327076,22.734282247082984,22.65484066237936,56.71398377076216,35.233584597671275,29.44225344935753,7.245667944839726,8.206971054379984,4,0,0,7
35,8,9.773368956327076,21.33599101447668,21.08418248345317,69.17495791586106,41.50484223058399,27.72279190885437,6.489888449920356,7.245667944839726,4,0,0,8
35,9,9.773368956327076,19.7576205708502,19.624864541159543,81.68261036034174,39.950943737389096,29.536014287503573,5.354143166994714,6.489888449920356,4,0,0,9
36,0,94.59449776308864,21.0,21.0,40.0,27.685076794675016,24.52235008408805,2.7904907897140183,4.960442241307833,0,0,0,0
36,1,72.2705714453765,21.4537015358935,21.390447001681764,34.39733683817735,27.685076794675016,24.52235008408805,2.7904907897140183,2.7904907897140183,1,0,0,1
36,2,59.616007555399335,21.923631872257776,21.82215834057532,29.04053736894024,29.797915439657466,23.7754208423586,1.5818204862471457,2.7904907897140183,2,0,0,2
36,3,47.90735837556234,22.516985766946146,22.30023291929429,23.323296590780835,31.96531496180538,19.60556960397569,1.463581147479624,1.5818204862471457,3,0,0,3
36,4,34.00245385338749,23.17206662307418,22.952675705225086,17.35781441730196,32.20630215506365,17.985463547831475,1.7381130652718553,1.463581147479624,4,0,0,4
36,5,16.80184002779587,24.58768845274213,24.427901043377123,26.51901525352645,31.087897218617087,19.80766298263012,2.866768970931938,1.7381130652718553,4,0,0,5
36,6,16.80184002779587,23.057866419139373,22.76386945818251,36.48836323085743,36.2409628645229,19.144303676204725,3.1853151387647785,2.866768970931938,4,0,0,6
36,7,8.00202447316274,21.475645019923945,24.346297317932688,46.36109189563514,32.86291604800712,21.985576534091265,2.933271851544377,3.1853151387647785,4,0,0,7
36,8,0.0,21.699015622292844,23.81837397719136,56.19117358472948,27.79193136217813,26.81963357723485,2.6673414910542466,2.933271851544377,4,0,0,8
36,9,0.0,21.34599692446939,20.512557780838485,65.89600194630302,31.89864748896018,22.017065630892795,2.6465244550822216,2.6673414910542466,4,0,0,9
37,0,61.36569057428155,21.0,21.0,40.0,33.93792267834392,22.819069160221524,3.2843431330791875,7.220572235164975,0,0,0,0
37,1,35.09094550964805,21.57875845356688,21.356381383204432,35.21625853094178,33.93792267834392,22.819069160221524,3.2843431330791875,3.2843431330791875,1,0,0,1
37,2,18.55833322759381,21.98257533707645,21.83458674333512,29.764776346422963,31.89120346981068,21.156117727307,2.06657653525678,3.2843431330791875,2,0,0,2
37,3,9.701912995404502,22.58845603587445,22.32989676210889,24.37963044656408,34.281824353146646,19.13403175874846,1.107052529023663,2.06657653525678,3,0,0,3
37,4,8.917585139404503,23.18066987025827,23.104642411068028,19.04009154521092,30.674495195905592,22.994733129910152,0.098040982,1.107052529023663,4,0,0,4
37,5,7.794381591156374,23.94740821541936,23.7593741308963,12.721411413684145,29.385835469428915,18.843719355422373,0.1404004435310161,0.098040982,5,0,0,5
37,6,6.202423120620887,25.37812115227325,25.255908457898467,22.60274090007276,31.91371045548319,22.982564468898016,0.2653264117559145,0.1404004435310161,5,0,0,6
37,7,0.0,26.61447744371016,26.569138374298166,32.750951650132016,30.239546248830663,26.139402362609644,1.033737186770148,0.2653264117559145,5,0,0,7
37,8,0.0,24.70287270456446,24.5556909368399,43.62204452727913,34.21706742800142,26.177893000593663,1.1748341410031249,1.033737186770148,5,0,0,8
37,9,0.0,22.781888994853706,22.614503261644508,54.86390111001246,36.51588598464552,25.938872808317434,2.007588224141956,1.1748341410031249,5,0,0,9
38,0,76.35758101631588,21.0,21.0,40.0,27.41719516140864,24.44350780714981,2.575014029021886,4.983665124764339,0,0,0,0
38,1,55.757468784140784,21.44834390322817,21.388870156143,34.33492653434052,27.41719516140864,24.44350780714981,2.575014029021886,2.575014029021886,1,0,0,1
38,2,46.383898889068846,21.88382615471464,21.92031080482766,29.55941705893938,27.93529941864322,28.86742571801713,1.1716962368839925,2.575014029021886,2,0,0,2
38,3,38.933752016134015,22.498906084706988,22.44449108335395,24.505173968819925,28.713842685424147,26.54036236946776,0.9312683591168536,1.1716962368839925,3,0,0,3
38,4,30.412087907673737,23.186231218264403,23.14217577234308,19.35062805336893,28.85798222637257,25.83898491001079,1.0652080135575348,0.9312683591168536,4,0,0,4
38,5,22.42518528172024,24.676631926436087,24.62801919092152,29.46369971604204,29.637599961921737,26.54613149737328,1.3311504376589165,1.0652080135575348,4,0,0,5
38,6,8.410822072,26.17494658283085,26.09438491313811,41.120009129166064,34.75727451735574,30.0,2.33572720162004,1.3311504376589165,4,0,0,6
38,7,8.410822072,24.53454709712697,24.343781636125744,53.27469084146726,39.13635380411853,28.389655708665888,3.130183599856917,2.33572720162004,4,0,0,7
38,8,8.410822072,22.910894036493268,22.68013605058562,66.0108071162055,42.57779136836207,28.178410157961466,3.884326373605131,3.130183599856917,4,0,0,8
38,9,8.410822072,21.17672196481413,21.0442629033176,78.38101899367686,39.40386109136349,29.319538227921853,4.123240467148195,3.884326373605131,4,0,0,9
39,0,200.1571037450908,21.0,21.0,40.0,26.884939390196006,24.75378607633906,6.144777674852652,3.0368237570879333,0,0,0,0
39,1,200.1571037450908,19.13769878780392,19.095075721526783,49.29497058397631,26.884939390196006,24.75378607633906,6.144777674852652,6.144777674852652,0,0,0,1
39,2,173.28102945181544,18.0547376140733,20.33179683106708,57.18624997270672,25.67244403654346,18.167997011958807,7.495477395861172,6.144777674852652,0,0,0,2
39,3,172.67135554395372,18.154739856182204,17.242119770043377,65.80089793367236,27.73699280911009,20.12216252958788,7.896745782436351,7.495477395861172,0,0,1,3
39,4,136.0981512211522,18.032654330584045,19.56953830585473,74.54795436332901,28.02708980154136,20.56766814099561,7.971989398903939,7.896745782436351,0,0,1,4
39,5,93.18015904137114,18.033729560988647,19.69638927319749,68.24733443944139,25.1683850728276,23.161504238907817,7.353835021477204,7.971989398903939,1,0,1,5
39,6,59.47338402713936,18.089309861056293,19.76177246828945,62.02708949579029,27.145519492865287,21.63089748685088,5.894393142831498,7.353835021477204,2,0,1,6
39,7,31.944189118411884,18.11142430588451,19.834659661676955,57.12285246167224,30.595726720484485,25.491845312193,4.852713928245888,5.894393142831498,3,0,1,7
39,8,11.94774565133132,18.0752639591484,19.702971190179827,52.052213682910335,30.51243740408976,24.650680491677463,3.484862356305248,4.852713928245888,4,0,1,8
39,9,4.695909871767778,18.13569742867768,20.191793971366565,62.22196044491922,30.076126265468627,26.42246685680295,2.1439163266950447,3.484862356305248,4,0,1,9
40,0,74.36168280403868,21.0,21.0,40.0,26.13526509433376,24.3194108763197,2.160940524443446,5.837801084,0,0,0,0
40,1,57.07415860849111,21.42270530188668,21.386388217526395,34.08184167471762,26.13526509433376,24.3194108763197,2.160940524443446,2.160940524443446,1,0,0,1
40,2,53.54773236849111,21.831729293338025,21.88923974083672,28.78559724466917,25.789493528433376,28.120259637964104,0.44080328,2.160940524443446,2,0,0,2
40,3,46.89874151070847,22.428962466159746,22.43477720809529,23.6880969057738,26.93024659843937,28.08364040769745,0.8311238572228303,0.44080328,3,0,0,3
40,4,37.83876396717781,23.235903402158183,23.180515740436924,19.970886058039177,32.6821619570299,30.0,1.132497192941332,0.8311238572228303,4,0,0,4
40,5,27.98106306914804,24.69061460547045,24.73840186173848,30.49034743827442,28.441452112418013,30.0,1.6429501496716297,1.132497192941332,4,0,0,5
40,6,11.317974782020976,26.17246308492656,26.126799044998247,41.40867322320533,31.111879312116848,29.545486159721573,2.7771813811878427,1.6429501496716297,4,0,0,6
40,7,11.317974782020976,24.480142112904872,24.384222662767897,53.19524118224461,35.48093310577375,30.0,4.2769412997169525,2.7771813811878427,4,0,0,7
40,8,11.317974782020976,22.7967733063562,22.66820373037593,64.90998806025964,36.474598825575775,28.607328274507715,4.827782430960498,4.2769412997169525,4,0,0,8
40,9,11.317974782020976,20.971276545573545,20.915252980788523,75.29113156961273,31.2013706876807,26.47164880872539,5.245410445267625,4.827782430960498,4,0,0,9
41,0,239.90004172603216,21.0,21.0,40.0,26.44633370645822,20.839991102824285,7.741069094668894,2.819660055943652,0,0,0,0
41,1,239.90004172603216,19.128926674129165,19.016799822056488,48.51153846567085,26.44633370645822,20.839991102824285,7.741069094668894,7.741069094668894,0,0,0,1
41,2,233.8615831285336,17.95399541438575,17.39303888450037,56.28762674921613,20.533088878220013,22.66740158592044,9.475349362,7.741069094668894,0,1,1,2
41,3,175.55658602149617,19.358263007626743,19.3733006760558,66.22941385100614,31.44730754616413,23.784843019335973,9.717499517839574,9.475349362,0,1,1,3
41,4,121.4905858259368,21.06234235647323,21.01082337006702,75.49354778241509,26.90889751196228,24.558513218087423,9.011000032593229,9.717499517839574,0,1,1,4
41,5,60.3378910103648,21.966338606954263,21.918546304433328,68.89617783030266,24.92183898297999,21.75943906083988,7.644086851946499,9.011000032593229,1,1,1,5
41,6,14.067538304013938,22.90870478333507,22.7950266886605,62.96219329602333,28.383770929439788,21.982981657897223,5.783794088293858,7.644086851946499,2,0,0,6
41,7,7.610774695979386,20.61421913870098,20.578344124571384,56.72634597268575,26.094329609583674,22.595407482985337,3.228381804017276,5.783794088293858,3,0,0,7
41,8,0.3361076550645528,18.43322722829981,21.39205395355566,50.42542240725408,25.46249568170993,22.865706732558507,1.4549334081829666,3.228381804017276,4,0,0,8
41,9,0.0,18.82973437722786,18.13838012586213,60.381401599806026,27.86194674585024,27.44904876832725,1.643142602749059,1.4549334081829666,4,0,0,9
42,0,103.86370178819968,21.0,21.0,40.0,29.987010434134508,19.76712411690996,3.491291263362929,5.576542457704608,0,0,0,0
42,1,82.9159542080221,22.19974020868269,21.9953424823382,48.955744219188006,29.987010434134508,19.76712411690996,3.491291263362929,3.491291263362929,0,0,0,1
42,2,66.0198778076523,22.580409106410617,22.41063477578989,43.86366113134814,33.29933263576874,21.74465020956532,2.112009550046224,3.491291263362929,1,0,0,2
42,3,48.33496535236576,23.028307131906896,22.9494908359918,38.50507916623688,30.025431641112768,23.53800188604692,2.210614056910818,2.112009550046224,2,0,0,3
42,4,26.12140729544331,23.684380898109325,23.531083282822813,32.955401485021966,30.67445793148462,21.82733272843251,2.7766947571153064,2.210614056910818,3,0,0,4
42,5,9.204145128954869,21.451367720754543,24.30938515203676,28.588225704968607,34.23491916577876,24.83632650059146,3.3834524332976885,2.7766947571153064,4,0,0,5
42,6,9.204145128954869,21.97734801248633,20.88416908950666,38.279781353296045,32.8153302518961,21.026645572145227,3.990385900370133,3.3834524332976885,4,0,0,6
42,7,9.204145128954869,20.111264236375085,20.113670227027736,48.757211228153466,37.24266403063518,20.96527971857273,5.113933463422666,3.990385900370133,4,0,0,7
42,8,9.204145128954869,18.823691803744545,18.683946902328103,58.83529865961974,31.47026491514456,24.51910970411249,5.844461020534741,5.113933463422666,4,0,0,8
42,9,0.0,18.15250417379269,18.114251557138296,69.65944981789158,34.829675058591924,25.30449804291834,6.166486720011398,5.844461020534741,4,0,0,9
43,0,99.42179176684692,21.0,21.0,40.0,29.811094768392017,22.949714610376667,3.286918212,6.568422984102493,0,0,0,0
43,1,73.12644607084691,21.49622189536784,21.358994292207534,34.496945688178364,29.811094768392017,22.949714610376667,3.286918212,3.286918212,1,0,0,1
43,2,65.48237754643229,22.072858525300063,21.88487714748985,30.95800739355176,37.56502398388372,26.107541045968468,0.9555085655518278,3.286918212,2,0,0,2
43,3,57.2064396004614,22.68654129686492,22.572728945380728,27.502472393788963,36.323127454673454,27.81278921331106,1.0344922432463612,0.9555085655518278,3,0,0,3
43,4,47.31720292686247,23.431186474355385,23.372544840313967,24.06727349399868,34.444080987749395,29.80481401341568,1.2361545841998662,1.0344922432463612,4,0,0,4
43,5,34.57688986025221,25.023544988524147,24.88715394137588,35.784648444652504,36.39785218583333,28.698675317799022,2.1233855111017106,1.2361545841998662,4,0,0,5
43,6,10.72327605383864,26.4617827582702,26.284714750698143,46.82646469317733,36.121344844371016,25.22207875854469,3.975602301068928,2.1233855111017106,4,0,0,6
43,7,10.72327605383864,24.61091746208044,24.59438528186261,58.05886779639652,32.942434293400204,29.45980516892865,4.715582084674133,3.975602301068928,4,0,0,7
43,8,10.72327605383864,22.86146766333228,22.695120102008424,67.83651368889944,31.44280786390493,22.87744709444464,5.393763310810511,4.715582084674133,4,0,0,8
43,9,10.72327605383864,21.05027979273277,20.91006333645491,78.1399327219536,33.37362654202585,23.86759030827504,5.049292147680222,5.393763310810511,4,0,0,9
44,0,325.219878584419,21.0,21.0,40.0,25.90418423101937,18.722284496043383,7.387351990978872,2.421659745766675,0,0,0,0
44,1,325.219878584419,19.118083684620387,18.97444568992087,48.0327643708713,25.90418423101937,18.722284496043383,7.387351990978872,7.387351990978872,0,0,0,1
44,2,318.9748334354946,18.07314188316171,17.314469118068015,56.24820061192786,25.941797518713987,19.69951493160024,9.225697097092793,7.387351990978872,0,0,1,2
44,3,288.2176053453945,16.261114563441936,19.34537780900364,64.73567462360201,27.15978129825489,19.99285209993484,10.252409363366697,9.225697097092793,0,1,1,3
44,4,224.6482215204068,20.13320440532363,19.02657498562041,73.09240915566457,27.74691262881912,18.67939032708398,10.594897304164617,10.252409363366697,0,1,1,4
44,5,149.49198272516514,20.50741512541897,20.700865224324627,66.00402746708542,25.440185706857164,18.513249356592056,9.394529849405204,10.594897304164617,1,1,1,5
44,6,77.63490689494719,21.716856772614783,21.510435895542308,59.46259064757618,27.205655019715987,19.78636264967712,8.982134478777244,9.394529849405204,2,1,1,6
44,7,14.770321414861884,22.59290349751804,22.5006490547044,54.394801235880834,31.443991504786457,23.7349562080172,7.858073185010663,8.982134478777244,3,0,0,7
44,8,0.0,20.30208050218332,20.235055519896243,49.90255799197047,31.555746089639232,26.82068033308093,7.385160707430942,7.858073185010663,4,0,0,8
44,9,0.0,18.753078761556303,18.756224560760515,60.80417788360208,30.70631986380228,29.85823508970669,7.388889470064255,7.385160707430942,4,0,0,9
45,0,118.27623624233482,21.0,21.0,40.0,30.254637820087137,24.15019091140085,4.706471405544279,4.186657216829217,0,0,0,0
45,1,104.15682202570198,22.205092756401744,19.08300381822802,49.79286917166784,30.254637820087137,24.15019091140085,4.706471405544279,4.706471405544279,0,0,0,1
45,2,91.1884568945227,18.45073018111815,22.26984229096021,59.21313093549671,29.105258078665106,23.22952949816192,4.322788377059762,4.706471405544279,0,0,0,2
45,3,80.49772150970588,19.443145221753827,21.157271313096324,69.4489344949381,31.93629455773724,24.92928077249275,3.563578461605607,4.322788377059762,0,0,0,3
45,4,59.25660461175407,22.364151459308736,21.63387349629627,80.89909339347224,37.20700033061553,26.404993550129674,3.5401861496586355,3.563578461605607,0,0,0,4
45,5,39.68393762455496,19.969434649164302,23.05135802278661,77.93353353100517,36.858000764071846,30.0,3.914533397439822,3.5401861496586355,1,0,0,5
45,6,33.5985054767489,20.17408462710536,19.09706819633457,75.10548829916208,37.621970934205024,30.0,3.042716073903034,3.914533397439822,2,0,0,6
45,7,16.372833399833922,20.74886782505528,20.976276333476072,71.7667560864561,34.784821040522374,30.0,2.153209009614372,3.042716073903034,3,0,0,7
45,8,7.393883275567168,18.930999784148018,21.72694058037825,68.6458599134639,36.39342691166532,29.601594349489066,1.7957900248533507,2.153209009614372,4,0,0,8
45,9,7.393883275567168,19.329157417596463,18.29104486290992,79.56705525498317,35.31991162187953,25.353395831005383,2.6657300580809933,1.7957900248533507,4,0,0,9
46,0,155.81773593697855,21.0,21.0,40.0,29.4495500706672,18.6187221624415,5.635608556225983,5.565058434578892,0,0,0,0
46,1,138.9109102683006,22.188991001413346,18.97237444324883,48.652289001959566,29.4495500706672,18.6187221624415,5.635608556225983,5.635608556225983,0,0,0,1
46,2,121.41614944027404,18.533868661879264,22.173555945127934,58.98074213288544,36.822589690922285,20.557705480888096,5.831586942675515,5.635608556225983,0,0,0,2
46,3,102.61418173927404,19.43601835968456,21.2632533087576,70.21273960173126,33.221464617825134,29.178521320207217,6.267322567,5.831586942675515,0,0,0,3
46,4,89.68902817470273,18.630835147046003,18.03114616789476,66.43777915219192,32.46862777867955,29.89270305721302,6.462576782285655,6.267322567,1,0,0,4
46,5,69.56068003109617,18.16747535149385,16.64712835546588,62.18454170675725,33.87532048638328,25.828915927868483,5.687057486757116,6.462576782285655,2,0,1,5
46,6,36.18456541752899,18.08895031603703,18.926361631751487,56.83303282732503,32.01583273682822,21.586895710770563,4.504129683,5.687057486757116,3,0,1,6
46,7,14.494053281323607,18.160840159177685,19.56856285652056,52.097997346696445,32.298626710154295,24.728953953020262,3.504313734429956,4.504129683,4,0,1,7
46,8,9.315658703825807,18.123989395395533,20.303653290731777,61.73241048108606,31.33075541544981,22.19376199782585,1.610558178501727,3.504313734429956,4,0,1,8
46,9,6.662483404791214,18.154140255893616,20.34055617068414,71.4669062627603,30.69194989342392,23.388582226988508,0.8803954859311962,1.610558178501727,4,0,1,9
47,0,91.71724746094706,21.0,21.0,40.0,29.243793583307443,15.3766626812058,2.378815055016228,4.777329732,0,0,0,0
47,1,72.68672702081724,21.48487587166615,21.20753325362412,33.031682127612385,29.243793583307443,15.3766626812058,2.378815055016228,2.378815055016228,1,0,0,1
47,2,59.08678058519479,21.88398860464673,21.619365724225847,26.722048942239184,32.835549464245176,15.444266172570392,1.6999933044528066,2.378815055016228,2,0,0,2
47,3,39.04490293785924,22.394875743364256,22.24675404301901,21.38823872544537,32.53824128736074,21.16281306378475,2.505234705916943,1.6999933044528066,3,0,0,3
47,4,15.846553432057735,23.15294510109865,22.985111014238715,16.964850724152434,34.68624269827398,24.0727128500986,2.899793688225188,2.505234705916943,4,0,0,4
47,5,4.850962083969804,21.622802079233463,24.536878060424048,27.315025677212738,32.15734210240793,25.3436298590382,3.665197116029311,2.899793688225188,4,0,0,5
47,6,4.850962083969804,22.170934261559044,21.17704582276815,38.15343730493163,33.09834007672874,27.11505785504288,3.83180229053476,3.665197116029311,4,0,0,6
47,7,4.850962083969804,20.198356656044588,20.392021637446145,47.97951149367323,29.907189280175064,24.682111768389365,4.145542206926265,3.83180229053476,4,0,0,7
47,8,4.850962083969804,19.031024654715267,18.852572379858376,58.4811288579364,32.179978856086194,26.16233983426476,4.256385115332762,4.145542206926265,4,0,0,8
47,9,0.0,18.110541160453327,18.075647581257208,69.24847569432065,33.283976898865824,26.534616636602195,4.491674244651945,4.256385115332762,4,0,0,9
48,0,166.10789837195634,21.0,21.0,40.0,32.077185826254336,16.38042125620044,6.6251186068522285,7.473919274,0,0,0,0
48,1,146.23254255139966,22.241543716525086,18.92760842512401,48.72236927484186,32.077185826254336,16.38042125620044,6.6251186068522285,6.6251186068522285,0,0,0,1
48,2,129.44326195820955,18.54368851599453,22.30831088150891,60.288923274639885,37.868272213754224,26.39036111845704,5.5964268643967054,6.6251186068522285,0,0,0,2
48,3,111.54652302672385,19.534926671429066,21.30937532337532,71.65513787772619,33.97693430189244,29.16870238192036,5.965579643828574,5.5964268643967054,0,0,0,3
48,4,101.19473119272384,18.72172081519523,18.058004182334475,67.7651249279533,34.14562607144157,27.576524207597902,5.175895917,5.965579643828574,1,0,0,4
48,5,67.87179855272656,18.127980888267203,19.793138842129967,64.45388692794833,34.93756666663909,30.0,5.178223382386878,5.175895917,2,0,0,5
48,6,51.04744143395718,18.114735818154355,18.10813906095888,61.04699178317257,35.346998739268926,29.05913934531021,4.6659872244714125,5.178223382386878,3,0,0,6
48,7,28.52568198513662,18.13526591941724,18.17463691618857,57.89727693458062,35.834917507822496,30.0,4.243618137237089,4.6659872244714125,4,0,0,7
48,8,19.396305815341435,18.06458435010861,18.021193673708616,68.58430850096644,33.11499719058823,26.257400400444176,4.488369370698809,4.243618137237089,4,0,0,8
48,9,7.381396307945292,18.0702820776695,18.0319341094037,78.03024471339863,28.860722601873697,23.61670080052735,4.351844173529709,4.488369370698809,4,0,0,9
49,0,106.15236084724243,21.0,21.0,40.0,34.66788230859014,19.37149424433721,3.935726773728825,7.358534679,0,0,0,0
49,1,74.66654665741184,21.593357646171803,21.287429884886745,34.727087779526926,34.66788230859014,19.37149424433721,3.935726773728825,3.935726773728825,1,0,0,1
49,2,58.9619381176936,22.04635369628029,21.85845312744225,30.504661961080224,36.92967849045933,22.945733629281232,1.9630760674647807,3.935726773728825,2,0,0,2
49,3,51.35111493392093,22.7257524097114,22.444106637425897,26.67314988278809,39.473976133722616,22.573178986876645,0.9513528979715836,1.9630760674647807,3,0,0,3
49,4,41.66229163598604,23.454074049930576,23.285513247857224,23.384885511441453,38.858962312456505,26.206235624506657,1.2111029122418622,0.9513528979715836,4,0,0,4
49,5,29.18214058535016,25.01524158885856,24.815801082132293,34.90492066865319,38.25031634262834,25.74987897521464,2.080025175105979,1.2111029122418622,4,0,0,5
49,6,8.724417189982507,26.401534444108503,26.31284700874976,46.30290810935162,35.37406590857813,27.9480865397465,3.409620565894609,2.080025175105979,4,0,0,6
49,7,8.724417189982507,24.637091665830788,24.57747986740252,57.87887037067472,34.310901451794976,30.0,4.182260846320386,3.409620565894609,4,0,0,7
49,8,8.724417189982507,22.88800360618948,22.83969338676868,69.12142211848365,32.88415438431264,29.574466436848137,4.249714388,4.182260846320386,4,0,0,8
49,9,8.724417189982507,21.139045826283,21.039424764195804,80.00200355945654,33.0766905338719,27.37098413819972,4.513349779310955,4.249714388,4,0,0,9
50,0,47.00723120192455,21.0,21.0,40.0,29.218066717050583,15.959486398172444,2.0654438238572403,2.993402286830668,0,0,0,0
50,1,34.614568258781105,22.184361334341013,21.91918972796345,48.13195956074014,29.218066717050583,15.959486398172444,2.0654438238572403,2.0654438238572403,0,0,0,1
50,2,25.6437857111871,22.38330657785957,22.330763539507924,41.28851878200612,25.95947195458388,19.354745941338184,1.121347818449251,2.0654438238572403,1,0,0,2
50,3,15.746672500266977,22.875937162305764,22.716252604172627,34.70295049925963,27.759608177781093,18.98723469584954,1.2371391513650158,1.121347818449251,2,0,0,3
50,4,11.590455364274073,23.434756275060845,23.425612281085137,29.080838626473763,27.475923277652807,24.62345520687017,0.5195271419991128,1.2371391513650158,3,0,0,4
50,5,10.023200579136336,24.296541041807885,23.99964999625326,23.408880894616928,33.40208461630324,18.420372428936545,0.1959068481422173,0.5195271419991128,4,0,0,5
50,6,8.039605407845649,25.62455868189592,25.501787961178334,32.946853273989895,31.79031858007983,21.198416860881103,0.3305991952151142,0.1959068481422173,4,0,0,6
50,7,0.0,26.88358712295096,26.71965054741329,42.88389272874197,32.62208216813495,22.58369258048766,1.3399342346409415,0.3305991952151142,4,0,0,7
50,8,0.0,24.904008927987856,24.71199548078353,53.573015508109314,35.721868217105595,23.662147223824093,2.3570083858961146,1.3399342346409415,4,0,0,8
50,9,0.0,22.82107518626325,22.84052614426498,64.30648354143993,30.769015885463187,28.861362077484664,2.969739150353873,2.3570083858961146,4,0,0,9
51,0,84.08029316566142,21.0,21.0,40.0,30.64393802657934,20.32068332507236,3.015526451626599,6.171850198506405,0,0,0,0
51,1,59.95608155264863,21.51287876053159,21.30641366650145,34.17363184329731,30.64393802657934,20.32068332507236,3.015526451626599,3.015526451626599,1,0,0,1
51,2,52.88512345842332,21.85844449370934,21.81470488854688,28.36439939426033,28.17188819807372,22.88793152949864,0.8838697617781637,3.015526451626599,2,0,0,2
51,3,44.861974298712944,22.417326527648765,22.296220215987493,22.30250186033605,28.18376723601623,21.472357575515527,1.0028936449637966,0.8838697617781637,3,0,0,3
51,4,38.129517028140015,23.12182013960742,23.020257826531296,17.33278316250609,31.30924767039048,24.41453734166527,0.8415571588216164,1.0028936449637966,4,0,0,4
51,5,30.77772358392211,24.59435304157582,24.52575941662017,27.29427199092166,30.14736027311659,25.19424432919215,1.2252989073696512,0.8415571588216164,4,0,0,5
51,6,20.76719655474632,25.91613687364828,25.915078664462342,36.5023009225298,26.11876556017168,25.03695072654021,1.6684211715292987,1.2252989073696512,4,0,0,6
51,7,0.0,27.11196608859958,27.11199938620241,46.316452567426936,27.268636475760243,27.254428218112764,3.4611994257910537,1.6684211715292987,4,0,0,7
51,8,0.0,24.980578878009943,25.04733900866824,55.68490143200977,24.35421606980689,27.6927220667644,4.843064963661915,3.4611994257910537,4,0,0,8
51,9,0.0,22.906103281019725,22.921605755441533,64.57683964769254,23.81156553641412,25.58809121737903,5.062932254006196,4.843064963661915,4,0,0,9
52,0,193.7885633824204,21.0,21.0,40.0,26.97908180760525,21.78795921492037,5.487051280769098,5.792119723600514,0,0,0,0
52,1,177.32740954011314,22.139581636152105,19.03575918429841,48.77806738405461,26.97908180760525,21.78795921492037,5.487051280769098,5.487051280769098,0,0,0,1
52,2,160.90450099301043,18.402261972379872,22.295674509116385,58.90792684149646,29.081853463384,27.19514352240409,5.474302849034235,5.487051280769098,0,0,0,2
52,3,145.80914805464516,19.355556125417344,21.218986646501303,69.09421805826933,27.508896327301755,29.081610432547564,5.031784312788423,5.474302849034235,0,0,0,3
52,4,145.80914805464516,19.28838194651836,18.59401938335756,79.71334180498685,32.88090113399442,26.11423079221399,4.887322591539923,5.031784312788423,0,0,0,4
52,5,117.68050573789137,18.186614649437733,20.160012054622364,75.63159575635507,37.35336772691018,23.303598669579863,4.724393558605451,4.887322591539923,1,0,0,5
52,6,101.48360234382947,18.173980395713425,18.146539631026148,72.3691193477669,38.4289474623262,26.779516934406207,4.901636775385383,4.724393558605451,2,0,0,6
52,7,73.6336345647147,18.164859182943506,17.98604651972277,68.35947471385508,37.22669584772122,23.8308339638798,5.401596740240587,4.901636775385383,3,0,1,7
52,8,38.239564038613565,18.206466292316485,19.23140624676989,65.39989355374281,39.69263163843063,27.198584138723422,5.221270872074358,5.401596740240587,4,0,1,8
52,9,22.547466489048205,18.15681249321413,20.18220709975886,77.60205693291513,38.70926911843311,29.08052743252425,4.516298223514285,5.221270872074358,4,0,1,9
53,0,159.5340044617867,21.0,21.0,40.0,32.15040635947739,16.98588571567614,5.906667666199581,6.967597182107072,0,0,0,0
53,1,141.81400146318796,22.243008127189547,18.939717714313524,48.84453257352764,32.15040635947739,16.98588571567614,5.906667666199581,5.906667666199581,0,0,0,1
53,2,125.70560038091176,18.306222366936527,22.18115716238843,57.019560790902105,25.609719925201645,19.8071035046565,5.369467027425401,5.906667666199581,0,0,0,2
53,3,112.75598303327698,19.24232097139918,21.043782691888783,66.31541134258637,26.723253109882407,24.9203610661413,4.316539115878264,5.369467027425401,0,0,0,3
53,4,102.49695844824473,22.07721033880891,18.38151499090132,75.45780786772124,29.276966697170145,21.514125109134675,3.419674861677416,4.316539115878264,0,0,0,4
53,5,84.03204060427257,18.10920433010326,21.77400896492139,70.08422339310297,29.95392794946264,23.526158302658114,3.473886534026832,3.419674861677416,1,0,0,5
53,6,59.21217698463333,21.711277033070704,18.10562814886954,65.15427296328825,30.705517754344644,25.239202080017986,4.429651488424386,3.473886534026832,2,0,0,6
53,7,47.964632308680834,18.007638330298718,18.581531613695923,60.29412384867626,27.31391237481465,29.01859254400765,4.424865992195785,4.429651488424386,3,0,0,7
53,8,26.083831069268346,17.987668075182132,18.09504026830438,54.38601950436998,23.082586011808587,27.427945408712063,4.084651291384853,4.424865992195785,4,1,0,8
53,9,10.569402876100504,19.664029652389125,18.136693266712733,63.98473298760358,25.170508358217145,28.15567765974726,3.490175091142972,4.084651291384853,4,1,0,9
54,0,119.41954133150035,21.0,21.0,40.0,33.19546111629865,19.02161508290255,4.268166451987251,7.251146528503431,0,0,0,0
54,1,93.81054261957686,22.26390922232597,21.98043230165805,49.39907371585622,33.19546111629865,19.02161508290255,4.268166451987251,4.268166451987251,0,0,0,1
54,2,77.67628745180464,23.26740045700825,23.17255831872765,59.34822812283336,32.133670381405466,23.139409657356428,2.6890425279620382,4.268166451987251,0,0,0,2
54,3,69.72437802650711,24.381834081080548,24.28937820193968,68.8941643561793,29.539202552698423,23.493776521445675,1.325318237549589,2.6890425279620382,0,0,0,3
54,4,62.29362652785121,25.5545554322724,25.508571242174103,78.55679316410934,28.6836594235974,24.997611731569428,1.2384585831093164,1.325318237549589,0,0,0,4
54,5,47.80068472117262,26.09931481206001,26.04024036968377,73.43277196716197,29.25501693806712,25.61153196778081,1.8116177258348232,1.2384585831093164,1,0,0,5
54,6,41.95327001880199,23.639408663427336,23.637883341426228,68.79800303871937,29.27349989995337,28.311117164254465,2.923707351185316,1.8116177258348232,2,0,0,6
54,7,19.13361955931203,21.382859757115973,24.391731599419387,64.05456823859902,28.280102745977533,28.7008150311316,4.563930091897991,2.923707351185316,3,0,0,7
54,8,8.610229334551637,21.12703118721771,20.03599079062814,59.67888428165056,34.22146010594014,24.802517911012835,5.261695112380197,4.563930091897991,4,0,0,8
54,9,8.610229334551637,18.950614977486016,19.114362480991268,70.51189515701944,34.18081226281503,26.002581489234323,4.767790069613863,5.261695112380197,4,0,0,9
55,0,89.39576690486113,21.0,21.0,40.0,28.997468520857502,17.531056450986682,3.4418711599988705,5.760294626200038,0,0,0,0
55,1,68.74453994486791,22.17994937041715,21.950621129019734,48.37513449493196,28.997468520857502,17.531056450986682,3.4418711599988705,3.4418711599988705,0,0,0,1
55,2,50.09781842491687,22.38401665480201,22.27437378904225,40.81171921371631,25.11821322887552,16.196146319926427,2.330840189993881,3.4418711599988705,1,0,0,2
55,3,39.69224605717769,22.7838300797954,22.715796708926515,33.84408948669963,24.83529541209621,19.7889838822556,1.3006965459673971,2.330840189993881,2,0,0,3
55,4,28.63918357717769,23.447519597381103,23.36998054514504,28.58592201116268,29.509372488704827,24.611919313867688,1.38163281,1.3006965459673971,3,0,0,4
55,5,15.994482149736536,24.21298446758366,24.0358746383299,22.83521104029827,30.70175814849115,20.68318090226213,1.5805876784301445,1.38163281,4,0,0,5
55,6,6.289574383433809,25.60727268501744,25.45054253581601,32.139789269899495,31.09262808722004,20.599473188342312,1.617484627717121,1.5805876784301445,4,0,0,6
55,7,0.0,26.75651083712143,26.768191947301144,41.92511927132697,28.064920590705103,26.29802386166976,1.0482623972389682,1.617484627717121,4,0,0,7
55,8,0.0,24.79914386442061,24.77679348327638,52.88977107715232,30.928517329550584,29.98621492503469,2.483372396056511,1.0482623972389682,4,0,0,8
55,9,0.0,22.85920550500615,22.683962688872164,62.88188407533622,32.30456770133104,23.207171177468403,3.4207754607158347,2.483372396056511,4,0,0,9
56,0,263.4716986732772,21.0,21.0,40.0,26.61957445211669,15.038631154240514,7.728012001146649,4.456424009021792,0,0,0,0
56,1,263.4716986732772,19.13239148904233,18.90077262308481,47.498477009144295,26.61957445211669,15.038631154240514,7.728012001146649,7.728012001146649,0,0,0,1
56,2,256.84141956151063,18.11751580610344,17.259010788932905,55.639999136544205,27.628218140827848,17.6024603447272,9.11409239217624,7.728012001146649,0,0,1,2
56,3,227.8652869243868,16.286795375601947,19.343332614802524,64.42997740001478,29.44196293618293,19.39124963865361,9.658710879041282,9.11409239217624,0,1,1,3
56,4,172.1762756127091,20.26075348940071,19.137050689339485,74.73748651677562,33.800510476306364,23.46342906125385,9.281501885279614,9.658710879041282,0,1,1,4
56,5,104.75739056340744,20.68672116034221,20.927782633294125,69.37711504208232,29.17798008029097,24.37551172696851,8.427360631162706,9.281501885279614,1,1,1,5
56,6,43.63546303525589,22.034839881491195,21.83992119174868,65.37248397278688,33.60769767060292,27.47768527775572,7.640240941018946,8.427360631162706,2,0,1,6
56,7,12.614487194773575,19.8499090181474,22.87075415024352,60.70419602543747,29.63996201691753,27.758438275585707,6.204195168096462,7.640240941018946,3,0,0,7
56,8,2.308498534342186,19.76828018462048,18.70222046595391,56.8326384470157,34.90749453588269,26.91718558399636,5.152994330215695,6.204195168096462,4,0,0,8
56,9,0.0,18.067761942437745,18.05021639677995,67.27461848567069,32.20007127223505,25.810928942514856,4.441829557691886,5.152994330215695,4,0,0,9
57,0,217.6424481887683,21.0,21.0,40.0,31.569373378022984,21.37348539219084,7.598820827,6.0967536474952775,0,0,0,0
57,1,217.6424481887683,19.23138746756046,19.027469707843817,49.52971457863849,31.569373378022984,21.37348539219084,7.598820827,7.598820827,0,0,0,1
57,2,213.6341337469913,18.1247574817995,17.377619668564737,58.99671951399151,33.931903163682385,18.662568699389933,7.96998135,7.598820827,0,0,1,2
57,3,190.4769539377692,16.533560464681194,19.496531053023865,70.36698002501147,38.11332586574945,25.05478808436148,7.719059936407361,7.96998135,0,1,1,3
57,4,136.92616427691107,19.88894062948035,18.73827447030916,68.09948286008137,41.91243799745935,28.823688864040044,6.693848707607271,7.719059936407361,1,1,1,4
57,5,90.2218664588007,20.44070571603619,20.625458078276296,64.04582293097403,34.41768733470548,26.39531305914268,5.838037227263794,6.693848707607271,2,1,1,5
57,6,48.66806584304291,21.81786583704576,21.63607831982932,60.69539360891858,35.51896376345633,29.200873336235624,5.194225076969724,5.838037227263794,3,1,1,6
57,7,10.228545341631795,22.86701532004125,22.700625539553595,58.05852190495935,39.86517393587248,28.81887215324292,4.804940062676389,5.194225076969724,4,0,0,7
57,8,10.228545341631795,21.40363898998889,21.223101952203315,70.93260765234623,41.52269859659381,30.0,4.927712319463442,4.804940062676389,4,0,0,8
57,9,0.0,19.21024356847656,18.93985945990812,68.27562504567614,42.39978992351935,26.17252892831344,5.1142726708158985,4.927712319463442,5,0,0,9
58,0,211.75431631009465,21.0,21.0,40.0,25.37415128584443,15.58139350111973,6.931968185400623,4.269489586438487,0,0,0,0
58,1,211.75431631009465,19.10748302571689,18.9116278700224,47.37199806165355,25.37415128584443,15.58139350111973,6.931968185400623,6.931968185400623,0,0,0,1
58,2,183.72925084014932,18.163121018603,20.19792193299503,55.1639269229165,28.15605093014989,15.1324427435332,7.446575945898799,6.931968185400623,0,0,0,2
58,3,183.08608209633348,18.053241791656376,17.201073714693525,62.57878070861791,24.36715104550054,16.826481097285097,7.074442748072419,7.446575945898799,0,0,1,3
58,4,151.31339184499768,18.1996179295332,19.479275210080363,71.6160910621403,30.4921336234914,19.715146118299657,6.674299196334497,7.074442748072419,0,0,1,4
58,5,112.89003619798004,18.09175361996289,19.714942432936702,66.10038376336107,32.25631431277226,20.434200694009803,6.6748101,6.674299196334497,1,0,1,5
58,6,76.44517488991414,18.187149629372023,19.83396025545548,61.24132316269544,33.11728453868787,23.22126767983641,6.429578820330066,6.6748101,2,0,1,6
58,7,48.97346261571822,18.134577262758228,19.875311259682046,56.65363319619957,34.339751497315454,23.50641535548529,4.951146175083752,6.429578820330066,3,0,1,7
58,8,24.499966369809645,18.09317965892088,19.73602258339765,52.1622795184572,33.382480980706234,24.99888747628065,4.318396302,4.951146175083752,4,0,1,8
58,9,11.40586908269512,18.099171575046064,20.17032986951901,62.81659382483774,34.874615162463826,24.31601987298364,4.060415708,4.318396302,4,0,1,9
59,0,225.45467235479308,21.0,21.0,40.0,26.483845303341628,21.9133357931149,7.0424736869756295,2.341308708694496,0,0,0,0
59,1,225.45467235479308,19.12967690606684,19.0382667158623,48.711492597362174,26.483845303341628,21.9133357931149,7.0424736869756295,7.0424736869756295,0,0,0,1
59,2,213.81235083053645,18.159610480950096,18.014557709361004,58.20483748574591,30.00638194150466,22.73442299396057,9.287013822977675,7.0424736869756295,0,0,0,2
59,3,213.81235083053645,16.736509600261414,16.702416283308267,67.81309986597785,28.629846433613373,24.74938901211956,10.440992996153298,9.287013822977675,0,1,1,3
59,4,156.594246704168,18.715537312598933,18.595073559035843,77.0846062841517,29.021478211153376,22.48689077870142,9.536350687728076,10.440992996153298,0,1,1,4
59,5,93.63629028874942,19.91174683641705,19.777728361546945,71.30524323596127,29.86682044516908,21.3589403982174,7.8697445519273215,9.536350687728076,1,1,1,5
59,6,44.95938387476678,21.029616649997912,20.971394281521857,66.0295925161308,29.47277910723153,24.55138356037698,6.084613301747831,7.8697445519273215,2,1,1,6
59,7,7.989514121729184,22.01761670949829,22.01025960820399,61.30359906051655,29.159502363666185,27.918311771810146,4.621233719129699,6.084613301747831,3,0,0,7
59,8,0.0,19.776027535313982,19.736811759326347,56.22466276926629,28.59408296148077,26.522937642684443,3.994757060864592,4.621233719129699,4,0,0,8
59,9,0.0,18.31857215043111,18.1848381270928,66.37004875001952,31.81909662767957,24.54415882094948,3.153054951332821,3.994757060864592,4,0,0,9
60,0,241.3239572620648,21.0,21.0,40.0,28.238716441256617,21.80676443699532,5.895737675284039,6.303220308711328,0,0,0,0
60,1,223.6367442362127,22.16477432882513,19.036135288739903,49.00818655808535,28.238716441256617,21.80676443699532,5.895737675284039,5.895737675284039,0,0,0,1
60,2,207.8846547796772,18.411382437637965,22.235085838938787,58.46772491462403,29.14870320294833,23.404287666710992,5.250696485511845,5.895737675284039,0,0,0,2
60,3,191.462326937909,19.453667221068883,21.07130763897238,68.62479738434843,34.0953042363352,22.33287615102256,5.474109280589384,5.250696485511845,0,0,0,3
60,4,191.462326937909,19.245607017228096,18.59264059649765,79.24803777192119,33.70085846057591,25.31714369260612,5.747043852998098,5.474109280589384,0,0,0,4
60,5,173.75592964069264,18.084986673793,17.22438385006778,74.64018878346063,29.90805416287307,27.82611812345712,5.873052932573664,5.747043852998098,1,0,1,5
60,6,130.49358145185235,18.02458285010232,19.152451620776915,69.32062437552506,27.072974659652346,26.707223074038943,6.073615911555651,5.873052932573664,2,0,1,6
60,7,88.0426542241666,18.12707286216008,19.63928629257961,64.16814347551414,27.903639545750966,26.80479989863286,6.927993398249087,6.073615911555651,3,0,1,7
60,8,48.165081206566754,18.125647962015226,19.76073470338241,60.04456199225601,30.42454731523256,30.0,6.755752328717398,6.927993398249087,4,0,1,8
60,9,28.90388712973648,18.03666716133305,20.31090408991138,70.70716131173559,29.236662885997664,30.0,5.925602710703807,6.755752328717398,4,0,1,9
61,0,100.63440658004174,21.0,21.0,40.0,34.80509278865018,22.839674169226885,5.284903714037762,7.108807753091166,0,0,0,0
61,1,68.92498429581516,22.296101855773006,22.05679348338454,50.37605805241788,34.80509278865018,22.839674169226885,5.284903714037762,5.284903714037762,0,0,0,1
61,2,58.24425348309283,20.45687915529114,23.312977266726783,62.41500537302776,38.833880342049866,28.04916032800504,3.560243604240781,5.284903714037762,0,0,0,2
61,3,51.71523460014145,20.75121776476219,22.71384660137255,73.73343941951991,35.95363782256288,26.92655132461576,2.176339627650459,3.560243604240781,0,0,0,3
61,4,49.75254688333898,22.962188938058,22.232919794560928,70.35370487777418,35.790527474666575,28.766502848968244,0.2453359646003092,2.176339627650459,1,0,0,4
61,5,43.05713803533898,23.343443428397283,23.589894399515565,65.90467282515172,28.616488596541927,30.0,0.836926106,0.2453359646003092,2,0,0,5
61,6,32.50848176352434,24.42605829687108,24.28303437689304,62.32647048293467,33.45443143212744,30.0,1.3185820339768304,0.836926106,3,0,0,6
61,7,9.832967522896618,25.165543266962228,25.074400447600546,59.17362148688558,36.26000267262987,29.557502904875232,2.834439280078465,1.3185820339768304,4,0,0,7
61,8,9.832967522896618,23.447391277619488,23.31025838619704,71.38023260365115,38.01914653290039,29.79535967135276,3.795817377692595,2.834439280078465,4,0,0,8
61,9,0.0,20.983336765804737,20.868807184118324,68.58125764566951,37.78347245565754,30.0,4.916483761448309,3.795817377692595,5,0,0,9
62,0,141.49074766515974,21.0,21.0,40.0,26.99117210300796,17.055563209259258,4.462930448893935,6.577737058525979,0,0,0,0
62,1,114.71316497179612,22.13982344206016,21.941111264185185,47.9284123562081,26.99117210300796,17.055563209259258,4.462930448893935,4.462930448893935,0,0,0,1
62,2,91.98057295743072,23.12824986374404,23.01224191925877,56.5059590522708,28.21705854636809,19.43597865398028,3.788765335727567,4.462930448893935,0,0,0,2
62,3,82.96636080792914,21.341245187257467,24.14503856520028,66.81322115169249,34.40650874457375,22.85605847443565,3.004737383167191,3.788765335727567,0,0,0,3
62,4,66.21040751428696,24.730261920231392,23.62386264204887,77.89275204768235,37.40800633107499,24.14494309109093,2.792658882273697,3.004737383167191,0,0,0,4
62,5,51.758134104917374,21.80234877304273,24.88059824062411,72.60217444658909,33.312375671575445,20.62885987790645,2.890454681873916,2.792658882273697,1,0,0,5
62,6,21.45985986491737,24.622584465132288,23.625078742033736,66.89927250038184,27.67604444225004,23.974500301043022,3.78728428,2.890454681873916,2,0,0,6
62,7,11.232683038394006,21.71439946185641,21.95201345800248,62.32222503144229,30.49358893919986,27.41170290002481,5.113588413261682,3.78728428,3,0,0,7
62,8,0.0,19.741443006629563,19.53816407635033,58.07205235777965,33.160499747933585,26.560763176162883,5.616341519197003,5.113588413261682,4,0,0,8
62,9,0.0,18.20765892188284,18.14648402073239,68.76321323880433,32.751633619812885,26.64370460810192,5.779208970750829,5.616341519197003,4,0,0,9
63,0,168.24152176811702,21.0,21.0,40.0,28.010417639701927,24.12407232294737,3.960863727164933,3.658086718561216,0,0,0,0
63,1,156.35893058662222,22.16020835279404,19.08248144645895,49.38420819327688,28.010417639701927,24.12407232294737,3.960863727164933,3.960863727164933,0,0,0,1
63,2,133.02638340862222,21.55349764375509,22.26064831687776,60.01442623464805,34.9325684176997,24.12419847880682,3.888757863,3.960863727164933,0,0,0,2
63,3,120.6006384072439,20.339077785300667,23.0334210371246,70.14102512497406,30.46723001799835,25.79165270603508,4.141915000459443,3.888757863,0,0,0,3
63,4,112.15010035975048,19.8980629262673,19.01190135825672,64.94477145442086,29.17909350449297,25.286163881322544,4.225269023746716,4.141915000459443,1,0,0,4
63,5,88.90138104273066,18.150164637452946,20.7149808974398,60.11799824839143,30.024544838673823,26.49338179449605,4.129135117076903,4.225269023746716,2,0,0,5
63,6,74.03959412291695,18.085104746266747,18.070859793648665,55.15787682577576,29.04799003102562,26.72911317666512,5.193176005,4.129135117076903,3,0,0,6
63,7,41.5255467819328,18.15351632632055,18.136770782768604,51.45446974829319,33.05413687780154,29.70471269173977,6.010732625,5.193176005,4,0,0,7
63,8,27.879851808682545,18.157713472336127,18.12649761969593,63.69478743074487,38.001764902509294,30.0,6.568302135683668,6.010732625,4,0,0,8
63,9,11.414338764852936,18.15772543404407,18.13391267418828,76.16593587200191,39.28415800698361,30.0,6.760420824402143,6.568302135683668,4,0,0,9
64,0,344.3676548712075,21.0,21.0,40.0,34.4068780681242,19.315241752097823,5.533428652391688,2.363734999653362,0,0,0,0
64,1,344.3676548712075,19.28813756136249,18.98630483504196,49.669981567639965,34.4068780681242,19.315241752097823,5.533428652391688,5.533428652391688,0,0,0,1
64,2,316.53329718502584,18.022997093614546,20.461721694678623,58.9116145419689,29.559765129886983,21.78264028305155,7.961128980729184,5.533428652391688,0,0,0,2
64,3,316.53329718502584,18.22011996016188,17.39436448826422,69.3844441622538,31.444645679141026,26.737741100219523,9.481031155821697,7.961128980729184,0,0,1,3
64,4,288.1722942654,16.649773111463418,19.764384341035,79.96584543286346,32.72066660719193,26.06489600730617,9.453667639875276,9.481031155821697,0,1,1,4
64,5,215.553911472,20.01476300465934,18.93061585842872,74.75088806579403,30.92476841434141,23.436579546384007,9.077297849175002,9.453667639875276,1,1,1,5
64,6,139.37350589599998,20.51951751184312,20.77823577884108,69.17309889093849,27.83595476940409,24.50966092584292,9.522550697,9.077297849175002,2,1,1,6
64,7,64.72146472,21.669295806422568,21.595524741217943,63.27599039553641,25.18969936262513,25.3819201073633,9.331505147,9.522550697,3,1,1,7
64,8,0.0,22.408142349125725,22.47294000453141,58.69199337293775,27.866683207785176,30.0,8.09018309,9.331505147,4,0,0,8
64,9,0.0,20.701368190221043,20.694062312522377,69.38279260263042,29.39332905384817,30.0,6.518653081586344,8.09018309,4,0,0,9
65,0,143.2838075207112,21.0,21.0,40.0,34.33634858119019,18.15807638443375,5.179411705528362,4.370684638871349,0,0,0,0
65,1,127.74557240412612,22.286726971623803,18.96316152768868,49.44899649381231,34.33634858119019,18.15807638443375,5.179411705528362,5.179411705528362,0,0,0,1
65,2,112.28093748449906,18.526622244032023,22.24562293745361,59.64379805237667,35.27061671220827,21.3671697242604,5.154878306542354,5.179411705528362,0,0,0,2
65,3,99.44784191945593,19.416416058249293,21.23019461250518,69.876799888758,30.188036044000228,26.661974158118323,4.277698521681051,5.154878306542354,0,0,0,3
65,4,88.04187472724735,22.19153847022158,18.64672066296808,79.51489388472899,26.78958934655997,26.75537729772327,3.801989064069521,4.277698521681051,0,0,0,4
65,5,70.59185192292082,18.20468229329625,21.981149190486807,75.35256374644435,33.73403645198226,26.47524055754748,3.393755927491692,3.801989064069521,1,0,0,5
65,6,39.588760563394494,21.933966497521173,20.638196551677137,71.19679617058634,34.19361476201069,26.052120927667072,3.875386419940792,3.393755927491692,2,0,0,6
65,7,31.901942237565663,19.15524874117842,19.383428834492143,66.44168188349035,32.471788130164946,24.444243608190643,3.843409162914415,3.875386419940792,3,0,0,7
65,8,19.166665288880925,18.206688751653616,18.22690582297944,63.41527386791516,36.92507513063641,29.59488033839036,3.505467384,3.843409162914415,4,0,0,8
65,9,12.937593946613164,18.05137627537953,17.98937809101649,73.37401221072687,31.570682938250407,23.75564118848134,2.6741063870713115,3.505467384,4,0,1,9
66,0,92.4310627427061,21.0,21.0,40.0,29.31504360639344,20.614515398284745,3.9894221197129087,6.489086375840484,0,0,0,0
66,1,68.49453002442866,22.18630087212787,22.012290307965696,48.98732062084207,29.31504360639344,20.614515398284745,3.9894221197129087,3.9894221197129087,0,0,0,1
66,2,54.98039823560237,23.31291345097345,23.16439248182208,59.64317722686864,34.61770514340814,24.58149822340617,2.2523552981377137,3.9894221197129087,0,0,0,2
66,3,54.58469187560237,24.481832271508505,24.257242477348434,69.49736368056205,34.10139227178551,20.64408802651121,0.06595106,2.2523552981377137,0,0,0,3
66,4,46.1455785246873,24.915190222883112,24.844454341178043,64.4789675217465,31.179497835450704,24.27385683779628,1.0548891688643838,0.06595106,1,0,0,4
66,5,30.36212990488789,25.550693268762124,25.479426556740147,59.92823321274688,31.33792494389403,26.7135511172192,1.9729310774749265,1.0548891688643838,2,0,0,5
66,6,13.105048555630647,26.234789700723407,26.17424392827932,56.46556528720304,34.096289302534245,30.0,2.157135168657155,1.9729310774749265,3,0,0,6
66,7,8.547502358253805,23.77832061018452,23.713961312894803,52.614238430370136,33.03161223437124,28.905460783223774,2.2787730986884216,2.157135168657155,4,0,0,7
66,8,3.1375042766203727,22.198612304183047,25.07388585829164,64.71054654607507,37.20171175391626,30.0,1.8033326938778111,2.2787730986884216,4,0,0,8
66,9,3.1375042766203727,22.29011976390945,21.28032452021021,75.60600175673177,33.945482799601685,26.58482392626893,1.7641524261652677,1.8033326938778111,4,0,0,9
67,0,310.6223854203544,21.0,21.0,40.0,25.590782627592905,16.699253631893868,6.449083289865628,2.143775095255414,0,0,0,0
67,1,310.6223854203544,19.11181565255185,18.93398507263788,47.61220652670762,25.590782627592905,16.699253631893868,6.449083289865628,6.449083289865628,0,0,0,1
67,2,277.80997085856603,18.10058759528991,20.231262852355457,55.20075787778387,25.824466749817184,16.334151867273114,8.790136138905629,6.449083289865628,0,0,0,2
67,3,276.8358034106172,18.10019080494484,17.259857853562494,63.71599413018016,26.165291119148453,21.141576949719823,9.678176844432295,8.790136138905629,0,0,1,3
67,4,249.11203917515093,16.480959158038182,19.61886937082514,73.52936498641594,30.11410530523745,24.404621673850244,9.241254745155414,9.678176844432295,0,1,1,4
67,5,178.6907503956671,19.866428604278617,18.764019769566776,68.02609749760681,30.40570680297966,22.353918259191868,8.802661097435477,9.241254745155414,1,1,1,5
67,6,110.70613702177188,20.42308838157758,20.600807759468168,62.53453093887087,30.23739692769644,22.58723330154833,8.498076671736904,8.802661097435477,2,1,1,6
67,7,50.199089317771865,21.7081819898056,21.4014832850624,57.459267900587534,33.90328606694702,21.234141498145576,7.563380963,8.498076671736904,3,1,1,7
67,8,0.0,22.35772001481028,22.372581622665628,52.775002141815264,30.583517425933955,26.72611724755344,6.274886164721483,7.563380963,4,0,0,8
67,9,0.0,20.662271373868016,20.528841912563664,62.84827022577024,31.205574706902144,24.757025759514413,4.399162376309752,6.274886164721483,4,0,0,9
68,0,199.46728659693915,21.0,21.0,40.0,28.73783201908008,24.222883992666183,3.645018368703425,2.812360978347176,0,0,0,0
68,1,188.53223149082888,22.1747566403816,19.08445767985333,49.53292888211433,28.73783201908008,24.222883992666183,3.645018368703425,3.645018368703425,0,0,0,1
68,2,150.18041767963126,20.7686970903184,21.59232768133619,44.55120760272748,30.415029430220592,25.242074573185807,4.793976726399702,3.645018368703425,1,0,0,2
68,3,120.96384146624216,18.989857251998504,21.57585069072936,38.78697020650077,29.82783072068763,21.48196152249732,5.843315242677816,4.793976726399702,2,0,0,3
68,4,107.8349513774588,18.561176852566767,17.646770992970353,32.007574710614435,26.300208210855885,19.369816811997826,6.564445044391689,5.843315242677816,3,0,1,4
68,5,75.68989344912706,16.195965614396115,19.301955426768306,24.43579476261881,24.84224322656957,16.425645951232532,6.429011585666349,6.564445044391689,4,1,1,5
68,6,44.1235756946886,20.270714945463403,19.22134316826148,32.931157352710976,26.5376002541792,20.65885857966617,5.261052959073077,6.429011585666349,4,1,1,6
68,7,19.743577260450955,21.390358535338805,21.55823079316463,41.21409881844561,26.68165262152072,19.334688854782826,4.063333072372941,5.261052959073077,4,1,1,7
68,8,0.0,22.97213748648247,22.676650671793315,48.50092691242514,26.36931758347845,14.113060716407826,3.290596210075159,4.063333072372941,4,0,0,8
68,9,0.0,20.92822754029782,20.87533038038352,56.64645588614805,26.16504947947876,19.08788926342626,2.510986303985067,3.290596210075159,4,0,0,9
69,0,149.30694793330915,21.0,21.0,40.0,34.47897559257653,17.000405795484077,6.261618261169179,5.722465966572539,0,0,0,0
69,1,130.52209314980163,22.28957951185153,18.940008115909684,49.26628864985091,34.47897559257653,17.000405795484077,6.261618261169179,6.261618261169179,0,0,0,1
69,2,113.2872044672804,18.49633589884,22.120681682279187,58.2284788646824,34.40811370256054,15.38183193539219,5.7449628941737485,6.261618261169179,0,0,0,2
69,3,96.19847322733465,19.38591192605658,21.08136189788353,68.1047926427027,32.86536226747748,22.00304761041306,5.696243746648586,5.7449628941737485,0,0,0,3
69,4,96.19847322733465,19.11243965501223,18.505741962516154,77.21481745691858,27.75719200763277,22.85405696023317,4.723209946096983,5.696243746648586,0,0,0,4
69,5,74.79013605570398,18.086188078647723,20.03952845281657,71.55200807180054,27.99143255669372,23.881848637094976,3.4830255254846505,4.723209946096983,1,0,0,5
69,6,45.51014352245761,20.59128135375869,19.9597913228704,65.89335825660153,27.08539292372149,24.810996991839588,3.659999066655797,3.4830255254846505,2,0,0,6
69,7,22.656118791143708,18.2596119800892,21.4559074272666,61.100652472483375,28.18238409634329,28.52480599188921,4.570804946262781,3.659999066655797,3,0,0,7
69,8,10.601063448228508,18.34153602222978,18.13357061518417,56.84869122243775,29.87014367652861,29.84118271210683,4.381262811052578,4.570804946262781,4,0,0,8
69,9,0.0,18.095889356635467,18.025916631510075,67.12057300915733,29.82276590175704,27.243244024462804,4.533662657154436,4.381262811052578,4,0,0,9
70,0,212.2398888744125,21.0,21.0,40.0,33.24299805047452,19.67141175253978,5.6491956551756255,6.636559600443364,0,0,0,0
70,1,195.2923019088856,22.26485996100949,18.9934282350508,49.52459376454257,33.24299805047452,19.67141175253978,5.6491956551756255,5.6491956551756255,0,0,0,1
70,2,179.92490419469027,18.49760952894965,22.32975824691393,60.1474611288512,33.23998489644054,25.77594490527406,5.122465904731769,5.6491956551756255,0,0,0,2
70,3,164.7871411123429,19.4283251564043,21.24040694347297,70.13306281287635,28.694622394176463,26.78094251707436,5.0459210274491255,5.122465904731769,0,0,0,3
70,4,154.00160828743464,18.57159201951146,17.961701300670374,65.44728091588226,30.307260409695303,26.993951273670845,5.392766412454131,5.0459210274491255,1,0,1,4
70,5,115.0790371771981,18.06231312207125,19.583526117471028,60.36863938890659,29.650887320940804,25.46777086252769,5.917000211412492,5.392766412454131,2,0,1,5
70,6,79.31425179044619,18.211965488979057,19.87730233220154,56.41243033233423,33.111562944279505,28.242831185874,6.186689451809002,5.917000211412492,3,0,1,6
70,7,46.514228852043146,18.014376162185496,20.01672477358985,51.56172108117147,27.20246449317786,29.182484111473507,5.9230934830517885,6.186689451809002,4,0,1,7
70,8,30.394754296158087,18.00163307443854,20.476698805982544,61.1460986555562,24.72901316582481,28.51752891409037,5.3731581852950185,5.9230934830517885,4,0,1,8
70,9,17.040200376571057,18.09244044138424,20.445633831989603,70.98297065413472,24.93181668878156,29.71747219221017,4.451517973195677,5.3731581852950185,4,0,1,9
71,0,223.54391169941456,21.0,21.0,40.0,28.72181787013057,20.095375539056203,6.471504129448637,4.702982681900373,0,0,0,0
71,1,223.54391169941456,19.17443635740261,19.001907510781127,48.78709481365362,28.72181787013057,20.095375539056203,6.471504129448637,6.471504129448637,0,0,0,1
71,2,199.6956712890856,18.03802067596516,20.443949086521894,57.85328595502475,26.29672270524913,24.071005857923826,6.6220906550843415,6.471504129448637,0,0,0,2
71,3,199.6956712890856,18.065668361979696,17.276144526117204,65.89433864137644,24.029890279474827,20.642624644701154,6.404925180137017,6.6220906550843415,0,0,1,3
71,4,170.98202507246117,18.15898369604896,19.634057482623103,75.59716398940579,27.94918480244765,25.955400464382063,6.080941894292447,6.404925180137017,0,0,1,4
71,5,136.48415783633317,18.14309118200645,19.873283286625902,71.18649591439966,31.581085510665662,27.24853629485583,6.009416830663033,6.080941894292447,1,0,1,5
71,6,104.50966701554684,18.121155483365733,19.9469486776618,66.58617863581003,32.82056599543873,24.95544912350779,5.815820587489249,6.009416830663033,2,0,1,6
71,7,81.73693161360612,17.946420388127923,19.984300514789965,61.483826648152046,25.7460572439253,29.240876157974792,4.152366853745637,5.815820587489249,3,1,1,7
71,8,50.57470198494333,20.251156116969685,19.730005196082768,56.006747382364495,24.19722966724224,28.70788552282689,3.895278703582849,4.152366853745637,4,1,1,8
71,9,26.29491405442739,21.43094184171141,21.49481726691622,66.15986449391303,30.514849364166583,25.89135681110311,4.046631321752656,3.895278703582849,4,1,1,9
72,0,64.29994247513486,21.0,21.0,40.0,33.43253265588527,20.77564676857712,3.277939134256048,6.752898896,0,0,0,0
72,1,38.07642940108647,21.568650653117707,21.315512935371544,34.75747229640323,33.43253265588527,20.77564676857712,3.277939134256048,3.277939134256048,1,0,0,1
72,2,28.5485265665277,21.926952157596304,21.754870675399488,28.50084449622711,30.487714937527382,18.08657506149419,1.1909878543198462,3.277939134256048,2,0,0,2
72,3,26.853926516897864,22.47652932112238,22.2400662847968,22.396131771858443,31.91131834581384,17.506944296582464,0.2118250062037292,1.1909878543198462,3,0,0,3
72,4,23.95492870471746,23.148149642402142,23.00431590587024,17.495205528739874,33.42229884374357,22.68366647226437,0.3623747265225507,0.2118250062037292,4,0,0,4
72,5,17.45128652743924,23.98426192400268,23.7536603134563,12.53284295523958,34.72611947236998,21.038532897072848,0.8129552721597773,0.3623747265225507,5,0,0,5
72,6,11.024671240375998,25.34123857298124,25.35220187940528,22.69663690330053,29.68819038533247,26.77733154833945,1.0711025478438736,0.8129552721597773,5,0,0,6
72,7,0.0,26.74970954997752,26.65310880592281,34.33644267244799,34.66558760637477,30.0,1.837445206729333,1.0711025478438736,5,0,0,7
72,8,0.0,24.671439053567767,24.69815557421924,44.43127387011364,28.0977903354171,27.98460520716984,2.2205031648845024,1.837445206729333,5,0,0,8
72,9,0.0,22.767545438682745,22.68561714115573,55.28471237320991,31.9962738196679,28.300606753089177,2.793687986024838,2.2205031648845024,5,0,0,9
73,0,136.40583828404058,21.0,21.0,40.0,25.474168939060327,20.465489228499244,3.635294543,5.709522278,0,0,0,0
73,1,114.59407102604058,22.109483378781206,22.009309784569982,48.269138470160726,25.474168939060327,20.465489228499244,3.635294543,3.635294543,0,0,0,1
73,2,93.39016703378198,22.436658967124647,22.40918631899889,42.48821319175268,27.046659053039008,24.17042273358294,2.6504879990323245,3.635294543,1,0,0,2
73,3,70.82809449762331,23.068581210430484,22.86077500653989,37.86976409651009,34.238841360311966,23.436441443895887,2.8202590670198324,2.6504879990323245,2,0,0,3
73,4,44.50249048089114,23.623211258661023,23.576560157471103,32.57122971461449,29.673339664773003,24.22369154691809,3.290700502091522,2.8202590670198324,3,0,0,4
73,5,23.07566901772514,21.405372795849267,24.279354548554856,27.64693557395661,31.488411272790582,24.4877323902212,4.285364292633201,3.290700502091522,4,0,0,5
73,6,23.07566901772514,22.03177274919813,20.92434673910698,38.80571947902917,37.127409065521626,24.86583485154816,4.992603919231721,4.285364292633201,4,0,0,6
73,7,23.07566901772514,20.139179841754352,20.28445981049005,50.305216724332666,36.61674376091208,27.26935204632958,5.288483573577294,4.992603919231721,4,0,0,7
73,8,23.07566901772514,18.9775630640052,18.78478589598076,61.066184411401885,33.6214063436187,26.16174747343252,6.152355495634294,5.288483573577294,4,0,0,8
73,9,14.13507337015805,18.063225325978458,18.102629843252657,71.01470786177423,31.339245037803185,23.930329686487603,7.097063738,6.152355495634294,4,0,0,9
74,0,152.90711551838515,21.0,21.0,40.0,27.61324893252996,23.59697709440789,6.327921876227935,5.401997669740535,0,0,0,0
74,1,133.92334988970134,22.1522649786506,19.07193954188816,49.21784068484881,27.61324893252996,23.59697709440789,6.327921876227935,6.327921876227935,0,0,0,1
74,2,112.8370999708866,18.4093424755531,22.34069143847256,59.4207810643405,28.16021775687547,28.522784351411705,7.028749972938243,6.327921876227935,0,0,0,2
74,3,112.8370999708866,19.29145240019198,18.18400333172201,68.2932997175834,22.84699463775018,26.444775658043657,7.245431212902815,7.028749972938243,0,0,0,3
74,4,108.17768057277952,18.042822393450425,17.645329002683315,77.26599629266197,23.72074106904016,26.127573236951893,5.9900122356176695,7.245431212902815,0,0,1,4
74,5,72.9705134940989,18.11517367496088,19.1399798611532,71.2044030009991,25.758683748044064,23.89913129827333,4.988793535333528,5.9900122356176695,1,0,1,5
74,6,49.55159698346058,18.09408683922276,19.69271583641301,65.55859517663089,27.886850654539508,24.08088365452599,3.891601307104245,4.988793535333528,2,0,1,6
74,7,30.527778500297497,18.106926911771325,19.806356031436216,59.98067160746983,27.375665126907545,24.969203933308822,3.295392871402824,3.891601307104245,3,0,1,7
74,8,15.862757976793604,18.235308756493904,19.707306306214907,55.27529467859381,31.76543782469518,25.426912570438063,2.4892237048667933,3.295392871402824,4,0,1,8
74,9,6.341988656646197,18.07312984150888,20.24290214899314,64.59072954962318,27.640910872922845,24.11150507724029,2.8693953134373538,2.4892237048667933,4,0,1,9
75,0,149.65222748846213,21.0,21.0,40.0,28.476900101995167,21.864983821136708,4.384479734241937,3.786440956371011,0,0,0,0
75,1,136.4987882857363,22.169538002039904,19.03729967642273,49.061539106163735,28.476900101995167,21.864983821136708,4.384479734241937,4.384479734241937,0,0,0,1
75,2,109.36481788281093,21.567459702576905,22.187034599611376,59.445294399935655,36.84617972118896,20.84134968865505,4.522328400487565,4.384479734241937,0,0,0,2
75,3,96.9150756431934,20.35685708072615,22.97664156195552,69.70407010597029,33.35517542493694,23.638022941922184,4.149914079872511,4.522328400487565,0,0,0,3
75,4,85.3895620151963,23.60232352539808,19.74306466959536,80.14253308556499,30.82881828472181,27.16264271302652,3.841837875999029,4.149914079872511,0,0,0,4
75,5,62.773579766297175,19.109615408983945,23.16264435781509,75.72653483768478,32.01872256474113,26.78128716925768,4.523196449779826,3.841837875999029,1,0,0,5
75,6,55.0774710439606,19.746319759579755,18.585835656386227,70.51062947030641,25.79242610977573,28.5636551825667,3.848054361168289,4.523196449779826,2,0,0,6
75,7,32.34229904710287,18.18885915957039,20.440400421121304,65.31493824687918,30.76074358481608,23.70763850725488,3.817481683667972,3.848054361168289,3,0,0,7
75,8,17.85923178926254,18.14693547852013,18.05309285271358,60.35801400100358,33.84950972191625,21.945355578774866,4.1000791853602685,3.817481683667972,4,0,0,8
75,9,7.34397626988028,18.230192502793244,18.08792092147812,71.33294627633965,37.836015281993966,23.13583069209533,3.888689910765792,4.1000791853602685,4,0,0,9
76,0,324.56179522377374,21.0,21.0,40.0,33.50485911613399,19.047745093036703,6.663612885840164,4.563244356244908,0,0,0,0
76,1,324.56179522377374,19.270097182322683,18.98095490186073,49.459468757650725,33.50485911613399,19.047745093036703,6.663612885840164,6.663612885840164,0,0,0,1
76,2,296.402820253356,18.25050645669497,20.47572085385369,60.35841048385528,37.44561764597466,23.10405861071733,7.877303764,6.663612885840164,0,0,0,2
76,3,296.402820253356,18.28409228374067,17.58372529576897,71.15501925362258,30.810646636622188,29.17051319541834,8.386627783419202,7.877303764,0,0,1,3
76,4,252.84233151335604,16.016124246273915,19.17881145220702,66.31142637629819,29.39781426889224,27.026669745972203,8.712097748,8.386627783419202,1,1,1,4
76,5,182.76169556235743,19.43207936950592,18.46943907462345,61.5774214461422,28.86250629935225,28.170799644225564,8.760079493874821,8.712097748,2,1,1,5
76,6,114.49115432235746,20.074707815939405,20.345168582340364,56.55400963321222,28.171028015677887,27.254461912488868,8.533817655,8.760079493874821,3,1,1,6
76,7,50.90124274567144,21.419959769280734,21.28638750362054,52.74144449363281,32.3870588391105,29.765357052115,7.948738947085753,8.533817655,4,1,1,7
76,8,9.904035362537687,22.93918797336828,22.93059721096709,63.97940647252605,32.43312210496244,30.0,6.832867897188958,7.948738947085753,4,0,0,8
76,9,9.904035362537687,21.25289453068125,21.08569328152872,75.150128558924,35.274245520149904,26.785321626505382,5.805902652947137,6.832867897188958,4,0,0,9
77,0,140.37195083318858,21.0,21.0,40.0,28.620354843606734,16.604283629544724,4.358596106030133,2.6426070858766666,0,0,0,0
77,1,127.2961625150982,22.17240709687213,18.932085672590897,48.14043492516726,28.620354843606734,16.604283629544724,4.358596106030133,4.358596106030133,0,0,0,1
77,2,96.55004934536592,21.36640339365045,22.184551109817228,57.52132579335056,29.906747967338028,22.209312411458072,5.124352194955377,4.358596106030133,0,0,0,2
77,3,79.94465952232683,20.25868295811008,22.92522674989995,68.0824734569773,31.53681862185452,27.13622395384961,5.535129941013032,5.124352194955377,0,0,0,3
77,4,79.94465952232683,20.679365913513376,19.722783016986504,80.24345342697028,37.69599389139493,29.865005941899373,5.430119558647781,5.535129941013032,0,0,0,4
77,5,55.87344742356851,18.37262842112121,21.467159551516463,77.77544707403557,39.62218692814047,30.0,4.814242419751664,5.430119558647781,1,0,0,5
77,6,46.346231896261486,18.71340717967214,18.07565006741698,74.66735337586864,36.06614612129484,30.0,3.950046099114752,4.814242419751664,2,0,0,6
77,7,26.268830050234303,18.17857641858056,19.793444426340866,71.8118339357374,37.46933644371529,30.0,3.123879832949727,3.950046099114752,3,0,0,7
77,8,8.71497680416164,18.059205870924814,19.837884277363084,68.27066250379661,33.66015871144008,30.0,3.099384389623832,3.123879832949727,4,0,0,8
77,9,5.621414708090627,18.109452127716725,18.126096614968656,79.40041152032998,31.83193898074097,30.0,2.872550832225003,3.099384389623832,4,0,0,9
78,0,131.61031735260252,21.0,21.0,40.0,33.4912242231306,22.07624053967252,5.978618560808513,7.151510518360688,0,0,0,0
78,1,113.674461670177,22.26982448446261,19.04152481079345,50.00214365730456,33.4912242231306,22.07624053967252,5.978618560808513,5.978618560808513,0,0,0,1
78,2,97.374707746177,18.663824317082938,22.245774444590182,60.93529499041327,40.03335917902833,20.706370449353376,5.433251308,5.978618560808513,0,0,0,2
78,3,82.74850103217699,19.65385341904035,21.209839403830927,72.00947219632718,39.99732777369208,21.52587892582965,4.875402238,5.433251308,0,0,0,3
78,4,75.51270424909688,18.741485724515787,18.05927191040366,68.15168727572014,36.336047909632015,25.56514697588437,3.617898391540053,4.875402238,1,0,0,4
78,5,54.748468421110815,18.03762736690957,19.62001975594524,62.92139184843228,33.54405402495851,20.732082490108937,3.2617232790462976,3.617898391540053,2,0,0,5
78,6,32.49808017632765,20.396778783190296,19.753186941048213,57.44414167145493,30.673935977514184,22.230229705945003,2.7812985305978963,3.2617232790462976,3,0,0,6
78,7,15.021350077965668,21.244518886708164,21.21848009485467,53.627718369563766,36.54339944048313,25.58758221567705,2.184591262295248,2.7812985305978963,4,0,0,7
78,8,7.530380449444963,19.8555510664376,22.684543743681186,63.86958814034913,32.92011225999333,23.979164244369805,2.4969898761735685,2.184591262295248,4,0,0,8
78,9,7.530380449444963,20.066877011858857,19.157336121124786,73.98143014486448,29.60952720156772,26.56737282351751,2.93188576008116,2.4969898761735685,4,0,0,9
79,0,119.89834918324908,21.0,21.0,40.0,30.807503813548443,18.64224440194048,3.6273035798374194,6.196018325853443,0,0,0,0
79,1,98.13452770422457,22.21615007627097,21.97284488803881,48.900954678788,30.807503813548443,18.64224440194048,3.6273035798374194,3.6273035798374194,0,0,0,1
79,2,76.65488172466422,22.42524137605749,22.37227377563368,42.116423602724,25.969725933269896,19.67176808859674,2.6849557474450427,3.6273035798374194,1,0,0,2
79,3,55.38761760466422,22.825657398294755,22.884965336607628,35.92084725777173,23.3712909204894,25.542173829775805,2.658408015,2.6849557474450427,2,0,0,3
79,4,37.725668234509975,23.52182057841203,23.456691390169127,30.402719052668104,27.52195293232688,25.15511259487516,2.207743671269281,2.658408015,3,0,0,4
79,5,20.060802258509973,24.19152871425764,24.233795109782733,24.935994753899365,25.913130416003447,27.049512368614696,2.208108247,2.207743671269281,4,0,0,5
79,6,10.194413529877965,25.68472619935179,25.64696791245293,35.27611878541488,29.34952596024305,28.09560754817648,1.6443981214386678,2.208108247,4,0,0,6
79,7,0.0,26.83308488644858,26.82985388995092,44.08715369776745,24.83905904294019,24.11113491457406,1.6990689216463275,1.6443981214386678,4,0,0,7
79,8,0.0,24.77436557814659,24.755825178357224,53.520374647841074,26.69113399644885,25.71564905951573,1.1511987432540507,1.6990689216463275,4,0,0,8
79,9,0.0,22.822423492864864,22.75355768527861,64.17835189307618,31.46619053595176,27.744794159798808,0.9304819900810778,1.1511987432540507,4,0,0,9
80,0,226.54941957801285,21.0,21.0,40.0,26.668875993709456,19.651798152097108,6.424478732307885,3.1904456542051083,0,0,0,0
80,1,226.54941957801285,19.13337751987419,18.993035963041944,48.33772134624518,26.668875993709456,19.651798152097108,6.424478732307885,6.424478732307885,0,0,0,1
80,2,197.4679513406156,18.032737683325305,20.236255602814857,55.151539950461896,22.803377786691687,15.051170014512271,7.894977424338023,6.424478732307885,0,0,0,2
80,3,196.41377071987853,18.073344965945985,17.16511997083381,62.80494537954829,24.153630135147267,18.365288915332712,8.022512928951674,7.894977424338023,0,0,1,3
80,4,158.86660303401268,18.07016823191196,19.447421037978923,70.65197734606336,25.53597359375954,18.058648442435253,7.911882202260536,8.022512928951674,0,0,1,4
80,5,118.0532837513148,18.165067191374856,19.652761619707025,64.73723420721149,28.78718568591612,21.686463542684567,6.851188422,7.911882202260536,1,0,1,5
80,6,85.55879225489116,18.221717230709523,19.869630736605373,60.03196929206007,33.4548759001857,23.738096793417515,5.689366744309711,6.851188422,2,0,1,6
80,7,62.649079484142895,17.999295043917545,19.99955839950729,55.21063643417197,28.401463700136645,28.14668708937397,4.165200074661987,5.689366744309711,3,1,1,7
80,8,37.46592936580191,20.334252142001528,19.752904857304568,50.13564476656093,27.101174540470343,28.03776063946832,3.147893764792624,4.165200074661987,4,1,1,8
80,9,20.1165462374118,21.498743170084644,21.50328051589705,60.11657801564148,31.971485570696498,23.47814359086209,2.891563854731685,3.147893764792624,4,1,1,9
81,0,139.12142222136194,21.0,21.0,40.0,32.4798363971435,15.52353309201925,5.891490264543936,6.472981752872061,0,0,0,0
81,1,121.44695142773011,22.24959672794288,18.910470661840385,48.640606508049295,32.4798363971435,15.52353309201925,5.891490264543936,5.891490264543936,0,0,0,1
81,2,107.13700673094004,18.42129887669244,22.239513322222496,58.56006221066407,32.14212797589164,22.96595926085714,4.769981565596694,5.891490264543936,0,0,0,2
81,3,95.2499190662324,19.381333957613705,21.060322282987016,67.85108133448428,30.19706997924777,21.41970293086449,3.962362554902545,4.769981565596694,0,0,0,3
81,4,77.79431888264097,22.158396775776115,21.559412474091754,78.06525726480456,30.75490601936556,25.99051581574712,2.909266697265241,3.962362554902545,0,0,0,4
81,5,60.83734833823836,22.69618444676813,22.884683530673524,73.410122368225,28.51564156338798,28.95583123339225,2.119621318050327,2.909266697265241,1,0,0,5
81,6,41.20013778401176,23.715516050882872,23.65285827976175,68.72046072674918,28.79252992241598,28.487127624940552,2.454651319278325,2.119621318050327,2,0,0,6
81,7,14.130959334963102,24.514864427717736,24.321582654084377,63.79596061512203,33.289477314166845,22.685522065682303,3.3836473061310826,2.454651319278325,3,0,0,7
81,8,5.555277038382666,22.06423288321399,21.8329314874196,59.22652681860242,36.20594320677768,21.741646812557875,4.287841148290218,3.3836473061310826,4,0,0,8
81,9,5.555277038382666,20.335019606503,20.222165953541467,70.34285722649524,35.43479736997602,26.322593784984075,3.9744948078670768,4.287841148290218,4,0,0,9
82,0,301.5612766558976,21.0,21.0,40.0,32.118625764341864,20.045580003349063,7.573231765605503,3.035752208542616,0,0,0,0
82,1,301.5612766558976,19.24237251528684,19.00091160006698,49.38955703818437,32.118625764341864,20.045580003349063,7.573231765605503,7.573231765605503,0,0,0,1
82,2,295.90141406779713,18.206075726525764,17.49680764824657,60.27781829239496,35.79955243282704,24.69078786834289,10.115367987554286,7.573231765605503,0,0,1,2
82,3,264.8826726406893,16.571059619866936,19.55288717651687,70.86867589381804,35.1928705636875,23.64522722199628,10.33958047570259,10.115367987554286,0,1,1,3
82,4,184.3435357343867,19.721158767336338,18.66765463595201,65.6953357030796,31.270173857682444,23.32238063821515,10.067392113287829,10.33958047570259,1,1,1,4
82,5,112.11554008739478,20.26271151433638,20.52459604785821,61.06302342657061,30.15330021258947,27.44496491791611,9.028499455873993,10.067392113287829,2,1,1,5
82,6,50.10096882097138,21.68852747521662,21.479428180903582,57.3974330778762,34.74781961003898,28.221122897214283,7.751821408302924,9.028499455873993,3,1,1,6
82,7,4.861266054244576,22.65992596483928,22.59965003771353,54.30448451665313,36.15028577098298,30.0,5.654962845840851,7.751821408302924,4,0,0,7
82,8,4.861266054244576,21.224490784775213,21.03078536649256,66.33071248776061,38.70089371914127,28.111483898122447,4.398354821790655,5.654962845840851,4,0,0,8
82,9,4.861266054244576,19.554760352647413,19.53141723717473,77.5072657405156,33.08234978158966,29.00961273371587,3.079235623343481,4.398354821790655,4,0,0,9
83,0,213.73578523039373,21.0,21.0,40.0,30.29744152613354,20.98275176836561,4.247883074612051,2.888479401241957,0,0,0,0
83,1,200.9921360065576,22.205948830522672,19.019655035367315,49.23043479300985,30.29744152613354,20.98275176836561,4.247883074612051,4.247883074612051,0,0,0,1
83,2,172.1444949454634,21.2715682869636,22.2602903836288,57.45846328425728,22.03478574494472,23.67648365087439,4.807940176849033,4.247883074612051,0,0,0,2
83,3,155.34068099652518,20.25853869633057,22.89015221980653,67.85731806731748,30.67995391883464,27.09146154261088,5.601271316312742,4.807940176849033,0,0,0,3
83,4,155.34068099652518,20.507384976469496,19.71487398205279,78.68456050368275,30.15134686869589,30.0,5.779412730689313,5.601271316312742,0,0,0,4
83,5,126.31249306747154,18.14048533445909,21.36159827881002,74.6343236894495,30.83201769870422,30.0,5.805637585810726,5.779412730689313,1,0,0,5
83,6,110.3769048843841,18.55850332242527,18.092932995087125,71.12588228900569,34.9699377400764,28.87205447968017,6.0759748517792485,5.805637585810726,2,0,0,6
83,7,80.30692389323028,18.09961238044306,18.109177368830547,67.37392094189156,32.4891036271437,30.0,6.152671514563528,6.0759748517792485,3,0,0,7
83,8,46.45798964145119,18.27986726757248,18.115023941862464,64.87500710571001,39.45047868788029,30.0,6.009510818743253,6.152671514563528,4,0,0,8
83,9,32.438927555,17.973866126819516,18.05442197153912,75.50929124187101,31.18061580238675,27.89874050961884,6.157599233055826,6.009510818743253,4,1,0,9
84,0,231.29519997712623,21.0,21.0,40.0,33.42525817019494,23.205074348317183,4.847267611431168,5.258178004627418,0,0,0,0
84,1,216.7533971428328,22.2685051634039,19.064101486966344,50.19345985333218,33.42525817019494,23.205074348317183,4.847267611431168,4.847267611431168,0,0,0,1
84,2,203.37978004355,18.583345829850924,22.37288707601469,61.37413390774845,35.35192434812153,26.762931509746625,4.457872366427597,4.847267611431168,0,0,0,2
84,3,187.2310184317476,19.624653049164063,21.31989190350558,72.79824371388847,35.93110764562279,27.53616905515513,5.3829205372674505,4.457872366427597,0,0,0,3
84,4,174.31043979353885,18.775966320894742,18.1634644988626,69.53361520545565,35.196508286484296,30.0,6.460289319104372,5.3829205372674505,1,0,0,4
84,5,152.50884216614207,18.16715178469144,16.85732424050811,66.3447298929351,35.61730381933035,30.0,6.447826571648151,6.460289319104372,2,0,1,5
84,6,103.05182207690032,18.190306589530422,19.14331434576109,63.24114753318962,36.799908972835375,29.291300139689685,6.784443324934822,6.447826571648151,3,0,1,6
84,7,66.09466272633209,18.03581542058852,19.72648478490109,58.72196345998032,31.896683691736225,26.330071457100964,6.251109411909503,6.784443324934822,4,0,1,7
84,8,47.03999587153608,18.13740267410238,20.325592148161785,69.45842951087735,34.97441551480144,24.672618101293164,6.149495954965994,6.251109411909503,4,0,1,8
84,9,30.124940430608863,18.21097482247932,20.466735626970763,80.67625726521308,33.355191483200976,28.966073818664164,5.638351813642405,6.149495954965994,4,0,1,9
85,0,232.2693624374929,21.0,21.0,40.0,32.71446738656055,22.068956455189312,5.913198822623208,2.419124038747968,0,0,0,0
85,1,232.2693624374929,19.254289347731213,19.041379129103788,49.86101629151497,32.71446738656055,22.068956455189312,5.913198822623208,5.913198822623208,0,0,0,1
85,2,205.2198811490436,18.26211236000045,20.48965457433817,60.82484854131957,37.541562901541525,23.36861626403956,7.613413010358632,5.913198822623208,0,0,0,2
85,3,205.2198811490436,18.479910910852407,17.473839118713244,72.18797840889226,40.0094778280926,23.119021436200143,7.694488460032919,7.613413010358632,0,0,1,3
85,4,154.74149686524908,18.04137095590109,19.25066645483228,68.43264711345965,36.07722797232219,26.39315371971887,7.316933131509027,7.694488460032919,1,0,1,4
85,5,113.4168561970672,18.167195344163733,19.63736785993375,64.23566367480714,35.28474609260663,24.73201258154608,6.938339580497287,7.316933131509027,2,0,1,5
85,6,80.90279946143737,18.077336683459947,19.991527564478368,60.87932867213365,34.68702776292505,30.0,5.857315489111903,6.938339580497287,3,0,1,6
85,7,51.05005246098709,18.136355755439133,19.986565377731964,57.40624958301552,34.03844950489925,30.0,5.432944223,5.857315489111903,4,0,1,7
85,8,35.46453414016056,18.214020665692143,20.57048816489556,69.00247610999423,34.42348070543724,30.0,5.195172773608842,5.432944223,4,0,1,8
85,9,20.72222742586021,18.45360355781892,20.60685375057147,81.06076212737206,36.99047787432122,30.0,4.914102238100115,5.195172773608842,4,0,1,9
86,0,122.827760542982,21.0,21.0,40.0,28.11959436668013,18.532111711560244,3.1314226891323096,6.118588394934509,0,0,0,0
86,1,97.77637902992352,21.46239188733361,21.270642234231207,33.39730709408327,28.11959436668013,18.532111711560244,3.1314226891323096,3.1314226891323096,1,0,0,1
86,2,76.51025025025584,21.776237267452075,21.695493871606068,26.47400273055629,25.89197295128752,18.97855836245149,2.658266097458461,3.1314226891323096,2,0,0,2
86,3,55.54528821705252,22.28203101335409,22.206655826768607,20.01985383491425,26.228430423365204,21.24852015640127,2.620620254150414,2.658266097458461,3,0,0,3
86,4,34.634956803449754,22.92191484870409,22.888748645290075,13.888770106243186,26.030347516210725,23.24140954672781,2.613791426700345,2.620620254150414,4,0,0,4
86,5,28.06769172927078,21.484707225690745,24.4508732295713,24.8739281326241,31.608924279649404,29.419731422466786,2.1890883580596587,2.613791426700345,4,0,0,5
86,6,7.944241900504845,25.17774765743651,24.113388460226545,37.015951503969006,38.09057759932536,29.36510779703524,3.353908304794323,2.1890883580596587,4,0,0,6
86,7,7.944241900504845,23.04993668685539,23.18337023084236,49.48881944055327,39.29371075880148,30.0,4.050759426460276,3.353908304794323,4,0,0,7
86,8,7.944241900504845,21.626624299313644,21.477678179678424,61.26906394850543,35.44580282195648,30.0,3.955784491410399,4.050759426460276,4,0,0,8
86,9,7.944241900504845,19.85467442518995,19.91931739319564,71.7588320037647,28.63926629506424,29.63722290082053,3.374513679525193,3.955784491410399,4,0,0,9
87,0,119.839116838399,21.0,21.0,40.0,28.89998725413445,17.394499605093863,5.585876845274029,6.115968445105075,0,0,0,0
87,1,103.0814863025769,22.17799974508269,18.94788999210188,48.33300763466109,28.89998725413445,17.394499605093863,5.585876845274029,5.585876845274029,0,0,0,1
87,2,87.1050961428136,18.36951713021842,22.159341912060352,57.34172391359977,29.504415487248508,20.544008284633048,5.325463386587771,5.585876845274029,0,0,0,2
87,3,73.8767136097769,19.30762583557251,21.008110614194344,66.56828548866812,29.693532379162782,21.56514303788363,4.409460844345565,5.325463386587771,0,0,0,3
87,4,63.356128311474905,22.014012050023176,18.49226216447518,75.8985964064171,26.20764162611661,25.62741902804437,3.5068617661006662,4.409460844345565,0,0,0,4
87,5,45.66162709763438,18.03941448344449,21.75434626547663,69.47439936263187,24.865585366364343,22.777764390384416,3.338687963685441,3.5068617661006662,1,0,0,5
87,6,19.829679557755043,21.584225896957225,20.4201031792538,63.38389898226998,25.98968963189492,23.507530477205744,3.2289934424849176,3.338687963685441,2,0,0,6
87,7,7.500115016416105,18.8644247060583,22.08686204864397,57.94172248765642,29.719496555318408,23.37952291905067,2.4659129082677875,3.2289934424849176,3,0,0,7
87,8,0.0,18.96831575829957,20.89274977148994,53.91719777304888,33.20830094916067,27.766561747464124,1.500023003283221,2.4659129082677875,4,0,0,8
87,9,0.0,18.72734807892176,18.13883418919082,64.50689916439174,29.695429342520125,29.13624505382905,1.5245973850857035,1.500023003283221,4,0,0,9
88,0,230.24830773879447,21.0,21.0,40.0,33.9930016225108,23.28203541412352,6.497727972973101,5.696390751651309,0,0,0,0
88,1,210.7551238198752,22.279860032450216,19.06564070828248,50.309506666594174,33.9930016225108,23.28203541412352,6.497727972973101,6.497727972973101,0,0,0,1
88,2,190.4695490280028,18.4718482180794,22.39322438510217,60.56529586491822,29.56054408436665,27.41606257298917,6.761858263957461,6.497727972973101,0,0,0,2
88,3,190.4695490280028,19.414185730836024,18.23394525224428,70.06007839649496,26.470086633169405,26.27870520892363,6.897318008279126,6.761858263957461,0,0,0,3
88,4,166.98707691031666,18.171584497079564,17.075991903511163,65.96871925590798,32.37397077888328,28.22958955118908,6.974762906002781,6.897318008279126,1,0,1,4
88,5,131.52420432531667,15.885068769752436,19.08946092274596,61.46542587398393,32.26465901046929,26.05037775661933,7.092574517,6.974762906002781,2,1,1,5
88,6,81.9430387566475,19.408689357305303,18.416394817069044,56.79749293411609,29.474608636600063,27.925763919689707,6.197645696083647,7.092574517,3,1,1,6
88,7,40.3749912288016,20.10662161199197,20.2238590219478,52.619945057517015,34.57364081232357,25.551093206570474,5.196005940980736,6.197645696083647,4,1,1,7
88,8,17.519312795405703,21.88455220496167,21.813648767869456,63.558168908460296,31.2772604941457,29.490649788872524,3.809279738899316,5.196005940980736,4,1,1,8
88,9,2.5311963864118647,23.20594008593642,23.155857140812923,74.52760783889698,32.25451310193657,28.686814289378347,2.498019401498973,3.809279738899316,4,0,0,9
89,0,269.5809689682956,21.0,21.0,40.0,25.451274024758565,22.90210619952161,4.661039615902083,2.9972505039013466,0,0,0,0
89,1,255.5978501205893,22.109025480495173,19.05804212399044,48.70360844037043,25.451274024758565,22.90210619952161,4.661039615902083,4.661039615902083,0,0,0,1
89,2,217.3429245567804,21.419785732504167,22.21084881482388,58.29476353961411,29.74789561369203,23.5362993821062,6.375820927301481,4.661039615902083,0,0,0,2
89,3,217.3429245567804,20.31383279641919,19.854136727761865,68.06704119351122,32.70464430430528,21.585787106234186,7.201787180292011,6.375820927301481,0,0,0,3
89,4,217.3429245567804,18.71661095946596,18.72837190571946,78.0426420646887,30.863699278529857,24.556305561345123,7.598575859664281,7.201787180292011,0,0,0,4
89,5,192.04443465945715,18.145478299939843,16.9083288248454,73.57606767725679,32.661752224058645,25.85727895687513,8.167306144436386,7.598575859664281,1,0,1,5
89,6,134.885744445486,17.975935571673507,19.032595564808087,67.67397034146055,26.90340682049278,23.64049686952814,7.884798333766904,8.167306144436386,2,1,1,6
89,7,77.96961342504844,19.89054619795536,19.58164355657853,62.38588415713984,26.775154462798177,27.179922290975707,7.114516377554699,7.884798333766904,3,1,1,7
89,8,29.948089821710667,20.65770890400474,20.80152588405926,57.72556846836662,27.442690617926555,30.0,6.002690450417221,7.114516377554699,4,1,1,8
89,9,0.0,22.17645045701108,22.075935020526664,67.84592775251262,29.546367684329223,26.67785056092639,4.9913483036184445,6.002690450417221,4,0,0,9
90,0,163.27837046489338,21.0,21.0,40.0,28.98970170703149,22.45824879712918,4.602837564512955,5.999467881936184,0,0,0,0
90,1,135.66134507781567,22.17979403414063,22.049164975942585,49.26063109074892,28.98970170703149,22.45824879712918,4.602837564512955,4.602837564512955,0,0,0,1
90,2,123.89850996981568,20.23458462635289,23.15057007316129,58.84114717432724,29.69262644288172,23.53246291033116,3.920945036,4.602837564512955,0,0,0,2
90,3,113.83694726053317,20.45197000043427,22.4970113867352,68.63091836241225,29.19788334720543,25.18973436437796,3.353854236427508,3.920945036,0,0,0,3
90,4,91.03204876903216,23.30203128216108,22.68456581291444,78.95485121239454,28.776417583859995,28.57876491604169,3.8008164152501633,3.353854236427508,0,0,0,4
90,5,71.44609715410253,20.73181237913608,23.92929361148347,74.64467688823399,29.38792042133023,30.0,3.917190322985927,3.8008164152501633,1,0,0,5
90,6,63.84919215884614,20.9063207112024,19.76599659055301,71.14057408001429,36.46004152857455,27.406053981315985,3.7984524976281984,3.917190322985927,2,0,0,6
90,7,41.9230748193954,18.33619482423608,21.539609001084514,66.80834659405615,33.09977791155359,26.16562494423448,4.385223467890149,3.7984524976281984,3,0,0,7
90,8,27.50127339414564,18.453544797725428,18.10210044369239,62.12894122555427,31.810792574570463,25.525844267085763,5.272515943030613,4.385223467890149,4,0,0,8
90,9,13.202640364915986,18.131114342595204,18.15221251798738,73.26895351390657,33.332479299534256,28.55647785797851,6.134442882265449,5.272515943030613,4,0,0,9
91,0,128.43470518102274,21.0,21.0,40.0,34.971743829866924,22.02957570915735,4.008022018649581,5.627254834601294,0,0,0,0
91,1,104.38657306912523,22.29943487659734,22.04059151418315,50.260237517024365,34.971743829866924,22.02957570915735,4.008022018649581,4.008022018649581,0,0,0,1
91,2,86.79069414865458,23.253223338509816,23.26248142660025,60.11605840731774,29.087153266660543,25.66740723496929,2.932646486745111,4.008022018649581,0,0,0,2
91,3,80.42033936514477,21.53916613715109,24.33327549859587,70.8595163012736,34.920768897524106,24.765108291119624,2.123451594503272,2.932646486745111,0,0,0,3
91,4,66.12638672780247,24.12828677694916,23.108427635320155,66.35447699252228,33.693326916690914,24.61201025691284,1.7867440796677885,2.123451594503272,1,0,0,4
91,5,47.9975406926589,24.22964873953833,24.413040543922992,60.75260203466807,29.170051347450265,23.04175444224856,2.266105754392947,1.7867440796677885,2,0,0,5
91,6,24.518090179040183,25.053101067298712,24.955994746835923,55.02868116584307,26.81910595417078,24.714666996801395,2.9349313142023394,2.266105754392947,3,0,0,6
91,7,7.161754443438425,22.56568667353761,25.63426329347609,49.985863004851055,26.6727203466978,28.6449565366799,3.471267147120351,2.9349313142023394,4,0,0,7
91,8,7.161754443438425,22.93877423345301,21.922396090477875,61.64810941779337,34.790257849679534,30.0,3.749236389605119,3.471267147120351,4,0,0,8
91,9,7.161754443438425,20.69512474636435,20.845924843369893,73.81076787118609,37.637996017710336,29.932328723360296,3.9668120745158246,3.749236389605119,4,0,0,9
92,0,200.5008750724192,21.0,21.0,40.0,27.065947488318407,17.376935257325343,6.102571632378794,2.12326619575354,0,0,0,0
92,1,200.5008750724192,19.14131894976637,18.94753870514651,47.999718894215874,27.065947488318407,17.376935257325343,6.102571632378794,6.102571632378794,0,0,0,1
92,2,169.55378801198916,18.12722336657232,20.25696563749644,56.284248755851024,29.49427817771545,16.530887720257606,8.434462045118662,6.102571632378794,0,0,0,2
92,3,169.54897536855526,18.06034162239918,17.279427098247623,65.09403998909401,28.00786036073844,20.935424268389266,8.861088397779568,8.434462045118662,0,0,1,3
92,4,144.5947977412883,16.511409554647482,19.58689719021122,75.05798228595853,31.6472855333335,23.70794944924712,8.318059209088986,8.861088397779568,0,1,1,4
92,5,92.72670980929948,19.782383048078067,18.863183191101623,69.70310203559552,26.705838462230226,26.878160146864204,6.483510991498598,8.318059209088986,1,1,1,5
92,6,54.75418176431273,20.50699180809785,20.563737645158245,64.51058057754489,32.71834895067292,21.76764294904577,4.746566005623345,6.483510991498598,2,1,1,6
92,7,24.51759485277389,21.598470413347457,21.426877306658103,58.29710971659578,28.2712592755334,20.542791496971606,3.779573363942356,4.746566005623345,3,1,1,7
92,8,0.0,22.339414245769337,22.176199793177734,52.363627765449664,30.552081972887542,19.81746274296733,3.064699356596736,3.779573363942356,4,0,0,8
92,9,0.0,20.473816034621127,20.383544595802302,61.17209149341395,27.948849164808426,20.987060434993165,3.005376219331403,3.064699356596736,4,0,0,9
93,0,48.31982030260731,21.0,21.0,40.0,28.27672314685522,22.63261691160744,3.143835890702841,7.072668928105348,0,0,0,0
93,1,23.16913317698458,21.465534462937107,21.35265233823215,34.16368121052328,28.27672314685522,22.63261691160744,3.143835890702841,3.143835890702841,1,0,0,1
93,2,19.63754279641064,21.800605444275668,21.766745841137308,27.4112214593938,24.6029400383865,21.2167280108942,0.4414487975717424,3.143835890702841,2,0,0,2
93,3,19.63754279641064,22.29963221270865,22.23152102849438,20.564746988000707,24.6054086528025,20.69195539501366,0.0,0.4414487975717424,3,0,0,3
93,4,14.835287930636422,22.86737526481186,22.959849635723344,14.238738069448251,22.293394279507464,25.89544506186779,0.6002818582217777,0.0,4,0,0,4
93,5,0.0,24.46825539188111,24.37177236738503,24.22977443888368,29.47139663455322,26.034360973421364,2.472547988439404,0.6002818582217777,4,0,0,5
93,6,0.0,22.87143665159284,22.766366849561425,33.96578109921623,30.394830679874104,23.694095210862294,3.789644079673992,2.472547988439404,4,0,0,6
93,7,0.0,21.458929790226687,21.28325171114008,44.6105144825429,34.74867933497493,24.388728350173245,4.306063195587853,3.789644079673992,4,0,0,7
93,8,0.0,19.9581507193776,19.8326878159794,54.84769937006037,32.890782865653094,23.98246650944396,4.552591167102747,4.306063195587853,4,0,0,8
93,9,0.0,18.46274844236471,18.37575378074469,65.75711901127801,33.41978176381356,27.18810513184,4.489877429685743,4.552591167102747,4,0,0,9
94,0,344.3816574113345,21.0,21.0,40.0,29.554693354139125,18.02535461582833,7.406259817,4.270221716340168,0,0,0,0
94,1,344.3816574113345,19.191093867082785,18.96050709231657,48.56440863459415,29.554693354139125,18.02535461582833,7.406259817,7.406259817,0,0,0,1
94,2,338.907003781583,18.10202018625869,17.378574068400614,57.73064214428688,29.99998355987032,20.923535938422617,8.958786726692955,7.406259817,0,0,1,2
94,3,311.37623036495006,16.343869574038667,19.46412420756928,67.27846448564271,28.9412087716588,24.102248680318056,9.176924472210986,8.958786726692955,0,1,1,3
94,4,251.88621689529003,20.301676661230506,19.21211626961313,77.18915946258642,31.36680830824302,23.692608230333143,9.91500224494334,9.176924472210986,0,1,1,4
94,5,169.2343428921684,20.63064082357116,20.962611287547443,70.69801395319566,23.508148256082208,23.76326558063576,10.331484250390202,9.91500224494334,1,1,1,5
94,6,90.09718477378652,21.88686124248856,21.715747726964626,64.41615257821366,26.005111144437336,22.42899232788485,9.892144764797736,10.331484250390202,2,1,1,6
94,7,15.766846730800538,22.69877795993024,22.665378541785056,58.74373667145582,28.028292634620712,23.7916189945024,9.291292255373246,9.892144764797736,3,0,0,7
94,8,0.0,20.34993749020346,20.258850683050422,52.70447079722216,27.41859394204349,22.36326231221393,7.883423365400269,9.291292255373246,4,0,0,8
94,9,0.0,18.774701855572555,18.64350472511112,62.20583758964352,30.355764849687365,22.42960621932021,6.452270354918949,7.883423365400269,4,0,0,9
95,0,164.98721154774717,21.0,21.0,40.0,32.571571039308665,22.40559973019679,5.367180878111128,7.515389393,0,0,0,0
95,1,132.7841262790804,22.251431420786176,22.048111994603936,49.895890738510985,32.571571039308665,22.40559973019679,5.367180878111128,5.367180878111128,0,0,0,1
95,2,123.17007836612824,20.292785850955585,23.145087272718783,59.37913895654508,31.559716313492576,21.124996008919044,3.204682637650718,5.367180878111128,0,0,0,2
95,3,104.05523885012823,23.41688167096822,22.514551415359023,68.58395620135263,26.734932518137946,24.40294106412629,3.185806586,3.204682637650718,0,0,0,3
95,4,92.72522486961356,24.157928102344307,21.37999566069984,77.71197029987451,26.571382676297155,24.13980675993552,3.776671326838233,3.185806586,0,0,0,4
95,5,71.18326850961355,20.18594521693324,23.886850908290675,71.7412611766075,28.3932145748782,21.76951251808285,4.308391272,3.776671326838233,1,0,0,5
95,6,62.81292437231599,20.58204074682936,19.29566728476451,65.85098484663857,29.70733183874901,20.90224410586804,4.185172068648779,4.308391272,2,0,0,6
95,7,53.62680504766449,18.184809183460565,18.07657508231221,59.8660236374394,30.28628131414441,19.79726752363799,4.021299507924048,4.185172068648779,3,0,0,7
95,8,29.80164305925147,18.109701495693656,18.028533525441773,53.998512197417085,31.99471994760506,18.741327607826527,4.1777582127254895,4.021299507924048,4,0,0,8
95,9,16.88315120962021,18.046685940620947,17.981554259284852,62.37198129146621,29.710029860088312,16.80924288462907,4.682558248197385,4.1777582127254895,4,0,1,9
96,0,159.95013154705632,21.0,21.0,40.0,30.951060259904587,16.20258696163729,4.098079703346385,3.1145352940634696,0,0,0,0
96,1,147.65589243701717,22.219021205198093,18.92405173923275,48.48765649987754,30.951060259904587,16.20258696163729,4.098079703346385,4.098079703346385,0,0,0,1
96,2,120.60386064693874,21.43141572971038,22.1176877340914,57.53938859382839,32.69917114618926,17.58822937575991,4.508671965013072,4.098079703346385,0,0,0,2
96,3,109.44459126611986,20.197569341621872,22.843787996189604,66.832558346962,29.51185402832009,22.116866822422164,3.719756460272961,4.508671965013072,0,0,0,3
96,4,85.5087923500215,23.379289045004544,22.48447506126841,75.30274909752096,26.05201732458676,21.00459795629633,3.989299819349728,3.719756460272961,0,0,0,4
96,5,61.79569957501886,20.63753249535568,23.811084785482205,70.07512359462623,29.51778233903909,24.77318708932355,4.742618555000527,3.989299819349728,1,0,0,5
96,6,50.426541705388416,20.71389103661033,19.621356894910264,65.25855500352473,31.799020835715226,24.775598102609774,5.684578934815219,4.742618555000527,2,0,0,6
96,7,38.747431291704665,18.21345412583808,18.33924231507609,60.74862295681078,34.18837897981699,24.08977631621657,5.839555206841875,5.684578934815219,3,0,0,7
96,8,11.13810953592444,18.079432533838144,18.031873150236294,55.56971756221535,31.67229611085739,22.889340585834667,5.172962555863445,5.839555206841875,4,0,0,8
96,9,0.0,18.040064229833355,18.189787424731225,65.44003932371817,28.469086418503974,26.36603447873395,3.9519484502017344,5.172962555863445,4,0,0,9
97,0,79.58716649043413,21.0,21.0,40.0,25.74624457539805,23.99470783301664,2.946959183963936,4.984230543366618,0,0,0,0
97,1,61.90541138665051,22.11492489150796,22.07989415666033,48.95337143351465,25.74624457539805,23.99470783301664,2.946959183963936,2.946959183963936,0,0,0,1
97,2,47.74347983431491,22.484659976972736,22.42221194902335,43.10587624694095,27.24755569183167,23.5996932716478,1.7702414440419505,2.946959183963936,1,0,0,2
97,3,39.43304242596132,22.931782008135578,22.927961586329708,37.36659776618497,26.28809719711157,25.1603556875774,1.0388046760441996,1.7702414440419505,2,0,0,3
97,4,29.12688139687623,23.651528220586687,23.536053686442408,32.52222004465327,31.125578401785297,25.294545367483057,1.2882701286356366,1.0388046760441996,3,0,0,4
97,5,19.21043677873784,24.47780094468428,24.3203038796718,28.71705824729755,35.900258416517154,26.29328715372887,1.239555577267299,1.2882701286356366,4,0,0,5
97,6,11.275584744737838,25.79937442815079,25.82745577964325,38.69388104015976,28.19259084712164,27.2342024465573,1.322475339,1.239555577267299,4,0,0,6
97,7,4.952932162322046,27.03775285110361,27.07056648909594,49.1227386491992,27.938097827996906,30.0,1.053775430402632,1.322475339,4,0,0,7
97,8,4.952932162322046,25.04430109278332,25.0244268685594,59.79521187604266,29.896512284109445,29.39500564279867,1.6009499941790766,1.053775430402632,4,0,0,8
97,9,4.952932162322046,23.06230708640596,23.041203617925326,70.83880349777291,31.353286787390346,30.0,1.8567033471551009,1.6009499941790766,4,0,0,9
98,0,234.55802488636863,21.0,21.0,40.0,32.36557186423817,17.598937635510342,5.544229310768006,5.539910512101999,0,0,0,0
98,1,217.92533695406465,22.247311437284765,18.951978752710207,48.993611709954735,32.36557186423817,17.598937635510342,5.544229310768006,5.544229310768006,0,0,0,1
98,2,201.60526395885609,18.52778697959477,22.24170983923364,59.57352431007583,36.255569754784936,22.52172246811,5.4400243317361925,5.544229310768006,0,0,0,2
98,3,183.30866638479995,19.534737453559057,21.234519089674684,70.93260073629412,36.20402772264635,26.90195242301085,6.098865858018704,5.4400243317361925,0,0,0,3
98,4,169.3498731061784,18.74102979972617,18.04653058849674,67.72097446048238,37.35960057705839,28.131364557320808,6.979396639310782,6.098865858018704,1,0,0,4
98,5,147.7107407471894,18.028599507263507,16.704767432211533,63.203932268267565,33.06439061197947,25.174263875715987,6.412774146430532,6.979396639310782,2,0,1,5
98,6,107.93225315880468,18.075937196923864,18.933235308375377,58.2747914514199,30.71694896648893,25.2322687176907,5.3536530570623695,6.412774146430532,3,0,1,6
98,7,75.55321899623532,18.11563932081323,19.58454780987237,53.61926114689234,31.65378604131045,25.8154900446476,5.258781572135456,5.3536530570623695,4,0,1,7
98,8,56.433588273233525,18.196629933816244,20.30880225807501,64.20215953080431,35.2264186949781,23.56746121564393,5.948902806159799,5.258781572135456,4,0,1,8
98,9,35.87828871128366,18.238016835375205,20.45526563479679,75.21639277765783,34.322579934890555,26.86760476985126,6.851766520649955,5.948902806159799,4,0,1,9
99,0,182.35733875273525,21.0,21.0,40.0,30.8160831342532,21.123359991682484,5.025377196,4.810805480371773,0,0,0,0
99,1,167.28120716473524,22.216321662685065,19.022467199833653,49.34909976266842,30.8160831342532,21.123359991682484,5.025377196,5.025377196,0,0,0,1
99,2,153.16595720465705,18.44675576815044,22.26386766168125,59.07921261437672,30.55420238786085,23.50198012162969,4.705083320026059,5.025377196,0,0,0,2
99,3,141.66618855115073,19.471335153075746,21.178972439366188,69.84462293434213,33.584646196717216,26.223188914201728,3.833256217835444,4.705083320026059,0,0,0,3
99,4,120.38356999690674,22.258374072691133,21.69468182771842,80.48594276962378,30.84424824181074,28.27419528753179,3.547103092373995,3.833256217835444,0,0,0,4
99,5,100.53190983974233,19.87427583779211,22.965447374543228,76.25500711769973,31.86247105206172,27.96566421502689,3.9703320314328834,3.547103092373995,1,0,0,5
99,6,91.45402789169609,19.96774267616233,18.940368102135565,71.62624610246453,31.30957500493805,26.30841935486638,4.5389409740231255,3.9703320314328834,2,0,0,6
99,7,73.99442596342723,18.034649374252616,18.182358016023706,67.09177913016971,28.798766516115133,29.343083637802536,5.915580434433794,4.5389409740231255,3,0,0,7
99,8,32.81418411137803,18.17860962791832,18.0872092992791,63.1555103992332,33.209022408591885,28.25615130842749,7.281065810187256,5.915580434433794,4,0,0,8
99,9,14.07404252697573,18.13215883871837,18.013402135550514,73.19539190827632,32.13915431045234,23.637965184231728,7.274358210990655,7.281065810187256,4,0,0,9
0,0,149.41095811823442,21.0,21.0,40.0,32.969097664154,15.4710408718597,4.311188506349689,5.831303587171684,0,0,0,0
0,1,123.5438270801363,22.25938195328308,21.909420817437194,48.71922493648246,32.969097664154,15.4710408718597,4.311188506349689,4.311188506349689,0,0,0,1
0,2,123.5438270801363,20.26274080967607,20.0740902136686,58.35209347337499,34.098941577065816,19.416994739003783,3.524664059340214,4.311188506349689,0,0,0,2
0,3,114.46217319525584,18.702911408778352,21.50237404525661,68.14002304022256,33.61700679934285,20.76037968314361,3.027217961626824,3.524664059340214,0,0,0,3
0,4,95.9668147892084,22.31390597664489,21.26171425928213,78.98910121625781,35.44515142724666,24.827505106282526,3.082559734341235,3.027217961626824,0,0,0,4
0,5,79.4249755232029,19.643969071430877,22.90956296208406,75.23967383725861,32.503181227782214,30.0,3.3083678532011027,3.082559734341235,1,0,0,5
0,6,58.46346979967477,22.8438247643662,18.85393266876653,71.03588126398216,30.24481328432489,29.73411686413934,4.192301144705626,3.3083678532011027,2,0,0,6
0,7,47.52263375294014,18.200055438742265,19.4987509443428,65.80461173374793,24.59216549300006,29.67855933903202,5.470418023367315,4.192301144705626,3,0,0,7
0,8,19.939630971045126,18.0730926937582,18.020810763431992,60.00838268395103,25.69321559175705,25.438845242704595,6.3308398830607695,5.470418023367315,4,0,0,8
0,9,0.0,18.13722168637044,18.03271478819872,69.38258938756617,29.55543501630084,22.523491114894377,7.047661207485221,6.3308398830607695,4,0,0,9
1,0,206.01753124068767,21.0,21.0,40.0,25.7342414983848,16.144992366405123,7.3321530013852945,5.157535487108307,0,0,0,0
1,1,206.01753124068767,19.114684829967697,18.922899847328104,47.53826209566218,25.7342414983848,16.144992366405123,7.3321530013852945,7.3321530013852945,0,0,0,1
1,2,192.66765777008428,17.992989484977198,18.14944702093065,55.19141872958136,22.84453563940076,19.67300121570576,8.648140847410337,7.3321530013852945,0,1,0,2
1,3,156.9412105863093,19.76689458354184,18.10755473171791,64.19587133470586,28.60173119013869,21.42300550499739,7.884593167844987,8.648140847410337,0,1,0,3
1,4,137.0536325847825,20.3743089294809,18.11775129669909,72.81074753653974,24.350130853755847,23.51029248976572,6.095926729207571,7.884593167844987,0,1,0,4
1,5,110.58043098580004,20.2151851094126,18.025683875022445,67.9927544775367,34.47682771181968,22.089877515941293,4.919507707126695,6.095926729207571,1,1,0,5
1,6,85.43896465919902,20.12422306255773,18.041306218358557,62.68286142636451,32.21286023602414,21.62106725746368,4.594508577541502,4.919507707126695,2,1,0,6
1,7,61.040713462841694,20.14516842118784,18.062691221112047,58.28654075079517,37.02063365464495,21.88869592552539,4.360500787747049,4.594508577541502,3,1,0,7
1,8,40.84237776221176,19.989172169292715,17.974196116143492,53.52519174854169,35.76509059783254,21.11630383409252,3.572867359133523,4.360500787747049,4,1,1,8
1,9,21.033945455942845,20.49550613459317,20.772846953329275,65.10577819743516,40.34709562158727,23.989495761154217,3.301405384378153,3.572867359133523,4,1,1,9
2,0,238.23942778961936,21.0,21.0,40.0,27.721293233033787,22.818338600598924,7.647974385457378,7.199748919103557,0,0,0,0
2,1,238.23942778961936,19.15442586466068,19.05636677201198,49.09713373005388,27.721293233033787,22.818338600598924,7.647974385457378,7.647974385457378,0,0,0,1
2,2,228.3334775435279,18.06658387523924,18.117083457079765,58.49182733229344,26.389921148875032,25.80282108578918,8.017705861,7.647974385457378,0,0,0,2
2,3,206.00096394690425,18.055081109271907,18.04545941553974,67.68950366257089,27.307563536933053,23.79063829794164,8.275328396050925,8.017705861,0,0,0,3
2,4,186.1087549628212,18.094165250638365,18.0370803579674,77.22536708732025,29.69078795928531,23.28623106710005,8.302920910912846,8.275328396050925,0,0,0,4
2,5,156.8469308701221,16.35195084774211,18.06587537259994,71.14749467672955,27.937397972884,21.629977523834345,7.654257442106276,8.302920910912846,1,1,0,5
2,6,108.8918487277783,18.96711573089376,18.072922052968128,65.94872968949066,31.100262650557788,23.35104297589282,6.167881551658359,7.654257442106276,2,1,0,6
2,7,69.88240229961221,19.577245189248814,18.04054710769458,59.46180637519686,25.032606994366216,22.26226348177931,6.241061387746969,6.167881551658359,3,1,0,7
2,8,40.500496908685456,19.619525425050163,18.07725843394446,53.25517891327986,26.46592526731451,22.386144388702185,4.8338865423944295,6.241061387746969,4,1,0,8
2,9,25.735193522238717,20.158126047480973,17.98146941095526,61.3280115242492,25.930922895586534,18.918147165354213,4.217550966233871,4.8338865423944295,4,1,1,9
3,0,167.2736486961983,21.0,21.0,40.0,32.26903443186937,16.978933102062314,3.304801234021085,4.054780927602364,0,0,0,0
3,1,147.4448412920718,22.24538068863739,21.93957866204125,48.864634156107705,32.26903443186937,16.978933102062314,3.304801234021085,3.304801234021085,0,0,0,1
3,2,137.29854332583864,20.2616743986562,23.12051261018208,58.77483826478002,33.350904657636065,21.70578483498792,3.382099322077719,3.304801234021085,0,0,0,2
3,3,126.9371202345278,20.47056343616002,22.507879102995727,68.85379811521634,30.62293243831953,25.37128895299335,3.4538076971036067,3.382099322077719,0,0,0,3
3,4,114.59012264886904,20.41504103108651,22.658672917762534,79.72314731807145,33.82197200642916,26.56330134276599,4.115665861886264,3.4538076971036067,0,0,0,4
3,5,105.87363882779164,19.97772566508969,19.189331592293158,76.56088787921502,35.765225339686424,30.0,4.358241910538685,4.115665861886264,1,0,0,5
3,6,92.95940103215148,18.09802374360176,18.07830499125121,72.35971944071693,32.03362218255116,27.959886492459493,5.112308244964565,4.358241910538685,2,0,0,6
3,7,64.99851758326943,18.096776813610195,17.986309169773552,67.61181945749844,31.57855164606743,25.377559558274285,5.275780035,5.112308244964565,3,0,1,7
3,8,34.899712085864394,18.180566996361023,19.17774043658521,63.775981048419766,35.46929499083572,26.55382495872718,4.389079756,5.275780035,4,0,1,8
3,9,20.219732685807728,18.038183708605832,20.121481544382146,74.49606348015257,31.929797814504514,27.62621569512222,4.156893335917718,4.389079756,4,0,1,9
4,0,184.7355381606831,21.0,21.0,40.0,31.365327650566044,22.007154082152155,6.769341992482144,5.273271777648426,0,0,0,0
4,1,184.7355381606831,19.22730655301132,19.040143081643045,49.60704671188928,31.365327650566044,22.007154082152155,6.769341992482144,6.769341992482144,0,0,0,1
4,2,176.35654348643516,18.12801137386985,18.105756841519984,59.675716691222405,31.633591567781178,24.30346387295844,7.224936543967067,6.769341992482144,0,0,0,2
4,3,158.3372887350513,18.16857848195077,18.18916107237672,71.42871682747575,36.35146392844239,28.94298127296512,6.859592786501511,7.224936543967067,0,0,0,3
4,4,121.79869552006711,18.306893080417616,18.1208263192144,68.99888856706754,41.51534535158693,28.31894209058969,6.614926951011565,6.859592786501511,1,0,0,4
4,5,93.02093489332884,18.05747069641852,18.147991019311142,65.75638970120758,35.319450745222504,30.0,5.722686684749252,6.614926951011565,2,0,0,5
4,6,67.15705720883578,18.1674797131692,17.946908080660357,61.67321923477422,37.37420676699273,23.27484619726643,5.055002876401586,5.722686684749252,3,0,1,6
4,7,39.737492680957416,18.24009903320836,19.32274672306705,58.21242852263234,39.33264963313126,24.77406863274712,4.097149072681395,5.055002876401586,4,0,1,7
4,8,30.10145407371176,18.20925503715893,20.4114072833452,70.30512040724344,38.29068417179338,28.890937409379404,2.9332928388326955,4.097149072681395,4,0,1,8
4,9,11.457497301758766,18.120671794026592,19.829474939105417,66.76434399424842,35.002111755189766,28.660241505949053,3.3875229582215765,2.9332928388326955,5,0,1,9
5,0,74.65928895817636,21.0,21.0,40.0,32.81367886473842,16.657447977782923,6.053035409,7.581990489683603,0,0,0,0
5,1,56.50018273117636,22.25627357729477,18.93314895955566,48.90480283165384,32.81367886473842,16.657447977782923,6.053035409,6.053035409,0,0,0,1
5,2,56.50018273117636,18.42619071518288,19.1902893842528,58.18749294771116,31.606218228676816,19.96428241608611,4.233234238138066,6.053035409,0,0,0,2
5,3,47.87410882868427,18.124419116389973,20.138614845162888,68.04928940948483,33.86182316647451,20.925934954490288,2.4661025689868654,4.233234238138066,0,0,0,3
5,4,43.08299964668427,21.31881457124951,20.47089987169912,78.55745253781963,35.28074154611529,23.09794250018918,0.798518197,2.4661025689868654,0,0,0,4
5,5,37.83679371955278,21.89913427711707,21.923681068967927,73.69741189507597,33.91224422051305,22.42086331979994,0.6557757408914365,0.798518197,1,0,0,5
5,6,28.46259290650687,22.92496045197773,22.835282514280195,68.7747942881088,30.050576373092493,25.934881365978743,1.1717751016307385,0.6557757408914365,2,0,0,6
5,7,13.567127286331472,23.664369506277826,23.68147786551912,63.46076083796737,27.15033819019525,26.66058708679685,1.8619332025219248,1.1717751016307385,3,0,0,7
5,8,8.70790114,21.31709927782236,21.191203458446115,58.46542998320365,30.80983041575277,24.771664835559893,2.429613073165737,1.8619332025219248,4,0,0,8
5,9,8.70790114,19.81210417562906,19.571621580603846,70.27040139514993,39.74787077635845,25.83530373445421,3.3176841873575342,2.429613073165737,4,0,0,9
6,0,291.2498188474236,21.0,21.0,40.0,29.01257819165574,17.67497995388691,7.267481148619879,2.270557707986028,0,0,0,0
6,1,291.2498188474236,19.18025156383312,18.95349959907774,48.40376046619768,29.01257819165574,17.67497995388691,7.267481148619879,7.267481148619879,0,0,0,1
6,2,275.8593946797094,18.0989149582176,18.170308121399653,57.73349632378941,27.85689903172367,23.974966843785936,11.011881008803204,7.267481148619879,0,0,0,2
6,3,259.12573786068776,16.862810682839527,18.12989225647328,68.00556498806338,31.18282104234684,25.88422709250853,12.0,11.011881008803204,0,1,0,3
6,4,226.3415976156017,19.589226425942908,16.149154052491028,77.54140371591035,27.98713844472981,24.989743376642245,10.928046748362023,12.0,0,1,1,4
6,5,151.75241986386592,18.764514655918337,19.628281989713702,72.8269998816591,32.77745991641811,24.364741004408312,9.323647218966974,10.928046748362023,1,1,1,5
6,6,91.32569411158688,20.647910324651303,20.25420589823458,68.16439305801254,32.079336702378924,25.35062538847351,7.553340719034881,9.323647218966974,2,1,1,6
6,7,42.267115136316114,21.501842391746568,21.509811702445056,63.19344673073677,30.61203285489704,25.1049319935709,6.132322371908845,7.553340719034881,3,1,1,7
6,8,0.0,22.3582093947464,22.27705695187981,58.447753917795765,30.45322787214557,26.515145389293345,5.283389392039514,6.132322371908845,4,0,0,8
6,9,0.0,20.58999448499133,20.559553089879117,68.91671645358218,30.45012968760041,27.7107732889908,4.362409173376318,5.283389392039514,4,0,0,9
7,0,250.4336426412516,21.0,21.0,40.0,30.779173783334635,20.680614680722343,7.090128116,2.9956330997377263,0,0,0,0
7,1,250.4336426412516,19.21558347566669,19.013612293614447,49.262761923530256,30.779173783334635,20.680614680722343,7.090128116,7.090128116,0,0,0,1
7,2,239.56140443061932,18.101355014969947,17.985681131266414,58.11454585737656,31.01902742537257,18.15754998488469,9.193204237929365,7.090128116,0,0,1,2
7,3,210.63623192971613,16.812385335333385,19.613978684883143,68.31552102443551,34.16376251975196,22.508321741686643,9.64172416696774,9.193204237929365,0,1,1,3
7,4,160.50522106288278,20.668015844472844,19.582474651086734,79.84769515109312,38.16039673152284,25.90723730546388,8.355168477805561,9.64172416696774,0,1,1,4
7,5,99.73353441007612,21.22634468667784,21.31552937701695,75.92689694068889,36.68750221857296,24.863618834736847,7.596460831600832,8.355168477805561,1,1,1,5
7,6,47.33527201243184,22.472176897436302,22.28662778759057,72.36695919000292,35.74779326113881,27.808108123939096,6.549782799705535,7.596460831600832,2,0,0,6
7,7,36.18135722426068,20.379885789871643,20.293166702024795,69.10942189872846,36.17754748869626,29.05835644866782,5.576957394085579,6.549782799705535,3,0,0,7
7,8,23.85977804780404,18.464947416748284,18.28890503652501,66.3736770242022,39.11882801297138,29.015922684104915,6.160789588228319,5.576957394085579,4,0,0,8
7,9,11.973093098,18.06597019542832,18.10817847920383,78.14026879928726,35.36995430602813,30.0,6.022561510933938,6.160789588228319,4,0,0,9
8,0,133.66147430676114,21.0,21.0,40.0,32.21736375634937,19.458250283585784,6.485857822549366,7.7394799538568435,0,0,0,0
8,1,114.20390083911305,22.244347275126987,18.989165005671715,49.30161052718833,32.21736375634937,19.458250283585784,6.485857822549366,6.485857822549366,0,0,0,1
8,2,114.20390083911305,18.453621436142495,19.288215197723108,59.355382527134005,31.47616742569292,24.378121462894168,5.47268384,6.485857822549366,0,0,0,2
8,3,108.03800592113625,18.204441658856787,18.125298071906425,70.71475542908586,34.780299379992755,28.32732785307307,4.797076067101612,5.47268384,0,0,0,3
8,4,85.13225927492122,18.125874653311676,17.966226309430812,65.57108477163821,32.368354523625115,22.38903071277685,4.153521599292188,4.797076067101612,1,0,1,4
8,5,56.57048254402086,18.200411991253432,19.39982548388053,62.40379378499277,36.150887258824426,29.586385037589807,4.252041794701322,4.153521599292188,2,0,1,5
8,6,36.094117291626205,18.121911388541875,19.91190591216612,59.09212757334362,36.34963410056533,28.58555361249489,3.595561977175403,4.252041794701322,3,0,1,6
8,7,21.76082621965648,18.071306982544854,19.820910097149337,53.33264010251982,29.761861114551024,21.574319603094565,2.582738914567651,3.595561977175403,4,0,1,7
8,8,16.244058383470588,18.014990617767275,20.30452294022601,61.74189326661956,25.580041971796938,21.138031162090503,1.7814721961087492,2.582738914567651,4,0,1,8
8,9,11.06093591087992,18.175284407914763,20.33605464942643,71.88567914887919,29.933941262016344,26.420424750537165,1.6816855144504357,1.7814721961087492,4,0,1,9
9,0,155.68854288419234,21.0,21.0,40.0,33.24437219818739,19.98399187856279,6.830282956640339,5.773273185929288,0,0,0,0
9,1,155.68854288419234,19.26488744396375,18.999679837571257,49.58110553381504,33.24437219818739,19.98399187856279,6.830282956640339,6.830282956640339,0,0,0,1
9,2,147.83001104488935,18.05856105256932,18.020275092994265,58.08753008683389,27.85407359904675,19.40384058439131,6.654260394555777,6.830282956640339,0,0,0,2
9,3,128.26548510766995,18.048492984179088,18.152839698011327,66.99291484850224,25.01012455105857,24.46423523598781,6.685748167751662,6.654260394555777,0,0,0,3
9,4,111.75567235042116,18.172875400784203,18.122177577448596,77.57581240610489,33.056264888307936,25.737610431706766,7.017789822289494,6.685748167751662,0,0,0,4
9,5,76.07651201896545,18.041473741757432,18.156590496326675,73.91102780332514,33.02704542917933,29.946373444266555,6.8777274829861215,7.017789822289494,1,0,0,5
9,6,48.27187302346843,18.151465503002733,18.089519670505048,70.67140232414258,35.33541400454128,30.0,5.392656343724765,6.8777274829861215,2,0,0,6
9,7,29.10013272583148,18.1492734019326,18.041930952704814,67.43934224071302,38.349224682063095,27.028219298883776,3.700137685,5.392656343724765,3,0,0,7
9,8,13.413961488094609,18.22061941846794,18.133192051938668,64.89148518041836,40.11917920538199,29.059392681869905,2.7947410180477528,3.700137685,4,0,0,8
9,9,7.0988670354592776,18.190690997850293,18.1213211425296,78.01248977949496,42.89446999487001,30.0,2.7207304042692377,2.7947410180477528,4,0,0,9
10,0,46.10134890829818,21.0,21.0,40.0,25.90433139596119,21.46027891507768,2.398807380861561,5.763960930748606,0,0,0,0
10,1,31.70850462312881,22.118086627919222,22.029205578301557,48.525629855987,25.90433139596119,21.46027891507768,2.398807380861561,2.398807380861561,0,0,0,1
10,2,25.065492995377344,23.22003044088352,23.061826924433376,57.83797104307545,30.48931019196516,21.24591862519289,1.1071686046252442,2.398807380861561,0,0,0,2
10,3,24.848604965377344,24.406691005092718,24.2482247918923,68.51786032649848,34.814540824005924,24.518177417233144,0.036148005,1.1071686046252442,0,0,0,3
10,4,23.94506374418868,25.74081389406782,25.56492847230017,80.49603189860704,38.858330954607,27.68706666821836,0.1505902035314441,0.036148005,0,0,0,4
10,5,22.87606081803542,26.35211555975617,26.205112518932008,77.16587966959523,37.41046049216204,27.422027124438983,0.1336253657691576,0.1505902035314441,1,0,0,5
10,6,21.01814006894244,23.981663627636408,23.80135667004335,73.69951491133878,37.64807241751762,26.427678925502114,0.9289603745464912,0.1336253657691576,2,0,0,6
10,7,6.7730980887574415,24.73219200471789,24.61613254318677,70.02327966164998,35.70869080442363,27.201113363971903,1.7806302475231244,0.9289603745464912,3,0,0,7
10,8,4.180797673087338,22.373640661744197,22.21686006409925,67.54766558658852,39.57992180521409,30.0,1.296150207835052,1.7806302475231244,4,0,0,8
10,9,4.180797673087338,20.68402404973594,20.596537317963808,79.55835378617903,36.72604555328055,30.0,1.3059908441020889,1.296150207835052,4,0,0,9
11,0,192.6876107899029,21.0,21.0,40.0,34.82587986096777,15.596075442048257,7.139526913102904,2.097733795737998,0,0,0,0
11,1,192.6876107899029,19.29651759721936,18.911921508840965,49.07595195454289,34.82587986096777,15.596075442048257,7.139526913102904,7.139526913102904,0,0,0,1
11,2,180.13053467915955,18.136859182514737,18.066799352970563,58.27526444554273,31.8779489654034,19.22934265126242,9.815371048649055,7.139526913102904,0,0,0,2
11,3,165.26542299423056,16.85816566506554,18.06998578696566,67.77372495931408,33.48666984206323,19.282555234444267,10.078831281894056,9.815371048649055,0,1,0,3
11,4,120.48428980175494,19.65913724374573,18.03455181077685,77.4535413304281,33.34954868670936,20.42720893059076,8.960873032667674,10.078831281894056,0,1,0,4
11,5,76.75021357656183,19.8143838500034,18.090279708671048,71.61956964450617,27.660324605054164,23.26205491760185,7.442216153401197,8.960873032667674,1,1,0,5
11,6,48.225097917534896,19.84889978446152,17.997496189487215,64.53478840893945,22.52084021289357,21.452597367291343,5.046254740706354,7.442216153401197,2,1,1,6
11,7,23.974177687516583,19.84339503748232,20.227162923985293,57.84531090353846,27.3761145069524,18.79345490748656,3.0313650287522886,5.046254740706354,3,1,1,7
11,8,9.276149910956544,20.94849955294739,20.74580634731663,50.453852748402255,23.323909449951604,18.945767465958323,1.837253472070005,3.0313650287522886,4,1,1,8
11,9,0.0,22.0676644584524,22.116569692199377,58.056774081754384,21.41679412453456,20.82165772742172,1.546024985159424,1.837253472070005,4,0,0,9
12,0,221.85799818239565,21.0,21.0,40.0,26.68594523517113,17.989768671675385,7.893431988743194,5.510491875932469,0,0,0,0
12,1,221.85799818239565,19.133718904703425,18.959795373433508,48.04162850323237,26.68594523517113,17.989768671675385,7.893431988743194,7.893431988743194,0,0,0,1
12,2,208.5704623384188,18.03225112967761,18.141397187155988,57.11597892230178,26.19352513331667,24.21953275040224,9.722816005948197,7.893431988743194,0,0,0,2
12,3,194.17050175102125,16.860860177532633,18.090134022959447,67.62059750663646,32.9525812324119,25.406410902780777,10.191479956704192,9.722816005948197,0,1,0,3
12,4,149.9451118855959,19.646957479443987,18.169654779161743,78.52806337463066,32.095695704802225,28.501336895165583,8.910361286274178,10.191479956704192,0,1,0,4
12,5,108.28041460174616,19.936824837080305,18.074916229828744,73.77916790166276,29.91198137187892,27.03859933385496,7.243051151382616,8.910361286274178,1,1,0,5
12,6,71.82459580868432,19.94916759236717,18.10985785992767,68.658757968493,26.158520167291893,28.72809131509836,6.567756554636774,7.243051151382616,2,1,0,6
12,7,41.38998584866066,19.809549272637103,18.097768228902368,62.68956551073374,20.808959032893394,29.362193979555126,5.468577530519753,6.567756554636774,3,1,0,7
12,8,17.972328532757786,19.65834549483802,18.048228815007946,56.351360009428845,23.20573386964927,24.915346678656856,4.008392502035858,5.468577530519753,4,1,0,8
12,9,6.527440439092565,20.15204641841381,18.193943197230286,66.00098456439417,25.91552896350606,27.693496341856868,3.2483411032172773,4.008392502035858,4,1,0,9
13,0,264.3893486001268,21.0,21.0,40.0,29.72369114070828,15.898684800310212,4.917734207362141,2.2657112237249217,0,0,0,0
13,1,264.3893486001268,19.194473822814167,18.917973696006207,48.21202766938333,29.72369114070828,15.898684800310212,4.917734207362141,4.917734207362141,0,0,0,1
13,2,254.123244314452,18.20594601267842,18.05085352786652,57.54065446355119,33.51982753892794,18.305876873115736,7.309474058084169,4.917734207362141,0,0,0,2
13,3,231.1029043810122,18.00230510029844,18.145878951128346,67.05306477284032,28.020524147543284,24.82619979295188,8.701565027637658,7.309474058084169,0,0,0,3
13,4,210.45962858374867,18.11036729349128,18.04804990247851,76.3730017906637,28.812825331466435,22.964602545330152,8.586721708783863,8.701565027637658,0,0,0,4
13,5,179.75968962548018,16.365266144143405,18.174964687337173,71.49082537076474,28.031045814821496,28.179085185739893,8.104433529053114,8.586721708783863,1,1,0,5
13,6,120.03659606469898,18.95168856488246,18.10533734519003,66.69754130074213,26.85649546185668,29.847481926906653,7.820497280287988,8.104433529053114,2,1,0,6
13,7,78.61976569881341,19.662864745088665,18.160403087031327,62.12889680078315,28.57253350987129,29.37944149035664,6.650640680847666,7.820497280287988,3,1,0,7
13,8,40.535249594521886,19.78568841642809,18.12559385085704,57.909835182115074,29.894102118510705,30.0,6.469203201412769,6.650640680847666,4,1,0,8
13,9,19.30796307,20.32345503139701,18.05974597450105,68.38580656024446,30.254864713342,27.944976276265702,6.462944993413989,6.469203201412769,4,1,0,9
14,0,71.05033078581258,21.0,21.0,40.0,26.261996141262443,21.0592616014806,4.478147900676209,7.277721786841092,0,0,0,0
14,1,44.18144338175532,22.12523992282525,22.02118523202961,48.51782639369375,26.261996141262443,21.0592616014806,4.478147900676209,4.478147900676209,0,0,0,1
14,2,44.18144338175532,20.27089089404045,20.0888198851944,58.53787142210776,33.165643814379706,22.501273010142626,2.4074503828876264,4.478147900676209,0,0,0,2
14,3,37.88377078662154,21.731850767461463,21.6033648485563,69.30984642409005,34.49983332225874,25.34447224430956,1.049612099188962,2.4074503828876264,0,0,0,3
14,4,33.14297160259651,23.231637273419697,23.21282501335625,80.62606874570497,32.86790178674952,30.0,0.7901331973375043,1.049612099188962,0,0,0,4
14,5,30.218977229500343,24.11983532481016,24.04184649293518,77.11236881290304,33.99720182290064,29.8155763281998,0.3654992966370204,0.7901331973375043,1,0,0,5
14,6,25.701765193676664,24.909508239614585,24.87391876977494,73.25358917367151,32.42248732052146,29.47318135041445,0.5646515044779603,0.3654992966370204,2,0,0,6
14,7,17.104957758886467,25.597768542427534,25.50641777374896,69.17681547358009,32.89298551828559,27.79160503676208,1.0746009293487748,0.5646515044779603,3,0,0,7
14,8,7.309036467934602,23.062204106525787,25.835008458173448,64.23912762521888,34.3158890617833,21.585845113987737,1.959184258190373,1.0746009293487748,4,0,0,8
14,9,7.309036467934602,23.00001538898537,21.954547351083043,74.43146228139557,33.65270902180258,22.97137240140121,3.2220152578563246,1.959184258190373,4,0,0,9
15,0,121.1520052458015,21.0,21.0,40.0,27.966960170684136,18.15766526431868,6.016773721870224,6.7515617982732055,0,0,0,0
15,1,103.10168408019084,22.159339203413683,18.963153305286376,48.3024325783005,27.966960170684136,18.15766526431868,6.016773721870224,6.016773721870224,0,0,0,1
15,2,103.10168408019084,18.458086371394568,19.1140283399951,57.72796742996174,33.754886275556096,18.60919623367299,4.453263300382446,6.016773721870224,0,0,0,2
15,3,90.06733560545608,18.07082339332909,20.2043056733046,67.71637343939324,31.09362215775104,24.397522339090624,3.6863793374208806,4.453263300382446,0,0,0,3
15,4,81.11071370889897,18.39423902053681,20.519180256589937,79.23990972417641,37.885175012142064,26.134471014431107,2.9855406321857028,3.6863793374208806,0,0,0,4
15,5,59.05857377653206,21.073578551877738,20.28231275144686,75.47554353974644,35.054679672512414,27.36550819176548,2.756517491545865,2.9855406321857028,1,0,0,5
15,6,40.34006350206276,21.71961844902784,21.832614347965777,70.66291915575974,31.40786162982004,25.18866957025388,2.3398137843086624,2.756517491545865,2,0,0,6
15,7,15.768806956796594,22.669928764496923,22.67491379431633,65.22472475980602,25.58847613483113,27.53266610987048,3.071407068158271,2.3398137843086624,3,0,0,7
15,8,8.881067626166583,20.320475082384924,20.397136495305546,60.32131246300813,26.092153906678394,30.0,3.443869665315005,3.071407068158271,4,0,0,8
15,9,8.881067626166583,18.92574708237705,18.77027039894269,71.44150778521775,34.2013879395368,27.577474961627782,4.130537653213358,3.443869665315005,4,0,0,9
16,0,32.18347574428094,21.0,21.0,40.0,34.62841056110579,15.575079902738878,2.747501458813862,5.740885074374117,0,0,0,0
16,1,15.698466991397764,22.29256821122212,21.91150159805478,49.03662828349204,34.62841056110579,15.575079902738878,2.747501458813862,2.747501458813862,0,0,0,1
16,2,12.358148475009596,23.29821416619066,23.073942355730203,58.701763295261685,35.31239211518222,18.38280239464918,0.5567197527313617,2.747501458813862,0,0,0,2
16,3,9.334336794800986,24.41737255313325,24.18604339499561,68.18673077048724,33.81239940752076,18.88186434373233,0.5039686133681017,0.5567197527313617,0,0,0,3
16,4,4.626670203236059,25.56746606435044,25.42377274498192,77.75151910501,31.89615815503073,21.24155481454018,0.7846110985941548,0.5039686133681017,0,0,0,4
16,5,4.127791520166488,26.11586936429082,25.895484182720715,72.05597490289695,32.433039984202544,19.25838111516936,0.0623598353836964,0.7846110985941548,1,0,0,5
16,6,3.495442306297117,23.575196692831955,26.462736215177696,66.30540734419037,30.15726869561384,21.228467089349618,0.1264698427738742,0.0623598353836964,2,0,0,6
16,7,3.495442306297117,26.122564309569803,22.07828575376948,61.03710958974104,31.48292371505573,22.58208876022572,0.0,0.1264698427738742,3,0,0,7
16,8,0.0,21.017699719543053,25.22163940076214,55.69558438981484,27.06269380489693,26.59549952884645,0.6990884612594235,0.0,4,0,0,8
16,9,0.0,21.814347031428248,20.55077760703958,64.11175103117796,23.437928671026736,23.31855266987953,1.2904280770404633,0.6990884612594235,4,0,0,9
17,0,237.6144000498278,21.0,21.0,40.0,25.81871451238587,16.634519240858396,5.629555566,2.810798798891432,0,0,0,0
17,1,237.6144000498278,19.11637429024772,18.93269038481717,47.64158207558397,25.81871451238587,16.634519240858396,5.629555566,5.629555566,0,0,0,1
17,2,227.2669657768592,18.08432304436885,18.10841278215877,56.28930012919906,26.516221983085657,21.52665609255376,7.024113614054433,5.629555566,0,0,0,2
17,3,207.6586229674733,18.09582637764286,18.046557850894548,65.01244674424899,26.782585747821816,21.67933989134448,7.040460804292091,7.024113614054433,0,0,0,3
17,4,191.08164997259712,18.10082356124765,17.95147319272387,73.38388655570697,28.99099700570732,17.517001946836952,6.882465053019259,7.040460804292091,0,0,1,4
17,5,148.99956948416616,18.130314440753946,19.20765588875935,67.53096001015075,29.866339952854123,20.95073479405577,6.1984299688104585,6.882465053019259,1,0,1,5
17,6,110.85340352603676,18.20487170226122,19.66084473672653,62.45569689219343,34.11946184014111,21.0179652823182,6.401658140436525,6.1984299688104585,2,0,1,6
17,7,74.99823518878354,18.036275047175337,19.78065317725814,56.42097206200833,28.96850244820124,20.83858182854821,6.339055966529619,6.401658140436525,3,0,1,7
17,8,38.125927986901296,18.15632392427395,19.644345920426133,51.290647189412965,30.047536454031103,24.783992031550195,6.267183403,6.339055966529619,4,0,1,8
17,9,23.16330176323426,17.964391627394967,20.112949330512134,59.29574186399632,23.54493328550933,20.92781490662042,4.462867536297095,6.267183403,4,1,1,9
18,0,145.9687049843301,21.0,21.0,40.0,34.443744382523725,18.677464581644607,5.635131593856222,3.710905355422147,0,0,0,0
18,1,145.9687049843301,19.28887488765048,18.97354929163289,49.5618176135503,34.443744382523725,18.677464581644607,5.635131593856222,5.635131593856222,0,0,0,1
18,2,138.66083483544605,18.074031751562217,18.139135537289544,59.78810178830429,32.17039161744754,24.64229824229684,6.489297640153488,5.635131593856222,0,0,0,2
18,3,121.53176989609368,18.199515018071843,18.0460716186149,70.4861729242241,37.29897793767242,22.13475059521549,6.462647732471483,6.489297640153488,0,0,0,3
18,4,92.07381278367566,18.07582232945861,18.049502389217533,65.44544607120515,33.166834700111565,22.16246056089426,5.248820222218948,6.462647732471483,1,0,0,4
18,5,67.10300791572028,18.0866202453412,18.12943213668556,60.29118868371181,31.351090865406764,23.34747920407466,4.520520264842107,5.248820222218948,2,0,0,5
18,6,39.264473099635765,19.483159440817364,18.0684737380484,54.853188840241856,28.975704260183488,24.14651883165008,4.158268771345154,4.520520264842107,3,0,0,6
18,7,24.13498259397007,18.2436140650541,18.074868419889665,50.65339631776001,35.39375135420171,24.60740129867693,3.5711570984621663,4.158268771345154,4,0,0,7
18,8,16.672682623125816,18.12630748767419,18.10468009393907,61.39901727818587,32.92479175960908,26.77310246497904,3.4468132854144784,3.5711570984621663,4,0,0,8
18,9,8.090828354513906,18.208199520420116,18.07434769240284,72.88376224819073,36.07762946962353,27.72650925262572,3.32116926890584,3.4468132854144784,4,0,0,9
19,0,126.56261680600464,21.0,21.0,40.0,27.195361581889124,23.8040828251533,2.267431907553209,4.022244520743904,0,0,0,0
19,1,112.95802536068538,22.143907231637783,22.076081656503067,49.17989999326764,27.195361581889124,23.8040828251533,2.267431907553209,2.267431907553209,0,0,0,1
19,2,102.06701031505078,23.251462326097315,23.20220692202259,59.44970500203058,30.267313050831127,26.78715922007411,1.8151691742724327,2.267431907553209,0,0,0,2
19,3,91.09833946667015,24.28966362209454,24.3744731533773,68.82090684113064,24.28029346821377,27.78193897123093,1.8281118080634384,1.8151691742724327,0,0,0,3
19,4,76.72869750728287,25.552594523936413,25.5788452175824,79.15566486385332,27.41532234845933,30.0,2.3949403265645466,1.8281118080634384,0,0,0,4
19,5,49.66681730480141,26.139831493391387,26.10750846983053,74.44837085692348,29.202045367427065,27.97965459407385,3.3827350253101818,2.3949403265645466,1,0,0,5
19,6,42.44410348457282,23.81600885041132,23.603144073642103,70.2172934713067,35.477716024779184,24.34963183290538,3.611356910114296,3.3827350253101818,2,0,0,6
19,7,34.10395967914401,21.47103895656917,21.370151972000723,64.9241813739783,31.08223794740131,22.84491706744089,4.170071902714403,3.611356910114296,3,0,0,7
19,8,24.992901040267785,19.34041293784065,19.195923920782104,60.668874810542206,34.2152484678489,25.47749284639502,4.555529319438115,4.170071902714403,4,0,0,8
19,9,22.716362529898703,17.99614670602252,18.042242225072357,70.04551389252939,28.50838907949843,23.58405026487481,4.559942761740891,4.555529319438115,4,1,0,9
20,0,146.31593712356712,21.0,21.0,40.0,34.03487760059643,23.695520081705304,5.530670999028015,3.018100944219988,0,0,0,0
20,1,146.31593712356712,19.28069755201193,19.07391040163411,50.39147158281431,34.03487760059643,23.695520081705304,5.530670999028015,5.530670999028015,0,0,0,1
20,2,139.76225629618386,18.067573406469457,18.07927592447314,60.58021625569502,32.24508737946167,24.35904969209785,6.680410704530024,5.530670999028015,0,0,0,2
20,3,121.84970507669856,18.002237730876793,18.095160085430543,70.19656629242833,28.49635640722365,24.927810463516977,6.678404481872221,6.680410704530024,0,0,0,3
20,4,87.6376294299179,18.194430890007474,18.250311695158647,66.52449218382688,33.55845294528952,29.37446867359129,5.785892698590509,6.678404481872221,1,0,0,4
20,5,61.75685065701556,18.01739666395661,18.12412076581056,62.31684936677297,29.957539905256056,30.0,5.1181283516326985,5.785892698590509,2,0,0,5
20,6,38.10261523607774,18.1072807750032,18.04575038632964,57.476638638442495,29.708907464702243,26.73436626679511,4.465759594723016,5.1181283516326985,3,0,0,6
20,7,18.139840470568643,18.13005525858741,18.010324534744374,52.20701565734592,32.15673728843194,21.90091281658705,3.672268136192737,4.465759594723016,4,0,0,7
20,8,11.606409276924762,18.087909695620542,18.06601529362587,61.55746976247089,30.44743043317154,21.49953681752274,2.718600098748033,3.672268136192737,4,0,0,8
20,9,5.297398884348695,18.112808965664964,18.019935470798952,70.56073373127677,31.12327340584094,18.89485975419172,2.270032877088619,2.718600098748033,4,0,0,9
21,0,179.35363184832596,21.0,21.0,40.0,34.599403986625305,23.335456982769287,4.635424999011551,7.291819783222505,0,0,0,0
21,1,151.54108185425665,22.29198807973251,22.066709139655387,50.42827497449103,34.599403986625305,23.335456982769287,4.635424999011551,4.635424999011551,0,0,0,1
21,2,151.54108185425665,20.43435533804549,20.329347836118625,62.36484783455082,37.47192643224938,28.842367234749485,2.740063549903083,4.635424999011551,0,0,0,2
21,3,133.3432517445081,22.140166357052635,21.8667124553504,75.90945320507352,45.24780761401495,30.0,3.032971684958091,2.740063549903083,0,0,0,3
21,4,112.13314358388408,20.10477683491245,22.77565608225587,74.30893930949911,47.49971781369669,26.94187165533436,4.242021632124803,3.032971684958091,1,0,0,4
21,5,101.1631221961171,20.0731103881974,18.95202677541232,71.43497538329842,41.67892950288291,25.687937573779973,5.485010693883489,4.242021632124803,2,0,0,5
21,6,86.60889479404807,18.067231365577538,18.092409973303635,68.29462081428133,36.89217430811269,28.99474475290343,5.777138797785983,5.485010693883489,3,0,0,6
21,7,60.41349286813407,18.041921550617666,18.122838885944727,64.86418009735128,34.2753293503886,30.0,4.989442179725419,5.777138797785983,4,0,0,7
21,8,49.68815034394473,18.159536631756616,18.10559041974166,76.18074060549844,32.86978060081759,30.0,4.716433036,4.989442179725419,4,0,0,8
21,9,22.753184478792228,17.97735697511386,18.04558690451349,70.82226478878053,26.599923791479128,26.96409944897689,4.566440939,4.716433036,5,1,0,9
22,0,110.94707880876275,21.0,21.0,40.0,28.166889866459577,18.23033519432189,2.392958601174912,2.6222743122223973,0,0,0,0
22,1,96.58932720171327,22.16333779732919,21.96460670388644,48.35150051094067,28.166889866459577,18.23033519432189,2.392958601174912,2.392958601174912,0,0,0,1
22,2,79.90286874628947,23.06929593942902,23.00674234259159,55.96818635890426,24.2117838105442,18.10313756703134,2.781076409237303,2.392958601174912,0,0,0,2
22,3,70.61909496107536,21.21466086536438,24.102509236386624,65.2754989599211,29.126588814660344,22.580703413210927,3.0945912617380373,2.781076409237303,0,0,0,3
22,4,61.22876360203878,21.494714863056792,23.54002578187808,74.85039517052708,28.80529816515105,24.38856967154888,3.130110453012193,3.0945912617380373,0,0,0,4
22,5,33.70936733584337,23.778870654520475,22.971030471169684,70.04941430814128,33.18678140820518,23.474436022984865,3.439924533274427,3.130110453012193,1,0,0,5
22,6,17.3764979022907,24.126603469192915,21.219344216618577,64.68874436235444,30.516199506748173,23.035634127769363,3.2665738867105327,3.439924533274427,2,0,0,6
22,7,11.104441624921176,20.227150027892463,20.908712362512485,60.84063785130118,35.74286794254805,26.212095884933824,3.136028138684763,3.2665738867105327,3,0,0,7
22,8,5.238764204840583,18.71714082208221,18.385293966986943,57.49337382101879,35.553164894724866,29.18425715926184,2.932838710040296,3.136028138684763,4,0,0,8
22,9,0.0,18.087703509571465,18.149841569385973,69.32542900825614,35.73363992909633,30.0,3.052730709227171,2.932838710040296,4,0,0,9
23,0,131.1500593529617,21.0,21.0,40.0,25.76796364159105,19.96838472796109,7.497149033777024,6.3965568804569015,0,0,0,0
23,1,131.1500593529617,19.11535927283182,18.999367694559226,48.23254270651938,25.76796364159105,19.96838472796109,7.497149033777024,7.497149033777024,0,0,0,1
23,2,121.7500635641355,18.190934067660088,18.097232535137543,57.81682514539924,29.54670338300439,23.69931016632816,6.688473521913769,7.497149033777024,0,0,0,2
23,3,107.83991251650964,17.940794654125117,18.12639615954015,66.45089693499445,21.739602451765208,26.22746304598596,5.281179815041523,6.688473521913769,0,1,0,3
23,4,88.90404229308594,19.80459929949413,18.098992470633497,75.28828131370287,22.69090546100109,26.405674420712387,4.428637114635541,5.281179815041523,0,1,0,4
23,5,66.7870493378963,19.88439160903015,18.04917486095026,69.38800096709252,27.045561924466508,23.508436149920485,3.864010626762654,4.428637114635541,1,1,0,5
23,6,52.70483494176285,19.92999513445856,18.170157766424268,64.32992532746489,26.75863675896801,28.47427635421184,2.4900981745775432,3.864010626762654,2,1,0,6
23,7,37.3837376743948,20.036435817002868,20.47732673580208,59.57385803593384,30.631875924912688,26.27886134435924,1.9151371584210075,2.4900981745775432,3,1,0,7
23,8,12.17273483266188,21.29556309739141,21.05842589267385,54.52959049917634,30.27656062484088,25.03306417095077,3.151375355216614,1.9151371584210075,4,1,0,8
23,9,0.0,22.55323184115605,19.486900749901743,64.49216476879262,31.11062373234024,24.237011098861345,4.057578277553961,3.151375355216614,4,0,0,9
24,0,106.383300259109,21.0,21.0,40.0,28.41961949667652,21.42062755476349,2.5174397310238072,3.3401175408885475,0,0,0,0
24,1,91.27866187296615,22.168392389933533,22.028412551095272,48.9712444692592,28.41961949667652,21.42062755476349,2.5174397310238072,2.5174397310238072,0,0,0,1
24,2,80.52593087535479,23.235199243472078,23.238588276091352,59.609903892621446,30.516954707366715,28.586708755756867,1.7921218329352309,2.5174397310238072,0,0,0,2
24,3,73.0439744694159,24.37188281818165,24.361520899876982,69.44155021631012,27.543758889885048,27.076498463940936,1.246992734323148,1.7921218329352309,0,0,0,3
24,4,63.574810602737465,25.63549727475016,25.55538620001608,79.7502396033066,30.71573955284951,26.55475704157539,1.5781939777797382,1.246992734323148,0,0,0,4
24,5,40.85365862502698,26.2180619015134,26.04892613126153,74.73828398304971,32.573795038310955,22.91534040470633,2.8401439972138105,1.5781939777797382,1,0,0,5
24,6,31.922493759663645,23.61986131606981,23.627129120352254,68.79859484537141,26.254353342943705,24.080707003287944,4.465582432681668,2.8401439972138105,2,0,0,6
24,7,20.270686367389192,21.323292510509983,21.34686139750657,63.360665712876894,25.91757725826013,27.205038672325863,5.825903696137226,4.465582432681668,3,0,0,7
24,8,6.9851420072423,19.12828033472195,19.08169653815152,57.55351914417935,26.523532237626466,24.547875714053824,6.642772180073447,5.825903696137226,4,0,0,8
24,9,0.0,18.13298478156212,18.02941248831446,66.66592217635606,29.81251653007518,20.81194475979547,7.381225544338564,6.642772180073447,4,0,0,9
25,0,121.82844264376654,21.0,21.0,40.0,32.18852103928587,21.555851194735737,3.915876833570394,2.3289170727994013,0,0,0,0
25,1,110.08081214305535,22.24377042078572,19.03111702389472,49.67398700212389,32.18852103928587,21.555851194735737,3.915876833570394,3.915876833570394,0,0,0,1
25,2,95.45023484944052,18.505679899605887,22.26619694036851,59.66298202960666,32.82918286729137,22.66523395205737,4.876859097871611,3.915876833570394,0,0,0,2
25,3,95.45023484944052,19.511816639614946,18.274216307149256,71.15376791631655,34.654980191227864,29.182719179382627,5.695417134415616,4.876859097871611,0,0,0,3
25,4,72.63607494669067,18.03403653898718,18.021559551684344,66.80619061559833,32.402537313734385,26.77758879338659,5.592865939795212,5.695417134415616,1,0,0,4
25,5,48.40253897500449,18.0732067830042,18.03898333644862,61.88637977784504,30.99528800863112,25.00576289273945,4.441042459603855,5.592865939795212,2,0,0,5
25,6,28.719167484742155,19.521835628040595,18.05223274696733,57.19989436585038,33.82417956350818,23.47312370318817,2.925959428996236,4.441042459603855,3,0,0,6
25,7,12.6142896703666,19.899230707471048,20.2165293253356,53.12308905392126,33.43176362829917,27.252651305427925,2.0131097267969444,2.925959428996236,4,0,0,7
25,8,6.327347395169882,18.9122976470383,21.56400357134204,63.80345198398577,35.995287064157075,23.34006254731237,2.095647425065572,2.0131097267969444,4,0,0,8
25,9,6.327347395169882,19.25166644561203,18.217913140385143,74.8403201587043,36.61400535039012,24.70192895360177,2.663501378497768,2.095647425065572,4,0,0,9
26,0,119.92883417667528,21.0,21.0,40.0,27.940953683034884,18.170431886567712,5.893436323864762,6.383964078185615,0,0,0,0
26,1,102.24852520508098,22.1588190736607,18.963408637731355,48.30004940252847,27.940953683034884,18.170431886567712,5.893436323864762,5.893436323864762,0,0,0,1
26,2,102.24852520508098,18.360551316557736,19.140894977689097,57.09171335809904,28.87827550665968,19.96430202428799,5.172941529936083,5.893436323864762,0,0,0,2
26,3,94.8561968138542,18.021290027188027,18.03761751981072,65.05447177606217,24.08547113150123,20.152075634960617,4.596461237272315,5.172941529936083,0,0,0,3
26,4,83.30081450302167,18.103208882570424,18.07225432286872,73.29712512213958,25.160444128521195,20.632074460797707,4.408455941447205,4.596461237272315,0,0,0,4
26,5,62.47576654264567,18.05692686686161,18.140693455294024,67.08093800336286,23.81730049550588,24.981659955734564,3.733215419993696,4.408455941447205,1,0,0,5
26,6,39.17699401586199,19.438738525260398,18.107475939956117,61.98821079686249,26.86221960127477,28.178184807056525,3.4943538797757703,3.733215419993696,2,0,0,6
26,7,24.579247369108696,18.08806852539715,18.067805350775867,57.06563522403589,28.3788960253002,27.606795236774268,3.5097850895556224,3.4943538797757703,3,0,0,7
26,8,7.749649622916994,18.193440138034436,18.11360625967644,53.04148771065957,32.005223833362955,28.97173442565745,2.9208870385251906,3.5097850895556224,4,0,0,8
26,9,0.0,18.124615133698956,18.13478589050189,64.4724906136312,33.50557168317574,30.0,3.101897138949565,2.9208870385251906,4,0,0,9
27,0,144.3476166092289,21.0,21.0,40.0,33.71081447619661,15.18451614086729,2.3233528208611207,2.345153248332065,0,0,0,0
27,1,130.40749968406217,22.27421628952393,21.903690322817347,48.8011595110715,33.71081447619661,15.18451614086729,2.3233528208611207,2.3233528208611207,0,0,0,1
27,2,117.25271369605868,23.204148437252066,23.13681405092075,58.39747011428719,31.118722750848004,22.19411393368359,2.192464331333918,2.3233528208611207,0,0,0,2
27,3,102.9811543559905,24.451207655620347,24.277470548389395,69.26246956579978,35.02898961023811,25.332118453720696,2.3785932233446974,2.192464331333918,0,0,0,3
27,4,86.16649964896502,25.58259471453246,25.598408971452848,79.52051751756395,29.40224952501167,27.586905762567007,2.802442451170915,2.3785932233446974,0,0,0,4
27,5,58.52277925509551,26.05043148502614,26.1710569044275,74.179091396541,23.695129474110423,29.96361429798427,3.455465049233689,2.802442451170915,1,0,0,5
27,6,49.88486339853033,23.74843426053389,23.68157596234394,70.25512744786698,31.53353361847768,30.0,4.318957928282589,3.455465049233689,2,0,0,6
27,7,39.61338374202447,21.44795972581976,21.476799650693252,65.6261872615489,28.588938597037,29.02806036786257,5.135739828252932,4.318957928282589,3,0,0,7
27,8,28.950878692231903,19.439670239444258,19.217878397474703,61.78488227443941,36.32487164849459,25.66787842311929,5.331252524896281,5.135739828252932,4,0,0,8
27,9,27.18466466706878,18.159723922531978,17.948716096534813,72.24732531044916,37.44505330735414,20.67963022603335,5.201435999053804,5.331252524896281,4,0,1,9
28,0,198.21019434487675,21.0,21.0,40.0,25.97211810438348,22.46236121316544,7.167555802871595,7.672630592867759,0,0,0,0
28,1,198.21019434487675,19.11944236208767,19.04924722426331,48.71820627715881,25.97211810438348,22.46236121316544,7.167555802871595,7.167555802871595,0,0,0,1
28,2,189.1575891333736,18.16693516587183,17.990218988074087,58.030117376247375,31.42300871233525,20.309830727045707,7.206989393791038,7.167555802871595,0,0,1,2
28,3,159.3152379885017,18.14214652055382,19.67101542515637,68.0195299092752,32.17204991842274,23.324686376176302,6.864731372099096,7.206989393791038,0,0,1,3
28,4,142.00077082707878,18.12587734846805,20.34955981207225,78.13463818268156,32.68193726934052,23.513108694028084,5.524224236511907,6.864731372099096,0,0,1,4
28,5,116.8066960381934,18.035866895408088,20.116366968502422,74.03742487706447,30.9076613166444,29.66337587437175,4.819517762750454,5.524224236511907,1,0,1,5
28,6,90.99902613585124,18.25904858381661,20.05643022779558,71.47314885484377,39.08735543210727,30.0,4.782101728848781,4.819517762750454,2,0,1,6
28,7,65.7760903124543,18.14730784979773,20.076466488847466,68.16620421046476,36.89126004702173,28.070158595317093,4.709985254161456,4.782101728848781,3,0,1,7
28,8,39.72182861261439,18.15835095828573,19.833881525747547,64.68006828537393,37.47332298216413,26.4925885451091,4.7147586868674844,4.709985254161456,4,0,1,8
28,9,24.27219952631591,18.09501324011225,20.324877108207733,76.34234705249149,36.17007890387185,28.620358691225714,4.957393087135706,4.7147586868674844,4,0,1,9
29,0,217.1148419218717,21.0,21.0,40.0,30.31986999720141,18.504111555298973,4.941945488069576,4.252747373704692,0,0,0,0
29,1,202.289005457663,22.20639739994403,18.97008223110598,48.78831667945007,30.31986999720141,18.504111555298973,4.941945488069576,4.941945488069576,0,0,0,1
29,2,202.289005457663,18.38838229431698,19.228114038572595,58.17599043357589,29.355941699133417,22.79780137934336,5.936607181998901,4.941945488069576,0,0,0,2
29,3,192.4131344159885,18.17989684768809,18.032314733644675,68.01628138377644,33.897826292914075,20.770456763755654,6.813720764,5.936607181998901,0,0,0,3
29,4,175.36395572019546,18.029593777029906,18.084436021462967,77.42263385234168,29.353947902146498,22.9035658121048,7.437005707312654,6.813720764,0,0,0,4
29,5,148.85523876902164,16.446707272748515,18.096495856101487,72.58162978578778,32.2231214224641,24.21574487445868,6.927868134252721,7.437005707312654,1,1,0,5
29,6,99.59224916739734,19.01915963782422,18.097789730807907,67.73477124479021,31.362497116938822,25.04384432196351,6.397840940077202,6.927868134252721,2,1,0,6
29,7,60.30744031905768,19.679073925130535,18.09384967634471,62.50877250938842,28.597354849302185,25.702652176243443,6.340085188475379,6.397840940077202,3,1,0,7
29,8,29.09740005721202,19.793885497109045,18.08105876338676,57.85039534474991,32.057420772528616,25.396039423924105,5.249943440657939,6.340085188475379,4,1,0,8
29,9,13.543268703097237,20.298107835175408,18.01445387443195,67.3973676193782,30.20060131615604,22.83813354288997,4.643374444303599,5.249943440657939,4,1,0,9
30,0,89.72223383951437,21.0,21.0,40.0,26.98377311064561,24.58554254525746,5.380253318,6.900144347563503,0,0,0,0
30,1,73.58147388551437,22.139675462212917,19.09171085090515,49.28247681806255,26.98377311064561,24.58554254525746,5.380253318,5.380253318,0,0,0,1
30,2,73.58147388551437,18.42668830436904,19.255798378604545,58.81931959819316,28.623212673727974,24.359247215886565,4.261016022,5.380253318,0,0,0,2
30,3,60.44271582088959,18.1052472418933,20.277786543499264,69.04710580835925,29.934077220474578,26.886957280448097,3.734951689440178,4.261016022,0,0,0,3
30,4,41.30464015410384,21.29596332782042,20.547070632808147,79.06314602271185,30.2506065420194,25.394061315495023,3.189679277797625,3.734951689440178,0,0,0,4
30,5,19.987128108114668,21.949787744797103,22.08440428484718,75.67360743879433,34.502563422680495,30.0,2.664689005748646,3.189679277797625,1,0,0,5
30,6,6.536111602851902,23.07273218818472,22.90074509939165,70.95794758686284,31.85766469186392,25.277558352961115,1.681377063157846,2.664689005748646,2,0,0,6
30,7,1.6766309045974055,23.795197871552947,23.71906085160175,65.43241829626183,29.51130285750289,23.12464552804701,0.6074350872818121,1.681377063157846,3,0,0,7
30,8,0.0,24.281256673321167,24.180890139484557,58.65755218433552,25.92778512908729,19.76740313798875,0.2095788630746757,0.6074350872818121,4,0,0,8
30,9,0.0,22.118286128678783,22.120965830595964,65.93612240370659,20.90400706520915,19.53249415351907,0.3546719944990188,0.2095788630746757,4,0,0,9
31,0,186.6960999138106,21.0,21.0,40.0,33.50093312201388,19.75388834365709,6.549074611397077,4.599278477463367,0,0,0,0
31,1,186.6960999138106,19.27001866244028,18.995077766873145,49.58586786382077,33.50093312201388,19.75388834365709,6.549074611397077,6.549074611397077,0,0,0,1
31,2,178.1381079661526,18.173561252627355,18.02204237476515,59.63520183260029,35.07472468689059,20.75490847299558,7.601466203172697,6.549074611397077,0,0,0,2
31,3,157.34342187200286,18.22509142767109,18.120850524583584,71.42427569984005,40.01511622740632,25.479738590592348,7.860661311606663,7.601466203172697,0,0,0,3
31,4,114.5263088191731,18.12155439672449,18.012069621024864,67.67659247901807,39.127130658378846,23.38574033705456,7.948807103155732,7.860661311606663,1,0,0,4
31,5,77.47734962569234,18.099396176387923,18.08246651284209,63.80238099280446,35.29534420432466,26.514591983377496,6.938017535011351,7.948807103155732,2,0,0,5
31,6,48.27875157562029,18.104853878473165,18.016358824136468,58.79894549506365,30.205255422380155,25.331214034615343,5.565022430713377,6.938017535011351,3,0,0,6
31,7,23.205330181227133,18.04769910263618,18.145743425757995,54.31891083693715,28.444251899297225,30.0,4.617525497752228,5.565022430713377,4,0,0,7
31,8,14.484704852624224,18.04886882397971,18.05764562576608,64.02135847583197,27.38380349710275,26.51868338564631,3.843452410058232,4.617525497752228,4,0,0,8
31,9,5.288055439849494,18.16466087485237,18.057546805298774,73.99334618343926,30.775617979549487,24.624313729379868,3.2801173257146914,3.843452410058232,4,0,0,9
32,0,201.56778512682104,21.0,21.0,40.0,31.66212388872196,21.294204847178563,5.2520712615241205,4.9164242102509,0,0,0,0
32,1,185.81157134224867,22.23324247777444,19.02588409694357,49.532139172462095,31.66212388872196,21.294204847178563,5.2520712615241205,5.2520712615241205,0,0,0,1
32,2,185.81157134224867,18.514518195347293,19.315691696551145,60.17379471395684,33.58600460806516,25.53430395579454,5.104904316,5.2520712615241205,0,0,0,2
32,3,178.4536232975165,18.033065994819815,18.01922844960816,69.15806533636521,27.39124660607387,22.521367962861547,6.171411245944386,5.104904316,0,0,0,3
32,4,160.41715471823915,18.168916439963905,18.10884820439688,78.94332391248663,29.544326299916992,24.818221345202023,7.050898028157826,6.171411245944386,0,0,0,4
32,5,125.55601815221596,18.079506579964256,17.948351160454937,72.94257018081238,29.522964985285064,20.472847616524625,6.586840358102887,7.050898028157826,1,0,1,5
32,6,88.50836456378292,18.130192574367964,19.25171816010515,67.08537264691934,29.81790383442188,20.97544319950564,5.495892066741863,6.586840358102887,2,0,1,6
32,7,61.82758788388649,18.01596575584713,19.711582384998916,61.473318575176606,26.392940455279607,25.76231470170524,4.480163489848142,5.495892066741863,3,0,1,7
32,8,35.41402058359198,18.13295582078353,19.627884886419128,56.39709970819689,29.52583645073378,25.606280954934427,4.463262985790929,4.480163489848142,4,0,1,8
32,9,17.193144096235343,18.064429630757008,20.116173058741104,65.58296711320841,28.995636761621714,22.036959932886727,5.421904745512226,4.463262985790929,4,0,1,9
33,0,224.26816906804163,21.0,21.0,40.0,26.00162013788841,16.797779870414136,7.793234250311443,6.069136932602557,0,0,0,0
33,1,224.26816906804163,19.12003240275777,18.935955597408284,47.70389200149446,26.00162013788841,16.797779870414136,7.793234250311443,7.793234250311443,0,0,0,1
33,2,210.5756096809056,18.097864732073276,18.0460053837283,55.04100001855842,25.654478662441235,15.107232543469667,8.756754433038273,7.793234250311443,0,0,0,2
33,3,185.55453275108547,18.133939533165965,18.16716673720426,64.19929325650526,30.48690535495586,20.3925015225266,8.512176622686447,8.756754433038273,0,0,0,3
33,4,167.08329719193966,18.117117442844695,18.084810593320565,73.8109902293846,31.98110819399595,21.417208322000366,8.110113054,8.512176622686447,0,0,0,4
33,5,130.18280889319945,18.08098668615389,18.20912551108006,69.76500631439981,31.24811173442331,29.60753318232789,6.826024008047389,8.110113054,1,0,0,5
33,6,98.14873650139684,17.97833292059225,18.12152982489572,64.51216277326571,24.74389293996263,29.406976275959007,6.213277852434638,6.826024008047389,2,1,0,6
33,7,62.55032695804393,19.398893594092453,18.101629496526524,59.49779879230988,29.48853623324298,25.987219428113484,5.222984908731959,6.213277852434638,3,1,0,7
33,8,31.401459753256724,19.709266304601265,18.15704989356983,55.54426004605378,31.79577150725637,29.57345768020978,5.103819230963974,5.222984908731959,4,1,0,8
33,9,13.606742505,20.317561304679728,18.051072939880747,65.91180617549742,30.16282877349672,27.434649723412427,5.355966205113231,5.103819230963974,4,1,0,9
34,0,185.93804880672127,21.0,21.0,40.0,28.28820844287196,17.71995470429493,5.2969265193636375,4.118736003062949,0,0,0,0
34,1,170.04726924863036,22.16576416885744,18.9543990940859,48.28146936649004,28.28820844287196,17.71995470429493,5.2969265193636375,5.2969265193636375,0,0,0,1
34,2,170.04726924863036,18.38445383417334,19.204198382273265,57.87470865429316,30.23951126885254,23.056262552275875,6.157083578200977,5.2969265193636375,0,0,0,2
34,3,160.45424348606858,18.13362761885778,18.150487305030158,68.98298671902101,33.892506687075425,27.82014922807932,6.825420201567432,6.157083578200977,0,0,0,3
34,4,145.9870700848946,18.058742061078032,18.138523639110147,80.29681572423722,32.85460558453446,30.0,6.892215407986995,6.825420201567432,0,0,0,4
34,5,112.6237748887242,18.02651521314477,18.09152606692389,75.93460788680696,29.18325577808365,29.91558956952605,6.327056190332981,6.892215407986995,1,0,0,5
34,6,81.23439483778401,18.090093149045146,18.032715893959857,71.42893596474495,31.460250574350667,26.841572080860384,5.978319815675677,6.327056190332981,2,0,0,6
34,7,50.59841290069642,18.08841595563254,18.01941473865026,65.99927627607984,30.50667627495129,22.661881010242528,5.622806764996793,5.978319815675677,3,0,0,7
34,8,20.732652766577587,18.27567458337083,18.12811823182416,62.16593228641536,35.70929057264517,26.327687262552125,5.078696613976946,5.622806764996793,4,0,0,8
34,9,9.678156103239768,18.165447009723867,18.061892321566614,73.91598619803729,38.6917872801413,26.5862900066472,4.716536043130282,5.078696613976946,4,0,0,9
35,0,337.34313170075023,21.0,21.0,40.0,33.91127088394596,20.42283520936855,7.586468305,2.128247833012694,0,0,0,0
35,1,337.34313170075023,19.27822541767892,19.00845670418737,49.78013909679661,33.91127088394596,20.42283520936855,7.586468305,7.586468305,0,0,0,1
35,2,324.99701679958105,18.08372756731268,18.16423695542282,60.183734345406805,32.48061004231343,25.317141338854327,11.02916842047861,7.586468305,0,0,0,2
35,3,308.38397735273315,16.882381255747195,18.12032095683544,70.43670975551856,32.57129553060911,24.38967897001181,11.652346146318983,11.02916842047861,0,1,0,3
35,4,252.003340046265,19.02698278019849,15.543728693691603,66.9825333289854,34.86853655302945,29.27492774400851,11.276127461293624,11.652346146318983,1,1,1,4
35,5,172.3338116496069,18.295787623685367,19.194240401096167,63.60133084388471,35.9375237549187,28.61135132785524,9.958691049582262,11.276127461293624,2,1,1,5
35,6,106.678043214567,20.27983631425356,19.935744694540077,60.072332922296965,33.72778932451251,30.0,8.206971054379984,9.958691049582262,3,1,1,6
35,7,48.71269965584921,21.29277450126602,21.280175364213797,56.71398377076216,35.233584597671275,29.44225344935753,7.245667944839726,8.206971054379984,4,1,1,7
35,8,9.773368956327076,23.078739511832246,22.80687824651332,69.17495791586106,41.50484223058399,27.72279190885437,6.489888449920356,7.245667944839726,4,0,0,8
35,9,9.773368956327076,21.31406257789296,21.18732236849093,81.68261036034174,39.950943737389096,29.536014287503573,5.354143166994714,6.489888449920356,4,0,0,9
36,0,97.3816584760534,21.0,21.0,40.0,27.685076794675016,24.52235008408805,2.7904907897140183,4.960442241307833,0,0,0,0
36,1,80.63871373776928,22.1537015358935,22.090447001681763,49.39733683817735,27.685076794675016,24.52235008408805,2.7904907897140183,2.7904907897140183,0,0,0,1
36,2,71.1477908202864,23.25363187225777,23.15215834057532,59.04053736894024,29.797915439657466,23.7754208423586,1.5818204862471457,2.7904907897140183,0,0,0,2
36,3,62.36630393540866,24.413985766946144,24.19723291929429,68.32329659078084,31.96531496180538,19.60556960397569,1.463581147479624,1.5818204862471457,0,0,0,3
36,4,51.93762554377753,25.579366623074176,25.35997570522509,77.35781441730197,32.20630215506365,17.985463547831475,1.7381130652718553,1.463581147479624,0,0,0,4
36,5,29.003473776322025,26.05425845274213,25.89447104337712,71.51901525352646,31.087897218617087,19.80766298263012,2.866768970931938,1.7381130652718553,1,0,0,5
36,6,22.632843498792468,23.67777941913937,23.38378245818251,66.48836323085743,36.2409628645229,19.144303676204725,3.1853151387647785,2.866768970931938,2,0,0,6
36,7,16.766299795703713,21.333566719923944,21.204219017932687,61.36109189563514,32.86291604800712,21.985576534091265,2.933271851544377,3.1853151387647785,3,0,0,7
36,8,11.43161681359522,19.071145152292843,19.090503507191357,56.19117358472948,27.79193136217813,26.81963357723485,2.6673414910542466,2.933271851544377,4,0,0,8
36,9,9.191442647694473,18.133791977535186,17.95105477679588,65.89600194630302,31.89864748896018,22.017065630892795,2.6465244550822216,2.6673414910542466,4,0,1,9
37,0,52.82877132205185,21.0,21.0,40.0,33.93792267834392,22.819069160221524,3.2843431330791875,7.220572235164975,0,0,0,0
37,1,33.12271252357672,22.27875845356688,22.05638138320443,50.21625853094178,33.93792267834392,22.819069160221524,3.2843431330791875,3.2843431330791875,0,0,0,1
37,2,20.723253312036043,23.312575337076453,23.16458674333511,59.76477634642296,31.89120346981068,21.156117727307,2.06657653525678,3.2843431330791875,0,0,0,2
37,3,14.080938137894066,24.485456035874453,24.22689676210889,69.37963044656408,34.281824353146646,19.13403175874846,1.107052529023663,2.06657653525678,0,0,0,3
37,4,13.492692245894066,25.587969870258263,25.511942411068024,79.04009154521091,30.674495195905592,22.994733129910152,0.098040982,1.107052529023663,0,0,0,4
37,5,12.369488697645938,26.113978215419355,25.925944130896298,72.72141141368414,29.385835469428915,18.843719355422373,0.1404004435310161,0.098040982,1,0,0,5
37,6,11.042856638866365,23.62803415227325,26.50582145789846,67.60274090007275,31.91371045548319,22.982564468898016,0.2653264117559145,0.1404004435310161,2,0,0,6
37,7,5.874170705015624,26.139399143710147,22.194060074298168,62.750951650132,30.239546248830663,26.139402362609644,1.033737186770148,0.2653264117559145,3,0,0,7
37,8,0.0,21.235302234564458,25.258120466839895,58.62204452727912,34.21706742800142,26.177893000593663,1.1748341410031249,1.033737186770148,4,0,0,8
37,9,0.0,22.1630755718537,20.744689838644508,69.86390111001245,36.51588598464552,25.938872808317434,2.007588224141956,1.1748341410031249,4,0,0,9
38,0,81.61017055448788,21.0,21.0,40.0,27.41719516140864,24.44350780714981,2.575014029021886,4.983665124764339,0,0,0,0
38,1,66.16008638035656,22.148343903228174,22.088870156143,49.33492653434052,27.41719516140864,24.44350780714981,2.575014029021886,2.575014029021886,0,0,0,1
38,2,59.1299089590526,23.21382615471463,23.25031080482766,59.55941705893938,27.93529941864322,28.86742571801713,1.1716962368839925,2.575014029021886,0,0,0,2
38,3,53.54229880435148,24.395906084706983,24.341491083353944,69.50517396881992,28.713842685424147,26.54036236946776,0.9312683591168536,1.1716962368839925,0,0,0,3
38,4,47.15105072300626,25.5935312182644,25.54947577234308,79.35062805336892,28.85798222637257,25.83898491001079,1.0652080135575348,0.9312683591168536,0,0,0,4
38,5,36.50184722173493,26.143201926436085,26.09458919092151,74.46369971604203,29.637599961921737,26.54613149737328,1.3311504376589165,1.0652080135575348,1,0,0,5
38,6,31.83039281849485,23.79485958283085,23.714297913138108,71.12000912916606,34.75727451735574,30.0,2.33572720162004,1.3311504376589165,2,0,0,6
38,7,16.179474819210263,21.69246879712697,24.50170333612574,68.27469084146726,39.13635380411853,28.389655708665888,3.130183599856917,2.33572720162004,3,0,0,7
38,8,8.410822072,21.453023566493265,20.32226558058562,66.0108071162055,42.57779136836207,28.178410157961466,3.884326373605131,3.130183599856917,4,0,0,8
38,9,8.410822072,19.32463854181413,19.4621794803176,78.38101899367686,39.40386109136349,29.319538227921853,4.123240467148195,3.884326373605131,4,0,0,9
39,0,202.3798637033296,21.0,21.0,40.0,26.884939390196006,24.75378607633906,6.144777674852652,3.0368237570879333,0,0,0,0
39,1,202.3798637033296,19.13769878780392,19.095075721526783,49.29497058397631,26.884939390196006,24.75378607633906,6.144777674852652,6.144777674852652,0,0,0,1
39,2,193.36532536459995,18.027526051844557,17.97603329895315,57.18624997270672,25.67244403654346,18.167997011958807,7.495477395861172,6.144777674852652,0,0,1,2
39,3,157.84273047789236,18.15429655367235,19.519063773071952,65.80089793367236,27.73699280911009,20.12216252958788,7.896745782436351,7.495477395861172,0,0,1,3
39,4,132.01262684297558,18.051081748925537,20.252355525257396,74.54795436332901,28.02708980154136,20.56766814099561,7.971989398903939,7.896745782436351,0,0,1,4
39,5,92.11996692784447,18.037552940539733,19.912290890023183,68.24733443944139,25.1683850728276,23.161504238907817,7.353835021477204,7.971989398903939,1,0,1,5
39,6,59.18409741803731,18.08921160702031,19.828836981067816,62.02708949579029,27.145519492865287,21.63089748685088,5.894393142831498,7.353835021477204,2,0,1,6
39,7,31.854843879902543,18.110431567979028,19.854720063088877,57.12285246167224,30.595726720484485,25.491845312193,4.852713928245888,5.894393142831498,3,0,1,7
39,8,11.796629042881335,18.10472800552819,19.708393667860115,52.052213682910335,30.51243740408976,24.650680491677463,3.484862356305248,4.852713928245888,4,0,1,8
39,9,4.695909871767778,18.07730388560513,20.21109914249853,62.22196044491922,30.076126265468627,26.42246685680295,2.1439163266950447,3.484862356305248,4,0,1,9
40,0,75.83159668935396,21.0,21.0,40.0,26.13526509433376,24.3194108763197,2.160940524443446,5.837801084,0,0,0,0
40,1,62.86595354269328,22.122705301886675,22.086388217526395,49.08184167471762,26.13526509433376,24.3194108763197,2.160940524443446,2.160940524443446,0,0,0,1
40,2,60.22113386269328,23.161729293338023,23.21923974083672,58.78559724466917,25.789493528433376,28.120259637964104,0.44080328,2.160940524443446,0,0,0,2
40,3,55.2343907193563,24.32596246615974,24.331777208095296,68.68809690577379,26.93024659843937,28.08364040769745,0.8311238572228303,0.44080328,0,0,0,3
40,4,48.43940756170831,25.643203402158186,25.58781574043692,79.97088605803917,32.6821619570299,30.0,1.132497192941332,0.8311238572228303,0,0,0,4
40,5,35.29580636433527,26.15718460547045,26.20497186173847,75.49034743827441,28.441452112418013,30.0,1.6429501496716297,1.132497192941332,1,0,0,5
40,6,29.741443601959585,23.79237608492656,23.746712044998247,71.40867322320533,31.111879312116848,29.545486159721573,2.7771813811878427,1.6429501496716297,2,0,0,6
40,7,21.18756100252568,21.638063812904875,21.542144362767893,68.1952411822446,35.48093310577375,30.0,4.2769412997169525,2.7771813811878427,3,0,0,7
40,8,11.531996140604685,19.5389028363562,19.41033326037593,64.90998806025962,36.474598825575775,28.607328274507715,4.827782430960498,4.2769412997169525,4,0,0,8
40,9,11.317974782020976,18.039193122573547,18.02397119968421,75.29113156961272,31.2013706876807,26.47164880872539,5.245410445267625,4.827782430960498,4,0,0,9
41,0,201.0949801604965,21.0,21.0,40.0,26.44633370645822,20.839991102824285,7.741069094668894,2.819660055943652,0,0,0,0
41,1,201.0949801604965,19.128926674129165,19.016799822056488,48.51153846567085,26.44633370645822,20.839991102824285,7.741069094668894,7.741069094668894,0,0,0,1
41,2,188.36915285854357,17.91857709826939,18.13422206996007,56.28762674921613,20.533088878220013,22.66740158592044,9.475349362,7.741069094668894,0,1,0,2
41,3,144.1320296878939,19.792347424067657,18.126720089988492,66.22941385100614,31.44730754616413,23.784843019335973,9.717499517839574,9.475349362,0,1,0,3
41,4,115.2972791306114,20.444619329765125,18.0972499554182,75.49354778241509,26.90889751196228,24.558513218087423,9.011000032593229,9.717499517839574,0,1,0,4
41,5,74.0187427844542,20.03287765015254,18.073901602205357,68.89617783030266,24.92183898297999,21.75943906083988,7.644086851946499,9.011000032593229,1,1,0,5
41,6,41.525435056696935,20.02187967495777,18.09954849817676,62.96219329602333,28.383770929439788,21.982981657897223,5.783794088293858,7.644086851946499,2,1,0,6
41,7,23.361593935813023,19.930884691897543,18.063904542098253,56.72634597268575,26.094329609583674,22.595407482985337,3.228381804017276,5.783794088293858,3,1,0,7
41,8,11.72212667034929,19.7195631447749,20.22772141073166,50.42542240725408,25.46249568170993,22.865706732558507,1.4549334081829666,3.228381804017276,4,1,0,8
41,9,6.792698862102114,21.517035626475987,18.356330187138497,60.381401599806026,27.86194674585024,27.44904876832725,1.643142602749059,1.4549334081829666,4,1,0,9
42,0,126.26058920705954,21.0,21.0,40.0,29.987010434134508,19.76712411690996,3.491291263362929,5.576542457704608,0,0,0,0
42,1,105.31284162688196,22.19974020868269,21.9953424823382,48.955744219188006,29.987010434134508,19.76712411690996,3.491291263362929,3.491291263362929,0,0,0,1
42,2,98.97681297674328,20.280409106410616,23.110634775789897,58.86366113134814,33.29933263576874,21.74465020956532,2.112009550046224,3.491291263362929,0,0,0,2
42,3,85.71312863527838,23.45830713190689,22.479490835991797,68.50507916623688,30.025431641112768,23.53800188604692,2.210614056910818,2.112009550046224,0,0,0,3
42,4,69.05296009258655,24.23138089810932,24.34808328282281,77.95540148502197,30.67445793148462,21.82733272843251,2.7766947571153064,2.210614056910818,0,0,0,4
42,5,41.98534062620504,25.10566772075454,24.882685152036757,73.58822570496861,34.23491916577876,24.83632650059146,3.3834524332976885,2.7766947571153064,1,0,0,5
42,6,22.03341112435438,25.717618012486337,22.548739089506658,68.27978135329604,32.8153302518961,21.026645572145227,3.990385900370133,3.3834524332976885,2,0,0,6
42,7,11.805544197509048,21.532087236375084,22.157203227027736,63.757211228153466,37.24266403063518,20.96527971857273,5.113933463422666,3.990385900370133,3,0,0,7
42,8,0.1166221564395642,19.776058503744544,19.449500602328108,58.83529865961974,31.47026491514456,24.51910970411249,5.844461020534741,5.113933463422666,4,0,0,8
42,9,0.0,18.206406315379585,18.132782398405023,69.65944981789158,34.829675058591924,25.30449804291834,6.166486720011398,5.844461020534741,4,0,0,9
43,0,95.7037609190778,21.0,21.0,40.0,29.811094768392017,22.949714610376667,3.286918212,6.568422984102493,0,0,0,0
43,1,75.98225164707782,22.19622189536784,22.058994292207533,49.49694568817837,29.811094768392017,22.949714610376667,3.286918212,3.286918212,0,0,0,1
43,2,73.11572595042233,20.40285852530006,23.214877147489847,60.95800739355175,37.56502398388372,26.107541045968468,0.9555085655518278,3.286918212,0,0,0,2
43,3,66.90877249094416,23.683541296864917,22.66972894538073,72.50247239378896,36.323127454673454,27.81278921331106,1.0344922432463612,0.9555085655518278,0,0,0,3
43,4,57.01953581734523,23.788486474355384,23.99984484031396,69.06727349399867,34.444080987749395,29.80481401341568,1.2361545841998662,1.0344922432463612,1,0,0,4
43,5,40.03245172853154,24.807114988524145,24.589723941375883,65.78464844465249,36.39785218583333,28.698675317799022,2.1233855111017106,1.2361545841998662,2,0,0,5
43,6,20.154440223186903,25.518395758270195,22.365627750698145,61.826464693177314,36.121344844371016,25.22207875854469,3.975602301068928,2.1233855111017106,3,0,0,6
43,7,10.72327605383864,21.27644916208044,22.152626981862618,58.05886779639651,32.942434293400204,29.45980516892865,4.715582084674133,3.975602301068928,4,0,0,7
43,8,10.72327605383864,20.396072193332284,19.961911632008423,67.83651368889943,31.44280786390493,22.87744709444464,5.393763310810511,4.715582084674133,4,0,0,8
43,9,10.72327605383864,18.67073606973277,18.610863513454916,78.13993272195358,33.37362654202585,23.86759030827504,5.049292147680222,5.393763310810511,4,0,0,9
44,0,324.20994978515574,21.0,21.0,40.0,25.90418423101937,18.722284496043383,7.387351990978872,2.421659745766675,0,0,0,0
44,1,324.20994978515574,19.118083684620387,18.97444568992087,48.0327643708713,25.90418423101937,18.722284496043383,7.387351990978872,7.387351990978872,0,0,0,1
44,2,310.61727857127335,18.102624401595783,18.081417046854384,56.24820061192786,25.941797518713987,19.69951493160024,9.225697097092793,7.387351990978872,0,0,0,2
44,3,295.82144202213533,16.73012807624398,18.03630871913713,64.73567462360201,27.15978129825489,19.99285209993484,10.252409363366697,9.225697097092793,0,1,0,3
44,4,241.50762278099432,19.48846700524434,18.041675363265355,73.09240915566457,27.74691262881912,18.67939032708398,10.594897304164617,10.252409363366697,0,1,0,4
44,5,184.8019643861581,19.723054131982146,18.05458230019428,66.00402746708542,25.440185706857164,18.513249356592056,9.394529849405204,10.594897304164617,1,1,0,5
44,6,132.29818724485403,19.893778720105534,18.09129080889493,59.46259064757618,27.205655019715987,19.78636264967712,8.982134478777244,9.394529849405204,2,1,0,6
44,7,87.38802964355038,19.994493029776837,18.096220231583075,54.394801235880834,31.443991504786457,23.7349562080172,7.858073185010663,8.982134478777244,3,1,0,7
44,8,44.45438202021708,19.879900067988167,18.16818273860336,49.90255799197047,31.555746089639232,26.82068033308093,7.385160707430942,7.858073185010663,4,1,0,8
44,9,20.43622443333529,20.38630096252203,18.13343192870573,60.80417788360208,30.70631986380228,29.85823508970669,7.388889470064255,7.385160707430942,4,1,0,9
45,0,116.9111427024335,21.0,21.0,40.0,30.254637820087137,24.15019091140085,4.706471405544279,4.186657216829217,0,0,0,0
45,1,102.79172848580066,22.205092756401744,19.08300381822802,49.79286917166784,30.254637820087137,24.15019091140085,4.706471405544279,4.706471405544279,0,0,0,1
45,2,102.79172848580066,18.45073018111815,19.26984229096021,59.21313093549671,29.105258078665106,23.22952949816192,4.322788377059762,4.706471405544279,0,0,0,2
45,3,90.39757038833282,18.12115425986085,20.257271313096325,69.4489344949381,31.93629455773724,24.92928077249275,3.563578461605607,4.322788377059762,0,0,0,3
45,4,69.15645349038101,21.427554170740848,20.57067891916049,80.89909339347224,37.20700033061553,26.404993550129674,3.5401861496586355,3.563578461605607,0,0,0,4
45,5,49.5837865031819,19.05053871631247,22.17044127650514,77.93353353100517,36.858000764071846,30.0,3.914533397439822,3.5401861496586355,1,0,0,5
45,6,43.49835435537583,19.369865799480927,18.281455612739027,75.10548829916208,37.621970934205024,30.0,3.042716073903034,3.914533397439822,2,0,0,6
45,7,30.437142927730143,18.08416290822453,20.24906126182275,71.7667560864561,34.784821040522374,30.0,2.153209009614372,3.042716073903034,3,0,0,7
45,8,20.713323154387144,18.11004587187218,19.909953108783807,68.6458599134639,36.39342691166532,29.601594349489066,1.7957900248533507,2.153209009614372,4,0,0,8
45,9,18.48470818891792,18.095673744274528,17.986405538107515,79.56705525498317,35.31991162187953,25.353395831005383,2.6657300580809933,1.7957900248533507,4,0,1,9
46,0,148.00716232733578,21.0,21.0,40.0,29.4495500706672,18.6187221624415,5.635608556225983,5.565058434578892,0,0,0,0
46,1,131.10033665865782,22.188991001413346,18.97237444324883,48.652289001959566,29.4495500706672,18.6187221624415,5.635608556225983,5.635608556225983,0,0,0,1
46,2,131.10033665865782,18.533868661879264,19.173555945127934,58.98074213288544,36.822589690922285,20.557705480888096,5.831586942675515,5.635608556225983,0,0,0,2
46,3,123.04075485663066,18.08203846148924,18.20320209013505,70.21273960173126,33.221464617825134,29.178521320207217,6.267322567,5.831586942675515,0,0,0,3
46,4,87.22714227899934,18.09593431303624,18.135111387302008,66.43777915219192,32.46862777867955,29.89270305721302,6.462576782285655,6.267322567,1,0,0,4
46,5,57.33495072099456,18.10142774392861,18.042187210059343,62.18454170675725,33.87532048638328,25.828915927868483,5.687057486757116,6.462576782285655,2,0,0,5
46,6,33.19199959463359,18.128195240253344,18.03329396002002,56.83303282732503,32.01583273682822,21.586895710770563,4.504129683,5.687057486757116,3,0,0,6
46,7,14.015436463324347,18.141813779615745,18.101761795309532,52.097997346696445,32.298626710154295,24.728953953020262,3.504313734429956,4.504129683,4,0,0,7
46,8,10.471194900552527,18.080682992819696,17.99506489794479,61.73241048108606,31.33075541544981,22.19376199782585,1.610558178501727,3.504313734429956,4,0,1,8
46,9,6.662483404791214,18.06851474689281,19.62199581130254,71.4669062627603,30.69194989342392,23.388582226988508,0.8803954859311962,1.610558178501727,4,0,1,9
47,0,113.5724638536214,21.0,21.0,40.0,29.243793583307443,15.3766626812058,2.378815055016228,4.777329732,0,0,0,0
47,1,99.29957352352402,22.18487587166615,21.90753325362412,48.03168212761239,29.243793583307443,15.3766626812058,2.378815055016228,2.378815055016228,0,0,0,1
47,2,89.09961369680718,23.213988604646737,22.94936572422585,56.722048942239184,32.835549464245176,15.444266172570392,1.6999933044528066,2.378815055016228,0,0,0,2
47,3,74.06820546130552,24.29187574336426,24.14375404301901,66.38823872544538,32.53824128736074,21.16281306378475,2.505234705916943,1.6999933044528066,0,0,0,3
47,4,56.669443331954405,25.560245101098648,25.39241101423871,76.96485072415244,34.68624269827398,24.0727128500986,2.899793688225188,2.505234705916943,0,0,0,4
47,5,27.34786640371992,26.089372079233463,26.00344806042405,72.31502567721274,32.15734210240793,25.3436298590382,3.665197116029311,2.899793688225188,1,0,0,5
47,6,19.684261822650395,23.690847261559043,23.596958822768155,68.15343730493164,33.09834007672874,27.11505785504288,3.83180229053476,3.665197116029311,2,0,0,6
47,7,11.393177408797865,21.40627835604459,21.329943337446142,62.97951149367324,29.907189280175064,24.682111768389365,4.145542206926265,3.83180229053476,3,0,0,7
47,8,2.8804071781323417,19.25615418471527,19.15870190985838,58.48112885793641,32.179978856086194,26.16233983426476,4.256385115332762,4.145542206926265,4,0,0,8
47,9,0.0,18.11843862694813,18.107170486288545,69.24847569432066,33.283976898865824,26.534616636602195,4.491674244651945,4.256385115332762,4,0,0,9
48,0,152.24546554858844,21.0,21.0,40.0,32.077185826254336,16.38042125620044,6.6251186068522285,7.473919274,0,0,0,0
48,1,152.24546554858844,19.241543716525086,18.92760842512401,48.72236927484186,32.077185826254336,16.38042125620044,6.6251186068522285,6.6251186068522285,0,0,0,1
48,2,144.91497694377568,18.226416327635064,18.235434655966607,60.288923274639885,37.868272213754224,26.39036111845704,5.5964268643967054,6.6251186068522285,0,0,0,2
48,3,131.3500827411441,18.03138229940187,18.13564633640169,71.65513787772619,33.97693430189244,29.16870238192036,5.965579643828574,5.5964268643967054,0,0,0,3
48,4,102.16663239386912,18.12076881913398,18.087748100117885,67.7651249279533,34.14562607144157,27.576524207597902,5.175895917,5.965579643828574,1,0,0,4
48,5,74.44780791791206,18.18444149953532,18.140345612885465,64.45388692794833,34.93756666663909,30.0,5.178223382386878,5.175895917,2,0,0,5
48,6,50.39431017290118,18.21371674362008,18.12178591598707,61.04699178317257,35.346998739268926,29.05913934531021,4.6659872244714125,5.178223382386878,3,0,0,6
48,7,28.4343672195302,18.16452156141813,18.11435535990015,57.89727693458062,35.834917507822496,30.0,4.243618137237089,4.6659872244714125,4,0,0,7
48,8,18.800236427769416,18.095943097843204,18.074369954974777,68.58430850096644,33.11499719058823,26.257400400444176,4.488369370698809,4.243618137237089,4,0,0,8
48,9,7.381396307945292,18.01558439773188,18.025743937908302,78.03024471339863,28.860722601873697,23.61670080052735,4.351844173529709,4.488369370698809,4,0,0,9
49,0,95.67777264347583,21.0,21.0,40.0,34.66788230859014,19.37149424433721,3.935726773728825,7.358534679,0,0,0,0
49,1,72.06341200110288,22.293357646171803,21.987429884886744,49.727087779526926,34.66788230859014,19.37149424433721,3.935726773728825,3.935726773728825,0,0,0,1
49,2,66.17418379870854,20.37635369628029,23.188453127442244,60.504661961080224,36.92967849045933,22.945733629281232,1.9630760674647807,3.935726773728825,0,0,0,2
49,3,60.46606641087904,23.7227524097114,22.54110663742589,71.6731498827881,39.473976133722616,22.573178986876645,0.9513528979715836,1.9630760674647807,0,0,0,3
49,4,50.77724311294415,23.81137404993057,23.91281324785723,68.38488551144147,38.858962312456505,26.206235624506657,1.2111029122418622,0.9513528979715836,1,0,0,4
49,5,34.13704171209632,24.79881158885856,24.51837108213229,64.9049206686532,38.25031634262834,25.74987897521464,2.080025175105979,1.2111029122418622,2,0,0,5
49,6,17.088938882623278,25.458147444108505,22.393760008749755,61.302908109351634,35.37406590857813,27.9480865397465,3.409620565894609,2.080025175105979,3,0,0,6
49,7,8.724417189982507,21.302623365830787,22.13572156740252,57.87887037067473,34.310901451794976,30.0,4.182260846320386,3.409620565894609,4,0,0,7
49,8,8.724417189982507,20.42260813618948,20.106484916768675,69.12142211848368,32.88415438431264,29.574466436848137,4.249714388,4.182260846320386,4,0,0,8
49,9,8.724417189982507,18.759502103283005,18.7402249411958,80.00200355945657,33.0766905338719,27.37098413819972,4.513349779310955,4.249714388,4,0,0,9
50,0,51.36571147792231,21.0,21.0,40.0,29.218066717050583,15.959486398172444,2.0654438238572403,2.993402286830668,0,0,0,0
50,1,38.97304853477887,22.184361334341013,21.91918972796345,48.13195956074014,29.218066717050583,15.959486398172444,2.0654438238572403,2.0654438238572403,0,0,0,1
50,2,32.244961624083366,23.083306577859567,23.030763539507923,56.28851878200612,25.95947195458388,19.354745941338184,1.121347818449251,2.0654438238572403,0,0,0,2
50,3,24.82212671589327,24.20593716230576,24.046252604172626,64.70295049925963,27.759608177781093,18.98723469584954,1.2371391513650158,1.121347818449251,0,0,0,3
50,4,21.70496386389859,25.331756275060844,25.32261228108513,74.08083862647376,27.475923277652807,24.62345520687017,0.5195271419991128,1.2371391513650158,0,0,0,4
50,5,20.137709078760853,26.00384104180788,25.70694999625326,68.40888089461693,33.40208461630324,18.420372428936545,0.1959068481422173,0.5195271419991128,1,0,0,5
50,6,18.484713102685284,23.46112868189592,26.33835796117833,62.9468532739899,31.79031858007983,21.198416860881103,0.3305991952151142,0.1959068481422173,2,0,0,6
50,7,11.785041929480574,26.036500122950955,21.97256354741329,57.88389272874197,32.62208216813495,22.58369258048766,1.3399342346409415,0.3305991952151142,3,0,0,7
50,8,0.0,21.101630627987856,25.07961718078353,53.57301550810931,35.721868217105595,23.662147223824093,2.3570083858961146,1.3399342346409415,4,0,0,8
50,9,0.0,21.90093471626325,20.66938567426498,64.30648354143992,30.769015885463187,28.861362077484664,2.969739150353873,2.3570083858961146,4,0,0,9
51,0,79.59970627602385,21.0,21.0,40.0,30.64393802657934,20.32068332507236,3.015526451626599,6.171850198506405,0,0,0,0
51,1,61.50654756626426,22.212878760531588,22.006413666501448,49.17363184329731,30.64393802657934,20.32068332507236,3.015526451626599,3.015526451626599,0,0,0,1
51,2,56.20332899559528,23.188444493709333,23.144704888546872,58.36439939426033,28.17188819807372,22.88793152949864,0.8838697617781637,3.015526451626599,0,0,0,2
51,3,50.185967125812496,24.314326527648763,24.193220215987488,67.30250186033605,28.18376723601623,21.472357575515527,1.0028936449637966,0.8838697617781637,0,0,0,3
51,4,45.1366241728828,25.52912013960741,25.42755782653129,77.33278316250609,31.30924767039048,24.41453734166527,0.8415571588216164,1.0028936449637966,0,0,0,4
51,5,35.33423291392559,26.060923041575816,25.99232941662017,72.29427199092166,30.14736027311659,25.19424432919215,1.2252989073696512,0.8415571588216164,1,0,0,5
51,6,26.9921270562791,23.53604987364828,26.534991664462343,66.5023009225298,26.11876556017168,25.03695072654021,1.6684211715292987,1.2252989073696512,2,0,0,6
51,7,9.68612992732383,26.06988778859958,22.16992108620241,61.316452567426936,27.268636475760243,27.254428218112764,3.4611994257910537,1.6684211715292987,3,0,0,7
51,8,0.0,21.002708408009944,22.239468538668245,55.68490143200977,24.35421606980689,27.6927220667644,4.843064963661915,3.4611994257910537,4,0,0,8
51,9,0.0,20.02801985801973,19.69252233244153,64.57683964769254,23.81156553641412,25.58809121737903,5.062932254006196,4.843064963661915,4,0,0,9
52,0,162.48276589167955,21.0,21.0,40.0,26.97908180760525,21.78795921492037,5.487051280769098,5.792119723600514,0,0,0,0
52,1,146.0216120493723,22.139581636152105,19.03575918429841,48.77806738405461,26.97908180760525,21.78795921492037,5.487051280769098,5.487051280769098,0,0,0,1
52,2,146.0216120493723,18.402261972379872,19.295674509116385,58.90792684149646,29.081853463384,27.19514352240409,5.474302849034235,5.487051280769098,0,0,0,2
52,3,139.5247005543082,18.042934749555823,18.12278250266636,69.09421805826933,27.508896327301755,29.081610432547564,5.031784312788423,5.474302849034235,0,0,0,3
52,4,128.18209878883638,18.13760989259332,18.09766964577733,79.71334180498685,32.88090113399442,26.11423079221399,4.887322591539923,5.031784312788423,0,0,0,4
52,5,102.82344960744672,18.249638120677268,18.02826178534007,75.63159575635507,37.35336772691018,23.303598669579863,4.724393558605451,4.887322591539923,1,0,0,5
52,6,77.6439158777948,18.166604969632875,18.12463865672325,72.3691193477669,38.4289474623262,26.779516934406207,4.901636775385383,4.724393558605451,2,0,0,6
52,7,49.52189532722893,18.106547222120643,18.068374970428177,68.35947471385508,37.22669584772122,23.8308339638798,5.401596740240587,4.901636775385383,3,0,0,7
52,8,19.89891882018185,18.1966648403796,18.15751807246062,65.39989355374281,39.69263163843063,27.198584138723422,5.221270872074358,5.401596740240587,4,0,0,8
52,9,9.018986595619282,18.20475551388276,18.093432440142028,77.60205693291513,38.70926911843311,29.08052743252425,4.516298223514285,5.221270872074358,4,0,0,9
53,0,148.97486102763713,21.0,21.0,40.0,32.15040635947739,16.98588571567614,5.906667666199581,6.967597182107072,0,0,0,0
53,1,131.2548580290384,22.243008127189547,18.939717714313524,48.84453257352764,32.15040635947739,16.98588571567614,5.906667666199581,5.906667666199581,0,0,0,1
53,2,131.2548580290384,18.306222366936527,19.18115716238843,57.019560790902105,25.609719925201645,19.8071035046565,5.369467027425401,5.906667666199581,0,0,0,2
53,3,123.87422463342116,18.13446506219765,18.16148836672033,66.31541134258637,26.723253109882407,24.9203610661413,4.316539115878264,5.369467027425401,0,0,0,3
53,4,109.9507243693943,18.087062962955144,19.852113147829865,75.45780786772124,29.276966697170145,21.514125109134675,3.419674861677416,4.316539115878264,0,0,0,4
53,5,82.15963209717964,20.4791704348862,19.82109998648769,70.08422339310297,29.95392794946264,23.526158302658114,3.473886534026832,3.419674861677416,1,0,0,5
53,6,60.01137465505771,21.250521477445368,18.33861629847839,65.15427296328825,30.705517754344644,25.239202080017986,4.429651488424386,3.473886534026832,2,0,0,6
53,7,48.71270984090136,18.02075747685344,18.374974725203373,60.29412384867626,27.31391237481465,29.01859254400765,4.424865992195785,4.429651488424386,3,0,0,7
53,8,26.23974542602796,17.968884146670693,18.08470299007829,54.38601950436998,23.082586011808587,27.427945408712063,4.084651291384853,4.424865992195785,4,1,0,8
53,9,10.569402876100504,19.65219210690004,18.166994085744093,63.98473298760358,25.170508358217145,28.15567765974726,3.490175091142972,4.084651291384853,4,1,0,9
54,0,115.20286757903216,21.0,21.0,40.0,33.19546111629865,19.02161508290255,4.268166451987251,7.251146528503431,0,0,0,0
54,1,89.59386886710867,22.26390922232597,21.98043230165805,49.39907371585622,33.19546111629865,19.02161508290255,4.268166451987251,4.268166451987251,0,0,0,1
54,2,81.52674128322255,20.26740045700825,23.17255831872765,59.34822812283336,32.133670381405466,23.139409657356428,2.6890425279620382,4.268166451987251,0,0,0,2
54,3,73.57483185792502,23.48183408108055,22.489378201939672,68.8941643561793,29.539202552698423,23.493776521445675,1.325318237549589,2.6890425279620382,0,0,0,3
54,4,66.14408035926913,24.2045554322724,24.428571242174105,78.55679316410934,28.6836594235974,24.997611731569428,1.2384585831093164,1.325318237549589,0,0,0,4
54,5,51.65113855259054,25.04631481206001,24.90624036968377,73.43277196716197,29.25501693806712,25.61153196778081,1.8116177258348232,1.2384585831093164,1,0,0,5
54,6,28.26147974310801,25.64310866342733,25.66588334142623,68.79800303871937,29.27349989995337,28.311117164254465,2.923707351185316,1.8116177258348232,2,0,0,6
54,7,19.13361955931203,23.20076975711597,23.202351599419387,64.05456823859902,28.280102745977533,28.7008150311316,4.563930091897991,2.923707351185316,3,0,0,7
54,8,8.610229334551637,20.958776187217715,20.76992279062814,59.67888428165056,34.22146010594014,24.802517911012835,5.261695112380197,4.563930091897991,4,0,0,8
54,9,8.610229334551637,19.340497677486017,19.23358908099127,70.51189515701944,34.18081226281503,26.002581489234323,4.767790069613863,5.261695112380197,4,0,0,9
55,0,97.57538046132122,21.0,21.0,40.0,28.997468520857502,17.531056450986682,3.4418711599988705,5.760294626200038,0,0,0,0
55,1,76.924153501328,22.17994937041715,21.950621129019734,48.37513449493196,28.997468520857502,17.531056450986682,3.4418711599988705,3.4418711599988705,0,0,0,1
55,2,69.93163293134634,20.084016654802014,22.974373789042254,55.81171921371631,25.11821322887552,16.196146319926427,2.330840189993881,3.4418711599988705,0,0,0,2
55,3,62.12745365554196,23.2138300797954,22.245796708926516,63.84408948669963,24.83529541209621,19.7889838822556,1.3006965459673971,2.330840189993881,0,0,0,3
55,4,53.83765679554195,23.994519597381107,24.18698054514503,73.58592201116268,29.509372488704827,24.611919313867688,1.38163281,1.3006965459673971,0,0,0,4
55,5,41.1929553681008,24.86728446758366,24.609174638329897,67.83521104029828,30.70175814849115,20.68318090226213,1.5805876784301445,1.38163281,1,0,0,5
55,6,28.253078346363832,25.44754268501744,25.31511253581601,62.139789269899495,31.09262808722004,20.599473188342312,1.617484627717121,1.5805876784301445,2,0,0,6
55,7,19.866979168452087,25.927333837121424,25.931724947301145,56.92511927132696,28.064920590705103,26.29802386166976,1.0482623972389682,1.617484627717121,3,0,0,7
55,8,0.0,26.34851056442061,26.32834718327637,52.88977107715232,30.928517329550584,29.98621492503469,2.483372396056511,1.0482623972389682,4,0,0,8
55,9,0.0,24.254947735006144,24.079048818872163,62.88188407533622,32.30456770133104,23.207171177468403,3.4207754607158347,2.483372396056511,4,0,0,9
56,0,256.35876189262063,21.0,21.0,40.0,26.61957445211669,15.038631154240514,7.728012001146649,4.456424009021792,0,0,0,0
56,1,256.35876189262063,19.13239148904233,18.90077262308481,47.498477009144295,26.61957445211669,15.038631154240514,7.728012001146649,7.728012001146649,0,0,0,1
56,2,242.7669746382692,18.099107167266112,18.04123746285629,55.639999136544205,27.628218140827848,17.6024603447272,9.11409239217624,7.728012001146649,0,0,0,2
56,3,228.36122694041887,16.750608788304785,18.0584326999767,64.42997740001478,29.44196293618293,19.39124963865361,9.658710879041282,9.11409239217624,0,1,0,3
56,4,181.0426403616746,19.628957564316067,18.128029293385197,74.73748651677562,33.800510476306364,23.46342906125385,9.281501885279614,9.658710879041282,0,1,0,4
56,5,132.02571895345562,19.89176954524424,18.062401155271,69.37711504208232,29.17798008029097,24.37551172696851,8.427360631162706,9.281501885279614,1,1,0,5
56,6,88.72646060766957,20.07712551014793,18.170599243884045,65.37248397278688,33.60769767060292,27.47768527775572,7.640240941018946,8.427360631162706,2,1,0,6
56,7,54.526476220491645,20.06100153802564,18.10772554901392,60.70419602543747,29.63996201691753,27.758438275585707,6.204195168096462,7.640240941018946,3,1,0,7
56,8,24.887273364621574,19.973790779846183,18.151808163583496,56.8326384470157,34.90749453588269,26.91718558399636,5.152994330215695,6.204195168096462,4,1,0,8
56,9,10.465388431754626,20.43451845923617,18.100164780864404,67.27461848567069,32.20007127223505,25.810928942514856,4.441829557691886,5.152994330215695,4,1,0,9
57,0,188.39309153385355,21.0,21.0,40.0,31.569373378022984,21.37348539219084,7.598820827,6.0967536474952775,0,0,0,0
57,1,188.39309153385355,19.23138746756046,19.027469707843817,49.52971457863849,31.569373378022984,21.37348539219084,7.598820827,7.598820827,0,0,0,1
57,2,178.75705541303526,18.1926944539036,18.015797482920117,58.99671951399151,33.931903163682385,18.662568699389933,7.96998135,7.598820827,0,0,0,2
57,3,157.82751673282297,18.190442201725837,18.186562931866284,70.36698002501147,38.11332586574945,25.05478808436148,7.719059936407361,7.96998135,0,0,0,3
57,4,121.7732454365937,18.196277045227585,18.12933990017,68.09948286008137,41.91243799745935,28.823688864040044,6.693848707607271,7.719059936407361,1,0,0,4
57,5,92.34114655825394,18.016074709711432,18.02008808710464,64.04582293097403,34.41768733470548,26.39531305914268,5.838037227263794,6.693848707607271,2,0,0,5
57,6,64.85682653052677,18.106557645186445,18.11170811546144,60.69539360891858,35.51896376345633,29.200873336235624,5.194225076969724,5.838037227263794,3,0,0,6
57,7,39.74940721778678,18.16671631800842,18.114148533433102,58.05852190495935,39.86517393587248,28.81887215324292,4.804940062676389,5.194225076969724,4,0,0,7
57,8,29.71367870181966,18.18864031683983,18.116591991392205,70.93260765234623,41.52269859659381,30.0,4.927712319463442,4.804940062676389,4,0,0,8
57,9,0.0,18.248925277090777,18.021771974759684,68.27562504567614,42.39978992351935,26.17252892831344,5.1142726708158985,4.927712319463442,5,0,0,9
58,0,181.3032586476799,21.0,21.0,40.0,25.37415128584443,15.58139350111973,6.931968185400623,4.269489586438487,0,0,0,0
58,1,181.3032586476799,19.10748302571689,18.9116278700224,47.37199806165355,25.37415128584443,15.58139350111973,6.931968185400623,6.931968185400623,0,0,0,1
58,2,169.49823844948773,18.151428468339883,18.03142609310465,55.1639269229165,28.15605093014989,15.1324427435332,7.446575945898799,6.931968185400623,0,0,0,2
58,3,149.43541304925694,18.00783866374542,18.0311512967636,62.57878070861791,24.36715104550054,16.826481097285097,7.074442748072419,7.446575945898799,0,0,0,3
58,4,132.18492966118754,18.154091561341,18.0551686319772,71.6160910621403,30.4921336234914,19.715146118299657,6.674299196334497,7.074442748072419,0,0,0,4
58,5,95.6374653194886,18.127101950279588,18.075884050221475,66.10038376336107,32.25631431277226,20.434200694009803,6.6748101,6.674299196334497,1,0,0,5
58,6,61.59305253076233,18.130839565614316,18.073586674154942,61.24132316269544,33.11728453868787,23.22126767983641,6.429578820330066,6.6748101,2,0,0,6
58,7,35.27866404970791,18.09454287819564,18.04658170182366,56.65363319619957,34.339751497315454,23.50641535548529,4.951146175083752,6.429578820330066,3,0,0,7
58,8,10.299143090623671,18.169920264897623,18.09457327939557,52.1622795184572,33.382480980706234,24.99888747628065,4.318396302,4.951146175083752,4,0,0,8
58,9,0.0,18.114493294381617,18.058428438398312,62.81659382483774,34.874615162463826,24.31601987298364,4.060415708,4.318396302,4,0,0,9
59,0,223.7933770487651,21.0,21.0,40.0,26.483845303341628,21.9133357931149,7.0424736869756295,2.341308708694496,0,0,0,0
59,1,223.7933770487651,19.129676906066837,19.0382667158623,48.711492597362174,26.483845303341628,21.9133357931149,7.0424736869756295,7.0424736869756295,0,0,0,1
59,2,212.07341970376817,18.09317893639895,18.08934886467834,58.20483748574591,30.00638194150466,22.73442299396057,9.287013822977675,7.0424736869756295,0,0,0,2
59,3,197.44517155043255,16.761454830086475,18.086034638620006,67.81309986597785,28.629846433613373,24.74938901211956,10.440992996153298,9.287013822977675,0,1,0,3
59,4,149.58330480586048,19.553191894733494,18.04401322979153,77.0846062841517,29.021478211153376,22.48689077870142,9.536350687728076,10.440992996153298,0,1,0,4
59,5,102.85339063972656,19.832407013510835,18.052923087832408,71.30524323596127,29.86682044516908,21.3589403982174,7.8697445519273215,9.536350687728076,1,1,0,5
59,6,68.00179418182606,19.97093153889733,18.134173193104992,66.0295925161308,29.47277910723153,24.55138356037698,6.084613301747831,7.8697445519273215,2,1,0,6
59,7,42.05777136929403,19.997678523118,18.13797238863092,61.30359906051655,29.159502363666185,27.918311771810146,4.621233719129699,6.084613301747831,3,1,0,7
59,8,19.4049652444902,19.84667374765605,18.03379691035731,56.22466276926629,28.59408296148077,26.522937642684443,3.994757060864592,4.621233719129699,4,1,0,8
59,9,8.64994323896015,20.317957104752303,18.12730603900108,66.37004875001952,31.81909662767957,24.54415882094948,3.153054951332821,3.994757060864592,4,1,0,9
60,0,204.9960365639462,21.0,21.0,40.0,28.238716441256617,21.80676443699532,5.895737675284039,6.303220308711328,0,0,0,0
60,1,187.3088235380941,22.16477432882513,19.036135288739903,49.00818655808535,28.238716441256617,21.80676443699532,5.895737675284039,5.895737675284039,0,0,0,1
60,2,187.3088235380941,18.411382437637965,19.235085838938787,58.46772491462403,29.14870320294833,23.404287666710992,5.250696485511845,5.895737675284039,0,0,0,2
60,3,179.6969600197913,18.20625049395542,18.00924529435698,68.62479738434843,34.0953042363352,22.33287615102256,5.474109280589384,5.250696485511845,0,0,0,3
60,4,166.61720025905134,18.131296752702436,18.10433059871607,79.24803777192119,33.70085846057591,25.31714369260612,5.747043852998098,5.474109280589384,0,0,0,4
60,5,135.75504477600902,18.00845058617602,18.098582068674965,74.64018878346063,29.90805416287307,27.82611812345712,5.873052932573664,5.747043852998098,1,0,0,5
60,6,103.51661668874884,18.035677534030427,18.04420227167529,69.32062437552506,27.072974659652346,26.707223074038943,6.073615911555651,5.873052932573664,2,0,0,6
60,7,65.04829361027844,18.115087178876266,18.088975972317428,64.16814347551414,27.903639545750966,26.80479989863286,6.927993398249087,6.073615911555651,3,0,0,7
60,8,26.42984811380473,18.13392773414193,18.16000994876473,60.04456199225601,30.42454731523256,30.0,6.755752328717398,6.927993398249087,4,0,0,8
60,9,11.561554851894591,18.079817726651815,18.09321059311157,70.70716131173559,29.236662885997664,30.0,5.925602710703807,6.755752328717398,4,0,0,9
61,0,80.6279835081575,21.0,21.0,40.0,34.80509278865018,22.839674169226885,5.284903714037762,7.108807753091166,0,0,0,0
61,1,64.77327236604421,22.296101855773006,19.05679348338454,50.37605805241788,34.80509278865018,22.839674169226885,5.284903714037762,5.284903714037762,0,0,0,1
61,2,64.77327236604421,18.65687915529114,19.412977266726784,62.41500537302776,38.833880342049866,28.04916032800504,3.560243604240781,5.284903714037762,0,0,0,2
61,3,51.71523460014145,20.871217764762186,20.463846601372552,73.73343941951991,35.95363782256288,26.92655132461576,2.176339627650459,3.560243604240781,0,0,0,3
61,4,49.75254688333898,21.648188938058,21.629919794560927,70.35370487777418,35.790527474666575,28.766502848968244,0.2453359646003092,2.176339627650459,1,0,0,4
61,5,43.05713803533898,22.58744342839728,22.620594399515568,65.90467282515172,28.616488596541927,30.0,0.836926106,0.2453359646003092,2,0,0,5
61,6,32.50848176352434,23.617678296871077,23.53864437689304,62.32647048293467,33.45443143212744,30.0,1.3185820339768304,0.836926106,3,0,0,6
61,7,9.832967522896618,24.47639526696223,24.366055447600544,59.17362148688558,36.26000267262987,29.557502904875232,2.834439280078465,1.3185820339768304,4,0,0,7
61,8,9.832967522896618,22.81563987761949,22.68426608619704,71.38023260365115,38.01914653290039,29.79535967135276,3.795817377692595,2.834439280078465,4,0,0,8
61,9,0.0,20.418215965804738,20.301958654118323,68.58125764566951,37.78347245565754,30.0,4.916483761448309,3.795817377692595,5,0,0,9
62,0,133.35517349943402,21.0,21.0,40.0,26.99117210300796,17.055563209259258,4.462930448893935,6.577737058525979,0,0,0,0
62,1,106.5775908060704,22.13982344206016,21.941111264185185,47.9284123562081,26.99117210300796,17.055563209259258,4.462930448893935,4.462930448893935,0,0,0,1
62,2,106.5775908060704,20.12824986374404,20.01224191925877,56.5059590522708,28.21705854636809,19.43597865398028,3.788765335727567,4.462930448893935,0,0,0,2
62,3,97.56337865656884,18.641245187257468,21.44503856520028,66.81322115169249,34.40650874457375,22.85605847443565,3.004737383167191,3.788765335727567,0,0,0,3
62,4,80.80742536292665,22.300261920231392,21.19386264204887,77.89275204768235,37.40800633107499,24.14494309109093,2.792658882273697,3.004737383167191,0,0,0,4
62,5,57.68378790793532,22.615348773042733,22.69359824062411,72.60217444658909,33.312375671575445,20.62885987790645,2.890454681873916,2.792658882273697,1,0,0,5
62,6,38.74736650793532,23.554284465132284,20.45677874203373,66.89927250038184,27.67604444225004,23.974500301043022,3.78728428,2.890454681873916,2,0,0,6
62,7,28.520189681411956,19.49292946185641,20.36054345800247,62.32222503144229,30.49358893919986,27.41170290002481,5.113588413261682,3.78728428,3,0,0,7
62,8,14.842785448838866,18.162623336878404,18.120624878449625,58.07205235777965,33.160499747933585,26.560763176162883,5.616341519197003,5.113588413261682,4,0,0,8
62,9,0.0,18.11102273622665,18.114704674490117,68.76321323880433,32.751633619812885,26.64370460810192,5.779208970750829,5.616341519197003,4,0,0,9
63,0,167.36213540687285,21.0,21.0,40.0,28.010417639701927,24.12407232294737,3.960863727164933,3.658086718561216,0,0,0,0
63,1,155.47954422537805,22.16020835279404,19.08248144645895,49.38420819327688,28.010417639701927,24.12407232294737,3.960863727164933,3.960863727164933,0,0,0,1
63,2,143.81327063637804,18.55349764375509,22.26064831687776,60.01442623464805,34.9325684176997,24.12419847880682,3.888757863,3.960863727164933,0,0,0,2
63,3,131.38752563499972,19.439077785300668,21.2334210371246,70.14102512497406,30.46723001799835,25.79165270603508,4.141915000459443,3.888757863,0,0,0,3
63,4,122.20703011279473,18.548062926267303,18.104661357823392,64.94477145442086,29.17909350449297,25.286163881322544,4.225269023746716,4.141915000459443,1,0,0,4
63,5,101.65903388045632,18.079576575980912,18.09998787997501,60.11799824839143,30.024544838673823,26.49338179449605,4.129135117076903,4.225269023746716,2,0,0,5
63,6,66.96325104390806,19.464825501399798,18.093358068444203,55.15787682577576,29.04799003102562,26.72911317666512,5.193176005,4.129135117076903,3,0,0,6
63,7,42.09530452782606,18.1544252874956,18.125784261144208,51.45446974829319,33.05413687780154,29.70471269173977,6.010732625,5.193176005,4,0,0,7
63,8,27.88736035634849,18.25126347302898,18.109478200605995,63.69478743074487,38.001764902509294,30.0,6.568302135683668,6.010732625,4,0,0,8
63,9,11.414338764852936,18.197174692082186,18.16445160235492,76.16593587200191,39.28415800698361,30.0,6.760420824402143,6.568302135683668,4,0,0,9
64,0,344.23220101833306,21.0,21.0,40.0,34.4068780681242,19.315241752097823,5.533428652391688,2.363734999653362,0,0,0,0
64,1,344.23220101833306,19.28813756136249,18.98630483504196,49.669981567639965,34.4068780681242,19.315241752097823,5.533428652391688,5.533428652391688,0,0,0,1
64,2,335.3513692411935,18.01506981214875,18.08889042356711,58.9116145419689,29.559765129886983,21.78264028305155,7.961128980729184,5.533428652391688,0,0,0,2
64,3,308.7641038469408,18.088742667214643,18.187317920013,69.3844441622538,31.444645679141026,26.737741100219523,9.481031155821697,7.961128980729184,0,0,0,3
64,4,287.8275374568965,18.139307449381107,18.08491867098794,79.96584543286346,32.72066660719193,26.06489600730617,9.453667639875276,9.481031155821697,0,0,0,4
64,5,254.13928345987995,16.453943904006408,18.03176134096536,74.75088806579403,30.92476841434141,23.436579546384007,9.077297849175002,9.453667639875276,1,1,0,5
64,6,206.52652997488,18.91195907116922,15.37208796321031,69.17309889093849,27.83595476940409,24.50966092584292,9.522550697,9.077297849175002,2,1,1,6
64,7,131.87448879887995,17.943339584841944,19.009145332124376,63.27599039553641,25.18969936262513,25.3819201073633,9.331505147,9.522550697,3,1,1,7
64,8,67.15302407887994,19.7385278371954,19.461452448854963,58.69199337293775,27.866683207785176,30.0,8.09018309,9.331505147,4,1,1,8
64,9,28.04110558936187,21.093591303236074,21.188847338661244,69.38279260263042,29.39332905384817,30.0,6.518653081586344,8.09018309,4,1,1,9
65,0,129.90095399201638,21.0,21.0,40.0,34.33634858119019,18.15807638443375,5.179411705528362,4.370684638871349,0,0,0,0
65,1,114.3627188754313,22.286726971623803,18.96316152768868,49.44899649381231,34.33634858119019,18.15807638443375,5.179411705528362,5.179411705528362,0,0,0,1
65,2,114.3627188754313,18.526622244032023,19.24562293745361,59.64379805237667,35.27061671220827,21.3671697242604,5.154878306542354,5.179411705528362,0,0,0,2
65,3,109.05146675689484,18.043779515421424,18.14444556355209,69.876799888758,30.188036044000228,26.661974158118323,4.277698521681051,5.154878306542354,0,0,0,3
65,4,93.52211868493887,18.012830624061312,19.89741402258543,79.51489388472899,26.78958934655997,26.75537729772327,3.801989064069521,4.277698521681051,0,0,0,4
65,5,80.3896569883577,18.188798493874945,18.089612639534163,75.35256374644435,33.73403645198226,26.47524055754748,3.393755927491692,3.801989064069521,1,0,0,5
65,6,54.48699820385296,19.594279427123197,18.14509588632636,71.19679617058634,34.19361476201069,26.052120927667072,3.875386419940792,3.393755927491692,2,0,0,6
65,7,39.19302441360034,18.09073838481204,18.07770309346996,66.44168188349035,32.471788130164946,24.444243608190643,3.843409162914415,3.875386419940792,3,0,0,7
65,8,19.28832476017052,18.179326962980188,18.166266766099294,63.41527386791516,36.92507513063641,29.59488033839036,3.505467384,3.843409162914415,4,0,0,8
65,9,12.937593946613164,18.02167961107695,17.985369368729963,73.37401221072687,31.570682938250407,23.75564118848134,2.6741063870713115,3.505467384,4,0,1,9
66,0,88.96211890284545,21.0,21.0,40.0,29.31504360639344,20.614515398284745,3.9894221197129087,6.489086375840484,0,0,0,0
66,1,65.025586184568,22.18630087212787,22.012290307965696,48.98732062084207,29.31504360639344,20.614515398284745,3.9894221197129087,3.9894221197129087,0,0,0,1
66,2,58.26852029015485,20.31291345097345,23.164392481822077,59.64317722686864,34.61770514340814,24.58149822340617,2.2523552981377137,3.9894221197129087,0,0,0,2
66,3,57.872813930154855,23.581832271508503,22.45724247734844,69.49736368056205,34.10139227178551,20.64408802651121,0.06595106,2.2523552981377137,0,0,0,3
66,4,51.54347891696855,24.26519022288311,24.464454341178044,79.4789675217465,31.179497835450704,24.27385683779628,1.0548891688643838,0.06595106,0,0,0,4
66,5,35.760030297169145,25.12769326876213,24.975426556740143,74.92823321274687,31.33792494389403,26.7135511172192,1.9729310774749265,1.0548891688643838,1,0,0,5
66,6,24.974354453883368,25.80548970072341,22.769243928279323,71.46556528720303,34.096289302534245,30.0,2.157135168657155,1.9729310774749265,2,0,0,6
66,7,6.744169664375995,24.606530610184528,25.4348813128948,67.61423843037014,33.03161223437124,28.905460783223774,2.2787730986884216,2.157135168657155,3,0,0,7
66,8,3.1375042766203727,22.779627304183048,22.387087858291643,64.71054654607507,37.20171175391626,30.0,1.8033326938778111,2.2787730986884216,4,0,0,8
66,9,3.1375042766203727,20.85234546390945,20.82289412021021,75.60600175673177,33.945482799601685,26.58482392626893,1.7641524261652677,1.8033326938778111,4,0,0,9
67,0,278.57776628401786,21.0,21.0,40.0,25.590782627592905,16.699253631893868,6.449083289865628,2.143775095255414,0,0,0,0
67,1,278.57776628401786,19.111815652551854,18.93398507263788,47.61220652670762,25.590782627592905,16.699253631893868,6.449083289865628,6.449083289865628,0,0,0,1
67,2,264.7946346651967,18.116489334996345,18.050516036047476,55.20075787778387,25.824466749817184,16.334151867273114,8.790136138905629,6.449083289865628,0,0,0,2
67,3,249.74172321633344,16.695857146197874,18.1705206258586,63.71599413018016,26.165291119148453,21.141576949719823,9.678176844432295,8.790136138905629,0,1,0,3
67,4,202.75018890547716,19.60605672379176,18.134441380117664,73.52936498641594,30.11410530523745,24.404621673850244,9.241254745155414,9.678176844432295,0,1,0,4
67,5,151.22847106142208,19.913301079580208,18.04672065255973,68.02609749760681,30.40570680297966,22.353918259191868,8.802661097435477,9.241254745155414,1,1,0,5
67,6,103.38290136151888,20.00677065396383,18.043906021833543,62.53453093887087,30.23739692769644,22.58723330154833,8.498076671736904,8.802661097435477,2,1,0,6
67,7,60.64883746826774,20.049145628940703,18.03474924658408,57.459267900587534,33.90328606694702,21.234141498145576,7.563380963,8.498076671736904,3,1,0,7
67,8,24.48560768983534,19.839968683463823,18.130308651238597,52.775002141815264,30.583517425933955,26.72611724755344,6.274886164721483,7.563380963,4,1,0,8
67,9,9.778608864383049,20.36158219160786,18.08864538494173,62.84827022577024,31.205574706902144,24.757025759514413,4.399162376309752,6.274886164721483,4,1,0,9
68,0,165.72501503685947,21.0,21.0,40.0,28.73783201908008,24.222883992666183,3.645018368703425,2.812360978347176,0,0,0,0
68,1,154.7899599307492,22.1747566403816,19.08445767985333,49.53292888211433,28.73783201908008,24.222883992666183,3.645018368703425,3.645018368703425,0,0,0,1
68,2,140.4080297515501,18.4686970903184,22.29232768133619,59.55120760272748,30.415029430220592,25.242074573185807,4.793976726399702,3.645018368703425,0,0,0,2
68,3,140.4080297515501,19.4198572519985,18.10585069072936,68.78697020650077,29.82783072068763,21.48196152249732,5.843315242677816,4.793976726399702,0,0,0,3
68,4,132.80013335307913,18.01118306727993,18.019719777045808,77.00757471061443,26.300208210855885,19.369816811997826,6.564445044391689,5.843315242677816,0,0,0,4
68,5,95.79911643946149,18.09684486453139,17.997055357360185,69.43579476261881,24.84224322656957,16.425645951232532,6.429011585666349,6.564445044391689,1,0,1,5
68,6,60.287101358947766,18.108021117121893,19.270400697520213,62.93115735271098,26.5376002541792,20.65885857966617,5.261052959073077,6.429011585666349,2,0,1,6
68,7,35.866131940901326,18.081068001956837,19.575331754937345,56.21409881844562,26.68165262152072,19.334688854782826,4.063333072372941,5.261052959073077,3,0,1,7
68,8,16.27564555299473,18.043087154407985,19.396206640295944,48.50092691242515,26.36931758347845,14.113060716407826,3.290596210075159,4.063333072372941,4,0,1,8
68,9,7.141974446999999,18.118729464637383,19.93376697168961,56.64645588614805,26.16504947947876,19.08788926342626,2.510986303985067,3.290596210075159,4,0,1,9
69,0,167.98828089203607,21.0,21.0,40.0,34.47897559257653,17.000405795484077,6.261618261169179,5.722465966572539,0,0,0,0
69,1,167.98828089203607,19.28957951185153,18.940008115909684,49.26628864985091,34.47897559257653,17.000405795484077,6.261618261169179,6.261618261169179,0,0,0,1
69,2,160.79362327337043,18.17625657535493,17.993102883544193,58.2284788646824,34.40811370256054,15.38183193539219,5.7449628941737485,6.261618261169179,0,0,1,2
69,3,136.5992691507634,18.060763396749717,19.65104066417199,68.1047926427027,32.86536226747748,22.00304761041306,5.696243746648586,5.7449628941737485,0,0,1,3
69,4,121.58194226684869,18.03617713168563,20.28155647481857,77.21481745691858,27.75719200763277,22.85405696023317,4.723209946096983,5.696243746648586,0,0,1,4
69,5,102.82501071670256,18.067561683766225,19.926515292511333,71.55200807180054,27.99143255669372,23.881848637094976,3.4830255254846505,4.723209946096983,1,0,1,5
69,6,73.5450181834562,20.51788553911109,19.91471153784993,65.89335825660153,27.08539292372149,24.810996991839588,3.659999066655797,3.4830255254846505,2,0,1,6
69,7,50.69099345214228,18.21054536468264,21.398346002971905,61.100652472483375,28.18238409634329,28.52480599188921,4.570804946262781,3.659999066655797,3,0,1,7
69,8,28.78467939687939,18.292279183030995,20.33535977225577,56.84869122243775,29.87014367652861,29.84118271210683,4.381262811052578,4.570804946262781,4,0,1,8
69,9,15.183691425416084,18.19264983798542,20.528135223672106,67.12057300915733,29.82276590175704,27.243244024462804,4.533662657154436,4.381262811052578,4,0,1,9
70,0,210.0984158074413,21.0,21.0,40.0,33.24299805047452,19.67141175253978,5.6491956551756255,6.636559600443364,0,0,0,0
70,1,193.1508288419145,22.26485996100949,18.9934282350508,49.52459376454257,33.24299805047452,19.67141175253978,5.6491956551756255,5.6491956551756255,0,0,0,1
70,2,193.1508288419145,18.49760952894965,19.32975824691393,60.1474611288512,33.23998489644054,25.77594490527406,5.122465904731769,5.6491956551756255,0,0,0,2
70,3,187.6737999843996,17.983435023617506,18.070733972263604,70.13306281287635,28.694622394176463,26.78094251707436,5.0459210274491255,5.122465904731769,0,1,0,3
70,4,150.0011536050804,19.2363211969498,18.129639141814238,65.44728091588226,30.307260409695303,26.993951273670845,5.392766412454131,5.0459210274491255,1,1,0,4
70,5,114.25880816918854,19.784402688904784,18.07336423583938,60.36863938890659,29.650887320940804,25.46777086252769,5.917000211412492,5.392766412454131,2,1,0,5
70,6,79.12432333205567,20.041570607060653,18.136552029249955,56.41243033233423,33.111562944279505,28.242831185874,6.186689451809002,5.917000211412492,3,1,0,6
70,7,46.64732639084013,19.98115678784421,18.075376777356016,51.56172108117147,27.20246449317786,29.182484111473507,5.9230934830517885,6.186689451809002,4,1,0,7
70,8,30.394754296158087,20.426858464395853,18.099133603355824,61.1460986555562,24.72901316582481,28.51752891409037,5.3731581852950185,5.9230934830517885,4,1,0,8
70,9,17.040200376571057,20.3934689367954,18.18749950517598,70.98297065413472,24.93181668878156,29.71747219221017,4.451517973195677,5.3731581852950185,4,1,0,9
71,0,181.90394619040487,21.0,21.0,40.0,28.72181787013057,20.095375539056203,6.471504129448637,4.702982681900373,0,0,0,0
71,1,181.90394619040487,19.17443635740261,19.001907510781127,48.78709481365362,28.72181787013057,20.095375539056203,6.471504129448637,6.471504129448637,0,0,0,1
71,2,173.6497317248002,18.00553615423527,18.121584247687476,57.85328595502475,26.29672270524913,24.071005857923826,6.6220906550843415,6.471504129448637,0,0,0,2
71,3,155.5848577993288,18.02275833264267,18.020156165661987,65.89433864137644,24.029890279474827,20.642624644701154,6.404925180137017,6.6220906550843415,0,0,0,3
71,4,139.82491108977405,18.1531810235274,18.14063892803096,75.59716398940579,27.94918480244765,25.955400464382063,6.080941894292447,6.404925180137017,0,0,0,4
71,5,107.40811694657388,18.20830288371681,18.112470476247317,71.18649591439966,31.581085510665662,27.24853629485583,6.009416830663033,6.080941894292447,1,0,0,5
71,6,77.67380570513623,18.13891658661878,18.01795938837673,66.58617863581003,32.82056599543873,24.95544912350779,5.815820587489249,6.009416830663033,2,0,0,6
71,7,55.13459987943257,17.979840020727504,18.17453540292597,61.483826648152046,25.7460572439253,29.240876157974792,4.152366853745637,5.815820587489249,3,1,0,7
71,8,28.220069322499683,19.175322939631165,18.116653718643988,56.006747382364495,24.19722966724224,28.70788552282689,3.895278703582849,4.152366853745637,4,1,0,8
71,9,13.147457027213695,20.14018100204659,18.090042711081047,66.15986449391303,30.514849364166583,25.89135681110311,4.046631321752656,3.895278703582849,4,1,0,9
72,0,67.5622577297191,21.0,21.0,40.0,33.43253265588527,20.77564676857712,3.277939134256048,6.752898896,0,0,0,0
72,1,47.894622924182805,22.268650653117707,22.015512935371543,49.75747229640323,33.43253265588527,20.77564676857712,3.277939134256048,3.277939134256048,0,0,0,1
72,2,44.32165936122327,20.256952157596302,23.08487067539949,58.50084449622711,30.487714937527382,18.08657506149419,1.1909878543198462,3.277939134256048,0,0,0,2
72,3,43.05070932400089,23.47352932112237,22.337066284796794,67.39613177185845,31.91131834581384,17.506944296582464,0.2118250062037292,1.1909878543198462,0,0,0,3
72,4,40.87646096486559,24.205449642402144,24.331615905870237,77.49520552873987,33.42229884374357,22.68366647226437,0.3623747265225507,0.2118250062037292,0,0,0,4
72,5,34.37281878758737,25.09783192400267,24.786230313456297,72.53284295523959,34.72611947236998,21.038532897072848,0.8129552721597773,0.3623747265225507,1,0,0,5
72,6,25.80399840483638,25.59485157298123,25.63011487940528,67.69663690330053,29.68819038533247,26.77733154833945,1.0711025478438736,0.8129552721597773,2,0,0,6
72,7,11.104436751001716,26.29254124997752,26.18865050592281,64.33644267244799,34.66558760637477,30.0,1.837445206729333,1.0711025478438736,3,0,0,7
72,8,6.663430421232712,23.55561358356777,23.584517104219238,59.43127387011364,28.0977903354171,27.98460520716984,2.2205031648845024,1.837445206729333,4,0,0,8
72,9,6.663430421232712,21.764614715682747,21.68203031815573,70.28471237320991,31.9962738196679,28.300606753089177,2.793687986024838,2.2205031648845024,4,0,0,9
73,0,161.60970964942757,21.0,21.0,40.0,25.474168939060327,20.465489228499244,3.635294543,5.709522278,0,0,0,0
73,1,139.79794239142757,22.109483378781206,22.009309784569982,48.269138470160726,25.474168939060327,20.465489228499244,3.635294543,3.635294543,0,0,0,1
73,2,131.8464783943306,20.13665896712465,23.10918631899889,57.48821319175268,27.046659053039008,24.17042273358294,2.6504879990323245,3.635294543,0,0,0,2
73,3,114.92492399221162,23.498581210430483,22.39077500653989,67.8697640965101,34.238841360311966,23.436441443895887,2.8202590670198324,2.6504879990323245,0,0,0,3
73,4,95.18072097966248,24.170211258661023,24.393560157471104,77.57122971461449,29.673339664773003,24.22369154691809,3.290700502091522,2.8202590670198324,0,0,0,4
73,5,73.75389951649647,22.059672795849263,24.852654548554856,72.64693557395661,31.488411272790582,24.4877323902212,4.285364292633201,3.290700502091522,1,0,0,5
73,6,63.76869167803303,21.87204274919813,20.78891673910698,68.80571947902918,37.127409065521626,24.86583485154816,4.992603919231721,4.285364292633201,2,0,0,6
73,7,53.19172453087844,19.31000284175435,19.44799281049005,65.30521672433268,36.61674376091208,27.26935204632958,5.288483573577294,4.992603919231721,3,0,0,7
73,8,32.848881271225224,18.106777386034185,18.06300494676169,61.06618441140191,33.6214063436187,26.16174747343252,6.152355495634294,5.288483573577294,4,0,0,8
73,9,14.13507337015805,18.059981238217432,18.04964223641514,71.01470786177424,31.339245037803185,23.930329686487603,7.097063738,6.152355495634294,4,0,0,9
74,0,131.23122097833345,21.0,21.0,40.0,27.61324893252996,23.59697709440789,6.327921876227935,5.401997669740535,0,0,0,0
74,1,131.23122097833345,19.1522649786506,19.07193954188816,49.21784068484881,27.61324893252996,23.59697709440789,6.327921876227935,6.327921876227935,0,0,0,1
74,2,122.211729210407,18.121257272882843,18.2120050676273,59.4207810643405,28.16021775687547,28.522784351411705,7.028749972938243,6.327921876227935,0,0,0,2
74,3,103.41962273325824,18.01098806267536,18.08302239899209,68.2932997175834,22.84699463775018,26.444775658043657,7.245431212902815,7.028749972938243,0,0,0,3
74,4,88.4536133903599,18.06388669116104,18.101593159051355,77.26599629266197,23.72074106904016,26.127573236951893,5.9900122356176695,7.245431212902815,0,0,0,4
74,5,60.57892306805184,18.11517367496088,18.099785889549786,71.2044030009991,25.758683748044064,23.89913129827333,4.988793535333528,5.9900122356176695,1,0,0,5
74,6,39.686477045838,18.1298884427738,18.0715286295778,65.55859517663089,27.886850654539508,24.08088365452599,3.891601307104245,4.988793535333528,2,0,0,6
74,7,22.00352738967548,18.023867343992865,18.05567660761252,59.98067160746983,27.375665126907545,24.969203933308822,3.295392871402824,3.891601307104245,3,0,0,7
74,8,7.265892785930073,18.19988761182449,18.12153373428118,55.27529467859381,31.76543782469518,25.426912570438063,2.4892237048667933,3.295392871402824,4,0,0,8
74,9,0.0,18.026791805005026,18.044329004598595,64.59072954962318,27.640910872922845,24.11150507724029,2.8693953134373538,2.4892237048667933,4,0,0,9
75,0,155.8652815884995,21.0,21.0,40.0,28.476900101995167,21.864983821136708,4.384479734241937,3.786440956371011,0,0,0,0
75,1,142.71184238577368,22.169538002039904,19.03729967642273,49.061539106163735,28.476900101995167,21.864983821136708,4.384479734241937,4.384479734241937,0,0,0,1
75,2,142.71184238577368,18.567459702576905,19.187034599611376,59.445294399935655,36.84617972118896,20.84134968865505,4.522328400487565,4.384479734241937,0,0,0,2
75,3,137.53320128221517,18.101805399769177,18.07958440496701,69.70407010597029,33.35517542493694,23.638022941922184,4.149914079872511,4.522328400487565,0,0,0,3
75,4,128.7889052071048,18.05634625229986,18.128215066330245,80.14253308556499,30.82881828472181,27.16264271302652,3.841837875999029,4.149914079872511,0,0,0,4
75,5,98.83799224612284,18.098537966777933,19.35060311297663,75.72653483768478,32.01872256474113,26.78128716925768,4.523196449779826,3.841837875999029,1,0,0,5
75,6,82.92238829653098,17.977350052484727,18.150011827645844,70.51062947030641,25.79242610977573,28.5636551825667,3.848054361168289,4.523196449779826,2,1,0,6
75,7,56.89778983270196,19.44113208234173,18.065487775741,65.31493824687918,30.76074358481608,23.70763850725488,3.817481683667972,3.848054361168289,3,1,0,7
75,8,31.667890477652584,19.741327582897927,18.069452935121625,60.35801400100358,33.84950972191625,21.945355578774866,4.1000791853602685,3.817481683667972,4,1,0,8
75,9,18.359940674700702,20.42808524326975,18.057863281450068,71.33294627633965,37.836015281993966,23.13583069209533,3.888689910765792,4.1000791853602685,4,1,0,9
76,0,297.93501388214355,21.0,21.0,40.0,33.50485911613399,19.047745093036703,6.663612885840164,4.563244356244908,0,0,0,0
76,1,297.93501388214355,19.270097182322683,18.98095490186073,49.459468757650725,33.50485911613399,19.047745093036703,6.663612885840164,6.663612885840164,0,0,0,1
76,2,288.8548560986753,18.197532690231785,18.10669621089392,60.35841048385528,37.44561764597466,23.10405861071733,7.877303764,6.663612885840164,0,0,0,2
76,3,267.90878804526125,17.999540532347766,18.18603394368296,71.15501925362258,30.810646636622188,29.17051319541834,8.386627783419202,7.877303764,0,1,0,3
76,4,208.0081577162098,19.292143909604437,18.0643421252129,66.31142637629819,29.39781426889224,27.026669745972203,8.712097748,8.386627783419202,1,1,0,4
76,5,155.31934830539734,19.746203672308603,18.115359764364044,61.5774214461422,28.86250629935225,28.170799644225564,8.760079493874821,8.712097748,2,1,0,5
76,6,107.16559917433548,19.956497520624563,18.07011658780446,56.55400963321222,28.171028015677887,27.254461912488868,8.533817655,8.760079493874821,3,1,0,6
76,7,62.68197079567919,20.01946548396474,18.129258385308816,52.74144449363281,32.3870588391105,29.765357052115,7.948738947085753,8.533817655,4,1,0,7
76,8,42.17779636518563,20.624762216786444,18.143977189902035,63.97940647252605,32.43312210496244,30.0,6.832867897188958,7.948738947085753,4,1,0,8
76,9,24.760088406344217,20.686594791067662,18.2610518212601,75.150128558924,35.274245520149904,26.785321626505382,5.805902652947137,6.832867897188958,4,1,0,9
77,0,125.03600363481408,21.0,21.0,40.0,28.620354843606734,16.604283629544724,4.358596106030133,2.6426070858766666,0,0,0,0
77,1,111.96021531672368,22.17240709687213,18.932085672590897,48.14043492516726,28.620354843606734,16.604283629544724,4.358596106030133,4.358596106030133,0,0,0,1
77,2,96.58715873185754,18.36640339365045,22.184551109817228,57.52132579335056,29.906747967338028,22.209312411458072,5.124352194955377,4.358596106030133,0,0,0,2
77,3,96.11136688833083,19.35868295811008,18.21118531791861,68.0824734569773,31.53681862185452,27.13622395384961,5.535129941013032,5.124352194955377,0,0,0,3
77,4,90.8099692291106,18.201079342145917,18.12472713101282,80.24345342697028,37.69599389139493,29.865005941899373,5.430119558647781,5.535129941013032,0,0,0,4
77,5,66.03969446442224,18.202256353088107,18.114030608781015,77.77544707403557,39.62218692814047,30.0,4.814242419751664,5.430119558647781,1,0,0,5
77,6,46.291502263393234,18.08355519136562,18.121909978829382,74.66735337586864,36.06614612129484,30.0,3.950046099114752,4.814242419751664,2,0,0,6
77,7,29.78560304978654,18.185770953555583,18.1177263632986,71.8118339357374,37.46933644371529,30.0,3.123879832949727,3.950046099114752,3,0,0,7
77,8,13.17231093082142,18.02112456635178,18.07082732777555,68.27066250379661,33.66015871144008,30.0,3.099384389623832,3.123879832949727,4,0,0,8
77,9,5.621414708090627,18.08246374193282,18.08015952774324,79.40041152032998,31.83193898074097,30.0,2.872550832225003,3.099384389623832,4,0,0,9
78,0,117.2548242852664,21.0,21.0,40.0,33.4912242231306,22.07624053967252,5.978618560808513,7.151510518360688,0,0,0,0
78,1,99.31896860284088,22.26982448446261,19.04152481079345,50.00214365730456,33.4912242231306,22.07624053967252,5.978618560808513,5.978618560808513,0,0,0,1
78,2,99.31896860284088,18.663824317082938,19.245774444590182,60.93529499041327,40.03335917902833,20.706370449353376,5.433251308,5.978618560808513,0,0,0,2
78,3,94.18625315286675,18.186955233381976,18.029515432098584,72.00947219632718,39.99732777369208,21.52587892582965,4.875402238,5.433251308,0,0,0,3
78,4,74.09775945020368,18.077457004410977,18.09333189029609,68.15168727572014,36.336047909632015,25.56514697588437,3.617898391540053,4.875402238,1,0,0,4
78,5,48.003973217833305,19.4928224143126,19.231820517850075,62.92139184843228,33.54405402495851,20.732082490108937,3.2617232790462976,3.617898391540053,2,0,0,5
78,6,32.49808017632765,20.60041775455411,18.08489947203538,57.44414167145493,30.673935977514184,22.230229705945003,2.7812985305978963,3.2617232790462976,3,0,0,6
78,7,15.021350077965668,20.30463809670961,20.840177236969108,53.627718369563766,36.54339944048313,25.58758221567705,2.184591262295248,2.7812985305978963,4,0,0,7
78,8,7.530380449444963,19.346605114706698,22.00712441231638,63.86958814034913,32.92011225999333,23.979164244369805,2.4969898761735685,2.184591262295248,4,0,0,8
78,9,7.530380449444963,19.50774162752071,18.6487427506768,73.98143014486448,29.60952720156772,26.56737282351751,2.93188576008116,2.4969898761735685,4,0,0,9
79,0,109.18419487592554,21.0,21.0,40.0,30.807503813548443,18.64224440194048,3.6273035798374194,6.196018325853443,0,0,0,0
79,1,87.42037339690103,22.21615007627097,21.97284488803881,48.900954678788,30.807503813548443,18.64224440194048,3.6273035798374194,3.6273035798374194,0,0,0,1
79,2,79.3655061545659,20.12524137605749,23.07227377563368,57.116423602724,25.969725933269896,19.67176808859674,2.6849557474450427,3.6273035798374194,0,0,0,2
79,3,63.41505806456591,23.255657398294755,22.41496533660763,65.92084725777174,23.3712909204894,25.542173829775805,2.658408015,2.6849557474450427,0,0,0,3
79,4,50.16859603695022,24.06882057841203,24.273691390169127,75.4027190526681,27.52195293232688,25.15511259487516,2.207743671269281,2.658408015,0,0,0,4
79,5,32.50373006095022,24.84582871425764,24.807095109782733,69.93599475389937,25.913130416003447,27.049512368614696,2.208108247,2.207743671269281,1,0,0,5
79,6,19.34854508944088,25.524996199351797,25.511537912452933,65.27611878541488,29.34952596024305,28.09560754817648,1.6443981214386678,2.208108247,2,0,0,6
79,7,5.755993716270254,26.003907886448587,25.99338688995092,59.08715369776745,24.83905904294019,24.11113491457406,1.6990689216463275,1.6443981214386678,3,0,0,7
79,8,0.0,23.323732278146597,26.307378878357227,53.52037464784107,26.69113399644885,25.71564905951573,1.1511987432540507,1.6990689216463275,4,0,0,8
79,9,0.0,23.31816572286487,22.348643815278614,64.17835189307617,31.46619053595176,27.744794159798808,0.9304819900810778,1.1511987432540507,4,0,0,9
80,0,216.0316370763664,21.0,21.0,40.0,26.668875993709456,19.651798152097108,6.424478732307885,3.1904456542051083,0,0,0,0
80,1,216.0316370763664,19.13337751987419,18.993035963041944,48.33772134624518,26.668875993709456,19.651798152097108,6.424478732307885,6.424478732307885,0,0,0,1
80,2,205.34083674144856,17.98319987103483,17.95637980009155,55.151539950461896,22.803377786691687,15.051170014512271,7.894977424338023,6.424478732307885,0,1,1,2
80,3,157.2057591677385,19.55915534575584,19.45143454264253,62.80494537954829,24.153630135147267,18.365288915332712,8.022512928951674,7.894977424338023,0,1,1,3
80,4,109.73446595417528,21.142031899499948,21.024801637407457,70.65197734606336,25.53597359375954,18.058648442435253,7.911882202260536,8.022512928951674,0,1,1,4
80,5,54.92495857817529,22.075939364325265,21.969094000088383,64.73723420721149,28.78718568591612,21.686463542684567,6.851188422,7.911882202260536,1,0,1,5
80,6,26.47812485662674,20.073335727354323,22.911053754490027,60.03196929206007,33.4548759001857,23.738096793417515,5.689366744309711,6.851188422,2,0,0,6
80,7,18.147724707302764,19.87936734321553,19.022956402859563,55.21063643417197,28.401463700136645,28.14668708937397,4.165200074661987,5.689366744309711,3,0,0,7
80,8,7.944086771466831,18.030481866976377,18.11121590423725,50.13564476656093,27.101174540470343,28.03776063946832,3.147893764792624,4.165200074661987,4,0,0,8
80,9,0.0,18.18257604785971,18.015866631403533,60.11657801564148,31.971485570696498,23.47814359086209,2.891563854731685,3.147893764792624,4,0,0,9
81,0,112.17312559621423,21.0,21.0,40.0,32.4798363971435,15.52353309201925,5.891490264543936,6.472981752872061,0,0,0,0
81,1,94.49865480258244,22.249596727942876,18.910470661840385,48.640606508049295,32.4798363971435,15.52353309201925,5.891490264543936,5.891490264543936,0,0,0,1
81,2,94.49865480258244,18.42129887669244,19.239513322222496,58.56006221066407,32.14212797589164,22.96595926085714,4.769981565596694,5.891490264543936,0,0,0,2
81,3,80.47772087138878,18.119862736068328,20.160322282987018,67.85108133448428,30.19706997924777,21.41970293086449,3.962362554902545,4.769981565596694,0,0,0,3
81,4,71.74992077959305,18.239955409312504,20.53252974116453,78.06525726480456,30.75490601936556,25.99051581574712,2.909266697265241,3.962362554902545,0,0,0,4
81,5,54.792950235190446,20.904522397072714,20.22555389091719,73.410122368225,28.51564156338798,28.95583123339225,2.119621318050327,2.909266697265241,1,0,0,5
81,6,35.15573968096385,21.58253965212045,21.7801221580176,68.72046072674918,28.79252992241598,28.487127624940552,2.454651319278325,2.119621318050327,2,0,0,6
81,7,18.237503150308434,19.751329835042515,22.47997597830368,63.79596061512203,33.289477314166845,22.685522065682303,3.3836473061310826,2.454651319278325,3,0,0,7
81,8,9.661820853727995,19.530208499943,18.422328729080256,59.22652681860242,36.20594320677768,21.741646812557875,4.287841148290218,3.3836473061310826,4,0,0,8
81,9,5.555277038382666,18.10890728273343,18.13133794848601,70.34285722649524,35.43479736997602,26.322593784984075,3.9744948078670768,4.287841148290218,4,0,0,9
82,0,286.2815192778373,21.0,21.0,40.0,32.118625764341864,20.045580003349063,7.573231765605503,3.035752208542616,0,0,0,0
82,1,286.2815192778373,19.24237251528684,19.00091160006698,49.38955703818437,32.118625764341864,20.045580003349063,7.573231765605503,7.573231765605503,0,0,0,1
82,2,274.4874344945234,18.18236114869546,18.12694823082142,60.27781829239496,35.79955243282704,24.69078786834289,10.115367987554286,7.573231765605503,0,0,0,2
82,3,261.0706252315698,16.942029596062753,18.025317011222175,70.86867589381804,35.1928705636875,23.64522722199628,10.33958047570259,10.115367987554286,0,1,0,3
82,4,210.73366466513068,18.91590766101827,15.431965572081092,65.6953357030796,31.270173857682444,23.32238063821515,10.067392113287829,10.33958047570259,1,1,1,4
82,5,138.50566901813872,18.07972274411841,19.07073866490609,61.06302342657061,30.15330021258947,27.44496491791611,9.028499455873993,10.067392113287829,2,1,1,5
82,6,76.49109775171532,20.16131641437996,19.73347770388716,57.3974330778762,34.74781961003898,28.221122897214283,7.751821408302924,9.028499455873993,3,1,1,6
82,7,31.251394984988508,21.154192360378428,21.15953825810661,54.30448451665313,36.15028577098298,30.0,5.654962845840851,7.751821408302924,4,1,1,7
82,8,4.861266054244576,22.908703635672804,22.69531166993397,66.33071248776061,38.70089371914127,28.111483898122447,4.398354821790655,5.654962845840851,4,0,0,8
82,9,4.861266054244576,21.058739989981536,21.041302838745704,77.5072657405156,33.08234978158966,29.00961273371587,3.079235623343481,4.398354821790655,4,0,0,9
83,0,208.49018317392196,21.0,21.0,40.0,30.29744152613354,20.98275176836561,4.247883074612051,2.888479401241957,0,0,0,0
83,1,195.7465339500858,22.205948830522672,19.019655035367315,49.23043479300985,30.29744152613354,20.98275176836561,4.247883074612051,4.247883074612051,0,0,0,1
83,2,181.3227134195387,18.2715682869636,22.2602903836288,57.45846328425728,22.03478574494472,23.67648365087439,4.807940176849033,4.247883074612051,0,0,0,2
83,3,180.9942962760114,19.35853869633057,18.148784827473804,67.85731806731748,30.67995391883464,27.09146154261088,5.601271316312742,4.807940176849033,0,0,0,3
83,4,174.00873923087698,18.13994387097615,18.213781125728183,78.68456050368275,30.15134686869589,30.0,5.779412730689313,5.601271316312742,0,0,0,4
83,5,144.09140169469,18.067384643033574,18.10617119686228,74.6343236894495,30.83201769870422,30.0,5.805637585810726,5.779412730689313,1,0,0,5
83,6,112.26954810251505,18.17940282053171,18.090962049614067,71.12588228900569,34.9699377400764,28.87205447968017,6.0759748517792485,5.805637585810726,2,0,0,6
83,7,80.06149213575642,18.075862099818508,18.13746686144378,67.37392094189156,32.4891036271437,30.0,6.152671514563528,6.0759748517792485,3,0,0,7
83,8,46.28640180798569,18.27060552641276,18.11608313105147,64.87500710571001,39.45047868788029,30.0,6.009510818743253,6.152671514563528,4,0,0,8
83,9,32.438927555,17.950264826673404,18.042774946777705,75.50929124187101,31.18061580238675,27.89874050961884,6.157599233055826,6.009510818743253,4,1,0,9
84,0,196.61932657412,21.0,21.0,40.0,33.42525817019494,23.205074348317183,4.847267611431168,5.258178004627418,0,0,0,0
84,1,182.0775237398265,22.2685051634039,19.064101486966344,50.19345985333218,33.42525817019494,23.205074348317183,4.847267611431168,4.847267611431168,0,0,0,1
84,2,182.0775237398265,18.583345829850924,19.37288707601469,61.37413390774845,35.35192434812153,26.762931509746625,4.457872366427597,4.847267611431168,0,0,0,2
84,3,164.03766698285028,18.175967011924858,20.419891903505583,72.79824371388847,35.93110764562279,27.53616905515513,5.3829205372674505,4.457872366427597,0,0,0,3
84,4,141.83090501186666,18.084943491279343,18.178095198085558,69.53361520545565,35.196508286484296,30.0,6.460289319104372,5.3829205372674505,1,0,0,4
84,5,108.54112750115092,18.106201857543017,18.091234786742703,66.3447298929351,35.61730381933035,30.0,6.447826571648151,6.460289319104372,2,0,0,5
84,6,73.62707291302497,18.14539946031814,18.100310678272425,63.24114753318962,36.799908972835375,29.291300139689685,6.784443324934822,6.447826571648151,3,0,0,6
84,7,40.93875941421302,18.06055081581092,18.03973555410571,58.72196345998032,31.896683691736225,26.330071457100964,6.251109411909503,6.784443324934822,4,0,0,7
84,8,26.36140495931968,18.179724653417548,18.05937976821679,69.45842951087735,34.97441551480144,24.672618101293164,6.149495954965994,6.251109411909503,4,0,0,8
84,9,12.049976172243545,18.06724632752736,18.147191885769256,80.67625726521308,33.355191483200976,28.966073818664164,5.638351813642405,6.149495954965994,4,0,0,9
85,0,195.58753149337429,21.0,21.0,40.0,32.71446738656055,22.068956455189312,5.913198822623208,2.419124038747968,0,0,0,0
85,1,195.58753149337429,19.254289347731213,19.041379129103788,49.86101629151497,32.71446738656055,22.068956455189312,5.913198822623208,5.913198822623208,0,0,0,1
85,2,186.96180952881105,18.212851723229377,18.11900717527576,60.82484854131957,37.541562901541525,23.36861626403956,7.613413010358632,5.913198822623208,0,0,0,2
85,3,168.33692153338745,18.1543347111758,18.042047300316312,72.18797840889226,40.0094778280926,23.119021436200143,7.694488460032919,7.613413010358632,0,0,0,3
85,4,127.33690596420172,18.08156365533473,18.13344068916995,68.43264711345965,36.07722797232219,26.39315371971887,7.316933131509027,7.694488460032919,1,0,0,4
85,5,90.3153639944528,18.16352393255012,18.051518088833856,64.23566367480714,35.28474609260663,24.73201258154608,6.938339580497287,7.316933131509027,2,0,0,5
85,6,59.77906582489261,18.128645185278785,18.171993853564405,60.87932867213365,34.68702776292505,30.0,5.857315489111903,6.938339580497287,3,0,0,6
85,7,31.341379293119303,18.12197304932961,18.149086165707143,57.40624958301552,34.03844950489925,30.0,5.432944223,5.857315489111903,4,0,0,7
85,8,20.3215240820738,18.12203853842713,18.116966602124137,69.00247610999423,34.42348070543724,30.0,5.195172773608842,5.432944223,4,0,0,8
85,9,8.288890970344086,18.12871760836205,18.08937872175107,81.06076212737206,36.99047787432122,30.0,4.914102238100115,5.195172773608842,4,0,0,9
86,0,134.44590584372725,21.0,21.0,40.0,28.11959436668013,18.532111711560244,3.1314226891323096,6.118588394934509,0,0,0,0
86,1,115.65736970893336,22.162391887333605,21.970642234231207,48.39730709408327,28.11959436668013,18.532111711560244,3.1314226891323096,3.1314226891323096,0,0,0,1
86,2,99.7077731241826,23.106237267452077,23.02549387160607,56.474002730556286,25.89197295128752,18.97855836245149,2.658266097458461,3.1314226891323096,0,0,0,2
86,3,83.98405159928012,24.179031013354084,24.103655826768605,65.01985383491424,26.228430423365204,21.24852015640127,2.620620254150414,2.658266097458461,0,0,0,3
86,4,68.30130303907805,25.32921484870409,25.296048645290075,73.88877010624319,26.030347516210725,23.24140954672781,2.613791426700345,2.620620254150414,0,0,0,4
86,5,50.78859617460078,25.951277225690745,25.9174432295713,69.8739281326241,31.608924279649404,29.419731422466786,2.1890883580596587,2.613791426700345,1,0,0,5
86,6,23.957329736246194,26.69766065743651,26.533301460226543,67.015951503969,38.09057759932536,29.36510779703524,3.353908304794323,2.1890883580596587,2,0,0,6
86,7,15.855810883325642,24.257858386855396,24.12129193084236,64.48881944055327,39.29371075880148,30.0,4.050759426460276,3.353908304794323,3,0,0,7
86,8,7.944241900504845,21.851753829313644,21.78380770967843,61.26906394850543,35.44580282195648,30.0,3.955784491410399,4.050759426460276,4,0,0,8
86,9,7.944241900504845,20.105891002189956,20.146233970195645,71.7588320037647,28.63926629506424,29.63722290082053,3.374513679525193,3.955784491410399,4,0,0,9
87,0,97.83659594206809,21.0,21.0,40.0,28.89998725413445,17.394499605093863,5.585876845274029,6.115968445105075,0,0,0,0
87,1,81.078965406246,22.17799974508269,18.94788999210188,48.33300763466109,28.89998725413445,17.394499605093863,5.585876845274029,5.585876845274029,0,0,0,1
87,2,81.078965406246,18.36951713021842,19.159341912060352,57.34172391359977,29.504415487248508,20.544008284633048,5.325463386587771,5.585876845274029,0,0,0,2
87,3,73.73719115474456,18.16880739676589,18.11193402995094,66.56828548866812,29.693532379162782,21.56514303788363,4.409460844345565,5.325463386587771,0,0,0,3
87,4,65.78952203986768,18.014775073275093,18.126323094973536,75.8985964064171,26.20764162611661,25.62741902804437,3.5068617661006662,4.409460844345565,0,0,0,4
87,5,39.08001833038414,19.320243184606426,19.24502235857729,69.47439936263187,24.865585366364343,22.777764390384416,3.338687963685441,3.5068617661006662,1,0,0,5
87,6,20.68959179121688,20.4628801631662,18.13120858151193,63.38389898226998,25.98968963189492,23.507530477205744,3.2289934424849176,3.338687963685441,2,0,0,6
87,7,12.581703371780913,18.11387856932958,18.05617841411317,57.94172248765642,29.719496555318408,23.37952291905067,2.4659129082677875,3.2289934424849176,3,0,0,7
87,8,2.2504060288055805,18.212167676272987,19.233216999093464,53.91719777304888,33.20830094916067,27.766561747464124,1.500023003283221,2.4659129082677875,4,0,0,8
87,9,0.0,18.043533894192823,18.124601385203388,64.50689916439174,29.695429342520125,29.13624505382905,1.5245973850857035,1.500023003283221,4,0,0,9
88,0,181.1663148626806,21.0,21.0,40.0,33.9930016225108,23.28203541412352,6.497727972973101,5.696390751651309,0,0,0,0
88,1,181.1663148626806,19.279860032450216,19.065640708282476,50.309506666594174,33.9930016225108,23.28203541412352,6.497727972973101,6.497727972973101,0,0,0,1
88,2,173.445209350704,18.13030160374155,18.17663248345428,60.56529586491822,29.56054408436665,27.41606257298917,6.761858263957461,6.497727972973101,0,0,0,2
88,3,155.85929224078046,18.002565405093087,18.092915597124065,70.06007839649496,26.470086633169405,26.27870520892363,6.897318008279126,6.761858263957461,0,0,0,3
88,4,115.210139073593,18.147358786124137,18.164089204974413,65.96871925590798,32.37397077888328,28.22958955118908,6.974762906002781,6.897318008279126,1,0,0,4
88,5,78.28227305366738,18.117283880004805,18.02128336953489,61.46542587398393,32.26465901046929,26.05037775661933,7.092574517,6.974762906002781,2,0,0,5
88,6,45.24626763433435,18.082677723407897,18.12045232155257,56.79749293411609,29.474608636600063,27.925763919689707,6.197645696083647,7.092574517,3,0,0,6
88,7,17.405656311234317,18.18734369673597,18.04145741450627,52.619945057517015,34.57364081232357,25.551093206570474,5.196005940980736,6.197645696083647,4,0,0,7
88,8,8.705444989311506,18.103063727664143,18.187577476198843,63.558168908460296,31.2772604941457,29.490649788872524,3.809279738899316,5.196005940980736,4,0,0,8
88,9,2.5311963864118647,18.084794666539967,18.08185635382161,74.52760783889698,32.25451310193657,28.686814289378347,2.498019401498973,3.809279738899316,4,0,0,9
89,0,240.0021778097585,21.0,21.0,40.0,25.451274024758565,22.90210619952161,4.661039615902083,2.9972505039013466,0,0,0,0
89,1,226.0190589620523,22.109025480495173,19.058042123990436,48.70360844037043,25.451274024758565,22.90210619952161,4.661039615902083,4.661039615902083,0,0,0,1
89,2,226.0190589620523,18.419785732504167,19.210848814823876,58.29476353961411,29.74789561369203,23.5362993821062,6.375820927301481,4.661039615902083,0,0,0,2
89,3,216.3799833620998,18.07863612254945,18.027761677647614,68.06704119351122,32.70464430430528,21.585787106234186,7.201787180292011,6.375820927301481,0,0,0,3
89,4,197.45818000087104,18.13815432112966,18.14159158767875,78.0426420646887,30.863699278529857,24.556305561345123,7.598575859664281,7.201787180292011,0,0,0,4
89,5,166.83909338293472,16.522341391739804,18.13420310076549,73.57606767725679,32.661752224058645,25.85727895687513,8.167306144436386,7.598575859664281,1,1,0,5
89,6,106.45524114386416,18.975292414391088,18.084737801832155,67.67397034146055,26.90340682049278,23.64049686952814,7.884798333766904,8.167306144436386,2,1,0,6
89,7,61.98135673869033,19.621638592985068,18.14804686879729,62.38588415713984,26.775154462798177,27.179922290975707,7.114516377554699,7.884798333766904,3,1,0,7
89,8,26.521987297301976,19.71687860984491,18.11734836287497,57.72556846836662,27.442690617926555,30.0,6.002690450417221,7.114516377554699,4,1,0,8
89,9,9.57763052827806,20.28369485605256,18.100929002805135,67.84592775251262,29.546367684329223,26.67785056092639,4.9913483036184445,6.002690450417221,4,1,0,9
90,0,159.2060786586058,21.0,21.0,40.0,28.98970170703149,22.45824879712918,4.602837564512955,5.999467881936184,0,0,0,0
90,1,131.5890532715281,22.17979403414063,22.049164975942585,49.26063109074892,28.98970170703149,22.45824879712918,4.602837564512955,4.602837564512955,0,0,0,1
90,2,131.5890532715281,20.23458462635289,20.15057007316129,58.84114717432724,29.69262644288172,23.53246291033116,3.920945036,4.602837564512955,0,0,0,2
90,3,121.52749056224556,18.651970000434268,21.5970113867352,68.63091836241225,29.19788334720543,25.18973436437796,3.353854236427508,3.920945036,0,0,0,3
90,4,98.7225920707446,22.222031282161087,21.33456581291444,78.95485121239454,28.776417583859995,28.57876491604169,3.8008164152501633,3.353854236427508,0,0,0,4
90,5,90.88821142477276,19.59781237913608,19.87629361148347,74.64467688823399,29.38792042133023,30.0,3.917190322985927,3.8008164152501633,1,0,0,5
90,6,71.25837752126215,21.134320711202395,18.03754689689953,71.14057408001429,36.46004152857455,27.406053981315985,3.7984524976281984,3.917190322985927,2,0,0,6
90,7,59.49315517086862,18.05044925045532,18.15787409298847,66.80834659405615,33.09977791155359,26.16562494423448,4.385223467890149,3.7984524976281984,3,0,0,7
90,8,29.784420177395265,18.0589740267061,18.09530100835362,62.12894122555427,31.810792574570463,25.525844267085763,5.272515943030613,4.385223467890149,4,0,0,8
90,9,13.202640364915986,18.178871085487685,18.11540745229637,73.26895351390657,33.332479299534256,28.55647785797851,6.134442882265449,5.272515943030613,4,0,0,9
91,0,115.59331906293616,21.0,21.0,40.0,34.971743829866924,22.02957570915735,4.008022018649581,5.627254834601294,0,0,0,0
91,1,91.54518695103869,22.29943487659734,22.04059151418315,50.260237517024365,34.971743829866924,22.02957570915735,4.008022018649581,4.008022018649581,0,0,0,1
91,2,82.74724749080336,20.253223338509816,23.26248142660025,60.11605840731774,29.087153266660543,25.66740723496929,2.932646486745111,4.008022018649581,0,0,0,2
91,3,70.00653792378372,23.63916613715109,22.53327549859587,70.8595163012736,34.920768897524106,24.765108291119624,2.123451594503272,2.932646486745111,0,0,0,3
91,4,55.71258528644142,23.678286776949157,23.82842763532016,66.35447699252228,33.693326916690914,24.61201025691284,1.7867440796677885,2.123451594503272,1,0,0,4
91,5,37.58373925129784,24.52664873953833,24.359040543922998,60.75260203466807,29.170051347450265,23.04175444224856,2.266105754392947,1.7867440796677885,2,0,0,5
91,6,14.104288737679129,25.109801067298715,25.11799474683593,55.02868116584307,26.81910595417078,24.714666996801395,2.9349313142023394,2.266105754392947,3,0,0,6
91,7,7.161754443438425,22.679896673537613,22.71688329347609,49.985863004851055,26.6727203466978,28.6449565366799,3.471267147120351,2.9349313142023394,4,0,0,7
91,8,7.161754443438425,21.22260923345301,21.11570809047788,61.64810941779337,34.790257849679534,30.0,3.749236389605119,3.471267147120351,4,0,0,8
91,9,7.161754443438425,19.69626244636436,19.57421944336989,73.81076787118609,37.637996017710336,29.932328723360296,3.9668120745158246,3.749236389605119,4,0,0,9
92,0,193.41986648227655,21.0,21.0,40.0,27.065947488318407,17.376935257325343,6.102571632378794,2.12326619575354,0,0,0,0
92,1,193.41986648227655,19.14131894976637,18.94753870514651,47.999718894215874,27.065947488318407,17.376935257325343,6.102571632378794,6.102571632378794,0,0,0,1
92,2,181.0923777600276,18.15258968838297,18.024037263882278,56.284248755851024,29.49427817771545,16.530887720257606,8.434462045118662,6.102571632378794,0,0,0,2
92,3,167.93462175956805,16.72765137374654,18.109660009916336,65.09403998909401,28.00786036073844,20.935424268389266,8.861088397779568,8.434462045118662,0,1,0,3
92,4,125.83819522448378,19.60974222705292,18.09720009977307,75.05798228595853,31.6472855333335,23.70794944924712,8.318059209088986,8.861088397779568,0,1,0,4
92,5,88.04188736053845,19.818064595536804,18.10487863199284,69.70310203559552,26.705838462230226,26.878160146864204,6.483510991498598,8.318059209088986,1,1,0,5
92,6,61.24446289057508,20.06271353687021,18.003299749391022,64.51058057754489,32.71834895067292,21.76764294904577,4.746566005623345,6.483510991498598,2,1,0,6
92,7,39.92676811795157,19.92892419451883,18.03241736188261,58.29710971659578,28.2712592755334,20.542791496971606,3.779573363942356,4.746566005623345,3,1,0,7
92,8,21.984207469956715,19.80187441325545,18.010724875216823,52.363627765449664,30.552081972887542,19.81746274296733,3.064699356596736,3.779573363942356,4,1,0,8
92,9,11.483237118861636,20.21326913409041,18.105440057007936,61.17209149341395,27.948849164808426,20.987060434993165,3.005376219331403,3.064699356596736,4,1,0,9
93,0,80.82850446796277,21.0,21.0,40.0,28.27672314685522,22.63261691160744,3.143835890702841,7.072668928105348,0,0,0,0
93,1,61.96548912374573,22.165534462937103,22.05265233823215,49.16368121052328,28.27672314685522,22.63261691160744,3.143835890702841,3.143835890702841,0,0,0,1
93,2,60.641142731030506,20.130605444275663,23.096745841137302,57.4112214593938,24.6029400383865,21.2167280108942,0.4414487975717424,3.143835890702841,0,0,0,2
93,3,60.641142731030506,23.29663221270865,22.32852102849438,65.5647469880007,24.6054086528025,20.69195539501366,0.0,0.4414487975717424,0,0,0,3
93,4,57.03945158169984,23.924675264811857,24.287149635723345,74.23873806944826,22.293394279507464,25.89544506186779,0.6002818582217777,0.0,0,0,0,4
93,5,37.25906767418461,24.881825391881115,24.704342367385028,69.22977443888368,29.47139663455322,26.034360973421364,2.472547988439404,0.6002818582217777,1,0,0,5
93,6,18.310847275814645,25.495049651592836,22.414279849561424,63.96578109921623,30.394830679874104,23.694095210862294,3.789644079673992,2.472547988439404,2,0,0,6
93,7,9.69872088463894,21.33476149022669,22.05179341114008,59.6105144825429,34.74867933497493,24.388728350173245,4.306063195587853,3.789644079673992,3,0,0,7
93,8,0.5935385504334459,19.6820252493776,19.288749345979404,54.84769937006037,32.890782865653094,23.98246650944396,4.552591167102747,4.306063195587853,4,0,0,8
93,9,0.0,18.12831655369723,18.104322946038995,65.75711901127801,33.41978176381356,27.18810513184,4.489877429685743,4.552591167102747,4,0,0,9
94,0,330.0637463677226,21.0,21.0,40.0,29.554693354139125,18.02535461582833,7.406259817,4.270221716340168,0,0,0,0
94,1,330.0637463677226,19.191093867082785,18.96050709231657,48.56440863459415,29.554693354139125,18.02535461582833,7.406259817,7.406259817,0,0,0,1
94,2,318.3842658858238,18.100314660311785,18.07287637574648,57.73064214428688,29.99998355987032,20.923535938422617,8.958786726692955,7.406259817,0,0,0,2
94,3,305.5284706957255,16.759939300662115,18.07227433408776,67.27846448564271,28.9412087716588,24.102248680318056,9.176924472210986,8.958786726692955,0,1,0,3
94,4,255.8212478663201,19.591387655128635,18.05753764427431,77.18915946258642,31.36680830824302,23.692608230333143,9.91500224494334,9.176924472210986,0,1,0,4
94,5,194.8139664003357,19.724806946537303,18.095051419860877,70.69801395319566,23.508148256082208,23.76326558063576,10.331484250390202,9.91500224494334,1,1,0,5
94,6,138.0948147912757,19.89457515876646,18.045736169403853,64.41615257821366,26.005111144437336,22.42899232788485,9.892144764797736,10.331484250390202,2,1,0,6
94,7,85.28517257818825,19.899085200277145,18.052781392041183,58.74373667145582,28.028292634620712,23.7916189945024,9.291292255373246,9.892144764797736,3,1,0,7
94,8,38.9910847891148,19.74247137246121,18.067588959391067,52.70447079722216,27.41859394204349,22.36326231221393,7.883423365400269,9.291292255373246,4,1,0,8
94,9,16.931318923518738,20.277704986054264,18.040561841928724,62.20583758964352,30.355764849687365,22.42960621932021,6.452270354918949,7.883423365400269,4,1,0,9
95,0,135.72144173462948,21.0,21.0,40.0,32.571571039308665,22.40559973019679,5.367180878111128,7.515389393,0,0,0,0
95,1,119.61989910029608,22.251431420786176,19.048111994603936,49.895890738510985,32.571571039308665,22.40559973019679,5.367180878111128,5.367180878111128,0,0,0,1
95,2,119.61989910029608,18.49278585095558,19.245087272718784,59.37913895654508,31.559716313492576,21.124996008919044,3.204682637650718,5.367180878111128,0,0,0,2
95,3,100.50505958429608,20.53688167096822,20.264551415359023,68.58395620135263,26.734932518137946,24.40294106412629,3.185806586,3.204682637650718,0,0,0,3
95,4,77.84503162326668,21.943928102344305,21.976995660699835,77.71197029987451,26.571382676297155,24.13980675993552,3.776671326838233,3.185806586,0,0,0,4
95,5,69.22824907926667,19.879945216933244,19.737550908290675,71.7412611766075,28.3932145748782,21.76951251808285,4.308391272,3.776671326838233,1,0,0,5
95,6,59.67671179615773,18.111696223805374,18.03847468290962,65.85098484663857,29.70733183874901,20.90224410586804,4.185172068648779,4.308391272,2,0,0,6
95,7,37.52468115365674,18.12247029230144,18.00843934293058,59.8660236374394,30.28628131414441,19.79726752363799,4.021299507924048,4.185172068648779,3,0,0,7
95,8,13.214227791960756,18.100972399502,18.03599616727867,53.998512197417085,31.99471994760506,18.741327607826527,4.1777582127254895,4.021299507924048,4,0,0,8
95,9,0.0,18.090012842286438,18.000244465636104,62.37198129146621,29.710029860088312,16.80924288462907,4.682558248197385,4.1777582127254895,4,0,0,9
96,0,157.86241628641565,21.0,21.0,40.0,30.951060259904587,16.20258696163729,4.098079703346385,3.1145352940634696,0,0,0,0
96,1,145.5681771763765,22.219021205198093,18.92405173923275,48.48765649987754,30.951060259904587,16.20258696163729,4.098079703346385,4.098079703346385,0,0,0,1
96,2,132.0421612813373,18.43141572971038,22.117687734091398,57.53938859382839,32.69917114618926,17.58822937575991,4.508671965013072,4.098079703346385,0,0,0,2
96,3,131.78299670941345,19.29756934162187,18.11346045316138,66.832558346962,29.51185402832009,22.116866822422164,3.719756460272961,4.508671965013072,0,0,0,3
96,4,107.84719779331508,20.271092519187608,20.525376798359947,75.30274909752096,26.05201732458676,21.00459795629633,3.989299819349728,3.719756460272961,0,0,0,4
96,5,98.36196068331402,18.52961457986552,18.3584373911195,70.07512359462623,29.51778233903909,24.77318708932355,4.742618555000527,3.989299819349728,1,0,0,5
96,6,71.80441894466608,18.109267293596155,18.093329184495023,65.25855500352473,31.799020835715226,24.775598102609774,5.684578934815219,4.742618555000527,2,0,0,6
96,7,39.85603747538584,18.226545754634568,18.07779433469532,60.74862295681078,34.18837897981699,24.08977631621657,5.839555206841875,5.684578934815219,3,0,0,7
96,8,11.306217477981685,18.037871556725943,18.03172378195614,55.56971756221535,31.67229611085739,22.889340585834667,5.172962555863445,5.839555206841875,4,0,0,8
96,9,0.0,18.11736274063349,18.117487592673623,65.44003932371817,28.469086418503974,26.36603447873395,3.9519484502017344,5.172962555863445,4,0,0,9
97,0,81.01778345122844,21.0,21.0,40.0,25.74624457539805,23.99470783301664,2.946959183963936,4.984230543366618,0,0,0,0
97,1,63.33602834744482,22.11492489150796,22.07989415666033,48.95337143351465,25.74624457539805,23.99470783301664,2.946959183963936,2.946959183963936,0,0,0,1
97,2,52.71457968319312,23.184659976972736,23.12221194902335,58.10587624694095,27.24755569183167,23.5996932716478,1.7702414440419505,2.946959183963936,0,0,0,2
97,3,46.48175162692792,24.26178200813558,24.25796158632971,67.36659776618497,26.28809719711157,25.1603556875774,1.0388046760441996,1.7702414440419505,0,0,0,3
97,4,38.7521308551141,25.54852822058669,25.43305368644241,77.52222004465327,31.125578401785297,25.294545367483057,1.2882701286356366,1.0388046760441996,0,0,0,4
97,5,28.835686236975715,26.18510094468428,26.0276038796718,73.71705824729756,35.900258416517154,26.29328715372887,1.239555577267299,1.2882701286356366,1,0,0,5
97,6,26.190735558975717,23.6359444281508,23.66402577964325,68.69388104015977,28.19259084712164,27.2342024465573,1.322475339,1.239555577267299,2,0,0,6
97,7,17.760532115754657,24.390665851103613,24.42347948909594,64.1227386491992,27.938097827996906,30.0,1.053775430402632,1.322475339,3,0,0,7
97,8,4.952932162322046,24.96192279278332,24.942048568559407,59.79521187604267,29.896512284109445,29.39500564279867,1.6009499941790766,1.053775430402632,4,0,0,8
97,9,4.952932162322046,22.98816661640596,22.96706314792533,70.83880349777293,31.353286787390346,30.0,1.8567033471551009,1.6009499941790766,4,0,0,9
98,0,198.9159776662131,21.0,21.0,40.0,32.36557186423817,17.598937635510342,5.544229310768006,5.539910512101999,0,0,0,0
98,1,182.2832897339091,22.247311437284765,18.951978752710207,48.993611709954735,32.36557186423817,17.598937635510342,5.544229310768006,5.544229310768006,0,0,0,1
98,2,182.2832897339091,18.52778697959477,19.24170983923364,59.57352431007583,36.255569754784936,22.52172246811,5.4400243317361925,5.544229310768006,0,0,0,2
98,3,174.87320458790413,18.156944150545662,18.127306347057857,70.93260073629412,36.20402772264635,26.90195242301085,6.098865858018704,5.4400243317361925,0,0,0,3
98,4,136.61333170535846,18.132107405697568,18.10077854487908,67.72097446048238,37.35960057705839,28.131364557320808,6.979396639310782,6.098865858018704,1,0,0,4
98,5,102.58294384770468,18.081478141382565,18.08495872769518,63.203932268267565,33.06439061197947,25.174263875715987,6.412774146430532,6.979396639310782,2,0,0,5
98,6,74.48074590339303,18.038943052938407,18.07899755806813,58.2747914514199,30.71694896648893,25.2322687176907,5.3536530570623695,6.412774146430532,3,0,0,6
98,7,45.6331990350261,18.090178125268714,18.136359327466725,53.61926114689234,31.65378604131045,25.8154900446476,5.258781572135456,5.3536530570623695,4,0,0,7
98,8,32.08817917088244,18.15357000848153,18.08849528507596,64.20215953080431,35.2264186949781,23.56746121564393,5.948902806159799,5.258781572135456,4,0,0,8
98,9,14.351315484513464,18.156047882178964,18.088859966765416,75.21639277765783,34.322579934890555,26.86760476985126,6.851766520649955,5.948902806159799,4,0,0,9
99,0,199.1066063414386,21.0,21.0,40.0,30.8160831342532,21.123359991682484,5.025377196,4.810805480371773,0,0,0,0
99,1,184.0304747534386,22.216321662685065,19.022467199833653,49.34909976266842,30.8160831342532,21.123359991682484,5.025377196,5.025377196,0,0,0,1
99,2,184.0304747534386,18.44675576815044,19.26386766168125,59.07921261437672,30.55420238786085,23.50198012162969,4.705083320026059,5.025377196,0,0,0,2
99,3,179.02825575812415,18.131641604293613,18.123618934429345,69.84462293434213,33.584646196717216,26.223188914201728,3.833256217835444,4.705083320026059,0,0,0,3
99,4,164.56910564385566,18.09958034323897,19.97425964696809,80.48594276962378,30.84424824181074,28.27419528753179,3.547103092373995,3.833256217835444,0,0,0,4
99,5,142.45646621075198,18.163852973346653,19.95404448264683,76.25500711769973,31.86247105206172,27.96566421502689,3.9703320314328834,3.547103092373995,1,0,0,5
99,6,126.5602062476019,18.125254058512223,18.035409327506663,71.62624610246453,31.30957500493805,26.30841935486638,4.5389409740231255,3.9703320314328834,2,0,0,6
99,7,94.57446770268464,18.03555438123858,18.16432285265893,67.09177913016971,28.798766516115133,29.343083637802536,5.915580434433794,4.5389409740231255,3,0,0,7
99,8,53.59438611434483,18.154940965132223,18.06797030428632,63.1555103992332,33.209022408591885,28.25615130842749,7.281065810187256,5.915580434433794,4,0,0,8
99,9,35.18510631743932,18.07276985002268,17.98869093627598,73.19539190827632,32.13915431045234,23.637965184231728,7.274358210990655,7.281065810187256,4,0,1,9
