day,hour,cost_to_go,T1,T2,H,Occ1,Occ2,price_t,price_previous,vent_counter,low_override_r1,low_override_r2,current_time
0,0,194.33930809099584,21.0,21.0,40.0,32.969097664154,15.4710408718597,4.311188506349689,5.831303587171684,0,0,0,0
0,1,194.33930809099584,19.259381953283082,18.909420817437194,48.71922493648246,32.969097664154,15.4710408718597,4.311188506349689,4.311188506349689,0,0,0,1
0,2,189.8302944082937,18.079891779945747,18.13621397903038,58.35209347337499,34.098941577065816,19.416994739003783,3.524664059340214,4.311188506349689,0,0,0,2
0,3,181.29173466510815,18.140361304445523,18.17686769888278,68.14002304022256,33.61700679934285,20.76037968314361,3.027217961626824,3.524664059340214,0,0,0,3
0,4,173.8555020726223,18.221973089183045,18.266752705087747,78.98910121625781,35.44515142724666,24.827505106282526,3.082559734341235,3.027217961626824,0,0,0,4
0,5,156.75361085655163,18.09116059601071,18.253449897874347,75.23967383725861,32.503181227782214,30.0,3.3083678532011027,3.082559734341235,1,0,0,5
0,6,135.98337160194708,18.012127542818373,18.051977238970302,71.03588126398216,30.24481328432489,29.73411686413934,4.192301144705626,3.3083678532011027,2,0,0,6
0,7,92.22002741500856,19.26937301440018,19.359145982475237,65.80461173374793,24.59216549300006,29.67855933903202,5.470418023367315,4.192301144705626,3,0,0,7
0,8,56.08834714936332,19.326026026400864,18.954941590546262,60.00838268395103,25.69321559175705,25.438845242704595,6.3308398830607695,5.470418023367315,4,0,0,8
0,9,53.698642175218374,17.891834191865893,17.756282720818813,69.38258938756617,29.555435016300837,22.523491114894377,7.047661207485221,6.3308398830607695,4,1,1,9
1,0,212.97812599092984,21.0,21.0,40.0,25.7342414983848,16.144992366405123,7.3321530013852945,5.157535487108307,0,0,0,0
1,1,202.74155921195262,19.976120665057575,19.457584193724234,47.53826209566218,25.7342414983848,16.144992366405123,7.3321530013852945,7.3321530013852945,0,0,0,1
1,2,200.3885648361803,17.99950078450782,18.127855078673516,55.19141872958136,22.844535639400757,19.67300121570576,8.648140847410337,7.3321530013852945,0,1,0,2
1,3,164.03122280739558,19.755892808046745,18.185000085785823,64.19587133470586,28.60173119013869,21.42300550499739,7.884593167844987,8.648140847410337,0,1,0,3
1,4,143.5781128896914,20.41747560927312,18.22715593632033,72.81074753653974,24.350130853755847,23.510292489765718,6.095926729207571,7.884593167844987,0,1,0,4
1,5,116.92197238268369,20.29377789712301,18.12159170052351,67.9927544775367,34.47682771181968,22.089877515941293,4.919507707126695,6.095926729207571,1,1,0,5
1,6,92.09897690889687,20.20534559417149,18.047918696517964,62.68286142636451,32.21286023602414,21.62106725746368,4.594508577541502,4.919507707126695,2,1,0,6
1,7,58.70671455787938,20.17347266756761,20.17595816816188,58.28654075079517,37.02063365464495,21.88869592552539,4.360500787747049,4.594508577541502,3,1,0,7
1,8,40.84237776221176,21.265623611436546,17.971902225983467,53.52519174854169,35.76509059783254,21.116303834092516,3.572867359133523,4.360500787747049,4,1,1,8
1,9,21.033945455942845,20.877065233140307,21.538029651567566,65.10577819743516,40.34709562158727,23.989495761154217,3.301405384378153,3.572867359133523,4,1,1,9
2,0,250.2364238089512,21.0,21.0,40.0,27.721293233033787,22.818338600598924,7.647974385457378,7.199748919103557,0,0,0,0
2,1,250.2364238089512,19.154425864660677,19.05636677201198,49.09713373005388,27.721293233033787,22.818338600598924,7.647974385457378,7.647974385457378,0,0,0,1
2,2,240.6192338125127,18.03066746000434,18.116984551391308,58.49182733229344,26.389921148875032,25.80282108578918,8.017705861,7.647974385457378,0,0,0,2
2,3,216.54904643488481,18.16835284776115,18.10975634424303,67.68950366257089,27.307563536933053,23.790638297941637,8.275328396050925,8.017705861,0,0,0,3
2,4,195.68257829066906,18.233074685072005,18.175322052008127,77.22536708732025,29.69078795928531,23.286231067100054,8.302920910912846,8.275328396050925,0,0,0,4
2,5,154.44532480386528,18.114932200271973,18.116874929134685,71.14749467672955,27.937397972883996,21.629977523834345,7.654257442106276,8.302920910912846,1,0,0,5
2,6,121.66540358212258,18.120552195240993,18.091716210728684,65.94872968949066,31.100262650557788,23.35104297589282,6.167881551658359,7.654257442106276,2,0,0,6
2,7,89.71159165879737,17.821351985188652,17.920929508430213,59.46180637519686,25.032606994366216,22.26226348177931,6.241061387746969,6.167881551658359,3,1,1,7
2,8,51.04049931964194,19.0209869042735,18.909518029728783,53.25517891327986,26.46592526731451,22.386144388702185,4.8338865423944295,6.241061387746969,4,1,1,8
2,9,25.735193522238713,20.47792024871857,20.371105396477336,61.3280115242492,25.930922895586534,18.918147165354213,4.217550966233871,4.8338865423944295,4,1,1,9
3,0,198.4142332049954,21.0,21.0,40.0,32.26903443186937,16.978933102062314,3.304801234021085,4.054780927602364,0,0,0,0
3,1,198.4142332049954,19.24538068863739,18.93957866204125,48.864634156107705,32.26903443186937,16.978933102062314,3.304801234021085,3.304801234021085,0,0,0,1
3,2,194.1914209893012,18.078932306202834,18.151831936346028,58.77483826478002,33.350904657636065,21.70578483498792,3.382099322077719,3.304801234021085,0,0,0,2
3,3,184.60161795072415,18.09544055561367,18.223310082360094,68.85379811521634,30.62293243831953,25.37128895299335,3.4538076971036067,3.382099322077719,0,0,0,3
3,4,174.81188854734805,18.249390987987145,18.209250444420412,79.72314731807145,33.82197200642916,26.56330134276599,4.115665861886264,3.4538076971036067,0,0,0,4
3,5,152.17471352631065,18.188865066665144,18.21873397314468,76.56088787921502,35.765225339686424,30.0,4.358241910538685,4.115665861886264,1,0,0,5
3,6,127.46975917534851,17.98266283854481,18.016492631536703,72.35971944071693,32.03362218255116,27.959886492459493,5.112308244964565,4.358241910538685,2,1,0,6
3,7,92.40557036079866,19.3789705617193,17.89105855962878,67.61181945749844,31.57855164606743,25.377559558274285,5.275780035,5.112308244964565,3,1,1,7
3,8,57.29293231279867,19.65041730242226,19.91848150240724,63.775981048419766,35.46929499083572,26.55382495872718,4.389079756,5.275780035,4,1,1,8
3,9,32.351572297292364,21.392104950148628,21.225614047765486,74.49606348015257,31.929797814504514,27.62621569512222,4.156893335917718,4.389079756,4,1,1,9
4,0,211.328558227797,21.0,21.0,40.0,31.365327650566044,22.007154082152155,6.769341992482144,5.273271777648426,0,0,0,0
4,1,211.328558227797,19.22730655301132,19.040143081643045,49.607046711889275,31.365327650566044,22.007154082152155,6.769341992482144,6.769341992482144,0,0,0,1
4,2,203.44004237171123,18.062660180031802,18.103221097503646,59.675716691222405,31.633591567781178,24.30346387295844,7.224936543967067,6.769341992482144,0,0,0,2
4,3,184.11399071034978,18.244357447213208,18.242790348000117,71.42871682747575,36.35146392844239,28.94298127296512,6.859592786501511,7.224936543967067,0,0,0,3
4,4,148.121589224619,18.28868782508786,18.17292941297746,68.99888856706754,41.51534535158693,28.31894209058969,6.614926951011565,6.859592786501511,1,0,0,4
4,5,119.49414357205703,18.02608210787271,18.183621158188206,65.75638970120758,35.319450745222504,30.0,5.722686684749252,6.614926951011565,2,0,0,5
4,6,94.12071915727711,18.098390022122917,17.922791825632842,61.67321923477422,37.37420676699273,23.27484619726643,5.055002876401586,5.722686684749252,3,0,1,6
4,7,67.61493530228631,17.981873955635255,19.27405803193103,58.21242852263234,39.33264963313126,24.77406863274712,4.097149072681395,5.055002876401586,4,1,1,7
4,8,50.015178269290146,20.817515787597547,20.241865629460538,70.30512040724344,38.29068417179338,28.890937409379404,2.9332928388326955,4.097149072681395,4,1,1,8
4,9,22.91499460351753,21.297711250746897,21.343568893203187,66.76434399424842,35.002111755189766,28.660241505949053,3.3875229582215765,2.9332928388326955,5,1,1,9
5,0,73.62775164558076,21.0,21.0,40.0,32.81367886473842,16.657447977782923,6.053035409,7.581990489683603,0,0,0,0
5,1,73.62775164558076,19.25627357729477,18.93314895955566,48.90480283165384,32.81367886473842,16.657447977782923,6.053035409,6.053035409,0,0,0,1
5,2,68.37812980465337,18.033145688966265,18.123431590453567,58.18749294771116,31.606218228676816,19.96428241608611,4.233234238138066,6.053035409,0,0,0,2
5,3,61.19417417379124,18.195112098755935,18.169233050768074,68.04928940948483,33.86182316647451,20.925934954490288,2.4661025689868654,4.233234238138066,0,0,0,3
5,4,59.30827829402062,18.21378856421777,18.228850347538934,78.55745253781963,35.28074154611529,23.09794250018918,0.798518197,2.4661025689868654,0,0,0,4
5,5,55.866346786769945,18.122630053487956,18.136458416392212,73.69741189507597,33.91224422051305,22.42086331979994,0.6557757408914365,0.798518197,1,0,0,5
5,6,46.492145973724035,19.519675593343564,19.433213184330015,68.7747942881088,30.050576373092493,25.934881365978743,1.1717751016307385,0.6557757408914365,2,0,0,6
5,7,31.596680353548635,20.601542450717467,20.617686151353567,63.46076083796737,27.15033819019525,26.66058708679685,1.8619332025219248,1.1717751016307385,3,0,0,7
5,8,16.000486478117544,20.43693090867067,20.9766238400343,58.46542998320365,30.809830415752774,24.771664835559893,2.429613073165737,1.8619332025219248,4,0,0,8
5,9,15.033973326498758,19.66486224504404,19.024911948262144,70.27040139514993,39.74787077635845,25.835303734454214,3.3176841873575342,2.429613073165737,4,0,0,9
6,0,270.9476978851245,21.0,21.0,40.0,29.01257819165574,17.67497995388691,7.267481148619879,2.2705577079860277,0,0,0,0
6,1,235.0298293449942,21.16926662722422,21.906756528638592,48.40376046619768,29.01257819165574,17.67497995388691,7.267481148619879,7.267481148619879,0,0,0,1
6,2,235.0298293449942,19.809266787672406,19.510381173489346,57.73349632378941,27.85689903172367,23.974966843785936,11.011881008803204,7.267481148619879,0,0,0,2
6,3,234.29675277616383,18.216518440212464,18.18818520497445,68.00556498806338,31.18282104234684,25.88422709250853,12.0,11.011881008803204,0,0,0,3
6,4,209.38259890034627,18.121496544672617,18.167520522307633,77.54140371591035,27.98713844472981,24.989743376642245,10.928046748362023,12.0,0,0,0,4
6,5,158.1497466244815,18.245806429433763,18.13749995255532,72.8269998816591,32.77745991641811,24.364741004408312,9.323647218966974,10.928046748362023,1,0,0,5
6,6,120.18083978730016,18.043332437406733,18.077012589368817,68.16439305801254,32.079336702378924,25.35062538847351,7.553340719034881,9.323647218966974,2,0,0,6
6,7,88.64175248407511,17.913359021362847,17.937791230414433,63.19344673073677,30.61203285489704,25.1049319935709,6.132322371908845,7.553340719034881,3,1,1,7
6,8,46.374637347759005,19.138452100412913,19.05236078804039,58.447753917795765,30.453227872145572,26.515145389293345,5.283389392039514,6.132322371908845,4,1,1,8
6,9,20.20018230750109,20.68924959838763,20.660289864127197,68.91671645358218,30.45012968760041,27.7107732889908,4.362409173376318,5.283389392039514,4,1,1,9
7,0,287.70307218719347,21.0,21.0,40.0,30.779173783334635,20.680614680722343,7.090128116,2.9956330997377263,0,0,0,0
7,1,254.99207825072332,20.900087689427675,21.942705098312498,49.262761923530256,30.779173783334635,20.680614680722343,7.090128116,7.090128116,0,0,0,1
7,2,254.99207825072332,19.81332481601077,19.243310044535566,58.11454585737656,31.01902742537257,18.15754998488469,9.193204237929365,7.090128116,0,0,0,2
7,3,251.6087271073261,18.21289470188757,18.237015435136023,68.31552102443551,34.16376251975196,22.508321741686643,9.64172416696774,9.193204237929365,0,0,0,3
7,4,232.83425089201012,18.265342880860373,18.253388507900503,79.84769515109312,38.16039673152284,25.90723730546388,8.355168477805561,9.64172416696774,0,0,0,4
7,5,194.34770222711091,18.120542109741,18.12912763058546,75.92689694068889,36.68750221857296,24.863618834736847,7.596460831600832,8.355168477805561,1,0,0,5
7,6,161.2132377790968,18.03850072253883,18.11618468747156,72.36695919000292,35.74779326113881,27.808108123939096,6.549782799705535,7.596460831600832,2,0,0,6
7,7,133.38608808729805,17.95130018286363,17.96771006480704,69.10942189872846,36.17754748869626,29.05835644866782,5.576957394085579,6.549782799705535,3,1,1,7
7,8,84.0997713814715,19.34109775231523,19.13411668115487,66.3736770242022,39.11882801297138,29.015922684104915,6.160789588228319,5.576957394085579,4,1,1,8
7,9,35.919279294,20.19749332219557,20.152188557423116,63.140268799287256,35.36995430602813,30.0,6.022561510933938,6.160789588228319,5,1,1,9
8,0,133.76612554035034,21.0,21.0,40.0,32.21736375634937,19.458250283585784,6.485857822549366,7.7394799538568435,0,0,0,0
8,1,133.76612554035034,19.244347275126987,18.989165005671715,49.30161052718833,32.21736375634937,19.458250283585784,6.485857822549366,6.485857822549366,0,0,0,1
8,2,127.43791527893086,18.042470975074373,18.15569232527367,59.355382527134005,31.47616742569292,24.378121462894168,5.47268384,6.485857822549366,0,0,0,2
8,3,114.05418123278662,18.216082639085982,18.22898412780356,70.71475542908586,34.780299379992755,28.32732785307307,4.797076067101612,5.47268384,0,0,0,3
8,4,91.11553762364542,18.137171299497616,18.066644253819046,65.57108477163821,32.368354523625115,22.389030712776854,4.153521599292188,4.797076067101612,1,0,0,4
8,5,67.57619980382553,18.225650654703987,18.29394708649626,62.40379378499277,36.150887258824426,29.586385037589807,4.252041794701322,4.153521599292188,2,0,0,5
8,6,50.56125843847721,18.061269838522335,18.037278273185613,59.09212757334362,36.34963410056533,28.58555361249489,3.595561977175403,4.252041794701322,3,0,0,6
8,7,37.61501374862851,17.8109496385922,17.802480418124482,53.33264010251982,29.761861114551024,21.574319603094565,2.582738914567651,3.595561977175403,4,1,1,7
8,8,23.363236179758516,18.929079080200772,18.84277963014696,46.741893266619556,25.580041971796938,21.138031162090503,1.7814721961087492,2.582738914567651,5,1,1,8
8,9,13.273123093055904,20.490365229076254,20.445984733862808,56.88567914887919,29.933941262016344,26.420424750537165,1.6816855144504357,1.7814721961087492,5,1,1,9
9,0,199.78539049384142,21.0,21.0,40.0,33.24437219818739,19.98399187856279,6.830282956640339,5.773273185929288,0,0,0,0
9,1,199.78539049384142,19.26488744396375,18.999679837571257,49.581105533815034,33.24437219818739,19.98399187856279,6.830282956640339,6.830282956640339,0,0,0,1
9,2,192.48352307065818,17.9494889297047,18.04569187580409,58.08753008683389,27.85407359904675,19.40384058439131,6.654260394555777,6.830282956640339,0,1,0,2
9,3,161.2528732668671,19.61975919710255,18.251207893031918,66.99291484850224,25.01012455105857,24.464235235987815,6.685748167751662,6.654260394555777,0,1,0,3
9,4,137.69974946874117,20.59048289102856,18.210877700539346,77.57581240610489,33.056264888307936,25.737610431706766,7.017789822289494,6.685748167751662,0,1,0,4
9,5,101.41980819233683,20.30691749452825,18.234175260251188,73.91102780332514,33.02704542917933,29.946373444266555,6.8777274829861215,7.017789822289494,1,1,0,5
9,6,73.35661678459729,20.339288684600017,18.058367432802182,70.67140232414258,35.33541400454128,30.0,5.392656343724765,6.8777274829861215,2,1,0,6
9,7,46.52800565811893,20.246496657015058,19.955059090566486,67.43934224071302,38.349224682063095,27.028219298883776,3.700137685,5.392656343724765,3,1,0,7
9,8,32.55430056788016,21.242073133864537,18.108308673328864,64.89148518041836,40.11917920538199,29.059392681869905,2.7947410180477528,3.700137685,4,1,0,8
9,9,17.747167588648193,21.002791445741593,21.127368837211336,78.01248977949496,42.89446999487001,30.0,2.7207304042692377,2.7947410180477528,4,1,0,9
10,0,27.707119809487892,21.0,21.0,40.0,25.90433139596119,21.46027891507768,2.398807380861561,5.763960930748606,0,0,0,0
10,1,27.707119809487892,19.118086627919226,19.029205578301553,48.525629855987,25.90433139596119,21.46027891507768,2.398807380861561,2.398807380861561,0,0,0,1
10,2,26.24549692431142,18.148994477607587,18.05300769588981,57.83797104307545,30.489310191965156,21.24591862519289,1.1071686046252442,2.398807380861561,0,0,0,2
10,3,26.14179178031578,18.2365046126408,18.21544517584079,68.51786032649848,34.814540824005924,24.518177417233144,0.036148005,1.1071686046252442,0,0,0,3
10,4,24.93707015206423,19.57009020670134,19.35298275201357,65.49603189860704,38.858330954607,27.68706666821836,0.1505902035314441,0.036148005,1,0,0,4
10,5,23.86806722591097,20.77373102137427,20.63909459042614,62.16587966959523,37.41046049216204,27.422027124438983,0.1336253657691576,0.1505902035314441,2,0,0,5
10,6,17.972150222279055,20.86448863895291,21.23536007156238,58.69951491133878,37.64807241751762,26.427678925502114,0.9289603745464912,0.1336253657691576,3,0,0,6
10,7,7.517827529471894,20.446573346062976,21.658032966519233,55.02327966164998,35.70869080442363,27.201113363971903,1.7806302475231244,0.9289603745464912,4,0,0,7
10,8,0.6758312529161745,20.123402781036383,21.22645783973716,52.54766558658852,39.57992180521409,30.0,1.296150207835052,1.7806302475231244,5,0,0,8
10,9,0.6758312529161745,19.41471135090634,18.949273922230496,64.55835378617903,36.72604555328055,30.0,1.3059908441020889,1.296150207835052,5,0,0,9
11,0,174.74177909085483,21.0,21.0,40.0,34.82587986096777,15.596075442048257,7.139526913102904,2.097733795737998,0,0,0,0
11,1,141.54546661178253,20.946169161407507,21.911921508840965,49.07595195454289,34.82587986096777,15.596075442048257,7.139526913102904,7.139526913102904,0,0,0,1
11,2,141.54546661178253,19.825857534722413,19.28315970420956,58.27526444554273,31.8779489654034,19.22934265126242,9.815371048649055,7.139526913102904,0,0,0,2
11,3,138.8730760955746,18.182174417533197,18.15106425166362,67.77372495931408,33.48666984206323,19.282555234444267,10.078831281894056,9.815371048649055,0,0,0,3
11,4,117.09716092973284,18.18266777351788,18.208303270547887,77.4535413304281,33.34954868670936,20.42720893059076,8.960873032667674,10.078831281894056,0,0,0,4
11,5,77.0045976182849,18.036215518366895,18.20669691974022,71.61956964450617,27.660324605054164,23.26205491760185,7.442216153401197,8.960873032667674,1,0,0,5
11,6,50.372882158868535,17.9545052138443,18.021105750681304,64.53478840893945,22.52084021289357,21.452597367291343,5.046254740706354,7.442216153401197,2,1,0,6
11,7,29.78411400866476,19.289242403013606,17.889522249116386,57.84531090353846,27.3761145069524,18.79345490748656,3.0313650287522886,5.046254740706354,3,1,1,7
11,8,15.08608623210472,19.37966935768543,19.71202256417473,50.453852748402255,23.323909449951604,18.945767465958323,1.837253472070005,3.0313650287522886,4,1,1,8
11,9,5.809936321148175,20.976745129988675,20.86513644009963,58.056774081754384,21.41679412453456,20.82165772742172,1.546024985159424,1.837253472070005,4,1,1,9
12,0,234.2505414170414,21.0,21.0,40.0,26.68594523517113,17.989768671675385,7.893431988743194,5.510491875932469,0,0,0,0
12,1,224.37880981326992,19.976364123686146,19.367776196183907,48.041628503232374,26.68594523517113,17.989768671675385,7.893431988743194,7.893431988743194,0,0,0,1
12,2,221.49347243865313,18.047446499650416,18.181890183262038,57.11597892230178,26.19352513331667,24.21953275040224,9.722816005948197,7.893431988743194,0,0,0,2
12,3,192.2363218709123,18.28518112198189,18.17373756304756,67.62059750663646,32.9525812324119,25.406410902780777,10.191479956704192,9.722816005948197,0,0,0,3
12,4,172.58716164295677,18.16827248607276,18.24730871647265,78.52806337463066,32.095695704802225,28.501336895165583,8.910361286274178,10.191479956704192,0,0,0,4
12,5,134.71595557312293,18.106325713341533,18.120745248773787,73.77916790166276,29.91198137187892,27.03859933385496,7.243051151382616,8.910361286274178,1,0,0,5
12,6,100.75267880546627,17.982225677595775,18.091084741312386,68.658757968493,26.158520167291893,28.728091315098357,6.567756554636774,7.243051151382616,2,1,0,6
12,7,64.61206751377566,19.208202827036516,17.95538715160162,62.68956551073374,20.808959032893394,29.362193979555126,5.468577530519753,6.567756554636774,3,1,1,7
12,8,32.54492749748879,19.3925129147774,19.802549873588017,56.351360009428845,23.20573386964927,24.915346678656856,4.008392502035858,5.468577530519753,4,1,1,8
12,9,13.05488087818513,21.124889279543666,21.037437539467497,66.00098456439417,25.91552896350606,27.693496341856868,3.2483411032172773,4.008392502035858,4,1,1,9
13,0,296.39949239801786,21.0,21.0,40.0,29.72369114070828,15.898684800310212,4.917734207362141,2.2657112237249217,0,0,0,0
13,1,272.43134722223834,21.068292570459736,21.917973696006207,48.21202766938333,29.72369114070828,15.898684800310212,4.917734207362141,4.917734207362141,0,0,0,1
13,2,272.43134722223834,19.89896344120772,19.339780090227535,57.54065446355119,33.51982753892794,18.305876873115736,7.309474058084169,4.917734207362141,0,0,0,2
13,3,245.46538231387467,19.880627347479727,19.40474483954959,67.05306477284032,28.020524147543284,24.82619979295188,8.701565027637658,7.309474058084169,0,0,0,3
13,4,245.46538231387467,18.275996712915486,18.3017970095718,76.3730017906637,28.812825331466435,22.964602545330152,8.586721708783863,8.701565027637658,0,0,0,4
13,5,202.84394841097753,18.1343644096671,18.254289652808197,71.49082537076474,28.031045814821496,28.179085185739893,8.104433529053114,8.586721708783863,1,0,0,5
13,6,163.42396133848655,18.033803894628218,18.09066283651085,66.69754130074213,26.85649546185668,29.847481926906653,7.820497280287988,8.104433529053114,2,0,0,6
13,7,129.14722171178607,17.977025859272775,17.933344289581484,62.12889680078315,28.57253350987129,29.37944149035664,6.650640680847666,7.820497280287988,3,1,1,7
13,8,77.39359610048393,19.14370147221342,19.158923900750597,57.909835182115074,29.894102118510705,30.0,6.469203201412769,6.650640680847666,4,1,1,8
13,9,38.61592614,20.75085697806874,20.70009248076606,68.38580656024446,30.254864713342,27.944976276265702,6.462944993413989,6.469203201412769,4,1,1,9
14,0,43.9439308343366,21.0,21.0,40.0,26.261996141262443,21.0592616014806,4.478147900676209,7.277721786841092,0,0,0,0
14,1,43.9439308343366,19.12523992282525,19.021185232029612,48.517826393693746,26.261996141262443,21.0592616014806,4.478147900676209,4.478147900676209,0,0,0,1
14,2,40.7617816824439,18.195367855149858,18.08613512986074,58.53787142210776,33.165643814379706,22.501273010142626,2.4074503828876264,4.478147900676209,0,0,0,2
14,3,37.908181143510134,18.176683790157565,18.206863984683324,69.30984642409005,34.49983332225874,25.34447224430956,1.049612099188962,2.4074503828876264,0,0,0,3
14,4,36.135650778312026,18.152771565914772,18.278520751738764,80.62606874570497,32.86790178674952,30.0,0.7901331973375043,1.049612099188962,0,0,0,4
14,5,33.21165640521586,19.63559305558819,19.514235789946973,77.11236881290304,33.99720182290064,29.8155763281998,0.3654992966370204,0.7901331973375043,1,0,0,5
14,6,28.69444436939218,20.847669137055068,20.825090197345293,73.25358917367151,32.42248732052146,29.47318135041445,0.5646515044779603,0.3654992966370204,2,0,0,6
14,7,20.09763693460198,21.949919668201893,21.854665740484354,69.17681547358009,32.89298551828559,27.79160503676208,1.0746009293487748,0.5646515044779603,3,0,0,7
14,8,9.509113724495071,20.970506837256494,21.761622019529632,64.23912762521888,34.3158890617833,21.585845113987737,1.959184258190373,1.0746009293487748,4,0,0,8
14,9,1.5145622393432006,19.53302039548524,18.954194079759855,59.43146228139557,33.65270902180258,22.97137240140121,3.2220152578563246,1.959184258190373,5,0,0,9
15,0,143.73278335012088,21.0,21.0,40.0,27.966960170684136,18.15766526431868,6.016773721870224,6.7515617982732055,0,0,0,0
15,1,143.73278335012088,19.159339203413683,18.963153305286376,48.302432578300504,27.966960170684136,18.15766526431868,6.016773721870224,6.016773721870224,0,0,0,1
15,2,137.643995717284,18.17305342378494,18.06632552107459,57.72796742996174,33.754886275556096,18.60919623367299,4.453263300382446,6.016773721870224,0,0,0,2
15,3,127.23849885578713,18.096774717643882,18.265766522108343,67.71637343939324,31.09362215775104,24.397522339090624,3.6863793374208806,4.453263300382446,0,0,0,3
15,4,120.22456767862039,18.32124125371278,18.220149170131762,79.23990972417641,37.885175012142064,26.134471014431107,2.9855406321857028,3.6863793374208806,0,0,0,4
15,5,106.31257412517812,18.093390093207407,18.174620743546683,75.47554353974644,35.054679672512414,27.36550819176548,2.756517491545865,2.9855406321857028,1,0,0,5
15,6,94.55506532896722,17.984358540833668,18.013758129257283,70.66291915575974,31.40786162982004,25.18866957025388,2.3398137843086624,2.756517491545865,2,1,0,6
15,7,70.82345577074985,19.258037060813578,19.01472563222495,65.22472475980602,25.58847613483113,27.532666109870476,3.071407068158271,2.3398137843086624,3,1,0,7
15,8,48.72643874090218,20.100794674025092,18.66827873546716,60.32131246300813,26.092153906678394,30.0,3.443869665315005,3.071407068158271,4,1,0,8
15,9,26.64320287849975,20.122528303966078,17.766139302607574,56.44150778521775,34.2013879395368,27.577474961627782,4.130537653213358,3.443869665315005,5,1,1,9
16,0,15.968465328056796,21.0,21.0,40.0,34.62841056110579,15.575079902738878,2.747501458813862,5.740885074374117,0,0,0,0
16,1,15.968465328056796,19.292568211222118,18.91150159805478,49.036628283492036,34.62841056110579,15.575079902738878,2.747501458813862,2.747501458813862,0,0,0,1
16,2,15.2935721418317,18.070974532769043,18.11344935152572,58.701763295261685,35.31239211518222,18.38280239464918,0.5567197527313617,2.747501458813862,0,0,0,2
16,3,13.493024683988061,18.120000145846756,18.88719371816827,68.18673077048724,33.81239940752076,18.88186434373233,0.5039686133681017,0.5567197527313617,0,0,0,3
16,4,7.216135895234823,19.798944536068092,19.35569439756182,62.751519105010004,31.89615815503073,21.24155481454018,0.7846110985941548,0.5039686133681017,1,0,0,4
16,5,6.717257212165252,20.744465897354054,20.613947761525274,57.05597490289695,32.433039984202544,19.258381115169357,0.0623598353836964,0.7846110985941548,2,0,0,5
16,6,5.82401681874742,20.857726448771977,21.655433208657005,51.30540734419037,30.157268695613837,21.228467089349618,0.1264698427738742,0.0623598353836964,3,0,0,6
16,7,5.82401681874742,20.469717018259118,20.850419302434343,46.037109589741036,31.48292371505573,22.58208876022572,0.0,0.1264698427738742,4,0,0,7
16,8,1.058169075211713,20.402356967026343,21.461571090575188,40.69558438981484,27.062693804896934,26.59549952884645,0.6990884612594235,0.0,5,0,0,8
16,9,1.0278388570786312,19.37370321956106,19.077055459846683,49.11175103117797,23.437928671026736,23.31855266987953,1.2904280770404633,0.6990884612594235,5,0,0,9
17,0,247.32551091903667,21.0,21.0,40.0,25.81871451238587,16.634519240858396,5.629555566,2.810798798891432,0,0,0,0
17,1,219.24268279375576,21.10483701986152,21.93269038481717,47.64158207558397,25.81871451238587,16.634519240858396,5.629555566,5.629555566,0,0,0,1
17,2,219.24268279375576,19.778684678197987,19.430537350900654,56.28930012919906,26.516221983085657,21.52665609255376,7.024113614054433,5.629555566,0,0,0,2
17,3,217.57935415262685,18.155327275294713,18.153053675975798,65.01244674424899,26.782585747821816,21.67933989134448,7.040460804292091,7.024113614054433,0,0,0,3
17,4,200.107329963407,18.229578421782666,18.10216343773481,73.38388655570697,28.990997005707317,17.517001946836952,6.882465053019259,7.040460804292091,0,0,0,4
17,5,165.483754606502,18.167506858942936,18.21867465694438,67.53096001015075,29.866339952854123,20.95073479405577,6.1984299688104585,6.882465053019259,1,0,0,5
17,6,132.51083040503556,18.142357339433254,18.058639511452764,62.45569689219343,34.11946184014111,21.0179652823182,6.401658140436525,6.1984299688104585,2,0,0,6
17,7,100.07797420501683,17.839685910473683,17.939117429237083,56.42097206200833,28.96850244820124,20.838581828548215,6.339055966529619,6.401658140436525,3,1,1,7
17,8,49.940506981016824,19.109032058077464,18.973931713998823,51.290647189412965,30.047536454031103,24.783992031550195,6.267183403,6.339055966529619,4,1,1,8
17,9,23.16330176323426,20.495262213220236,20.48344994886605,59.29574186399632,23.54493328550933,20.92781490662042,4.462867536297095,6.267183403,4,1,1,9
18,0,186.4011696099193,21.0,21.0,40.0,34.443744382523725,18.677464581644607,5.635131593856222,3.710905355422147,0,0,0,0
18,1,179.61010487852056,20.03742140554353,19.430132524179523,49.5618176135503,34.443744382523725,18.677464581644607,5.635131593856222,5.635131593856222,0,0,0,1
18,2,179.12367940654724,18.07000867020724,18.176591574900545,59.78810178830429,32.17039161744754,24.64229824229684,6.489297640153488,5.635131593856222,0,0,0,2
18,3,161.4986419524523,18.252571726404483,18.099849047058363,70.4861729242241,37.29897793767242,22.13475059521549,6.462647732471483,6.489297640153488,0,0,0,3
18,4,131.68766868580843,18.102767331873753,18.185964395938544,65.44544607120515,33.166834700111565,22.16246056089426,5.248820222218948,6.462647732471483,1,0,0,4
18,5,107.05921725641194,18.113685123305903,18.17370037286361,60.29118868371181,31.351090865406764,23.34747920407466,4.520520264842107,5.248820222218948,2,0,0,5
18,6,85.59435255471048,18.00978716958305,18.07327569423902,54.853188840241856,28.975704260183488,24.14651883165008,4.158268771345154,4.520520264842107,3,0,0,6
18,7,66.80007068834361,18.071066040192854,17.951922747653008,50.65339631776001,35.39375135420171,24.60740129867693,3.5711570984621663,4.158268771345154,4,0,1,7
18,8,44.199500676976754,17.80062080810815,19.15638359602368,46.39901727818587,32.92479175960908,26.77310246497904,3.4468132854144784,3.5711570984621663,5,1,1,8
18,9,24.27248506354172,20.462863891126638,19.889112650412024,57.883762248190735,36.07762946962353,27.72650925262572,3.32116926890584,3.4468132854144784,5,1,1,9
19,0,157.8302047699161,21.0,21.0,40.0,27.195361581889124,23.8040828251533,2.267431907553209,4.022244520743904,0,0,0,0
19,1,157.8302047699161,19.143907231637783,19.076081656503067,49.17989999326764,27.195361581889124,23.8040828251533,2.267431907553209,2.267431907553209,0,0,0,1
19,2,155.68463648310816,18.118733931066345,18.11695642958592,59.44970500203058,30.267313050831127,26.78715922007411,1.8151691742724327,2.267431907553209,0,0,0,2
19,3,150.68987044932035,18.030259608347635,18.169895595023124,68.82090684113064,24.28029346821377,27.78193897123093,1.8281118080634384,1.8151691742724327,0,0,0,3
19,4,136.32022848993307,19.952026784799834,19.961829541828003,79.15566486385332,27.41532234845933,30.0,2.3949403265645466,1.8281118080634384,0,0,0,4
19,5,109.25834828745162,21.089451766197776,21.062063123622266,74.44837085692348,29.202045367427065,27.97965459407385,3.3827350253101818,2.3949403265645466,1,0,0,5
19,6,88.84923932947233,20.872013007758223,21.112265926078138,70.2172934713067,35.477716024779184,24.34963183290538,3.611356910114296,3.3827350253101818,2,0,0,6
19,7,80.50909552404352,19.09331331523486,18.85649102213968,64.9241813739783,31.08223794740131,22.84491706744089,4.170071902714403,3.611356910114296,3,0,0,7
19,8,63.739177129805576,17.912660210408944,17.902651515579084,60.668874810542206,34.2152484678489,25.47749284639502,4.555529319438115,4.170071902714403,4,1,1,8
19,9,27.259635035878446,18.89285165574762,18.797367487904104,55.045513892529385,28.50838907949843,23.58405026487481,4.559942761740891,4.555529319438115,5,1,1,9
20,0,180.94906626847813,21.0,21.0,40.0,34.03487760059643,23.695520081705304,5.530670999028015,3.018100944219988,0,0,0,0
20,1,157.25553387884034,20.7184479745755,21.920184900061464,50.39147158281431,34.03487760059643,23.695520081705304,5.530670999028015,5.530670999028015,0,0,0,1
20,2,157.25553387884034,19.769841981686277,19.25160015029321,60.58021625569502,32.24508737946167,24.35904969209785,6.680410704530024,5.530670999028015,0,0,0,2
20,3,155.69258997397458,18.075025380555225,18.161375215428368,70.19656629242833,28.496356407223654,24.927810463516977,6.678404481872221,6.680410704530024,0,0,0,3
20,4,121.53171715547789,18.286652127386283,18.274343360826457,66.52449218382688,33.55845294528952,29.37446867359129,5.785892698590509,6.678404481872221,1,0,0,4
20,5,95.67986950787417,18.077981739199334,18.162510626528174,62.31684936677297,29.957539905256056,30.0,5.1181283516326985,5.785892698590509,2,0,0,5
20,6,72.90897975065985,18.05232225287644,17.991982227023417,57.476638638442495,29.708907464702243,26.73436626679511,4.465759594723016,5.1181283516326985,3,0,1,6
20,7,51.26119470556206,17.29166169478708,19.209711374477116,52.20701565734592,32.15673728843194,21.90091281658705,3.672268136192737,4.465759594723016,4,1,1,7
20,8,29.5123939155778,19.71497904009831,18.960606263878326,46.55746976247089,30.44743043317154,21.49953681752274,2.718600098748033,3.672268136192737,5,1,1,8
20,9,15.892196653046085,20.82061784016082,20.802361399993835,55.56073373127677,31.12327340584094,18.89485975419172,2.270032877088619,2.718600098748033,5,1,1,9
21,0,220.76262849849692,21.0,21.0,40.0,34.599403986625305,23.335456982769287,4.635424999011551,7.291819783222505,0,0,0,0
21,1,220.76262849849692,19.29198807973251,19.066709139655387,50.428274974491025,34.599403986625305,23.335456982769287,4.635424999011551,4.635424999011551,0,0,0,1
21,2,218.24594785361512,18.114745350599996,18.167433106727106,62.36484783455082,37.47192643224938,28.842367234749485,2.740063549903083,4.635424999011551,0,0,0,2
21,3,210.64785724987308,18.3055176236353,18.173152655305,75.90945320507352,45.24780761401495,30.0,3.032971684958091,2.740063549903083,0,0,0,3
21,4,188.37872502360014,18.230448400618602,18.124247629731652,74.30893930949911,47.49971781369669,26.941871655334356,4.242021632124803,3.032971684958091,1,0,0,4
21,5,144.49863947253223,19.719966786394714,19.43200717907874,71.43497538329842,41.67892950288291,25.687937573779973,5.485010693883489,4.242021632124803,2,0,0,5
21,6,131.03515677426427,17.96155979779211,18.123431045269985,68.29462081428133,36.89217430811269,28.99474475290343,5.777138797785983,5.485010693883489,3,1,0,6
21,7,101.56681317455067,19.49073825181988,17.2628102032544,64.86418009735128,34.2753293503886,30.0,4.989442179725419,5.777138797785983,4,1,1,7
21,8,63.835348886550676,19.25500830782744,19.865991110380737,61.18074060549844,32.86978060081759,30.0,4.716433036,4.989442179725419,5,1,1,8
21,9,27.303821374550676,20.435390536093774,20.25937920847774,55.82226478878053,26.599923791479128,26.96409944897689,4.566440939,4.716433036,6,1,1,9
22,0,140.4125824129975,21.0,21.0,40.0,28.166889866459577,18.23033519432189,2.3929586011749118,2.6222743122223973,0,0,0,0
22,1,140.4125824129975,19.16333779732919,18.96460670388644,48.35150051094067,28.166889866459577,18.23033519432189,2.3929586011749118,2.3929586011749118,0,0,0,1
22,2,136.63892468286048,17.978192780569195,18.05475094914169,55.96818635890426,24.211783810544198,18.10313756703134,2.781076409237303,2.3929586011749118,0,1,0,2
22,3,122.16458866082009,19.716135081636494,18.239551316923585,65.2754989599211,29.126588814660344,22.580703413210927,3.0945912617380373,2.781076409237303,0,1,0,3
22,4,111.71144524391477,20.527382376260608,18.221567521791716,74.85039517052708,28.80529816515105,24.38856967154888,3.130110453012193,3.0945912617380373,0,1,0,4
22,5,93.35386202012899,20.2975959524298,18.13171732702872,70.04941430814128,33.18678140820518,23.474436022984865,3.439924533274427,3.130110453012193,1,1,0,5
22,6,75.81323107899905,20.178633172081135,18.048518863783205,64.68874436235444,30.516199506748173,23.035634127769363,3.2665738867105327,3.439924533274427,2,1,0,6
22,7,51.725719272874045,20.140263727057707,20.269580434186114,60.84063785130118,35.74286794254805,26.212095884933824,3.136028138684763,3.2665738867105327,3,1,0,7
22,8,32.61210647323484,21.307595774835963,19.658525895736517,57.49337382101879,35.553164894724866,29.18425715926184,2.932838710040296,3.136028138684763,4,1,0,8
22,9,22.25160164644924,21.80936197016214,19.583258402197785,69.32542900825614,35.73363992909633,30.0,3.052730709227171,2.932838710040296,4,1,0,9
23,0,153.11773905386715,21.0,21.0,40.0,25.76796364159105,19.968384727961094,7.497149033777024,6.3965568804569015,0,0,0,0
23,1,153.11773905386715,19.11535927283182,18.999367694559222,48.23254270651938,25.76796364159105,19.968384727961094,7.497149033777024,7.497149033777024,0,0,0,1
23,2,143.8741431577297,18.13286969651578,18.131913410454843,57.81682514539924,29.54670338300439,23.69931016632816,6.688473521913769,7.497149033777024,0,0,0,2
23,3,129.18092321081994,17.993857981375214,18.200563057593143,66.45089693499445,21.739602451765208,26.227463045985957,5.281179815041523,6.688473521913769,0,1,0,3
23,4,110.08609198405074,19.86501843650096,18.188974424119483,75.28828131370287,22.69090546100109,26.405674420712387,4.428637114635541,5.281179815041523,0,1,0,4
23,5,88.0477922892787,19.95650652222379,18.092055234584162,69.38800096709252,27.045561924466508,23.508436149920485,3.864010626762654,4.428637114635541,1,1,0,5
23,6,73.85093081192768,19.977357832596994,18.272332015644785,64.32992532746489,26.75863675896801,28.47427635421184,2.4900981745775432,3.864010626762654,2,1,0,6
23,7,58.99107213703046,20.111949175976708,20.295558217203528,59.57385803593384,30.631875924912688,26.27886134435924,1.9151371584210075,2.4900981745775432,3,1,0,7
23,8,43.23419536094738,21.209155993924433,18.049203352478585,54.52959049917634,30.27656062484088,25.03306417095077,3.151375355216614,1.9151371584210075,4,1,0,8
23,9,24.050633924177383,20.7217761859988,20.26012493300745,64.49216476879262,31.11062373234024,24.237011098861345,4.057578277553961,3.151375355216614,4,1,0,9
24,0,190.0810771830668,21.0,21.0,40.0,28.419619496676518,21.42062755476349,2.5174397310238072,3.3401175408885475,0,0,0,0
24,1,190.0810771830668,19.168392389933533,19.028412551095272,48.971244469259204,28.419619496676518,21.42062755476349,2.5174397310238072,2.5174397310238072,0,0,0,1
24,2,187.88380927050025,18.099241605901305,18.200616525707368,59.609903892621446,30.516954707366715,28.586708755756867,1.7921218329352309,2.5174397310238072,0,0,0,2
24,3,184.5998980370865,18.090536083650367,18.11979579416368,69.44155021631012,27.543758889885048,27.076498463940936,1.246992734323148,1.7921218329352309,0,0,0,3
24,4,180.64856373836986,18.24884980988425,18.174975368177645,79.7502396033066,30.71573955284951,26.55475704157539,1.5781939777797382,1.246992734323148,0,0,0,4
24,5,157.92741176065937,19.573821162950566,19.40281440279045,74.73828398304971,32.573795038310955,22.91534040470633,2.8401439972138105,1.5781939777797382,1,0,0,5
24,6,122.20275229920603,20.638922057418313,20.646751158673236,68.79859484537141,26.254353342943705,24.080707003287944,4.465582432681668,2.8401439972138105,2,0,0,6
24,7,80.76984553561064,20.752625984992985,21.66418445381196,63.360665712876894,25.91757725826013,27.205038672325863,5.825903696137226,4.465582432681668,3,0,0,7
24,8,67.48430117546374,19.147474210850085,18.834493539732943,57.55351914417935,26.523532237626466,24.547875714053824,6.642772180073447,5.825903696137226,4,0,0,8
24,9,62.98625120431253,17.88036948922399,17.739871184289854,66.66592217635606,29.81251653007518,20.81194475979547,7.381225544338564,6.642772180073447,4,1,1,9
25,0,153.93225428843826,21.0,21.0,40.0,32.18852103928587,21.555851194735737,3.915876833570394,2.3289170727994013,0,0,0,0
25,1,136.5973785720313,20.670588845664902,22.031117023894716,49.67398700212389,32.18852103928587,21.555851194735737,3.915876833570394,3.915876833570394,0,0,0,1
25,2,136.5973785720313,19.833725427069645,19.222287995296018,59.66298202960666,32.82918286729137,22.66523395205737,4.876859097871611,3.915876833570394,0,0,0,2
25,3,135.31528447327463,18.18651594647873,18.28034970454649,71.15376791631655,34.654980191227864,29.182719179382627,5.695417134415616,4.876859097871611,0,0,0,3
25,4,104.61896770908047,18.140361339075096,18.13730758890505,66.80619061559833,32.402537313734385,26.77758879338659,5.592865939795212,5.695417134415616,1,0,0,4
25,5,80.72133965262242,18.121855013897935,18.114563481987055,61.886379777845036,30.99528800863112,25.005762892739455,4.441042459603855,5.592865939795212,2,0,0,5
25,6,65.5596260842672,18.113872732785055,18.02664211789649,57.19989436585038,33.82417956350818,23.473123703188172,2.925959428996236,4.441042459603855,3,0,0,6
25,7,58.055577252190716,17.234856779608304,17.318295650357268,53.12308905392126,33.43176362829917,27.252651305427925,2.0131097267969444,2.925959428996236,4,1,1,7
25,8,41.290397851666135,18.67404526369248,18.395909112130894,48.80345198398577,35.995287064157075,23.34006254731237,2.095647425065572,2.0131097267969444,5,1,1,8
25,9,25.30938958067953,20.279334055081602,20.12453337261431,59.84032015870431,36.61400535039012,24.70192895360177,2.663501378497768,2.095647425065572,5,1,1,9
26,0,153.14091476906435,21.0,21.0,40.0,27.940953683034884,18.170431886567712,5.893436323864762,6.383964078185615,0,0,0,0
26,1,153.14091476906435,19.1588190736607,18.963408637731355,48.300049402528465,27.940953683034884,18.170431886567712,5.893436323864762,5.893436323864762,0,0,0,1
26,2,146.0655342494677,18.07604133816001,18.093172304441918,57.09171335809904,28.87827550665968,19.96430202428799,5.172941529936083,5.893436323864762,0,0,0,2
26,3,132.47717048344717,18.05414391249682,18.153755472213433,65.05447177606217,24.08547113150123,20.152075634960617,4.596461237272315,5.172941529936083,0,0,0,3
26,4,120.51460567884848,18.206909656565355,18.195010173141696,73.29712512213958,25.160444128521195,20.632074460797707,4.408455941447205,4.596461237272315,0,0,0,4
26,5,99.84374864959412,18.123137127339692,18.236991709898735,67.08093800336286,23.81730049550588,24.981659955734564,3.733215419993696,4.408455941447205,1,0,0,5
26,6,81.62245907032016,18.118193283802892,18.121225398713957,61.98821079686249,26.86221960127477,28.178184807056525,3.4943538797757703,3.733215419993696,2,0,0,6
26,7,63.779711621326456,17.973038626792995,17.93127730690684,57.06563522403589,28.3788960253002,27.606795236774268,3.5097850895556224,3.4943538797757703,3,1,1,7
26,8,40.41261531312493,19.183487547161747,19.135346154973483,53.04148771065957,32.005223833362955,28.97173442565745,2.9208870385251906,3.5097850895556224,4,1,1,8
26,9,21.80123247942754,20.813660292483643,20.75799127647661,64.4724906136312,33.50557168317574,30.0,3.101897138949565,2.9208870385251906,4,1,1,9
27,0,176.08087616826091,21.0,21.0,40.0,33.71081447619661,15.18451614086729,2.3233528208611207,2.345153248332065,0,0,0,0
27,1,176.08087616826091,19.274216289523935,18.903690322817347,48.8011595110715,33.71081447619661,15.18451614086729,2.3233528208611207,2.3233528208611207,0,0,0,1
27,2,173.31403565167346,18.00545306718053,18.197486857543815,58.39747011428719,31.118722750848004,22.19411393368359,2.192464331333918,2.3233528208611207,0,0,0,2
27,3,166.56713806122607,18.228205337187802,18.212760090400728,69.26246956579978,35.02898961023811,25.332118453720696,2.3785932233446974,2.192464331333918,0,0,0,3
27,4,149.7524833542006,20.076867744209494,20.045194442996724,79.52051751756395,29.40224952501167,27.586905762567007,2.802442451170915,2.3785932233446974,0,0,0,4
27,5,122.10876296033108,21.066784676855576,21.201656363696884,74.179091396541,23.695129474110423,29.96361429798427,3.455465049233689,2.802442451170915,1,0,0,5
27,6,107.63130269267258,20.04954766358533,19.774792484088362,70.25512744786698,31.53353361847768,30.0,4.318957928282589,3.455465049233689,2,0,0,6
27,7,80.43382653000845,19.86902377546651,19.506359550733148,65.6261872615489,28.588938597036996,29.02806036786257,5.135739828252932,4.318957928282589,3,0,0,7
27,8,68.0418374085386,18.004718661029138,17.782796361105103,61.78488227443941,36.32487164849459,25.66787842311929,5.331252524896281,5.135739828252932,4,0,1,8
27,9,32.62159760048253,17.83699343655221,18.758557611157197,57.247325310449156,37.44505330735414,20.67963022603335,5.201435999053804,5.331252524896281,5,1,1,9
28,0,220.13834114804848,21.0,21.0,40.0,25.97211810438348,22.462361213165437,7.167555802871595,7.672630592867759,0,0,0,0
28,1,220.13834114804848,19.11944236208767,19.04924722426331,48.71820627715881,25.97211810438348,22.462361213165437,7.167555802871595,7.167555802871595,0,0,0,1
28,2,210.9170718313646,18.166312713846533,18.01424429196511,58.030117376247375,31.42300871233525,20.309830727045707,7.206989393791038,7.167555802871595,0,0,0,2
28,3,191.0899970120682,18.164980824121738,18.210297112982605,68.0195299092752,32.17204991842274,23.324686376176302,6.864731372099096,7.206989393791038,0,0,0,3
28,4,178.17587810047408,18.195607943643314,18.189178642981993,78.13463818268156,32.68193726934052,23.513108694028084,5.524224236511907,6.864731372099096,0,0,0,4
28,5,152.41853915142858,18.114514480946077,18.273005343606872,74.03742487706447,30.9076613166444,29.66337587437175,4.819517762750454,5.524224236511907,1,0,0,5
28,6,128.7260885240167,18.220888783996774,18.064027384200084,71.47314885484377,39.08735543210727,30.0,4.782101728848781,4.819517762750454,2,0,0,6
28,7,106.29794725985957,17.89878319061077,17.904108270218824,68.16620421046476,36.89126004702173,28.070158595317093,4.709985254161456,4.782101728848781,3,1,1,7
28,8,68.5798777649197,19.254271477270294,19.03305926464678,64.68006828537393,37.47332298216413,26.4925885451091,4.7147586868674844,4.709985254161456,4,1,1,8
28,9,38.835519242105455,20.826813481734106,20.742182741268245,76.34234705249149,36.17007890387185,28.620358691225714,4.957393087135706,4.7147586868674844,4,1,1,9
29,0,244.73002422884613,21.0,21.0,40.0,30.31986999720141,18.504111555298973,4.941945488069576,4.252747373704692,0,0,0,0
29,1,244.73002422884613,19.20639739994403,18.97008223110598,48.78831667945007,30.31986999720141,18.504111555298973,4.941945488069576,4.941945488069576,0,0,0,1
29,2,237.22206420346728,18.03801633572614,18.14316869816839,58.17599043357589,29.355941699133417,22.79780137934336,5.936607181998901,4.941945488069576,0,0,0,2
29,3,217.60353056476524,18.2408376918756,18.109453107688235,68.01628138377644,33.897826292914075,20.770456763755654,6.813720764,5.936607181998901,0,0,0,3
29,4,199.92738319799255,18.094532628809606,18.228072377591943,77.42263385234168,29.353947902146498,22.9035658121048,7.437005707312654,6.813720764,0,0,0,4
29,5,161.96893538133162,18.20738347040635,18.176243581247075,72.58162978578778,32.2231214224641,24.21574487445868,6.927868134252721,7.437005707312654,1,0,0,5
29,6,129.72031018871974,18.04008241557701,18.07385689063761,67.73477124479021,31.362497116938822,25.04384432196351,6.397840940077202,6.927868134252721,2,0,0,6
29,7,96.94633159727957,17.887402252959753,17.955881255398083,62.50877250938842,28.597354849302185,25.702652176243443,6.340085188475379,6.397840940077202,3,1,1,7
29,8,54.946784072016065,19.173602942889833,19.019831615186245,57.85039534474991,32.057420772528616,25.396039423924105,5.249943440657939,6.340085188475379,4,1,1,8
29,9,27.086537406194473,20.675286779989335,20.574168822835087,67.3973676193782,30.20060131615604,22.83813354288997,4.643374444303599,5.249943440657939,4,1,1,9
30,0,54.635888195268265,21.0,21.0,40.0,26.98377311064561,24.58554254525746,5.380253318,6.900144347563503,0,0,0,0
30,1,54.635888195268265,19.139675462212914,19.09171085090515,49.28247681806255,26.98377311064561,24.58554254525746,5.380253318,5.380253318,0,0,0,1
30,2,49.6915500562568,18.09008369294915,18.05276899510008,58.81931959819316,28.623212673727974,24.359247215886565,4.261016022,5.380253318,0,0,0,2
30,3,38.87067200153808,18.176217290934915,18.200554201291222,69.04710580835925,29.934077220474578,26.886957280448097,3.734951689440178,4.261016022,0,0,0,3
30,4,31.502847264308745,18.191740783055856,18.155552277325896,79.06314602271185,30.2506065420194,25.394061315495023,3.189679277797625,3.734951689440178,0,0,0,4
30,5,17.142484629732397,18.23503913761322,18.242118773690102,75.67360743879433,34.502563422680495,30.0,2.664689005748646,3.189679277797625,1,0,0,5
30,6,9.080119502343962,18.004396927071188,17.962846068746742,70.95794758686284,31.85766469186392,25.277558352961115,1.681377063157846,2.664689005748646,2,0,1,6
30,7,4.289228049129611,19.199041702427294,19.19668998574016,65.43241829626183,29.51130285750289,23.12464552804701,0.6074350872818121,1.681377063157846,3,0,1,7
30,8,2.8853374972862476,18.88761392622526,20.066485178250687,58.657552184335515,25.92778512908729,19.76740313798875,0.2095788630746757,0.6074350872818121,4,0,1,8
30,9,0.9439045601183205,20.505433147089626,20.65045869396826,65.93612240370659,20.90400706520915,19.53249415351907,0.3546719944990188,0.2095788630746757,4,0,1,9
31,0,230.91010931251995,21.0,21.0,40.0,33.50093312201388,19.75388834365709,6.549074611397077,4.599278477463367,0,0,0,0
31,1,224.60569966160705,19.96724457246454,19.26049314970293,49.58586786382077,33.50093312201388,19.75388834365709,6.549074611397077,6.549074611397077,0,0,0,1
31,2,222.85782140581333,18.088770732985036,18.077315304274272,59.63520183260029,35.07472468689059,20.75490847299558,7.601466203172697,6.549074611397077,0,0,0,2
31,3,200.69594375831656,18.2488078308103,18.244496602351926,71.42427569984005,40.01511622740632,25.479738590592348,7.860661311606663,7.601466203172697,0,0,0,3
31,4,157.52168709634992,18.16765048524442,18.143530231554212,67.67659247901807,39.127130658378846,23.38574033705456,7.948807103155732,7.860661311606663,1,0,0,4
31,5,120.85933099196447,18.073364270918912,18.21257703292646,63.80238099280446,35.29534420432466,26.514591983377496,6.938017535011351,7.948807103155732,2,0,0,5
31,6,92.91710902858654,17.955493126048623,18.03362734271227,58.79894549506365,30.205255422380155,25.331214034615343,5.565022430713377,6.938017535011351,3,1,0,6
31,7,65.1658193856154,19.318414479740376,17.33608081762018,54.31891083693715,28.444251899297225,30.0,4.617525497752228,5.565022430713377,4,1,1,7
31,8,42.10510492526601,19.83755400274876,20.41495169915569,64.02135847583197,27.38380349710275,26.51868338564631,3.843452410058232,4.617525497752228,4,1,1,8
31,9,15.864166319548481,21.02304448159655,20.72679908767108,58.99334618343926,30.775617979549487,24.624313729379868,3.2801173257146914,3.843452410058232,5,1,1,9
32,0,237.77328095558184,21.0,21.0,40.0,31.66212388872196,21.294204847178563,5.2520712615241205,4.9164242102509,0,0,0,0
32,1,237.77328095558184,19.23324247777444,19.02588409694357,49.532139172462095,31.66212388872196,21.294204847178563,5.2520712615241205,5.2520712615241205,0,0,0,1
32,2,232.11878515235153,18.09577251607438,18.14209688385984,60.17379471395684,33.58600460806516,25.53430395579454,5.104904316,5.2520712615241205,0,0,0,2
32,3,215.52434436413668,18.026104839960166,18.089741280141325,69.15806533636521,27.39124660607387,22.521367962861547,6.171411245944386,5.104904316,0,0,0,3
32,4,196.60751544768547,18.22847179050182,18.231347264271765,78.94332391248663,29.544326299916992,24.818221345202023,7.050898028157826,6.171411245944386,0,0,0,4
32,5,161.60832799952829,18.149572773707362,18.063092525426452,72.94257018081238,29.522964985285064,20.472847616524625,6.586840358102887,7.050898028157826,1,0,0,5
32,6,132.35218435539673,18.063193678670252,18.067346813347136,67.08537264691934,29.81790383442188,20.97544319950564,5.495892066741863,6.586840358102887,2,0,0,6
32,7,108.75674647019521,17.874205830729636,18.038442528356477,61.473318575176606,26.392940455279607,25.76231470170524,4.480163489848142,5.495892066741863,3,1,0,7
32,8,78.37981272970094,19.16854909355994,17.846879325064585,56.39709970819689,29.52583645073378,25.606280954934427,4.463262985790929,4.480163489848142,4,1,1,8
32,9,45.84838425662758,19.94589996002668,20.20322735400059,65.58296711320841,28.995636761621714,22.036959932886727,5.421904745512226,4.463262985790929,4,1,1,9
33,0,261.0307467642114,21.0,21.0,40.0,26.00162013788841,16.797779870414136,7.793234250311443,6.069136932602557,0,0,0,0
33,1,261.0307467642114,19.12003240275777,18.935955597408284,47.70389200149446,26.00162013788841,16.797779870414136,7.793234250311443,7.793234250311443,0,0,0,1
33,2,247.9514586917874,18.050352072178555,18.023483955148613,55.04100001855842,25.654478662441235,15.107232543469667,8.756754433038273,7.793234250311443,0,0,0,2
33,3,220.6807980016985,18.246648533850276,18.255705379581123,64.19929325650526,30.48690535495586,20.3925015225266,8.512176622686447,8.756754433038273,0,0,0,3
33,4,201.90018051718596,18.21529425340576,18.20590433261443,73.8109902293846,31.98110819399595,21.417208322000366,8.110113054,8.512176622686447,0,0,0,4
33,5,165.26119121919967,18.13534007080855,18.313806497206546,69.76500631439981,31.24811173442331,29.60753318232789,6.826024008047389,8.110113054,1,0,0,5
33,6,134.8581004725213,17.927210525798305,18.053283763560138,64.51216277326571,24.74389293996263,29.406976275959007,6.213277852434638,6.826024008047389,2,1,0,6
33,7,100.17983608839117,19.34260923885292,17.874309961355575,59.49779879230988,29.48853623324298,25.987219428113484,5.222984908731959,6.213277852434638,3,1,1,7
33,8,59.349282240679386,19.555989276926834,19.952032783635104,55.54426004605378,31.79577150725637,29.57345768020978,5.103819230963974,5.222984908731959,4,1,1,8
33,9,27.21348501,21.348567930416564,21.175191297402396,65.91180617549742,30.16282877349672,27.434649723412427,5.355966205113231,5.103819230963974,4,1,1,9
34,0,249.90804377722066,21.0,21.0,40.0,28.28820844287196,17.71995470429493,5.2969265193636375,4.118736003062949,0,0,0,0
34,1,249.90804377722066,19.16576416885744,18.9543990940859,48.28146936649004,28.28820844287196,17.71995470429493,5.2969265193636375,5.2969265193636375,0,0,0,1
34,2,241.462435032745,18.096320958207126,18.16402105864712,57.87470865429316,30.23951126885254,23.056262552275875,6.157083578200977,5.2969265193636375,0,0,0,2
34,3,222.45236406598795,18.223059908364444,18.24527773351605,68.98298671902101,33.892506687075425,27.820149228079316,6.825420201567432,6.157083578200977,0,0,0,3
34,4,207.7743354629412,18.16465217457414,18.229007212063365,80.29681572423722,32.85460558453446,30.0,6.892215407986995,6.825420201567432,0,0,0,4
34,5,174.85336984320531,18.076573003870983,18.14831179139052,75.93460788680696,29.18325577808365,29.91558956952605,6.327056190332981,6.892215407986995,1,0,0,5
34,6,144.1832944001734,18.102834797612854,17.995814551914204,71.42893596474495,31.460250574350667,26.841572080860384,5.978319815675677,6.327056190332981,2,0,1,6
34,7,107.39632956657712,17.923633612324497,19.25638796265931,65.99927627607984,30.50667627495129,22.661881010242528,5.622806764996793,5.978319815675677,3,1,1,7
34,8,66.76675665476156,20.037813771058325,19.45035539975602,62.165932286415355,35.70929057264517,26.327687262552125,5.078696613976946,5.622806764996793,4,1,1,8
34,9,29.034468309719305,20.662688018461452,20.596815584382263,58.91598619803729,38.6917872801413,26.5862900066472,4.716536043130282,5.078696613976946,5,1,1,9
35,0,337.931641141334,21.0,21.0,40.0,33.91127088394596,20.42283520936855,7.586468305,2.128247833012694,0,0,0,0
35,1,303.6363833403201,20.79880817400719,22.008456704187374,49.78013909679661,33.91127088394596,20.42283520936855,7.586468305,7.586468305,0,0,0,1
35,2,303.6363833403201,19.851623577248365,19.34545964412513,60.183734345406805,32.48061004231343,25.317141338854327,11.02916842047861,7.586468305,0,0,0,2
35,3,303.0295260096193,18.1518137097659,18.131450752623152,70.43670975551856,32.57129553060911,24.38967897001181,11.652346146318983,11.02916842047861,0,0,0,3
35,4,237.72662251140562,18.231355017073373,18.283115172104903,66.9825333289854,34.86853655302945,29.27492774400851,11.276127461293624,11.652346146318983,1,0,0,4
35,5,187.2490316070643,18.171379744037786,18.136728471676935,63.60133084388471,35.9375237549187,28.61135132785524,9.958691049582262,11.276127461293624,2,0,0,5
35,6,146.65476833473735,18.013100213079394,18.085067875130413,60.072332922296965,33.72778932451251,30.0,8.206971054379984,9.958691049582262,3,0,0,6
35,7,110.15766552679871,17.97282100377566,17.93155016729963,56.713983770762155,35.233584597671275,29.44225344935753,7.245667944839726,8.206971054379984,4,1,1,7
35,8,71.21833482727658,20.07357834443664,19.810318588944856,69.17495791586106,41.50484223058399,27.72279190885437,6.489888449920356,7.245667944839726,4,1,1,8
35,9,39.0934758253083,21.614578433133204,21.485257770783026,81.68261036034174,39.950943737389096,29.536014287503573,5.354143166994714,6.489888449920356,4,1,1,9
36,0,113.62699789687625,21.0,21.0,40.0,27.685076794675016,24.52235008408805,2.7904907897140183,4.960442241307833,0,0,0,0
36,1,113.62699789687625,19.1537015358935,19.090447001681763,49.39733683817735,27.685076794675016,24.52235008408805,2.7904907897140183,2.7904907897140183,0,0,0,1
36,2,111.82986351988612,18.099551674587165,18.04235631685291,59.04053736894024,29.797915439657466,23.7754208423586,1.5818204862471457,2.7904907897140183,0,0,0,2
36,3,107.60563715103729,18.193347990442945,18.06660297523233,68.32329659078084,31.96531496180538,19.60556960397569,1.463581147479624,1.5818204862471457,0,0,0,3
36,4,97.17695875940616,20.03479732368604,19.78840405610458,77.35781441730197,32.20630215506365,17.985463547831475,1.7381130652718553,1.463581147479624,0,0,0,4
36,5,74.24280699195066,21.047944673453387,20.896257969008083,71.51901525352646,31.087897218617087,19.807662982630116,2.866768970931938,1.7381130652718553,1,0,0,5
36,6,54.69024867587676,20.315300890056754,21.880530268298553,66.48836323085743,36.2409628645229,19.144303676204725,3.1853151387647785,2.866768970931938,2,0,0,6
36,7,48.82370497278801,19.422871847268787,18.73575624351793,61.36109189563514,32.86291604800712,21.985576534091265,2.933271851544377,3.1853151387647785,3,0,0,7
36,8,39.55508093604672,17.748580306283408,17.946681140862864,56.19117358472948,27.79193136217813,26.81963357723485,2.6673414910542466,2.933271851544377,4,1,1,8
36,9,18.382885295388945,18.937850627869462,18.68078874033428,50.896001946303016,31.89864748896018,22.017065630892795,2.6465244550822216,2.6673414910542466,5,1,1,9
37,0,29.183087373920262,21.0,21.0,40.0,33.93792267834392,22.819069160221524,3.2843431330791875,7.220572235164975,0,0,0,0
37,1,29.183087373920262,19.27875845356688,19.05638138320443,50.21625853094178,33.93792267834392,22.819069160221524,3.2843431330791875,3.2843431330791875,0,0,0,1
37,2,27.192489950642063,18.01636051751685,18.02403587302921,59.76477634642296,31.89120346981068,21.156117727307,2.06657653525678,3.2843431330791875,0,0,0,2
37,3,23.884498515839052,18.197812417666707,18.109558280628818,69.37963044656408,34.281824353146646,19.13403175874846,1.107052529023663,2.06657653525678,0,0,0,3
37,4,23.645233475229773,18.113263613480147,18.2626242240482,79.04009154521091,30.674495195905592,22.994733129910152,0.098040982,1.107052529023663,0,0,0,4
37,5,22.522029926981645,19.521975426174023,19.26632492072348,72.72141141368414,29.385835469428915,18.843719355422373,0.1404004435310161,0.098040982,1,0,0,5
37,6,20.399418632934328,20.654661789395963,20.55273402129942,67.60274090007275,31.91371045548319,22.982564468898016,0.2653264117559145,0.1404004435310161,2,0,0,6
37,7,12.795541242223983,21.052694264717758,21.602667352570062,62.750951650131995,30.239546248830663,26.139402362609644,1.033737186770148,0.2653264117559145,3,0,0,7
37,8,4.939679319516872,21.113855819742845,21.956062858854306,58.622044527279115,34.21706742800142,26.177893000593663,1.1748341410031249,1.033737186770148,4,0,0,8
37,9,0.885217489251149,19.46497552872916,18.981204707355865,54.86390111001245,36.51588598464552,25.938872808317434,2.007588224141956,1.1748341410031249,5,0,0,9
38,0,78.87709450332366,21.0,21.0,40.0,27.41719516140864,24.44350780714981,2.575014029021886,4.983665124764339,0,0,0,0
38,1,78.87709450332366,19.148343903228174,19.088870156143,49.33492653434052,27.41719516140864,24.44350780714981,2.575014029021886,2.575014029021886,0,0,0,1
38,2,77.53047188364152,18.06765698683221,18.145773259904846,59.55941705893938,27.93529941864322,28.867425718017135,1.1716962368839925,2.575014029021886,0,0,0,2
38,3,74.96271499823726,18.165570865335617,18.103458733028997,69.50517396881992,28.713842685424147,26.54036236946776,0.9312683591168536,1.1716962368839925,0,0,0,3
38,4,66.44105088977699,19.28161124225802,19.239864935622773,64.35062805336892,28.85798222637257,25.83898491001079,1.0652080135575348,0.9312683591168536,1,0,0,4
38,5,55.79184738850565,20.46385943160199,20.414553954301592,59.46369971604203,29.637599961921737,26.54613149737328,1.3311504376589165,1.0652080135575348,2,0,0,5
38,6,39.56711818519946,20.629364523983202,21.602681845251674,56.120009129166064,34.75727451735574,30.0,2.33572720162004,1.3311504376589165,3,0,0,6
38,7,26.697655263639344,19.77388574540621,20.782294702085935,53.27469084146726,39.13635380411853,28.389655708665888,3.130183599856917,2.33572720162004,4,0,0,7
38,8,2.243111096384916,19.94150105493446,21.055293159341222,51.0108071162055,42.57779136836207,28.178410157961466,3.884326373605131,3.130183599856917,5,0,0,8
38,9,2.243111096384916,19.31099833559986,18.775174247008994,63.38101899367686,39.40386109136349,29.319538227921853,4.123240467148195,3.884326373605131,5,0,0,9
39,0,185.9364316324998,21.0,21.0,40.0,26.884939390196006,24.75378607633906,6.144777674852652,3.0368237570879333,0,0,0,0
39,1,157.88600721957087,20.73809455366754,22.059600917364442,49.29497058397631,26.884939390196006,24.75378607633906,6.144777674852652,6.144777674852652,0,0,0,1
39,2,157.88600721957087,19.727932698937312,19.18139184933655,57.18624997270672,25.67244403654346,18.167997011958807,7.495477395861172,6.144777674852652,0,0,0,2
39,3,153.22527455953667,18.191290975451317,18.18908331035258,65.80089793367236,27.73699280911009,20.12216252958788,7.896745782436351,7.495477395861172,0,0,0,3
39,4,133.40778397819156,18.19121213647358,18.19432030885311,74.54795436332901,28.02708980154136,20.56766814099561,7.971989398903939,7.896745782436351,0,0,0,4
39,5,92.99319928001479,18.092825905425723,18.20187672195824,68.24733443944139,25.1683850728276,23.161504238907817,7.353835021477204,7.971989398903939,1,0,0,5
39,6,61.85453700912281,18.096837590088267,18.026682766646378,62.02708949579029,27.145519492865287,21.63089748685088,5.894393142831498,7.353835021477204,2,0,0,6
39,7,36.07059588929039,18.011709242864868,18.019924054819327,57.12285246167224,30.595726720484485,25.491845312192996,4.852713928245888,5.894393142831498,3,0,0,7
39,8,22.255317703705824,17.14833421367209,17.13317670358968,52.052213682910335,30.51243740408976,24.650680491677463,3.484862356305248,4.852713928245888,4,1,1,8
39,9,9.391819743535557,18.93322371325232,18.864697778103732,62.22196044491922,30.076126265468627,26.42246685680295,2.1439163266950447,3.484862356305248,4,1,1,9
40,0,86.21677773523899,21.0,21.0,40.0,26.13526509433376,24.3194108763197,2.160940524443446,5.837801084,0,0,0,0
40,1,86.21677773523899,19.122705301886675,19.086388217526395,49.08184167471762,26.13526509433376,24.3194108763197,2.160940524443446,2.160940524443446,0,0,0,1
40,2,83.571958055239,20.461729293338024,20.51923974083672,58.78559724466917,25.789493528433376,28.120259637964104,0.44080328,2.160940524443446,0,0,0,2
40,3,79.94673450524868,19.15108497358544,19.608487799894853,53.68809690577379,26.93024659843937,28.08364040769745,0.8311238572228303,0.44080328,1,0,0,3
40,4,70.88675696171802,20.55676650946563,20.365902422432207,49.97088605803917,32.6821619570299,30.0,1.132497192941332,0.8311238572228303,2,0,0,4
40,5,62.150769095238786,19.757557119796026,20.64434096452734,45.49034743827441,28.441452112418013,30.0,1.6429501496716297,1.132497192941332,3,0,0,5
40,6,46.40273028057619,19.669020424376136,20.77634660875884,41.40867322320533,31.111879312116848,29.545486159721573,2.7771813811878427,1.6429501496716297,4,0,0,6
40,7,35.65880689782157,19.802538218848216,20.905378683357252,53.1952411822446,35.48093310577375,30.0,4.2769412997169525,2.7771813811878427,4,0,0,7
40,8,5.747125434235012,19.801925076226176,21.117988200118745,49.90998806025962,36.474598825575775,28.607328274507715,4.827782430960498,4.2769412997169525,5,0,0,8
40,9,5.747125434235012,19.142692758380228,18.653279383633354,60.291131569612716,31.2013706876807,26.47164880872539,5.245410445267625,4.827782430960498,5,0,0,9
41,0,191.60260825940168,21.0,21.0,40.0,26.44633370645822,20.839991102824285,7.741069094668894,2.8196600559436518,0,0,0,0
41,1,153.66301097436556,21.03000646311649,22.016799822056488,48.51153846567085,26.44633370645822,20.839991102824285,7.741069094668894,7.741069094668894,0,0,0,1
41,2,153.66301097436556,19.687038511420756,19.43368675789276,56.28762674921613,20.533088878220013,22.667401585920437,9.475349362,7.741069094668894,0,0,0,2
41,3,149.65213593347772,18.368284373358865,18.172348828668294,66.22941385100614,31.44730754616413,23.784843019335973,9.717499517839574,9.475349362,0,0,0,3
41,4,129.88022396020892,18.094641995940915,18.200883600599983,75.49354778241509,26.90889751196228,24.558513218087423,9.011000032593229,9.717499517839574,0,0,0,4
41,5,87.69045579036597,18.110258829420353,18.09401851685505,68.89617783030266,24.92183898297999,21.75943906083988,7.644086851946499,9.011000032593229,1,0,0,5
41,6,56.47465609460702,18.12653354061671,18.06176575362866,62.96219329602333,28.383770929439788,21.982981657897223,5.783794088293858,7.644086851946499,2,0,0,6
41,7,39.61218651423039,17.896916271915362,17.954953614814247,56.72634597268575,26.094329609583674,22.595407482985337,3.228381804017276,5.783794088293858,3,1,1,7
41,8,27.97271924876666,19.04400206240984,18.97465508055715,50.425422407254075,25.46249568170993,22.865706732558507,1.4549334081829666,3.228381804017276,4,1,1,8
41,9,18.113863632272302,20.562527503661762,20.57507363866711,60.381401599806026,27.86194674585024,27.449048768327252,1.643142602749059,1.4549334081829666,4,1,1,9
42,0,198.87073963398356,21.0,21.0,40.0,29.987010434134508,19.76712411690996,3.491291263362929,5.576542457704608,0,0,0,0
42,1,198.87073963398356,19.19974020868269,18.995342482338202,48.955744219188006,29.987010434134508,19.76712411690996,3.491291263362929,3.491291263362929,0,0,0,1
42,2,196.27435571623087,18.12354134572018,18.09684542354061,58.86366113134814,33.29933263576874,21.74465020956532,2.112009550046224,3.491291263362929,0,0,0,2
42,3,190.11518163292658,18.08452198010688,18.185867033529618,68.50507916623688,30.025431641112768,23.53800188604692,2.210614056910818,2.112009550046224,0,0,0,3
42,4,173.45501309023473,20.04307107109201,19.83572505100415,77.95540148502197,30.67445793148462,21.82733272843251,2.7766947571153064,2.210614056910818,0,0,0,4
42,5,146.38739362385323,21.14175983355815,21.015991786280768,73.58822570496861,34.23491916577876,24.83632650059146,3.3834524332976885,2.7766947571153064,1,0,0,5
42,6,132.91128416463386,20.07387456439977,19.522085825459758,68.27978135329604,32.8153302518961,21.026645572145227,3.990385900370133,3.3834524332976885,2,0,0,6
42,7,122.23954759055653,18.031251773887263,17.941477781241034,63.757211228153466,37.24266403063518,20.96527971857273,5.113933463422666,3.990385900370133,3,0,1,7
42,8,84.02741282414551,17.734552017690188,19.084281691099402,58.83529865961974,31.470264915144558,24.51910970411249,5.844461020534741,5.113933463422666,4,1,1,8
42,9,34.69551906405433,19.674823022826054,19.079400580489818,54.659449817891584,34.829675058591924,25.30449804291834,6.166486720011398,5.844461020534741,5,1,1,9
43,0,140.34229609783412,21.0,21.0,40.0,29.811094768392017,22.949714610376667,3.286918212,6.568422984102493,0,0,0,0
43,1,140.34229609783412,19.19622189536784,19.058994292207533,49.496945688178364,29.811094768392017,22.949714610376667,3.286918212,3.286918212,0,0,0,1
43,2,139.27681877421315,18.212373485997336,18.120451430399335,60.95800739355175,37.56502398388372,26.107541045968468,0.9555085655518278,3.286918212,0,0,0,2
43,3,136.67774342287902,18.12516206941578,18.184104963346837,72.50247239378896,36.323127454673454,27.81278921331106,1.0344922432463612,0.9555085655518278,0,0,0,3
43,4,126.78850674928007,19.429598316900307,19.319130109234315,69.06727349399867,34.444080987749395,29.80481401341568,1.2361545841998662,1.0344922432463612,1,0,0,4
43,5,109.80142266046639,20.691019702639835,20.570176627578945,65.78464844465249,36.39785218583333,28.698675317799022,2.1233855111017106,1.2361545841998662,2,0,0,5
43,6,85.34113326411597,20.180843193277106,21.533701643649533,61.826464693177314,36.121344844371016,25.22207875854469,3.975602301068928,2.1233855111017106,3,0,0,6
43,7,63.20972571585459,19.397319833199045,21.172475915053106,58.05886779639651,32.942434293400204,29.45980516892865,4.715582084674133,3.975602301068928,4,0,0,7
43,8,52.42219909423357,18.54424275458216,17.840388714636735,52.83651368889943,31.44280786390493,22.87744709444464,5.393763310810511,4.715582084674133,5,0,1,8
43,9,32.169828161515916,17.853206176937437,19.863308974993334,63.13993272195359,33.37362654202585,23.867590308275037,5.049292147680222,5.393763310810511,5,1,1,9
44,0,334.14494365700176,21.0,21.0,40.0,25.90418423101937,18.722284496043383,7.387351990978872,2.421659745766675,0,0,0,0
44,1,296.86288732727627,21.19656583873353,21.9427050983125,48.0327643708713,25.90418423101937,18.722284496043383,7.387351990978872,7.387351990978872,0,0,0,1
44,2,296.86288732727627,19.800723662669352,19.45203623305339,56.24820061192786,25.941797518713987,19.69951493160024,9.225697097092793,7.387351990978872,0,0,0,2
44,3,294.35002136716616,18.174359675590814,18.155866743366676,64.73567462360201,27.15978129825489,19.992852099934836,10.252409363366697,9.225697097092793,0,0,0,3
44,4,267.38437874566114,18.19715282323624,18.159140961167942,73.09240915566457,27.74691262881912,18.67939032708398,10.594897304164617,10.252409363366697,0,0,0,4
44,5,215.1000685382057,18.10386546156076,18.146677180590157,66.00402746708542,25.440185706857164,18.513249356592056,9.394529849405204,10.594897304164617,1,0,0,5
44,6,166.50642707512318,18.092604287944692,18.082757167549214,59.46259064757618,27.205655019715987,19.786362649677116,8.982134478777244,9.394529849405204,2,0,0,6
44,7,124.84029580619404,18.027471828013898,18.021676969479287,54.394801235880834,31.443991504786457,23.7349562080172,7.858073185010663,8.982134478777244,3,0,0,7
44,8,85.2057856870561,17.852235091697047,17.91171448250126,49.90255799197047,31.555746089639232,26.82068033308093,7.385160707430942,7.858073185010663,4,1,1,8
44,9,40.87244886667059,19.62412051597343,19.589315003250256,60.80417788360208,30.70631986380228,29.85823508970669,7.388889470064255,7.385160707430942,4,1,1,9
45,0,133.82692811592258,21.0,21.0,40.0,30.254637820087137,24.15019091140085,4.706471405544279,4.186657216829217,0,0,0,0
45,1,133.82692811592258,19.205092756401744,19.08300381822802,49.79286917166784,30.254637820087137,24.15019091140085,4.706471405544279,4.706471405544279,0,0,0,1
45,2,129.27668970875948,18.03430730685907,18.038881673422736,59.21313093549671,29.105258078665106,23.22952949816192,4.322788377059762,4.706471405544279,0,0,0,2
45,3,118.68272556765582,18.206620729581427,18.183995025486606,69.4489344949381,31.93629455773724,24.92928077249275,3.563578461605607,4.322788377059762,0,0,0,3
45,4,110.55253049965388,18.290824312082528,18.214924452177694,80.89909339347224,37.20700033061553,26.404993550129674,3.5401861496586355,3.563578461605607,0,0,0,4
45,5,90.63861000053726,18.143020008669126,18.221900128997405,77.93353353100517,36.858000764071846,30.0,3.914533397439822,3.5401861496586355,1,0,0,5
45,6,75.88447469451248,18.072574305090182,18.057294901687513,75.10548829916208,37.621970934205024,30.0,3.042716073903034,3.914533397439822,2,0,0,6
45,7,65.26769376574342,17.885962100438828,17.942705098312484,71.7667560864561,34.784821040522374,30.0,2.153209009614372,3.042716073903034,3,1,1,7
45,8,50.90137356691662,19.25198532566493,19.099125775059306,68.6458599134639,36.39342691166532,29.601594349489066,1.7957900248533507,2.153209009614372,4,1,1,8
45,9,29.575533102268672,20.14876419686017,19.995291746224375,64.56705525498317,35.31991162187953,25.353395831005383,2.6657300580809933,1.7957900248533507,5,1,1,9
46,0,159.76426927976365,21.0,21.0,40.0,29.4495500706672,18.6187221624415,5.635608556225983,5.565058434578892,0,0,0,0
46,1,159.76426927976365,19.188991001413346,18.97237444324883,48.652289001959566,29.4495500706672,18.6187221624415,5.635608556225983,5.635608556225983,0,0,0,1
46,2,152.22166174965574,18.204755694092615,18.09607456805644,58.98074213288544,36.822589690922285,20.557705480888096,5.831586942675515,5.635608556225983,0,0,0,2
46,3,135.5063548672475,18.07797749853804,18.322416316786367,70.21273960173126,33.221464617825134,29.178521320207217,6.267322567,5.831586942675515,0,0,0,3
46,4,99.46420196331961,18.170353459842058,18.199693831365085,66.43777915219192,32.46862777867955,29.89270305721302,6.462576782285655,6.267322567,1,0,0,4
46,5,69.69631966726735,18.178133854154076,18.068724257413106,62.184541706757244,33.87532048638328,25.828915927868483,5.687057486757116,6.462576782285655,2,0,0,5
46,6,46.73276768302152,18.020105146696416,17.972454497345556,56.83303282732503,32.01583273682822,21.586895710770563,4.504129683,5.687057486757116,3,0,1,6
46,7,26.16181842935045,17.248360977779,19.24108361459441,52.097997346696445,32.298626710154295,24.728953953020262,3.504313734429956,4.504129683,4,1,1,7
46,8,13.277353001336635,19.738478668711824,18.957922009314725,46.73241048108606,31.33075541544981,22.19376199782585,1.610558178501727,3.504313734429956,5,1,1,8
46,9,7.994980085749457,20.817430705758373,20.9055303502488,56.466906262760304,30.691949893423917,23.388582226988508,0.8803954859311962,1.610558178501727,5,1,1,9
47,0,165.83493078310758,21.0,21.0,40.0,29.243793583307443,15.3766626812058,2.378815055016228,4.777329732,0,0,0,0
47,1,165.83493078310758,19.18487587166615,18.907533253624116,48.031682127612385,29.243793583307443,15.3766626812058,2.378815055016228,2.378815055016228,0,0,0,1
47,2,163.41342179508433,18.12913001930627,18.05864697151479,56.722048942239184,32.835549464245176,15.444266172570392,1.6999933044528066,2.378815055016228,0,0,0,2
47,3,156.02093866810483,18.144053836462295,18.264370937824275,66.38823872544538,32.53824128736074,21.16281306378475,2.505234705916943,1.6999933044528066,0,0,0,3
47,4,138.6221765387537,20.188268665911217,19.939902938539117,76.96485072415244,34.68624269827398,24.072712850098597,2.899793688225188,2.505234705916943,0,0,0,4
47,5,109.30059961051923,21.206274303257477,21.144509776601712,72.31502567721274,32.15734210240793,25.3436298590382,3.665197116029311,2.899793688225188,1,0,0,5
47,6,96.479151839628,20.04532135213685,19.820714209218995,68.15343730493164,33.09834007672874,27.11505785504288,3.83180229053476,3.665197116029311,2,0,0,6
47,7,88.18806742577547,18.04687381508844,18.009754407728078,62.97951149367324,29.907189280175064,24.682111768389365,4.145542206926265,3.83180229053476,3,0,0,7
47,8,65.32345449521556,17.89545579151822,17.87960456131751,58.48112885793641,32.179978856086194,26.16233983426476,4.256385115332762,4.145542206926265,4,1,1,8
47,9,29.390060538,18.969373913910804,18.839142077725747,54.24847569432066,33.283976898865824,26.534616636602195,4.491674244651945,4.256385115332762,5,1,1,9
48,0,206.2010461067042,21.0,21.0,40.0,32.077185826254336,16.38042125620044,6.6251186068522285,7.473919274,0,0,0,0
48,1,206.2010461067042,19.241543716525086,18.92760842512401,48.72236927484186,32.077185826254336,16.38042125620044,6.6251186068522285,6.6251186068522285,0,0,0,1
48,2,199.04539354409047,18.17311662943751,18.257493698932645,60.288923274639885,37.868272213754224,26.39036111845704,5.5964268643967054,6.6251186068522285,0,0,0,2
48,3,184.65230972576526,18.07217324176275,18.20556682526926,71.65513787772619,33.97693430189244,29.16870238192036,5.965579643828574,5.5964268643967054,0,0,0,3
48,4,155.29187759989065,18.18878403201595,18.153566633138517,67.7651249279533,34.14562607144157,27.576524207597902,5.175895917,5.965579643828574,1,0,0,4
48,5,127.99212237175198,18.165838811903953,18.19846951584804,64.45388692794833,34.93756666663909,30.0,5.178223382386878,5.175895917,2,0,0,5
48,6,105.18495890838174,18.065483543140108,18.038477688593723,61.04699178317257,35.346998739268926,29.05913934531021,4.6659872244714125,5.178223382386878,3,0,0,6
48,7,83.8891585362664,17.952463473683554,17.961522311406277,57.89727693458062,35.834917507822496,30.0,4.243618137237089,4.6659872244714125,4,1,1,7
48,8,56.958942312073546,19.91765747107308,19.777787883953387,68.58430850096644,33.11499719058823,26.257400400444176,4.488369370698809,4.243618137237089,4,1,1,8
48,9,22.144188923835877,20.626479325418945,20.563559765527927,63.03024471339863,28.860722601873697,23.61670080052735,4.351844173529709,4.488369370698809,5,1,1,9
49,0,125.83420062487815,21.0,21.0,40.0,34.66788230859014,19.37149424433721,3.935726773728825,7.358534679,0,0,0,0
49,1,125.83420062487815,19.293357646171803,18.987429884886744,49.727087779526926,34.66788230859014,19.37149424433721,3.935726773728825,3.935726773728825,0,0,0,1
49,2,123.7405727532353,18.10253082532489,18.128779689386384,60.504661961080224,36.92967849045933,22.945733629281232,1.9630760674647807,3.935726773728825,0,0,0,2
49,3,121.19121099567235,18.200885952865253,18.142548907151898,71.6731498827881,39.473976133722616,22.573178986876645,0.9513528979715836,1.9630760674647807,0,0,0,3
49,4,114.36619104936402,18.173109920199646,18.25807132937757,68.38488551144147,38.858962312456505,26.206235624506657,1.2111029122418622,0.9513528979715836,1,0,0,4
49,5,97.72598964851619,19.71448719885149,19.438990028749835,64.9049206686532,38.25031634262834,25.74987897521464,2.080025175105979,1.2111029122418622,2,0,0,5
49,6,70.44902512135933,20.885221495076912,20.819351058730774,61.302908109351634,35.37406590857813,27.9480865397465,3.409620565894609,2.080025175105979,3,0,0,6
49,7,50.975310040491706,19.59633099843256,20.96567759290967,57.87887037067473,34.310901451794976,30.0,4.182260846320386,3.409620565894609,4,0,0,7
49,8,42.475881264491704,18.508694041274307,18.03169630398188,54.12142211848368,32.88415438431264,29.574466436848137,4.249714388,4.182260846320386,5,0,0,8
49,9,34.89766875993003,17.818440526366214,17.770520157402064,65.00200355945657,33.0766905338719,27.37098413819972,4.513349779310955,4.249714388,5,1,1,9
50,0,45.182564431124234,21.0,21.0,40.0,29.218066717050583,15.959486398172444,2.0654438238572403,2.993402286830668,0,0,0,0
50,1,45.182564431124234,19.184361334341013,18.91918972796345,48.13195956074014,29.218066717050583,15.959486398172444,2.0654438238572403,2.0654438238572403,0,0,0,1
50,2,43.48248211673261,17.992123006438177,18.238053252503402,56.288518782006115,25.95947195458388,19.354745941338184,1.121347818449251,2.0654438238572403,0,1,0,2
50,3,37.805349027553625,19.80295591867663,18.142649775090213,64.70295049925963,27.759608177781093,18.98723469584954,1.2371391513650158,1.121347818449251,0,1,0,3
50,4,34.92822600171373,20.468700204522655,20.44770748773088,74.08083862647376,27.475923277652807,24.62345520687017,0.5195271419991128,1.2371391513650158,0,1,0,4
50,5,33.45259764644823,21.619981344633874,20.858940847683836,68.40888089461693,33.40208461630324,18.420372428936545,0.1959068481422173,0.5195271419991128,1,1,0,5
50,6,31.409027045955682,22.23716528360206,20.435053721356255,62.9468532739899,31.79031858007983,21.198416860881103,0.3305991952151142,0.1959068481422173,2,0,0,6
50,7,23.16974617639645,20.974540382317986,21.769001265974683,57.88389272874197,32.62208216813495,22.58369258048766,1.3399342346409415,0.3305991952151142,3,0,0,7
50,8,7.5713722624787945,21.07877483933256,21.981372651972162,53.57301550810931,35.721868217105595,23.662147223824093,2.3570083858961146,1.3399342346409415,4,0,0,8
50,9,1.5007026538025139,19.37930729984526,19.026198842428393,49.30648354143992,30.769015885463187,28.861362077484664,2.969739150353873,2.3570083858961146,5,0,0,9
51,0,70.22503657893151,21.0,21.0,40.0,30.64393802657934,20.32068332507236,3.015526451626599,6.171850198506405,0,0,0,0
51,1,70.22503657893151,19.212878760531588,19.006413666501448,49.17363184329731,30.64393802657934,20.32068332507236,3.015526451626599,3.015526451626599,0,0,0,1
51,2,69.17911425604521,18.0078539051174,18.108639865776023,58.36439939426033,28.17188819807372,22.88793152949864,0.8838697617781637,3.015526451626599,0,0,0,2
51,3,66.21118148339154,18.150237580758837,18.121688520920326,67.30250186033605,28.18376723601623,21.472357575515527,1.0028936449637966,0.8838697617781637,0,0,0,3
51,4,59.47872421281861,19.33697443850014,19.207644949877192,62.33278316250609,31.30924767039048,24.41453734166527,0.8415571588216164,1.0028936449637966,1,0,0,4
51,5,49.676332953861404,20.471331605251173,20.41106813295957,57.29427199092166,30.14736027311659,25.19424432919215,1.2252989073696512,0.8415571588216164,2,0,0,5
51,6,38.12834360449547,20.525935636872564,21.4128457719225,51.5023009225298,26.11876556017168,25.03695072654021,1.6684211715292987,1.2252989073696512,3,0,0,6
51,7,20.854946156639645,19.969223174892477,20.942132975381604,46.316452567426936,27.268636475760243,27.254428218112764,3.4611994257910537,1.6684211715292987,4,0,0,7
51,8,5.064910112655425,20.121782365744686,21.185126637508116,55.68490143200977,24.35421606980689,27.6927220667644,4.843064963661915,3.4611994257910537,4,0,0,8
51,9,2.653466465444486,19.30730644743173,19.147788473901883,64.57683964769254,23.81156553641412,25.58809121737903,5.062932254006196,4.843064963661915,4,0,0,9
52,0,213.07619933224254,21.0,21.0,40.0,26.97908180760525,21.78795921492037,5.487051280769098,5.792119723600514,0,0,0,0
52,1,213.07619933224254,19.139581636152105,19.03575918429841,48.77806738405461,26.97908180760525,21.78795921492037,5.487051280769098,5.487051280769098,0,0,0,1
52,2,206.141065404382,18.099350334803074,18.165438587837176,58.90792684149646,29.081853463384,27.19514352240409,5.474302849034235,5.487051280769098,0,0,0,2
52,3,192.4467613502046,18.118540857278337,18.187729338202853,69.09421805826933,27.508896327301755,29.081610432547564,5.031784312788423,5.474302849034235,0,0,0,3
52,4,180.82491894201752,18.29285029275881,18.126062603818287,79.71334180498685,32.88090113399442,26.11423079221399,4.887322591539923,5.031784312788423,0,0,0,4
52,5,155.98563764682433,18.239449331858314,18.093787357547317,75.63159575635507,37.35336772691018,23.303598669579863,4.724393558605451,4.887322591539923,1,0,0,5
52,6,131.46991772402617,18.078806496395835,18.12681326698404,72.3691193477669,38.4289474623262,26.779516934406207,4.901636775385383,4.724393558605451,2,0,0,6
52,7,104.94390270015771,17.918660066020387,17.883731438901957,68.35947471385508,37.22669584772122,23.830833963879797,5.401596740240587,4.901636775385383,3,1,1,7
52,8,63.17373572356284,19.29239461422839,19.052992252369773,65.39989355374281,39.69263163843063,27.198584138723422,5.221270872074358,5.401596740240587,4,1,1,8
52,9,36.07594638247713,20.90099401974656,20.780239894585964,77.60205693291513,38.70926911843311,29.08052743252425,4.516298223514285,5.221270872074358,4,1,1,9
53,0,166.9194122792406,21.0,21.0,40.0,32.15040635947739,16.98588571567614,5.906667666199581,6.967597182107072,0,0,0,0
53,1,166.9194122792406,19.243008127189547,18.939717714313524,48.84453257352764,32.15040635947739,16.98588571567614,5.906667666199581,5.906667666199581,0,0,0,1
53,2,160.1924317592776,17.926481173002003,18.11371925746712,57.019560790902105,25.609719925201645,19.8071035046565,5.369467027425401,5.906667666199581,0,1,0,2
53,3,140.0922146450065,19.687935870266035,18.252265151229686,66.31541134258637,26.723253109882407,24.9203610661413,4.316539115878264,5.369467027425401,0,1,0,3
53,4,128.78725921738715,20.535984284073507,18.117285477484835,75.45780786772124,29.276966697170145,21.514125109134675,3.4196748616774157,4.316539115878264,0,1,0,4
53,5,109.95556418818813,20.17295022901469,18.190934276637265,70.08422339310297,29.95392794946264,23.526158302658114,3.473886534026832,3.4196748616774157,1,1,0,5
53,6,85.92150968838433,20.180555989773662,18.09155577723471,65.15427296328825,30.705517754344644,25.239202080017986,4.429651488424386,3.473886534026832,2,1,0,6
53,7,52.04618846197137,19.998083609081704,20.314548947676617,60.294123848676264,27.31391237481465,29.01859254400765,4.424865992195785,4.429651488424386,3,1,0,7
53,8,24.19501674235468,21.04251126987914,19.85297319830387,54.38601950436998,23.082586011808587,27.427945408712063,4.084651291384853,4.424865992195785,4,1,0,8
53,9,10.569402876100504,21.635242368797925,19.95579866968834,63.98473298760358,25.170508358217145,28.15567765974726,3.490175091142972,4.084651291384853,4,1,0,9
54,0,124.5543034162494,21.0,21.0,40.0,33.19546111629865,19.02161508290255,4.268166451987251,7.251146528503431,0,0,0,0
54,1,124.5543034162494,19.263909222325974,18.980432301658052,49.39907371585622,33.19546111629865,19.02161508290255,4.268166451987251,4.268166451987251,0,0,0,1
54,2,121.50022039525636,18.03605908698964,18.139650793176592,59.34822812283336,32.133670381405466,23.139409657356428,2.6890425279620382,4.268166451987251,0,0,0,2
54,3,117.76042453204822,18.09811064342586,18.15708733728177,68.8941643561793,29.539202552698423,23.493776521445675,1.325318237549589,2.6890425279620382,0,0,0,3
54,4,114.67038066253272,18.168299334042935,18.215486900827432,78.55679316410934,28.6836594235974,24.997611731569428,1.2384585831093164,1.325318237549589,0,0,0,4
54,5,100.17743885585413,19.507587377783167,19.420561408342095,73.43277196716197,29.25501693806712,25.61153196778081,1.8116177258348232,1.2384585831093164,1,0,0,5
54,6,76.78778004637161,20.690083056339272,20.69694319245762,68.79800303871937,29.27349989995337,28.311117164254465,2.923707351185316,1.8116177258348232,2,0,0,6
54,7,45.81837616936772,20.562064727901987,21.69697505807403,64.05456823859902,28.280102745977533,28.7008150311316,4.563930091897991,2.923707351185316,3,0,0,7
54,8,16.947272264659727,20.48298261189695,21.003077698487203,59.678884281650554,34.22146010594014,24.802517911012835,5.261695112380197,4.563930091897991,4,0,0,8
54,9,7.411692125432,18.637652549605225,18.318059408156532,55.51189515701944,34.18081226281503,26.002581489234323,4.767790069613863,5.261695112380197,5,0,0,9
55,0,65.70496968948747,21.0,21.0,40.0,28.997468520857502,17.531056450986682,3.4418711599988705,5.760294626200038,0,0,0,0
55,1,65.70496968948747,19.17994937041715,18.950621129019734,48.375134494931956,28.997468520857502,17.531056450986682,3.4418711599988705,3.4418711599988705,0,0,0,1
55,2,62.553869424155934,17.979709795847867,18.030596699066297,55.81171921371631,25.11821322887552,16.196146319926427,2.330840189993881,3.4418711599988705,0,1,0,2
55,3,56.412270019138404,19.61627176812358,18.221856751246573,63.84408948669963,24.83529541209621,19.7889838822556,1.3006965459673971,2.330840189993881,0,1,0,3
55,4,48.42758474372523,20.500888129271598,20.60042950958921,73.58592201116268,29.509372488704827,24.611919313867688,1.38163281,1.3006965459673971,0,1,0,4
55,5,36.7168861187474,21.667264405817313,20.84610922476756,67.83521104029828,30.70175814849115,20.68318090226213,1.5805876784301445,1.38163281,1,1,0,5
55,6,27.911873720980267,22.22969741835013,19.7098260549167,62.139789269899495,31.09262808722004,20.599473188342312,1.617484627717121,1.5805876784301445,2,0,0,6
55,7,22.808519425003958,19.61258046258107,21.174053683048545,56.92511927132696,28.064920590705103,26.29802386166976,1.0482623972389682,1.617484627717121,3,0,0,7
55,8,17.841774632890935,18.599481793506943,18.112193779276385,52.88977107715232,30.928517329550584,29.986214925034695,2.483372396056511,1.0482623972389682,4,0,0,8
55,9,2.944602571571608,19.480423296305172,18.839820118589053,62.88188407533622,32.30456770133104,23.207171177468403,3.4207754607158347,2.483372396056511,4,0,0,9
56,0,268.4811789767278,21.0,21.0,40.0,26.619574452116694,15.038631154240514,7.728012001146649,4.456424009021792,0,0,0,0
56,1,255.9649138229402,20.12935182327566,19.52340930189061,47.498477009144295,26.619574452116694,15.038631154240514,7.728012001146649,7.728012001146649,0,0,0,1
56,2,255.24170261475575,18.077467775461738,18.108571485497254,55.639999136544205,27.628218140827848,17.6024603447272,9.11409239217624,7.728012001146649,0,0,0,2
56,3,226.13651712074326,18.186274895907093,18.18577578587852,64.42997740001478,29.44196293618293,19.39124963865361,9.658710879041282,9.11409239217624,0,0,0,3
56,4,203.17500652973573,18.272581147427427,18.26685378507696,74.73748651677562,33.800510476306364,23.46342906125385,9.281501885279614,9.658710879041282,0,0,0,4
56,5,159.4890895380678,18.05754939207969,18.168241653314293,69.37711504208232,29.17798008029097,24.37551172696851,8.427360631162706,9.281501885279614,1,0,0,5
56,6,119.4518736114054,18.145889253493753,18.11933837270326,65.37248397278688,33.60769767060292,27.47768527775572,7.640240941018946,8.427360631162706,2,0,0,6
56,7,88.80570885138613,17.863350385238775,17.94832015826908,60.70419602543747,29.63996201691753,27.758438275585707,6.204195168096462,7.640240941018946,3,1,1,7
56,8,47.581754209660566,19.21885219956322,19.033555088616403,56.8326384470157,34.90749453588269,26.917185583996357,5.152994330215695,6.204195168096462,4,1,1,8
56,9,20.93077686350925,20.737085040171024,20.664891326860662,67.27461848567069,32.20007127223505,25.810928942514856,4.441829557691886,5.152994330215695,4,1,1,9
57,0,247.02151953882472,21.0,21.0,40.0,31.569373378022984,21.37348539219084,7.598820827,6.0967536474952775,0,0,0,0
57,1,247.02151953882472,19.23138746756046,19.027469707843817,49.52971457863849,31.569373378022984,21.37348539219084,7.598820827,7.598820827,0,0,0,1
57,2,238.1894144133679,18.10454549740069,18.003076567831485,58.99671951399151,33.931903163682385,18.662568699389933,7.96998135,7.598820827,0,0,0,2
57,3,215.5211529083115,18.233628454041323,18.277844387699417,70.36698002501147,38.11332586574945,25.05478808436148,7.719059936407361,7.96998135,0,0,0,3
57,4,178.96120974714037,18.26139243925917,18.26078821221854,68.09948286008137,41.91243799745935,28.823688864040044,6.693848707607271,7.719059936407361,1,0,0,4
57,5,150.1802426995178,18.00010498674492,18.101432483902048,64.04582293097403,34.41768733470548,26.39531305914268,5.838037227263794,6.693848707607271,2,0,0,5
57,6,123.13419283834378,18.07932043026253,18.113406107229377,60.69539360891858,35.51896376345633,29.200873336235624,5.194225076969724,5.838037227263794,3,0,0,6
57,7,99.43551071484106,18.02962930176081,17.93506507465263,58.05852190495935,39.86517393587248,28.818872153242918,4.804940062676389,5.194225076969724,4,0,1,7
57,8,67.45434441987592,17.883150493214412,19.191002201764764,55.932607652346235,41.52269859659381,30.0,4.927712319463442,4.804940062676389,5,1,1,8
57,9,36.768708394980536,20.634837169181083,19.917936436711862,68.27562504567614,42.39978992351935,26.17252892831344,5.1142726708158985,4.927712319463442,5,1,1,9
58,0,227.54124544871223,21.0,21.0,40.0,25.37415128584443,15.58139350111973,6.931968185400623,4.269489586438487,0,0,0,0
58,1,216.19700451999705,20.050958205199198,19.60466350901257,47.37199806165355,25.37415128584443,15.58139350111973,6.931968185400623,6.931968185400623,0,0,0,1
58,2,215.5206352923771,18.112932894573625,18.048315886535786,55.1639269229165,28.15605093014989,15.1324427435332,7.446575945898799,6.931968185400623,0,0,0,2
58,3,193.77014489999746,18.074222002307003,18.183880767075024,62.57878070861791,24.36715104550054,16.826481097285097,7.074442748072419,7.446575945898799,0,0,0,3
58,4,175.55434678059336,18.307909848184774,18.24318349704526,71.6160910621403,30.4921336234914,19.715146118299657,6.674299196334497,7.074442748072419,0,0,0,4
58,5,140.08133417605512,18.185283613785614,18.164381091514205,66.10038376336107,32.25631431277226,20.434200694009803,6.6748101,6.674299196334497,1,0,0,5
58,6,106.99419904460602,18.07451430620583,18.113036241404046,61.24132316269544,33.11728453868787,23.22126767983641,6.429578820330066,6.6748101,2,0,0,6
58,7,81.72140282939024,17.967154437485036,17.948408051825464,56.653633196199564,34.339751497315454,23.50641535548529,4.951146175083752,6.429578820330066,3,1,1,7
58,8,47.17423241339024,19.2195458802674,19.057497925876756,52.1622795184572,33.382480980706234,24.99888747628065,4.318396302,4.951146175083752,4,1,1,8
58,9,22.811738165390242,20.805149724543064,20.642592205070656,62.81659382483774,34.874615162463826,24.31601987298364,4.060415708,4.318396302,4,1,1,9
59,0,220.20255785148396,21.0,21.0,40.0,26.483845303341628,21.9133357931149,7.0424736869756295,2.341308708694496,0,0,0,0
59,1,186.53615712342082,21.102822773290306,21.845600297262948,48.711492597362174,26.483845303341628,21.9133357931149,7.0424736869756295,7.0424736869756295,0,0,0,1
59,2,186.53615712342082,19.79562955086247,19.427357114719793,58.20483748574591,30.00638194150466,22.73442299396057,9.287013822977675,7.0424736869756295,0,0,0,2
59,3,185.17980845473602,18.12246928984216,18.190299320363167,67.81309986597785,28.629846433613373,24.74938901211956,10.440992996153298,9.287013822977675,0,0,0,3
59,4,161.94607553181334,18.193242832175756,18.140160231956592,77.0846062841517,29.021478211153376,22.48689077870142,9.536350687728076,10.440992996153298,0,0,0,4
59,5,118.78556593061096,18.166906844680312,18.12744099239032,71.30524323596127,29.86682044516908,21.3589403982174,7.8697445519273215,9.536350687728076,1,0,0,5
59,6,86.9924785622635,18.049414074928766,18.121143764930707,66.0295925161308,29.47277910723153,24.55138356037698,6.084613301747831,7.8697445519273215,2,0,0,6
59,7,63.11911727973793,17.936439563441173,18.01004366254115,61.30359906051655,29.159502363666185,27.918311771810146,4.621233719129699,6.084613301747831,3,1,0,7
59,8,36.21821618591723,19.15154482409914,17.822092517417488,56.22466276926629,28.59408296148077,26.522937642684443,3.994757060864592,4.621233719129699,4,1,1,8
59,9,17.2998864779203,19.982395791921338,20.235732727791238,66.37004875001952,31.81909662767957,24.544158820949477,3.153054951332821,3.994757060864592,4,1,1,9
60,0,270.2241990457082,21.0,21.0,40.0,28.238716441256617,21.80676443699532,5.895737675284039,6.303220308711328,0,0,0,0
60,1,270.2241990457082,19.164774328825132,19.036135288739906,49.00818655808535,28.238716441256617,21.80676443699532,5.895737675284039,5.895737675284039,0,0,0,1
60,2,263.82742397231243,18.075494636921338,18.08924536628183,58.46772491462403,29.14870320294833,23.404287666710992,5.250696485511845,5.895737675284039,0,0,0,2
60,3,248.02868270317683,18.248932020667723,18.12857176968622,68.62479738434843,34.0953042363352,22.33287615102256,5.474109280589384,5.250696485511845,0,0,0,3
60,4,234.71224660026118,18.17752128110977,18.245095547456625,79.24803777192119,33.70085846057591,25.31714369260612,5.747043852998098,5.474109280589384,0,0,0,4
60,5,203.85596288760073,18.074143914045944,18.200179488617017,74.64018878346063,29.90805416287307,27.826118123457118,5.873052932573664,5.747043852998098,1,0,0,5
60,6,172.80147183433223,18.000593311623096,18.03491700069915,69.32062437552506,27.072974659652346,26.707223074038943,6.073615911555651,5.873052932573664,2,0,0,6
60,7,136.13550487105343,17.95931839603446,17.94465663480436,64.16814347551414,27.903639545750966,26.80479989863286,6.927993398249087,6.073615911555651,3,1,1,7
60,8,82.08948624131423,19.155785544310092,19.151693126374468,60.04456199225601,30.42454731523256,30.0,6.755752328717398,6.927993398249087,4,1,1,8
60,9,34.684664555683774,20.02977969852518,20.046274166185913,55.70716131173559,29.236662885997664,30.0,5.925602710703807,6.755752328717398,5,1,1,9
61,0,66.92297289212756,21.0,21.0,40.0,34.80509278865018,22.839674169226885,5.284903714037762,7.108807753091166,0,0,0,0
61,1,66.92297289212756,19.296101855773006,19.05679348338454,50.376058052417875,34.80509278865018,22.839674169226885,5.284903714037762,5.284903714037762,0,0,0,1
61,2,63.6137305363262,18.1378706527555,18.16148462486308,62.41500537302776,38.833880342049866,28.04916032800504,3.560243604240781,5.284903714037762,0,0,0,2
61,3,58.220043544848885,18.09239514961025,18.127547819932204,73.73343941951991,35.95363782256288,26.92655132461576,2.176339627650459,3.560243604240781,0,0,0,3
61,4,56.81430336891524,18.182147989667037,18.22220922711202,70.35370487777418,35.790527474666575,28.766502848968244,0.2453359646003092,2.176339627650459,1,0,0,4
61,5,50.11889452091524,19.503004803410647,19.518656660246315,65.90467282515172,28.616488596541927,30.0,0.836926106,0.2453359646003092,2,0,0,5
61,6,39.5702382491006,20.83118406581353,20.757399880120285,62.32647048293467,33.45443143212744,30.0,1.3185820339768304,0.836926106,3,0,0,6
61,7,21.385558192764314,20.716852768894046,21.530251228623303,59.17362148688558,36.26000267262987,29.557502904875232,2.834439280078465,1.3185820339768304,4,0,0,7
61,8,2.53266275891259,20.155831968196143,20.975017080451767,56.38023260365115,38.01914653290039,29.79535967135276,3.795817377692595,2.834439280078465,5,0,0,8
61,9,2.4423454613607842,19.313094492766393,18.893299206740732,68.58125764566951,37.78347245565754,30.0,4.916483761448309,3.795817377692595,5,0,0,9
62,0,178.5235434614015,21.0,21.0,40.0,26.99117210300796,17.055563209259258,4.462930448893935,6.577737058525979,0,0,0,0
62,1,178.5235434614015,19.13982344206016,18.941111264185185,47.9284123562081,26.99117210300796,17.055563209259258,4.462930448893935,4.462930448893935,0,0,0,1
62,2,173.0441398822488,18.081812630554715,18.10490321058192,56.5059590522708,28.21705854636809,19.43597865398028,3.788765335727567,4.462930448893935,0,0,0,2
62,3,164.13718124592776,18.273789003964104,18.218401596409095,66.81322115169249,34.40650874457375,22.85605847443565,3.004737383167191,3.788765335727567,0,0,0,3
62,4,158.00118658330638,18.24544014835498,18.21118788895806,77.89275204768235,37.40800633107499,24.14494309109093,2.792658882273697,3.004737383167191,0,0,0,4
62,5,143.05012018139348,18.068087386810006,18.079678335736308,72.60217444658909,33.312375671575445,20.62885987790645,2.890454681873916,2.792658882273697,1,0,0,5
62,6,122.9670002155398,17.944568277101002,18.124207710150245,66.89927250038184,27.67604444225004,23.974500301043022,3.78728428,2.890454681873916,2,1,0,6
62,7,82.34807511426177,19.41047198631693,19.238273384182307,62.32222503144229,30.49358893919986,27.41170290002481,5.113588413261682,3.78728428,3,1,0,7
62,8,38.59794282841085,20.42202071967562,20.13147757784413,58.072052357779654,33.160499747933585,26.560763176162883,5.616341519197003,5.113588413261682,4,1,0,8
62,9,16.016895159643425,21.76782033669294,19.64011508823832,68.76321323880433,32.751633619812885,26.643704608101917,5.779208970750829,5.616341519197003,4,1,0,9
63,0,229.38254451978923,21.0,21.0,40.0,28.010417639701927,24.12407232294737,3.960863727164933,3.6580867185612154,0,0,0,0
63,1,229.38254451978923,19.16020835279404,19.08248144645895,49.384208193276876,28.010417639701927,24.12407232294737,3.960863727164933,3.960863727164933,0,0,0,1
63,2,224.9536794827077,18.195737917247467,18.05729742480469,60.01442623464805,34.9325684176997,24.12419847880682,3.888757863,3.960863727164933,0,0,0,2
63,3,213.86766567102535,18.06069323200597,18.183349084544563,70.14102512497406,30.46723001799835,25.791652706035077,4.141915000459443,3.888757863,0,0,0,3
63,4,189.18958283054516,18.15964746635486,18.175300420130718,64.94477145442086,29.17909350449297,25.286163881322544,4.225269023746716,4.141915000459443,1,0,0,4
63,5,166.79384947603367,18.166909026683616,18.17414435826347,60.11799824839143,30.024544838673823,26.49338179449605,4.129135117076903,4.225269023746716,2,0,0,5
63,6,140.42662406522146,18.037763805534553,18.062009529330897,55.15787682577576,29.04799003102562,26.72911317666512,5.193176005,4.129135117076903,3,0,0,6
63,7,109.20290009987352,18.02282803524799,18.002217088613968,51.45446974829319,33.05413687780154,29.704712691739772,6.010732625,5.193176005,4,0,0,7
63,8,74.80554124097166,17.948952560494142,17.855905746165195,48.69478743074487,38.001764902509294,30.0,6.568302135683668,6.010732625,5,1,1,8
63,9,34.24301629455881,19.79120727767455,19.633438161833563,61.16593587200192,39.28415800698361,30.0,6.760420824402143,6.568302135683668,5,1,1,9
64,0,344.70007882937847,21.0,21.0,40.0,34.4068780681242,19.315241752097823,5.533428652391688,2.363734999653362,0,0,0,0
64,1,320.0720532721942,20.782508619872598,21.9427050983125,49.669981567639965,34.4068780681242,19.315241752097823,5.533428652391688,5.533428652391688,0,0,0,1
64,2,320.0720532721942,19.748865849234534,19.24526440876586,58.9116145419689,29.559765129886983,21.78264028305155,7.961128980729184,5.533428652391688,0,0,0,2
64,3,289.0210141381665,19.916274881527503,19.431749723675374,69.3844441622538,31.444645679141026,26.737741100219523,9.481031155821697,7.961128980729184,0,0,0,3
64,4,289.0210141381665,18.3810507291198,18.393292864477722,79.96584543286346,32.72066660719193,26.06489600730617,9.453667639875276,9.481031155821697,0,0,0,4
64,5,244.16128668765964,18.114082036142992,18.097433670781555,74.75088806579403,30.92476841434141,23.436579546384007,9.077297849175002,9.453667639875276,1,0,0,5
64,6,194.29170099128768,17.99551862878877,18.078756529276696,69.17309889093849,27.83595476940409,24.50966092584292,9.522550697,9.077297849175002,2,1,0,6
64,7,131.87448879887995,19.29240859176764,17.960150281942887,63.27599039553641,25.189699362625134,25.3819201073633,9.331505147,9.522550697,3,1,1,7
64,8,67.15302407887994,19.513851509164212,19.956195337955936,58.691993372937745,27.866683207785176,30.0,8.09018309,9.331505147,4,1,1,8
64,9,28.04110558936187,21.323034138287305,21.202464408572823,69.38279260263042,29.39332905384817,30.0,6.518653081586344,8.09018309,4,1,1,9
65,0,148.85909697991536,21.0,21.0,40.0,34.33634858119019,18.15807638443375,5.179411705528362,4.370684638871349,0,0,0,0
65,1,148.85909697991536,19.286726971623803,18.963161527688676,49.44899649381231,34.33634858119019,18.15807638443375,5.179411705528362,5.179411705528362,0,0,0,1
65,2,143.05876681735236,18.075980264307862,18.121476768484037,59.64379805237667,35.27061671220827,21.3671697242604,5.154878306542354,5.179411705528362,0,0,0,2
65,3,131.18839665654303,18.048348386635823,18.255896088677144,69.876799888758,30.188036044000228,26.661974158118323,4.277698521681051,5.154878306542354,0,0,0,3
65,4,122.16023157872077,18.117441262676152,18.187278259417052,79.51489388472899,26.78958934655997,26.75537729772327,3.801989064069521,4.277698521681051,0,0,0,4
65,5,103.59827731471357,18.288888942108443,18.144397265196485,75.35256374644435,33.73403645198226,26.475240557547476,3.393755927491692,3.801989064069521,1,0,0,5
65,6,84.52964508413638,18.066486467888083,18.04883250908991,71.19679617058634,34.19361476201069,26.052120927667072,3.875386419940792,3.393755927491692,2,0,0,6
65,7,64.9617029045063,17.908268565675574,17.910547551922953,66.44168188349035,32.471788130164946,24.444243608190643,3.843409162914415,3.875386419940792,3,1,1,7
65,8,36.91796383250629,19.250015701781656,19.102728110062525,63.41527386791516,36.92507513063641,29.59488033839036,3.505467384,3.843409162914415,4,1,1,8
65,9,15.525112735935796,20.075350137024536,19.963235579544897,58.374012210726875,31.570682938250407,23.75564118848134,2.6741063870713115,3.505467384,5,1,1,9
66,0,64.4250669560375,21.0,21.0,40.0,29.31504360639344,20.614515398284745,3.9894221197129087,6.489086375840484,0,0,0,0
66,1,64.4250669560375,19.18630087212787,19.012290307965696,48.98732062084207,29.31504360639344,20.614515398284745,3.9894221197129087,3.9894221197129087,0,0,0,1
66,2,61.67116448264679,18.163348132427803,18.136634558189943,59.643177226868644,34.61770514340814,24.58149822340617,2.2523552981377137,3.9894221197129087,0,0,0,2
66,3,61.49761811269361,18.139673742567535,18.071251796062093,69.49736368056205,34.10139227178551,20.64408802651121,0.06595106,2.2523552981377137,0,0,0,3
66,4,53.058504761778536,19.300948255429017,19.18336201942756,64.4789675217465,31.179497835450704,24.27385683779628,1.0548891688643838,0.06595106,1,0,0,4
66,5,37.27505614197913,20.469765285475606,20.412553679742548,59.928233212746875,31.33792494389403,26.713551117219197,1.9729310774749265,1.0548891688643838,2,0,0,5
66,6,25.938689622350054,19.654882487288802,20.87641834585881,56.465565287203034,34.096289302534245,30.0,2.157135168657155,1.9729310774749265,3,0,0,6
66,7,13.024881752699425,19.683012456269417,20.78631026622919,52.614238430370136,33.03161223437124,28.905460783223774,2.2787730986884216,2.157135168657155,4,0,0,7
66,8,1.1407239529644062,20.103537555600376,21.03840565194289,49.710546546075065,37.20171175391626,30.0,1.8033326938778111,2.2787730986884216,5,0,0,8
66,9,1.1407239529644062,19.240309215525397,18.812635609155986,60.60600175673177,33.945482799601685,26.58482392626893,1.7641524261652677,1.8033326938778111,5,0,0,9
67,0,272.7755812220631,21.0,21.0,40.0,25.590782627592905,16.699253631893868,6.449083289865628,2.143775095255414,0,0,0,0
67,1,239.71134214397202,21.238782942623875,21.933985072637878,47.61220652670762,25.590782627592905,16.699253631893868,6.449083289865628,6.449083289865628,0,0,0,1
67,2,239.71134214397202,19.80581016305375,19.407443226398666,55.20075787778387,25.824466749817184,16.334151867273114,8.790136138905629,6.449083289865628,0,0,0,2
67,3,236.32098220303504,18.156816487386628,18.24614850164892,63.715994130180164,26.165291119148453,21.141576949719823,9.678176844432295,8.790136138905629,0,0,0,3
67,4,213.43405054686312,18.264386480346737,18.250671091107566,73.52936498641594,30.11410530523745,24.404621673850244,9.241254745155414,9.678176844432295,0,0,0,4
67,5,167.12621305338607,18.15583202995484,18.108985931706833,68.02609749760681,30.40570680297966,22.353918259191868,8.802661097435477,9.241254745155414,1,0,0,5
67,6,122.75723520642674,18.05392870418185,18.061961202534643,62.53453093887087,30.237396927696437,22.58723330154833,8.498076671736904,8.802661097435477,2,0,0,6
67,7,83.13112065913151,18.016022881097495,17.915643262244426,57.459267900587534,33.90328606694702,21.234141498145576,7.563380963,8.498076671736904,3,0,1,7
67,8,45.952191986624605,17.08360462717974,19.111534150595375,52.775002141815264,30.583517425933955,26.72611724755344,6.274886164721483,7.563380963,4,1,1,8
67,9,19.557217728766094,20.123408274336704,19.386058438364262,62.84827022577024,31.205574706902144,24.757025759514413,4.399162376309752,6.274886164721483,4,1,1,9
68,0,176.4536169530781,21.0,21.0,40.0,28.73783201908008,24.222883992666183,3.645018368703425,2.812360978347176,0,0,0,0
68,1,160.04830029517498,20.905858217886454,21.854106166809377,49.53292888211433,28.73783201908008,24.222883992666183,3.645018368703425,3.645018368703425,0,0,0,1
68,2,160.04830029517498,19.749816655743487,19.361883173925918,59.55120760272748,30.415029430220592,25.242074573185807,4.793976726399702,3.645018368703425,0,0,0,2
68,3,142.49721500395017,19.732648112817962,19.312285116630687,68.78697020650077,29.82783072068763,21.48196152249732,5.843315242677816,4.793976726399702,0,0,0,3
68,4,142.3016505679681,18.1258747663534,18.143167302414867,77.00757471061443,26.300208210855885,19.369816811997826,6.564445044391689,5.843315242677816,0,0,0,4
68,5,105.91954328972679,18.12084070031427,18.091116582784693,69.43579476261881,24.842243226569572,16.425645951232532,6.429011585666349,6.564445044391689,1,0,0,5
68,6,76.9917989793052,18.091202042239708,18.141959154256188,62.93115735271098,26.5376002541792,20.65885857966617,5.261052959073077,6.429011585666349,2,0,0,6
68,7,55.674636398511666,17.945586145659316,17.91622170381482,56.21409881844562,26.68165262152072,19.334688854782826,4.063333072372941,5.261052959073077,3,1,1,7
68,8,29.3498667179104,19.05350031596874,18.817184511180677,48.50092691242515,26.36931758347845,14.113060716407826,3.290596210075159,4.063333072372941,4,1,1,8
68,9,14.283948893999998,20.43695669277612,20.36630822989149,56.646455886148054,26.16504947947876,19.08788926342626,2.510986303985067,3.290596210075159,4,1,1,9
69,0,170.5800130775535,21.0,21.0,40.0,34.47897559257653,17.000405795484077,6.261618261169179,5.722465966572539,0,0,0,0
69,1,170.5800130775535,19.28957951185153,18.940008115909684,49.26628864985091,34.47897559257653,17.000405795484077,6.261618261169179,6.261618261169179,0,0,0,1
69,2,163.89412001152976,18.055877663887195,18.024923424485664,58.2284788646824,34.40811370256054,15.38183193539219,5.7449628941737485,6.261618261169179,0,0,0,2
69,3,146.70917748116347,18.119144971298326,18.2824243135004,68.1047926427027,32.86536226747748,22.00304761041306,5.696243746648586,5.7449628941737485,0,0,0,3
69,4,135.7200172116507,18.083246791428063,18.202430383621362,77.21481745691858,27.75719200763277,22.85405696023317,4.723209946096983,5.696243746648586,0,0,0,4
69,5,116.40575122489373,18.15468481098122,18.170555833537232,71.55200807180054,27.99143255669372,23.881848637094976,3.4830255254846505,4.723209946096983,1,0,0,5
69,6,97.43082424980702,18.03917410902807,18.075877868782406,65.89335825660153,27.08539292372149,24.810996991839588,3.659999066655797,3.4830255254846505,2,0,0,6
69,7,73.39513024243792,17.964644921764922,18.016981278313477,61.100652472483375,28.18238409634329,28.52480599188921,4.570804946262781,3.659999066655797,3,1,0,7
69,8,42.10008772496706,19.18969021536062,18.316337566209217,56.84869122243775,29.87014367652861,29.84118271210683,4.381262811052578,4.570804946262781,4,1,0,8
69,9,15.183691425416084,20.25045982405637,20.39788424766164,67.12057300915733,29.82276590175704,27.243244024462804,4.533662657154436,4.381262811052578,4,1,0,9
70,0,225.56224254447284,21.0,21.0,40.0,33.24299805047452,19.67141175253978,5.6491956551756255,6.636559600443364,0,0,0,0
70,1,225.56224254447284,19.264859961009492,18.993428235050796,49.52459376454257,33.24299805047452,19.67141175253978,5.6491956551756255,5.6491956551756255,0,0,0,1
70,2,219.88013480493782,18.05723463860682,18.179385564742184,60.1474611288512,33.23998489644054,25.77594490527406,5.122465904731769,5.6491956551756255,0,0,0,2
70,3,206.29584218448983,18.059092749954708,18.170099952235994,70.13306281287635,28.694622394176463,26.78094251707436,5.0459210274491255,5.122465904731769,0,0,0,3
70,4,174.64232311544976,18.217662956935346,18.1896703717569,65.44728091588226,30.307260409695303,26.993951273670845,5.392766412454131,5.0459210274491255,1,0,0,4
70,5,143.27059169387232,18.13687253822491,18.119476391777138,60.36863938890659,29.650887320940804,25.46777086252769,5.917000211412492,5.392766412454131,2,0,0,5
70,6,111.21424419720373,18.12650841415429,18.11279610815444,56.412430332334225,33.111562944279505,28.242831185874,6.186689451809002,5.917000211412492,3,0,0,6
70,7,90.14261377341947,17.124523129290438,17.261498156824473,51.56172108117147,27.20246449317786,29.182484111473507,5.9230934830517885,6.186689451809002,4,1,1,7
70,8,47.15734829105933,18.381541194510795,18.4162190012159,46.1460986555562,24.72901316582481,28.51752891409037,5.3731581852950185,5.9230934830517885,5,1,1,8
70,9,20.44824045188527,19.970124994545927,20.055434762602964,55.98297065413471,24.93181668878156,29.71747219221017,4.451517973195677,5.3731581852950185,5,1,1,9
71,0,212.00103269046826,21.0,21.0,40.0,28.72181787013057,20.095375539056203,6.471504129448637,4.702982681900373,0,0,0,0
71,1,204.8653558138711,19.88409677789126,19.394877442350236,48.78709481365362,28.72181787013057,20.095375539056203,6.471504129448637,6.471504129448637,0,0,0,1
71,2,203.0603107560767,18.00879299838989,18.13680750806485,57.85328595502475,26.29672270524913,24.071005857923826,6.6220906550843415,6.471504129448637,0,0,0,2
71,3,184.18489909036592,18.104663351484508,18.08143237573553,65.89433864137644,24.029890279474827,20.642624644701154,6.404925180137017,6.6220906550843415,0,0,0,3
71,4,167.61753256274505,18.263796087084415,18.291665713018574,75.59716398940579,27.94918480244765,25.955400464382063,6.080941894292447,6.404925180137017,0,0,0,4
71,5,136.14872568462278,18.22263801416436,18.175862716609473,71.18649591439966,31.581085510665662,27.24853629485583,6.009416830663033,6.080941894292447,1,0,0,5
71,6,107.18973857886948,18.082084511382973,18.01143315826056,66.58617863581003,32.82056599543873,24.95544912350779,5.815820587489249,6.009416830663033,2,0,0,6
71,7,85.76222262182642,17.801214923282213,18.028413639001826,61.483826648152046,25.7460572439253,29.240876157974792,4.152366853745637,5.815820587489249,3,1,0,7
71,8,59.339673336419125,19.034062352043087,17.839340187297044,56.006747382364495,24.19722966724224,28.70788552282689,3.895278703582849,4.152366853745637,4,1,1,8
71,9,35.05988540590319,19.931414706962,20.197361505324544,66.15986449391303,30.514849364166583,25.89135681110311,4.046631321752656,3.895278703582849,4,1,1,9
72,0,49.86235832235233,21.0,21.0,40.0,33.43253265588527,20.77564676857712,3.277939134256048,6.752898896,0,0,0,0
72,1,49.86235832235233,19.268650653117707,19.015512935371543,49.75747229640323,33.43253265588527,20.77564676857712,3.277939134256048,3.277939134256048,0,0,0,1
72,2,48.59980498224881,17.99839854732035,18.003513467545847,58.50084449622711,30.487714937527382,18.08657506149419,1.1909878543198462,3.277939134256048,0,1,0,2
72,3,47.60827745645843,19.747148913327404,18.138407384701754,67.39613177185845,31.91131834581384,17.506944296582464,0.2118250062037292,1.1909878543198462,0,1,0,3
72,4,45.434029097323126,20.56834018000663,20.83618999116474,77.49520552873987,33.42229884374357,22.68366647226437,0.3623747265225507,0.2118250062037292,0,1,0,4
72,5,39.655409811121345,21.909443536460717,20.66350072263961,72.53284295523959,34.72611947236998,21.038532897072848,0.8129552721597773,0.3623747265225507,1,1,0,5
72,6,33.51379812228277,22.164697302228635,20.214178644844374,67.69663690330053,29.68819038533247,26.77733154833945,1.0711025478438736,0.8129552721597773,2,0,0,6
72,7,22.597883025233237,20.794789453233932,21.665732066130012,64.33644267244799,34.66558760637477,30.0,1.837445206729333,1.0711025478438736,3,0,0,7
72,8,8.454066004718273,20.68148043328012,21.809692104143398,59.43127387011364,28.0977903354171,27.98460520716984,2.2205031648845024,1.837445206729333,4,0,0,8
72,9,0.9255173159789278,19.455929119494144,19.10149592590783,55.28471237320991,31.9962738196679,28.300606753089177,2.793687986024838,2.2205031648845024,5,0,0,9
73,0,243.20220604285402,21.0,21.0,40.0,25.474168939060327,20.465489228499244,3.635294543,5.709522278,0,0,0,0
73,1,243.20220604285402,19.109483378781206,19.009309784569986,48.269138470160726,25.474168939060327,20.465489228499244,3.635294543,3.635294543,0,0,0,1
73,2,239.55965896667826,18.08874470396708,18.131393571789175,57.48821319175268,27.046659053039008,24.17042273358294,2.6504879990323245,3.635294543,0,0,0,2
73,3,231.48541487443157,18.293843646145444,18.135320374206245,67.8697640965101,34.238841360311966,23.436441443895887,2.8202590670198324,2.6504879990323245,0,0,0,3
73,4,224.0956305129429,18.094100162714174,18.2011551986854,77.57122971461449,29.673339664773003,24.22369154691809,3.290700502091522,2.8202590670198324,0,0,0,4
73,5,200.65074806594282,18.186301432160352,18.15528081686606,72.64693557395661,31.488411272790582,24.4877323902212,4.285364292633201,3.290700502091522,1,0,0,5
73,6,160.70991671208904,19.691607101078173,19.455681801386994,68.80571947902918,37.127409065521626,24.86583485154816,4.992603919231721,4.285364292633201,2,0,0,6
73,7,148.40057397954848,17.932491792220294,17.99077544220811,65.30521672433268,36.61674376091208,27.26935204632958,5.288483573577294,4.992603919231721,3,1,1,7
73,8,99.18173001447414,19.239346028175817,19.072667755775747,61.066184411401906,33.6214063436187,26.16174747343252,6.152355495634294,5.288483573577294,4,1,1,8
73,9,42.40522011047415,20.049484264361773,19.951309439055482,56.01470786177424,31.339245037803185,23.930329686487603,7.097063738,6.152355495634294,5,1,1,9
74,0,158.887189918631,21.0,21.0,40.0,27.61324893252996,23.59697709440789,6.327921876227935,5.401997669740535,0,0,0,0
74,1,158.887189918631,19.1522649786506,19.07193954188816,49.21784068484881,27.61324893252996,23.59697709440789,6.327921876227935,6.327921876227935,0,0,0,1
74,2,150.63535724550195,18.06823427817441,18.155811046827576,59.4207810643405,28.16021775687547,28.522784351411705,7.028749972938243,6.327921876227935,0,0,0,2
74,3,130.7096290354794,18.043735537617493,18.108439826132624,68.2932997175834,22.84699463775018,26.444775658043657,7.245431212902815,7.028749972938243,0,0,0,3
74,4,114.76052084634578,18.202885125250763,18.179066148203123,77.26599629266197,23.72074106904016,26.127573236951893,5.9900122356176695,7.245431212902815,0,0,0,4
74,5,87.45252669189605,18.190758853580075,18.105431161226427,71.2044030009991,25.758683748044064,23.89913129827333,4.988793535333528,5.9900122356176695,1,0,0,5
74,6,67.00269696057259,18.099858239817426,18.060929948812564,65.55859517663089,27.886850654539508,24.08088365452599,3.891601307104245,4.988793535333528,2,0,0,6
74,7,49.814138832850865,17.932481387759847,17.960471503888137,59.98067160746983,27.375665126907545,24.969203933308822,3.295392871402824,3.891601307104245,3,1,1,7
74,8,29.90034919391652,19.18404117346722,19.048873633543597,55.27529467859381,31.76543782469518,25.426912570438063,2.4892237048667933,3.295392871402824,4,1,1,8
74,9,12.683977313292393,20.6446496513123,20.61461179737573,64.59072954962318,27.640910872922845,24.11150507724029,2.8693953134373538,2.4892237048667933,4,1,1,9
75,0,180.55204251992802,21.0,21.0,40.0,28.476900101995167,21.864983821136708,4.384479734241937,3.786440956371011,0,0,0,0
75,1,180.55204251992802,19.169538002039904,19.037299676422734,49.061539106163735,28.476900101995167,21.864983821136708,4.384479734241937,4.384479734241937,0,0,0,1
75,2,175.0935541035928,18.22468049407138,18.036822219037866,59.445294399935655,36.84617972118896,20.84134968865505,4.522328400487565,4.384479734241937,0,0,0,2
75,3,163.90411102913487,18.080179914074947,18.20593346506533,69.70407010597029,33.35517542493694,23.638022941922184,4.149914079872511,4.522328400487565,0,0,0,3
75,4,154.7296324178808,18.134883053820655,18.255902592047043,80.14253308556499,30.82881828472181,27.16264271302652,3.841837875999029,4.149914079872511,0,0,0,4
75,5,130.74287964401262,18.17379808560038,18.14237288912462,75.72653483768478,32.01872256474113,26.78128716925768,4.523196449779826,3.841837875999029,1,0,0,5
75,6,111.29467540613473,17.93276897258821,18.092942261953695,70.51062947030641,25.79242610977573,28.5636551825667,3.848054361168289,4.523196449779826,2,1,0,6
75,7,85.94208157864932,19.393516018957484,17.845584764806247,65.31493824687918,30.76074358481608,23.70763850725488,3.817481683667972,3.848054361168289,3,1,1,7
75,8,53.141448095767174,19.5951009573218,19.821397250704347,60.35801400100358,33.84950972191625,21.945355578774866,4.1000791853602685,3.817481683667972,4,1,1,8
75,9,22.031928809640842,20.735383844946547,20.373491265133808,56.332946276339655,37.836015281993966,23.13583069209533,3.888689910765792,4.1000791853602685,5,1,1,9
76,0,320.8143926428718,21.0,21.0,40.0,33.50485911613399,19.047745093036703,6.663612885840164,4.563244356244908,0,0,0,0
76,1,314.3137391434833,19.986014534522027,19.240582439611707,49.459468757650725,33.50485911613399,19.047745093036703,6.663612885840164,6.663612885840164,0,0,0,1
76,2,312.3837159139106,18.13611007228433,18.13842117204113,60.35841048385528,37.44561764597466,23.10405861071733,7.877303764,6.663612885840164,0,0,0,2
76,3,290.34920542062883,18.01730057981294,18.27132909169401,71.15501925362258,30.810646636622188,29.17051319541834,8.386627783419202,7.877303764,0,0,0,3
76,4,240.4635568980867,18.157153549270372,18.142533327636045,66.31142637629819,29.39781426889224,27.026669745972203,8.712097748,8.386627783419202,1,0,0,4
76,5,193.01562058826843,18.139293840609202,18.172882597965067,61.577421446142196,28.86250629935225,28.170799644225564,8.760079493874821,8.712097748,2,0,0,5
76,6,149.55318689551217,18.043465336014027,18.038968147052778,56.55400963321222,28.171028015677887,27.254461912488868,8.533817655,8.760079493874821,3,0,0,6
76,7,119.21046518280755,17.32702571478112,17.292923001104995,52.74144449363281,32.3870588391105,29.765357052115,7.948738947085753,8.533817655,4,1,1,7
76,8,64.54752200529589,18.615229055509065,18.576797427512656,48.97940647252605,32.43312210496244,30.0,6.832867897188958,7.948738947085753,5,1,1,8
76,9,29.712106087613062,20.343426985250826,20.185177995776858,60.150128558924,35.274245520149904,26.785321626505382,5.805902652947137,6.832867897188958,5,1,1,9
77,0,162.21127387060568,21.0,21.0,40.0,28.620354843606734,16.604283629544724,4.358596106030133,2.6426070858766666,0,0,0,0
77,1,141.0155197246016,21.03538444792324,21.932085672590897,48.14043492516726,28.620354843606734,16.604283629544724,4.358596106030133,4.358596106030133,0,0,0,1
77,2,141.0155197246016,19.82529659896579,19.40233752044789,57.521325793350556,29.906747967338028,22.209312411458072,5.124352194955377,4.358596106030133,0,0,0,2
77,3,140.25046357585103,18.182601413090314,18.248538230847817,68.0824734569773,31.53681862185452,27.13622395384961,5.535129941013032,5.124352194955377,0,0,0,3
77,4,128.17429218251849,18.308593702015767,18.23998583638595,80.24345342697028,37.69599389139493,29.865005941899373,5.430119558647781,5.535129941013032,0,0,0,4
77,5,104.24920090021207,18.18852386073491,18.152699881162015,77.77544707403557,39.62218692814047,30.0,4.814242419751664,5.430119558647781,1,0,0,5
77,6,85.22955237734936,17.986174085550605,18.057294901687513,74.66735337586864,36.06614612129484,30.0,3.950046099114752,4.814242419751664,2,1,0,6
77,7,64.63972589906257,19.52232099386448,17.942705098312487,71.8118339357374,37.46933644371529,30.0,3.123879832949727,3.950046099114752,3,1,1,7
77,8,39.84465078207191,19.688227629688125,20.08890922412492,68.27066250379661,33.66015871144008,30.0,3.099384389623832,3.123879832949727,4,1,1,8
77,9,16.86424412427188,20.803747504683724,20.64690424673787,64.40041152032998,31.83193898074097,30.0,2.872550832225003,3.099384389623832,5,1,1,9
78,0,147.43912429950524,21.0,21.0,40.0,33.4912242231306,22.07624053967252,5.978618560808513,7.151510518360688,0,0,0,0
78,1,147.43912429950524,19.269824484462614,19.04152481079345,50.00214365730456,33.4912242231306,22.07624053967252,5.978618560808513,5.978618560808513,0,0,0,1
78,2,141.96003624152567,18.188137600805458,18.02989749988112,60.93529499041327,40.03335917902833,20.706370449353376,5.433251308,5.978618560808513,0,0,0,2
78,3,128.92133843713182,18.149279371893265,18.166390169529514,72.00947219632718,39.99732777369208,21.52587892582965,4.875402238,5.433251308,0,0,0,3
78,4,108.40480294897307,18.112184599343763,18.266195557626066,68.15168727572014,36.336047909632015,25.56514697588437,3.617898391540053,4.875402238,1,0,0,4
78,5,91.32634234701652,18.09416012230653,18.05333871028449,62.92139184843228,33.54405402495851,20.732082490108937,3.2617232790462976,3.617898391540053,2,0,0,5
78,6,76.59570053187454,17.999892540738628,18.08725784600424,57.44414167145493,30.673935977514184,22.230229705945003,2.7812985305978963,3.2617232790462976,3,1,0,6
78,7,62.694775615308224,19.525895556946278,17.64373931603865,53.627718369563766,36.54339944048313,25.58758221567705,2.184591262295248,2.7812985305978963,4,1,1,7
78,8,47.71283635826681,20.195119600219424,20.580947512179243,63.86958814034913,32.92011225999333,23.979164244369805,2.4969898761735685,2.184591262295248,4,1,1,8
78,9,30.121521797779852,21.906589833092244,21.729998371943292,73.98143014486448,29.60952720156772,26.56737282351751,2.93188576008116,2.4969898761735685,4,1,1,9
79,0,68.75447229308958,21.0,21.0,40.0,30.807503813548443,18.64224440194048,3.6273035798374194,6.196018325853443,0,0,0,0
79,1,68.75447229308958,19.21615007627097,18.97284488803881,48.900954678788004,30.807503813548443,18.64224440194048,3.6273035798374194,3.6273035798374194,0,0,0,1
79,2,65.4226850169348,17.960539344081933,18.07788537542064,57.116423602724,25.969725933269896,19.67176808859674,2.6849557474450427,3.6273035798374194,0,1,0,2
79,3,53.062202902917505,19.609613748574265,18.267408114823567,65.92084725777174,23.371290920489397,25.542173829775805,2.658408015,2.6849557474450427,0,1,0,3
79,4,45.69745495110021,20.486473150425446,18.177668971926934,75.4027190526681,27.52195293232688,25.15511259487516,2.207743671269281,2.658408015,0,1,0,4
79,5,29.860045032584484,20.11351103491635,20.001268301155555,69.93599475389937,25.913130416003447,27.049512368614696,2.208108247,2.207743671269281,1,1,0,5
79,6,17.031185661834307,21.2218048103731,21.03195242842778,65.27611878541488,29.34952596024305,28.09560754817648,1.6443981214386678,2.208108247,2,1,0,6
79,7,8.53584105360267,22.025199179339886,19.06759641135616,59.08715369776745,24.83905904294019,24.11113491457406,1.6990689216463275,1.6443981214386678,3,0,0,7
79,8,0.7959002147130281,20.304575156499826,21.235861722849965,53.52037464784107,26.69113399644885,25.71564905951573,1.1511987432540507,1.6990689216463275,4,0,0,8
79,9,0.7959002147130281,19.369508293066477,19.015694395638377,64.17835189307617,31.466190535951757,27.744794159798808,0.9304819900810778,1.1511987432540507,4,0,0,9
80,0,208.62068852731235,21.0,21.0,40.0,26.668875993709456,19.651798152097108,6.424478732307885,3.1904456542051083,0,0,0,0
80,1,177.1504344540053,21.031868959350383,21.993035963041944,48.33772134624518,26.668875993709456,19.651798152097108,6.424478732307885,6.424478732307885,0,0,0,1
80,2,177.1504344540053,19.718744723051632,19.275350466500573,55.151539950461896,22.803377786691687,15.051170014512271,7.894977424338023,6.424478732307885,0,0,0,2
80,3,172.0671009464313,18.1770050469691,18.216282378016405,62.80494537954829,24.153630135147267,18.365288915332712,8.022512928951674,7.894977424338023,0,0,0,3
80,4,151.64595436169995,18.2130570657972,18.17927738716701,70.65197734606336,25.53597359375954,18.058648442435253,7.911882202260536,8.022512928951674,0,0,0,4
80,5,113.35057653078468,18.21502424184313,18.222556302004985,64.73723420721149,28.78718568591612,21.686463542684567,6.851188422,7.911882202260536,1,0,0,5
80,6,84.27054855306052,18.150648705972905,18.098327566702174,60.03196929206007,33.4548759001857,23.738096793417515,5.689366744309711,6.851188422,2,0,0,6
80,7,63.311003948476326,17.841636854311506,18.03087690423161,55.210636434171974,28.401463700136645,28.14668708937397,4.165200074661987,5.689366744309711,3,1,0,7
80,8,44.1714447782725,19.10574578795431,17.14782147100189,50.13564476656093,27.101174540470343,28.03776063946832,3.1478937647926237,4.165200074661987,4,1,1,8
80,9,26.822061649882393,19.567141232088872,19.98465168757791,60.11657801564148,31.971485570696498,23.47814359086209,2.891563854731685,3.1478937647926237,4,1,1,9
81,0,122.75005331747259,21.0,21.0,40.0,32.4798363971435,15.52353309201925,5.891490264543936,6.472981752872061,0,0,0,0
81,1,122.75005331747259,19.249596727942873,18.910470661840385,48.640606508049295,32.4798363971435,15.52353309201925,5.891490264543936,5.891490264543936,0,0,0,1
81,2,116.56876795970467,18.050540733262476,18.206143425064255,58.56006221066407,32.14212797589164,22.96595926085714,4.769981565596694,5.891490264543936,0,0,0,2
81,3,105.6634241296163,18.111098840067122,18.11907487340013,67.85108133448428,30.19706997924777,21.41970293086449,3.962362554902545,4.769981565596694,0,0,0,3
81,4,98.25666852529946,18.19656691742731,18.27682645432261,78.06525726480456,30.754906019365556,25.99051581574712,2.909266697265241,3.962362554902545,0,0,0,4
81,5,87.120968035093,18.105214710880446,18.2093063083529,73.410122368225,28.51564156338798,28.95583123339225,2.119621318050327,2.909266697265241,1,0,0,5
81,6,74.64620560143277,18.062832668868072,18.047920829518482,68.72046072674918,28.79252992241598,28.487127624940552,2.454651319278325,2.119621318050327,2,0,0,6
81,7,47.577027152384105,19.45609694296733,19.248491389802517,63.79596061512203,33.289477314166845,22.685522065682303,3.3836473061310826,2.454651319278325,3,0,0,7
81,8,13.274297966062361,20.50274787921975,20.275743617284796,59.22652681860242,36.20594320677768,21.741646812557875,4.287841148290218,3.3836473061310826,4,0,0,8
81,9,10.249263710331949,19.568811909101132,18.942679702803918,70.34285722649524,35.43479736997602,26.322593784984075,3.9744948078670768,4.287841148290218,4,0,0,9
82,0,268.86293227766873,21.0,21.0,40.0,32.118625764341864,20.045580003349063,7.573231765605503,3.035752208542616,0,0,0,0
82,1,233.97859518234281,21.028984109195715,21.82056826454631,49.389557038184364,32.118625764341864,20.045580003349063,7.573231765605503,7.573231765605503,0,0,0,1
82,2,233.97859518234281,19.874322141830557,19.414671603935695,60.277818292394954,35.79955243282704,24.69078786834289,10.115367987554286,7.573231765605503,0,0,0,2
82,3,233.97859518234281,18.222251917871848,18.12919421240648,70.86867589381804,35.1928705636875,23.64522722199628,10.33958047570259,10.115367987554286,0,0,0,3
82,4,176.67150867046036,18.106956262504866,18.178953264949342,65.6953357030796,31.270173857682444,23.32238063821515,10.067392113287829,10.33958047570259,1,0,0,4
82,5,127.32696592164868,18.127662527098142,18.232451685594015,61.06302342657061,30.15330021258947,27.44496491791611,9.028499455873993,10.067392113287829,2,0,0,5
82,6,88.26924546897251,18.149185289636506,18.072818061273477,57.3974330778762,34.74781961003898,28.221122897214283,7.751821408302924,9.028499455873993,3,0,0,6
82,7,68.24605047711987,17.270754421531347,17.278282640368186,54.30448451665313,36.15028577098298,30.0,5.654962845840851,7.751821408302924,4,1,1,7
82,8,33.059211902794615,18.714918883375624,18.5008722213042,51.33071248776061,38.70089371914127,28.111483898122447,4.398354821790655,5.654962845840851,5,1,1,8
82,9,14.583798162733727,20.283940895114515,20.266700152778466,62.50726574051561,33.08234978158966,29.00961273371587,3.079235623343481,4.398354821790655,5,1,1,9
83,0,262.4078586358684,21.0,21.0,40.0,30.29744152613354,20.98275176836561,4.247883074612051,2.888479401241957,0,0,0,0
83,1,243.1214825989934,20.746181152862757,22.019655035367315,49.23043479300985,30.29744152613354,20.98275176836561,4.247883074612051,4.247883074612051,0,0,0,1
83,2,243.1214825989934,19.633637983665622,19.284429777032855,57.458463284257284,22.034785744944717,23.67648365087439,4.807940176849033,4.247883074612051,0,0,0,2
83,3,240.06921641359895,18.3229033634778,18.21829955783472,67.85731806731748,30.67995391883464,27.09146154261088,5.601271316312742,4.807940176849033,0,0,0,3
83,4,227.68451716008786,18.17483805562218,18.243580965772736,78.68456050368275,30.15134686869589,30.0,5.779412730689313,5.601271316312742,0,0,0,4
83,5,197.29208714759767,18.163613416600167,18.15,74.6343236894495,30.83201769870422,30.0,5.805637585810726,5.779412730689313,1,0,0,5
83,6,166.81683603623867,18.14005330251496,18.034735991281117,71.12588228900569,34.9699377400764,28.87205447968017,6.0759748517792485,5.805637585810726,2,0,0,6
83,7,136.26359348039261,17.89308841605383,17.96526400871888,67.37392094189156,32.4891036271437,30.0,6.152671514563528,6.0759748517792485,3,1,1,7
83,8,88.1875069304466,19.32879960211757,19.118137350560445,64.87500710571001,39.45047868788029,30.0,6.009510818743253,6.152671514563528,4,1,1,8
83,9,38.926713066000005,20.100429508706785,20.09799067831857,60.50929124187101,31.18061580238675,27.898740509618836,6.157599233055826,6.009510818743253,5,1,1,9
84,0,271.4146265380326,21.0,21.0,40.0,33.42525817019494,23.205074348317183,4.847267611431168,5.258178004627418,0,0,0,0
84,1,271.4146265380326,19.2685051634039,19.064101486966344,50.19345985333218,33.42525817019494,23.205074348317183,4.847267611431168,4.847267611431168,0,0,0,1
84,2,267.0991949433421,18.095828225246034,18.12845204491609,61.374133907748444,35.35192434812153,26.762931509746625,4.457872366427597,4.847267611431168,0,0,0,2
84,3,252.88149774322602,18.161583665950012,18.16546475090816,72.79824371388847,35.93110764562279,27.53616905515513,5.3829205372674505,4.457872366427597,0,0,0,3
84,4,216.56355304707262,18.1707182094422,18.23468681552187,69.53361520545565,35.196508286484296,30.0,6.460289319104372,5.3829205372674505,1,0,0,4
84,5,183.3843585711727,18.15841591065692,18.15,66.3447298929351,35.61730381933035,30.0,6.447826571648151,6.460289319104372,2,0,0,5
84,6,149.97321808264607,18.080947004757615,18.043120904481313,63.24114753318962,36.799908972835375,29.291300139689685,6.784443324934822,6.447826571648151,3,0,0,6
84,7,118.92699130062458,17.84464059269049,17.883480524660694,58.721963459980316,31.896683691736225,26.330071457100964,6.251109411909503,6.784443324934822,4,1,1,7
84,8,82.03001557082861,19.875673901212075,19.65798597335085,69.45842951087735,34.97441551480144,24.672618101293164,6.149495954965994,6.251109411909503,4,1,1,8
84,9,48.19990468897418,21.331892485725668,21.309416510793298,80.67625726521308,33.355191483200976,28.966073818664164,5.638351813642405,6.149495954965994,4,1,1,9
85,0,254.037627627613,21.0,21.0,40.0,32.71446738656055,22.068956455189312,5.913198822623208,2.419124038747968,0,0,0,0
85,1,227.80948220935932,20.78848909058005,21.9427050983125,49.86101629151497,32.71446738656055,22.068956455189312,5.913198822623208,5.913198822623208,0,0,0,1
85,2,227.80948220935932,19.910295945879863,19.280572210810085,60.82484854131957,37.541562901541525,23.36861626403956,7.613413010358632,5.913198822623208,0,0,0,2
85,3,227.4633568625427,18.248916568499375,18.145008103443196,72.18797840889226,40.0094778280926,23.119021436200143,7.694488460032919,7.613413010358632,0,0,0,3
85,4,186.7204195226715,18.10676519950956,18.250892842295343,68.43264711345965,36.07722797232219,26.39315371971887,7.316933131509027,7.694488460032919,1,0,0,4
85,5,150.34069345607884,18.134150362405688,18.116777177236546,64.23566367480714,35.28474609260663,24.73201258154608,6.938339580497287,7.316933131509027,2,0,0,5
85,6,120.53621308746,18.045340535093885,18.162654650056595,60.87932867213365,34.68702776292505,30.0,5.857315489111903,6.938339580497287,3,0,0,6
85,7,93.8112139516301,17.929733533151968,17.942705098312484,57.40624958301552,34.03844950489925,30.0,5.432944223,5.857315489111903,4,1,1,7
85,8,62.640177309977034,19.92571783135431,19.83335674769741,69.00247610999423,34.42348070543724,30.0,5.195172773608842,5.432944223,4,1,1,8
85,9,33.155563881376345,21.52483385719868,21.412732624809326,81.06076212737206,36.99047787432122,30.0,4.914102238100115,5.195172773608842,4,1,1,9
86,0,138.9547822402117,21.0,21.0,40.0,28.11959436668013,18.532111711560244,3.1314226891323096,6.118588394934509,0,0,0,0
86,1,138.9547822402117,19.162391887333605,18.970642234231207,48.39730709408327,28.11959436668013,18.532111711560244,3.1314226891323096,3.1314226891323096,0,0,0,1
86,2,135.37347266508394,18.01274247337966,18.066223834705323,56.474002730556286,25.89197295128752,18.97855836245149,2.658266097458461,3.1314226891323096,0,0,0,2
86,3,127.20518305652817,18.156729149441542,18.19539923587898,65.01985383491424,26.228430423365204,21.24852015640127,2.620620254150414,2.658266097458461,0,0,0,3
86,4,120.62115840505491,18.181448538481877,18.2252679844315,73.88877010624319,26.030347516210725,23.24140954672781,2.613791426700345,2.620620254150414,0,0,0,4
86,5,108.66192836169319,18.26157153526877,18.273566437514784,69.8739281326241,31.608924279649404,29.419731422466786,2.1890883580596587,2.613791426700345,1,0,0,5
86,6,92.52160514363709,18.186927968081037,18.05620242917888,67.015951503969,38.09057759932536,29.365107797035236,3.353908304794323,2.1890883580596587,2,0,0,6
86,7,60.11552973195488,19.618379161420155,19.47172260791477,64.48881944055327,39.29371075880148,30.0,4.050759426460276,3.353908304794323,3,0,0,7
86,8,50.82883513771608,17.77304184126308,17.84999999999999,61.26906394850543,35.44580282195648,30.0,3.955784491410399,4.050759426460276,4,1,1,8
86,9,23.832725701514534,18.82199277996772,18.81886446446177,56.758832003764695,28.63926629506424,29.63722290082053,3.374513679525193,3.955784491410399,5,1,1,9
87,0,111.68464359138444,21.0,21.0,40.0,28.89998725413445,17.394499605093863,5.585876845274029,6.115968445105075,0,0,0,0
87,1,111.68464359138444,19.17799974508269,18.947889992101878,48.333007634661094,28.89998725413445,17.394499605093863,5.585876845274029,5.585876845274029,0,0,0,1
87,2,104.43770242647891,18.069383466349787,18.120285075278286,57.34172391359977,29.504415487248508,20.544008284633048,5.325463386587771,5.585876845274029,0,0,0,2
87,3,91.58967983717943,18.15378233783827,18.170422695065,66.56828548866812,29.693532379162782,21.56514303788363,4.409460844345565,5.325463386587771,0,0,0,3
87,4,82.9331593404872,18.115692381564035,18.26665571642817,75.8985964064171,26.20764162611661,25.627419028044372,3.5068617661006662,4.409460844345565,0,0,0,4
87,5,64.79147914199862,18.123158874804954,18.0930069072468,69.47439936263187,24.865585366364343,22.777764390384416,3.338687963685441,3.5068617661006662,1,0,0,5
87,6,47.46091076873393,18.079776986998127,18.071890223423942,63.38389898226998,25.98968963189492,23.507530477205744,3.2289934424849176,3.338687963685441,2,0,0,6
87,7,34.45678315437483,18.017301236780952,17.940144947149385,57.94172248765642,29.719496555318408,23.37952291905067,2.4659129082677875,3.2289934424849176,3,0,1,7
87,8,25.466203834375058,17.219776087876845,19.140460559475155,53.91719777304888,33.20830094916067,27.766561747464124,1.500023003283221,2.4659129082677875,4,1,1,8
87,9,16.318619523860836,20.151412650586067,19.56402362333275,64.50689916439174,29.695429342520125,29.13624505382905,1.5245973850857035,1.500023003283221,4,1,1,9
88,0,227.59430694176532,21.0,21.0,40.0,33.9930016225108,23.28203541412352,6.497727972973101,5.696390751651309,0,0,0,0
88,1,227.59430694176532,19.279860032450216,19.065640708282473,50.309506666594174,33.9930016225108,23.28203541412352,6.497727972973101,6.497727972973101,0,0,0,1
88,2,221.21416509339443,17.968645750924615,18.139975444864813,60.56529586491822,29.56054408436665,27.41606257298917,6.761858263957461,6.497727972973101,0,1,0,2
88,3,190.37485086128325,19.711275626547177,18.12725285271867,70.06007839649496,26.470086633169405,26.27870520892363,6.897318008279126,6.761858263957461,0,1,0,3
88,4,148.51100035177512,19.829918913485507,18.224427883470277,65.96871925590798,32.37397077888328,28.22958955118908,6.974762906002781,6.897318008279126,1,1,0,4
88,5,108.24345184022474,20.07163068264969,18.1064157641086,61.46542587398393,32.26465901046929,26.05037775661933,7.092574517,6.974762906002781,2,1,0,5
88,6,60.88230860679214,20.07483083599207,20.27521427904814,56.79749293411609,29.474608636600063,27.925763919689707,6.197645696083647,7.092574517,3,1,0,6
88,7,34.90227890188845,21.42175573278546,18.181189747753578,52.619945057517015,34.57364081232357,25.551093206570474,5.196005940980736,6.197645696083647,4,1,0,7
88,8,20.458093439027348,21.053490876683185,19.781770079840882,63.558168908460296,31.2772604941457,29.490649788872524,3.809279738899316,5.196005940980736,4,1,0,8
88,9,3.796794579617797,21.037494474635736,20.017460362425798,59.527607838896984,32.25451310193657,28.686814289378347,2.498019401498973,3.809279738899316,5,1,0,9
89,0,258.86491301366925,21.0,21.0,40.0,25.451274024758565,22.90210619952161,4.661039615902083,2.9972505039013466,0,0,0,0
89,1,237.3452208798508,20.8812616678068,21.90273561485611,48.70360844037043,25.451274024758565,22.90210619952161,4.661039615902083,4.661039615902083,0,0,0,1
89,2,237.3452208798508,19.758272683217065,19.32759857447055,58.29476353961411,29.74789561369203,23.536299382106197,6.375820927301481,4.661039615902083,0,0,0,2
89,3,214.6989940312515,19.870354055500663,19.351857259224495,68.06704119351122,32.70464430430528,21.585787106234186,7.201787180292011,6.375820927301481,0,0,0,3
89,4,214.6989940312515,18.28219965606798,18.31160082060713,78.0426420646887,30.863699278529857,24.556305561345123,7.598575859664281,7.201787180292011,0,0,0,4
89,5,172.45957103294728,18.18596105891057,18.1760194679106,73.57606767725679,32.661752224058645,25.857278956875135,8.167306144436386,7.598575859664281,1,0,0,5
89,6,132.89028850636464,17.9421279936162,18.012959259940573,67.67397034146055,26.90340682049278,23.64049686952814,7.884798333766904,8.167306144436386,2,1,0,6
89,7,84.81020548880134,19.26862214161765,18.013493606741438,62.38588415713984,26.775154462798177,27.179922290975707,7.114516377554699,7.884798333766904,3,1,0,7
89,8,49.10335087826678,19.530241717201175,17.906401554180487,57.72556846836662,27.442690617926555,30.0,6.002690450417221,7.114516377554699,4,1,1,8
89,9,19.155261056556117,20.101135703042743,20.530917409480896,67.84592775251262,29.546367684329223,26.67785056092639,4.9913483036184445,6.002690450417221,4,1,1,9
90,0,215.66904091201513,21.0,21.0,40.0,28.98970170703149,22.45824879712918,4.602837564512955,5.999467881936184,0,0,0,0
90,1,215.66904091201513,19.17979403414063,19.049164975942585,49.26063109074892,28.98970170703149,22.45824879712918,4.602837564512955,4.602837564512955,0,0,0,1
90,2,211.10122667307843,18.071353396404508,18.078779183951543,58.84114717432724,29.69262644288172,23.53246291033116,3.920945036,4.602837564512955,0,0,0,2
90,3,201.4227107174015,18.14010513808646,18.183145429080923,68.63091836241225,29.19788334720543,25.18973436437796,3.353854236427508,3.920945036,0,0,0,3
90,4,192.27516296304063,18.17698088135805,18.253190807658232,78.95485121239454,28.776417583859995,28.57876491604169,3.8008164152501633,3.353854236427508,0,0,0,4
90,5,171.5910989870689,18.162230056749404,18.17842470167917,74.64467688823399,29.38792042133023,30.0,3.917190322985927,3.8008164152501633,1,0,0,5
90,6,152.52194779666652,18.1987373238324,18.005415981313835,71.14057408001429,36.46004152857455,27.406053981315985,3.7984524976281984,3.917190322985927,2,0,0,6
90,7,130.86359169711645,17.875499825972064,17.917896517570853,66.80834659405615,33.09977791155359,26.16562494423448,4.385223467890149,3.7984524976281984,3,1,1,7
90,8,88.68346415287155,19.142308808138026,19.003890834508695,62.12894122555427,31.810792574570463,25.525844267085763,5.272515943030613,4.385223467890149,4,1,1,8
90,9,39.60792109474796,20.01897163082483,19.96497699408251,58.26895351390657,33.332479299534256,28.55647785797851,6.134442882265449,5.272515943030613,5,1,1,9
91,0,123.75602641259204,21.0,21.0,40.0,34.971743829866924,22.02957570915735,4.008022018649581,5.627254834601294,0,0,0,0
91,1,123.75602641259204,19.29943487659734,19.04059151418315,50.260237517024365,34.971743829866924,22.02957570915735,4.008022018649581,4.008022018649581,0,0,0,1
91,2,120.95842871441367,17.939603090423372,18.13005153220374,60.11605840731774,29.087153266660543,25.66740723496929,2.932646486745111,4.008022018649581,0,1,0,2
91,3,111.346455960851,19.865622126087253,18.131954021123004,70.8595163012736,34.920768897524106,24.765108291119624,2.123451594503272,2.932646486745111,0,1,0,3
91,4,100.73597728322667,19.905430687146282,18.18234823594083,66.35447699252228,33.693326916690914,24.61201025691284,1.7867440796677885,2.123451594503272,1,1,0,4
91,5,87.78044262630856,20.00714427296987,18.118594883706713,60.75260203466807,29.170051347450265,23.041754442248557,2.266105754392947,1.7867440796677885,2,1,0,5
91,6,64.86991563300653,20.009682331198405,20.34031276925371,55.02868116584307,26.81910595417078,24.714666996801395,2.9349313142023394,2.266105754392947,3,1,0,6
91,7,42.71185345075153,21.28325186615819,19.606785161796257,49.985863004851055,26.6727203466978,28.6449565366799,3.471267147120351,2.9349313142023394,4,1,0,7
91,8,19.0621906669859,21.237556912231284,19.952552975120668,46.64810941779337,34.790257849679534,30.0,3.749236389605119,3.471267147120351,5,1,0,8
91,9,7.161754443438425,22.00285368078351,19.23424151602969,58.81076787118609,37.637996017710336,29.932328723360296,3.9668120745158246,3.749236389605119,5,0,0,9
92,0,202.4793848678895,21.0,21.0,40.0,27.065947488318407,17.376935257325343,6.102571632378794,2.12326619575354,0,0,0,0
92,1,171.6597424209476,21.218283109473067,21.920845857851816,47.999718894215874,27.065947488318407,17.376935257325343,6.102571632378794,6.102571632378794,0,0,0,1
92,2,171.6597424209476,19.865172912794833,19.395136279132053,56.284248755851024,29.494278177715454,16.530887720257606,8.434462045118662,6.102571632378794,0,0,0,2
92,3,169.61612195673388,18.12027164366044,18.238090730962618,65.09403998909401,28.00786036073844,20.935424268389266,8.861088397779568,8.434462045118662,0,0,0,3
92,4,148.95391010454787,18.25819870007686,18.240860700242113,75.05798228595853,31.6472855333335,23.70794944924712,8.318059209088986,8.861088397779568,0,0,0,4
92,5,114.86145909738347,18.051171058577932,18.21340421395234,69.70310203559552,26.705838462230226,26.878160146864204,6.483510991498598,8.318059209088986,1,0,0,5
92,6,90.15656991603767,18.17754511145637,17.955084557731148,64.51058057754489,32.71834895067292,21.76764294904577,4.746566005623345,6.483510991498598,2,0,1,6
92,7,65.51632640648558,17.853763304809696,19.246613362445085,58.297109716595784,28.2712592755334,20.542791496971606,3.779573363942356,4.746566005623345,3,1,1,7
92,8,40.99873155371169,19.907843746680193,19.275296344791176,52.363627765449664,30.552081972887542,19.81746274296733,3.0646993565967358,3.779573363942356,4,1,1,8
92,9,22.966474237723272,21.00380281586245,21.054331261832846,61.17209149341395,27.948849164808426,20.987060434993165,3.005376219331403,3.0646993565967358,4,1,1,9
93,0,91.15963916122341,21.0,21.0,40.0,28.27672314685522,22.63261691160744,3.143835890702841,7.072668928105348,0,0,0,0
93,1,91.15963916122341,19.165534462937106,19.05265233823215,49.16368121052328,28.27672314685522,22.63261691160744,3.143835890702841,3.143835890702841,0,0,0,1
93,2,90.6363258570508,17.983819239518127,18.028977123673236,57.4112214593938,24.6029400383865,21.2167280108942,0.4414487975717424,3.143835890702841,0,1,0,2
93,3,90.6363258570508,19.611935120802944,19.520118690400636,65.5647469880007,24.6054086528025,20.69195539501366,0.0,0.4414487975717424,0,1,0,3
93,4,85.83407099127659,20.4342247343839,20.5338106791518,59.23873806944826,22.293394279507464,25.89544506186779,0.6002818582217777,0.0,1,1,0,4
93,5,66.80381757385436,21.582686858809797,21.180686770169785,54.22977443888368,29.47139663455322,26.034360973421364,2.4725479884394037,0.6002818582217777,2,1,0,5
93,6,47.855597175484405,22.391114733342295,19.37770005055406,48.96578109921623,30.394830679874104,23.694095210862294,3.789644079673992,2.4725479884394037,3,0,0,6
93,7,32.49463865812787,19.219322915506364,20.208054639219863,44.6105144825429,34.74867933497493,24.388728350173245,4.306063195587853,3.789644079673992,4,0,0,7
93,8,32.49463865812787,18.641150413809374,18.166364569571144,54.84769937006037,32.890782865653094,23.98246650944396,4.552591167102747,4.306063195587853,4,0,0,8
93,9,25.53370631097391,17.825169781338243,17.878702575822953,65.75711901127801,33.41978176381356,27.18810513184,4.489877429685743,4.552591167102747,4,1,1,9
94,0,373.77750912531144,21.0,21.0,40.0,29.554693354139125,18.02535461582833,7.406259817,4.270221716340168,0,0,0,0
94,1,363.6049939076236,20.07829629141482,19.44680701181782,48.564408634594145,29.554693354139125,18.02535461582833,7.406259817,7.406259817,0,0,0,1
94,2,362.9258635145884,18.06620070580214,18.11525852813939,57.730642144286875,29.99998355987032,20.923535938422617,8.958786726692955,7.406259817,0,0,0,2
94,3,336.27950246426064,18.128824504235755,18.213574254837898,67.27846448564271,28.9412087716588,24.102248680318056,9.176924472210986,8.958786726692955,0,0,0,3
94,4,312.32106787940404,18.23392218735664,18.17721738762526,77.18915946258642,31.36680830824302,23.692608230333143,9.91500224494334,9.176924472210986,0,0,0,4
94,5,257.1160643883186,17.992826798956784,18.151413147006053,70.69801395319566,23.508148256082208,23.76326558063576,10.331484250390202,9.91500224494334,1,1,0,5
94,6,190.4340111091122,19.408798150779415,18.030609436632492,64.41615257821366,26.005111144437336,22.42899232788485,9.892144764797736,10.331484250390202,2,1,0,6
94,7,135.64364689975332,19.74427605821822,17.96995763164478,58.74373667145582,28.028292634620712,23.791618994502397,9.291292255373246,9.892144764797736,3,1,1,7
94,8,72.57625997655117,19.64633437360569,20.077523268981132,52.70447079722216,27.41859394204349,22.36326231221393,7.883423365400269,9.291292255373246,4,1,1,8
94,9,33.862637847037476,21.45482447215165,21.166944630931674,62.20583758964352,30.355764849687365,22.42960621932021,6.452270354918949,7.883423365400269,4,1,1,9
95,0,195.60480021450317,21.0,21.0,40.0,32.571571039308665,22.40559973019679,5.367180878111128,7.515389393,0,0,0,0
95,1,195.60480021450317,19.251431420786176,19.048111994603936,49.895890738510985,32.571571039308665,22.40559973019679,5.367180878111128,5.367180878111128,0,0,0,1
95,2,192.30119700105635,18.03705780717118,18.031682827261946,59.37913895654508,31.559716313492576,21.124996008919044,3.204682637650718,5.367180878111128,0,0,0,2
95,3,182.83983128941472,18.0535043240929,18.21555890110413,68.58395620135263,26.734932518137946,24.40294106412629,3.185806586,3.204682637650718,0,0,0,3
95,4,173.32074698790987,18.18213919978815,18.180147510541154,77.71197029987451,26.571382676297155,24.13980675993552,3.776671326838233,3.185806586,0,0,0,4
95,5,149.7352862866547,18.186436637971617,18.102594115162947,71.7412611766075,28.393214574878197,21.76951251808285,4.308391272,3.776671326838233,1,0,0,5
95,6,127.758078980699,18.083577246964932,18.03994953344322,65.85098484663857,29.70733183874901,20.90224410586804,4.185172068648779,4.308391272,2,0,0,6
95,7,106.53915174997545,17.95428408782039,17.920605566667884,59.8660236374394,30.286281314144414,19.79726752363799,4.021299507924048,4.185172068648779,3,1,1,7
95,8,73.11708604817153,19.171248063611433,18.916283773161616,53.998512197417085,31.99471994760506,18.741327607826527,4.1777582127254895,4.021299507924048,4,1,1,8
95,9,45.02173655898723,20.60264018186968,20.421113729495445,62.37198129146621,29.710029860088312,16.80924288462907,4.682558248197385,4.1777582127254895,4,1,1,9
96,0,194.65399425330213,21.0,21.0,40.0,30.951060259904587,16.20258696163729,4.098079703346385,3.1145352940634696,0,0,0,0
96,1,188.8684168367806,20.08703831352243,19.467812301263912,48.48765649987754,30.951060259904587,16.20258696163729,4.098079703346385,4.098079703346385,0,0,0,1
96,2,188.49247663438064,18.11807719942638,18.085007749969954,57.53938859382839,32.69917114618926,17.58822937575991,4.508671965013072,4.098079703346385,0,0,0,2
96,3,177.71676721910816,18.086253657642605,18.240572748933236,66.832558346962,29.51185402832009,22.116866822422164,3.719756460272961,4.508671965013072,0,0,0,3
96,4,167.90830761305068,18.11621346255029,18.16316481930244,75.30274909752096,26.05201732458676,21.00459795629633,3.989299819349728,3.719756460272961,0,0,0,4
96,5,141.24522526322068,18.219315300289047,18.22537178266054,70.07512359462623,29.51778233903909,24.77318708932355,4.742618555000527,3.989299819349728,1,0,0,5
96,6,112.66002426314401,18.102919671621038,18.057343121953238,65.25855500352473,31.799020835715226,24.775598102609774,5.684578934815219,4.742618555000527,2,0,0,6
96,7,82.73656023889555,17.990492261194515,17.928988662584622,60.74862295681078,34.18837897981699,24.08977631621657,5.839555206841875,5.684578934815219,3,1,1,7
96,8,41.352859791987996,19.18069189643876,19.023483865521275,55.569717562215345,31.67229611085739,22.889340585834667,5.172962555863445,5.839555206841875,4,1,1,8
96,9,17.641169090777588,20.64497451830199,20.65007588878183,65.44003932371817,28.469086418503974,26.36603447873395,3.9519484502017344,5.172962555863445,4,1,1,9
97,0,50.98379828234953,21.0,21.0,40.0,25.74624457539805,23.994707833016637,2.946959183963936,4.984230543366618,0,0,0,0
97,1,50.98379828234953,19.11492489150796,19.079894156660334,48.95337143351465,25.74624457539805,23.994707833016637,2.946959183963936,2.946959183963936,0,0,0,1
97,2,48.80667780287947,18.08732112401617,18.049394610460126,58.10587624694095,27.24755569183167,23.5996932716478,1.7702414440419505,2.946959183963936,0,0,0,2
97,3,45.74696063664826,18.130810830105588,18.181213248318578,67.36659776618497,26.28809719711157,25.1603556875774,1.0388046760441996,1.7702414440419505,0,0,0,3
97,4,36.39774429351037,18.620374175940103,19.231446478221073,62.52222004465327,31.125578401785297,25.294545367483057,1.2882701286356366,1.0388046760441996,1,0,0,4
97,5,26.481299675371975,20.385690406357504,20.010229290417445,58.71705824729756,35.900258416517154,26.29328715372887,1.239555577267299,1.2882701286356366,2,0,0,5
97,6,17.219546278109892,20.289043285725363,21.379167079870882,53.693881040159766,28.19259084712164,27.2342024465573,1.322475339,1.239555577267299,3,0,0,6
97,7,11.930957833232737,19.925303217888775,20.8389636661625,49.122738649199206,27.938097827996906,30.0,1.053775430402632,1.322475339,4,0,0,7
97,8,1.3965290338027057,20.081176120486987,21.1580157129497,44.795211876042664,29.896512284109445,29.39500564279867,1.6009499941790766,1.053775430402632,5,0,0,8
97,9,0.7392980170845094,19.437088272414787,19.0738173132038,55.83880349777293,31.353286787390346,30.0,1.8567033471551009,1.6009499941790766,5,0,0,9
98,0,288.67802354098797,21.0,21.0,40.0,32.36557186423817,17.598937635510342,5.544229310768006,5.539910512101999,0,0,0,0
98,1,288.67802354098797,19.247311437284765,18.951978752710207,48.993611709954735,32.36557186423817,17.598937635510342,5.544229310768006,5.544229310768006,0,0,0,1
98,2,282.03385722724323,18.13509485949844,18.15575059833949,59.573524310075825,36.255569754784936,22.52172246811,5.4400243317361925,5.544229310768006,0,0,0,2
98,3,265.88342956783674,18.148969159357218,18.237604599098006,70.93260073629412,36.20402772264635,26.90195242301085,6.098865858018704,5.4400243317361925,0,0,0,3
98,4,226.9706815359706,18.208521653713206,18.209998439311168,67.72097446048238,37.35960057705839,28.131364557320808,6.979396639310782,6.098865858018704,1,0,0,4
98,5,194.08531893620628,18.06409580069842,18.0908579863679,63.203932268267565,33.06439061197947,25.174263875715987,6.412774146430532,6.979396639310782,2,0,0,5
98,6,166.19086826685313,18.010346068777707,18.058454998527008,58.2747914514199,30.71694896648893,25.2322687176907,5.3536530570623695,6.412774146430532,3,0,0,6
98,7,146.10708351123196,17.2614418398089,17.254369524851608,53.61926114689234,31.65378604131045,25.815490044647596,5.258781572135456,5.3536530570623695,4,1,1,7
98,8,98.51586106195359,18.628287739065684,18.39723028396618,49.20215953080431,35.2264186949781,23.567461215643934,5.948902806159799,5.258781572135456,5,1,1,8
98,9,57.405261938053854,20.22057099248474,20.140788725713808,60.21639277765783,34.322579934890555,26.86760476985126,6.851766520649955,5.948902806159799,5,1,1,9
99,0,248.28358770178755,21.0,21.0,40.0,30.8160831342532,21.123359991682484,5.025377196,4.810805480371773,0,0,0,0
99,1,248.28358770178755,19.216321662685065,19.022467199833653,49.34909976266842,30.8160831342532,21.123359991682484,5.025377196,5.025377196,0,0,0,1
99,2,242.890145228431,18.052057286759666,18.104867304286458,59.07921261437672,30.55420238786085,23.50198012162969,4.705083320026059,5.025377196,0,0,0,2
99,3,231.91532409207213,18.210608876177115,18.204424175851425,69.84462293434213,33.584646196717216,26.223188914201728,3.833256217835444,4.705083320026059,0,0,0,3
99,4,224.0559235351815,18.130602237526823,18.226430324091556,80.48594276962378,30.84424824181074,28.27419528753179,3.547103092373995,3.833256217835444,0,0,0,4
99,5,202.96992039171798,18.170364456205018,18.1438293785499,76.25500711769973,31.86247105206172,27.96566421502689,3.9703320314328834,3.547103092373995,1,0,0,5
99,6,180.11520583880863,18.046236980745043,18.024150004484305,71.62624610246453,31.30957500493805,26.30841935486638,4.5389409740231255,3.9703320314328834,2,0,0,6
99,7,149.44711054595126,17.892488928536025,18.003398383971206,67.09177913016971,28.798766516115133,29.343083637802536,5.915580434433794,4.5389409740231255,3,1,0,7
99,8,100.41699326885242,19.226671255427853,17.8282613534125,63.155510399233194,33.209022408591885,28.25615130842749,7.281065810187256,5.915580434433794,4,1,1,8
99,9,42.222127580927186,19.31503617657242,19.56453536465261,58.19539190827632,32.13915431045234,23.637965184231728,7.274358210990655,7.281065810187256,5,1,1,9
