day,hour,cost_to_go,T1,T2,H,Occ1,Occ2,price_t,price_previous,vent_counter,low_override_r1,low_override_r2,current_time
0,0,41.774284769842,21.0,21.0,40.0,32.969097664154,15.4710408718597,3.48812593193225,0.0,0,0,0,0
0,1,41.774284769842,19.259381953283082,18.909420817437194,48.71922493648246,32.969097664154,15.4710408718597,3.48812593193225,3.48812593193225,0,0,0,1
0,2,41.774284769842,17.56274080967607,17.374090213668598,58.35209347337499,34.098941577065816,19.416994739003783,2.237250383112821,3.48812593193225,0,1,1,2
0,3,32.90142124446635,18.572911408778356,18.37237404525661,53.14002304022256,33.61700679934285,20.76037968314361,1.1091079406719566,2.237250383112821,1,1,1,3
0,4,28.66538222314657,19.696905976644892,19.54471425928213,48.98910121625781,35.44515142724666,24.827505106282526,0.5295048776649726,1.1091079406719566,2,1,1,4
0,5,24.281362342612695,20.828669071430877,20.824262962084063,45.23967383725861,32.503181227782214,30.0,0.5480024850667341,0.5295048776649726,3,1,1,5
0,6,22.0153920681864,21.9480547643662,21.93916266876653,41.03588126398217,30.24481328432489,29.73411686413934,0.2832462843032866,0.5480024850667341,4,1,1,6
0,7,13.880514798588994,22.782462438742265,22.886857944342808,35.80461173374795,24.59216549300006,29.67855933903202,1.016859658699676,0.2832462843032866,5,0,0,7
0,8,5.17407018455487,23.47342290837599,20.437016849714777,30.00838268395104,25.69321559175705,25.438845242704595,1.7412889228068242,1.016859658699676,6,0,0,8
0,9,0.0,19.102640584355196,19.87292352392543,24.382589387566178,29.555435016300837,22.523491114894377,2.587035092277435,1.7412889228068242,7,0,0,9
1,0,107.6066292324946,21.0,21.0,40.0,25.7342414983848,16.144992366405123,3.0877237926443666,0.0,0,0,0,0
1,1,107.6066292324946,19.114684829967697,18.922899847328104,47.53826209566218,25.7342414983848,16.144992366405123,3.0877237926443666,3.0877237926443666,0,0,0,1
1,2,107.6066292324946,17.302330971862702,17.296435778180683,55.19141872958136,22.844535639400757,19.67300121570576,1.9380198740122785,3.0877237926443666,0,1,1,2
1,3,95.92069363188592,18.34789028395751,18.206084328359292,49.195871334705856,28.60173119013869,21.42300550499739,1.4607419500760848,1.9380198740122785,1,1,1,3
1,4,82.4852684541516,19.307725397590428,19.333470416990092,42.810747536539736,24.350130853755847,23.510292489765718,1.679428147216791,1.4607419500760848,2,1,1,4
1,5,61.17209756395887,20.624641522020063,20.369179012282594,37.992754477536714,34.47682771181968,22.089877515941293,2.66414636127409,1.679428147216791,3,1,1,5
1,6,34.55944858611513,21.653157068696057,21.51795996204609,32.682861426364525,32.21286023602414,21.62106725746368,3.326581122230468,2.66414636127409,4,1,1,6
1,7,0.0,22.689840869241852,22.427761246654455,28.286540750795183,37.02063365464495,21.88869592552539,4.319931073264391,3.326581122230468,5,0,0,7
1,8,0.0,21.071615919034365,20.857264070535784,38.525191748541694,35.76509059783254,21.116303834092516,5.473906504024445,4.319931073264391,5,0,0,8
1,9,0.0,19.550080032151044,19.28723358949195,50.10577819743516,40.34709562158727,23.989495761154217,5.904224431669166,5.473906504024445,5,0,0,9
2,0,54.07702329001454,21.0,21.0,40.0,27.721293233033787,22.818338600598924,2.160487259115344,0.0,0,0,0,0
2,1,54.07702329001454,19.154425864660677,19.05636677201198,49.09713373005388,27.721293233033787,22.818338600598924,2.160487259115344,2.160487259115344,0,0,0,1
2,2,54.07702329001454,17.465241147270408,17.4829168738033,58.49182733229344,26.389921148875032,25.80282108578918,0.7137980780762005,2.160487259115344,0,1,1,2
2,3,45.059228049737605,18.48276864088928,18.407127418149585,52.689503662570885,27.307563536933053,23.790638297941637,1.127224405034616,0.7137980780762005,1,1,1,3
2,4,37.2747526342482,19.575627900654723,19.47022912963293,47.22536708732025,29.69078795928531,23.286231067100054,0.9730594269361756,1.127224405034616,2,1,1,4
2,5,26.755567360428103,20.656278905746337,20.56175012807189,41.14749467672955,27.937397972883996,21.629977523834345,1.3148981592275122,0.9730594269361756,3,1,1,5
2,6,17.801267325871247,21.75593900157819,21.629313241387223,35.94872968949066,31.100262650557788,23.35104297589282,1.119287504319607,1.3148981592275122,4,1,1,6
2,7,12.725920918260538,22.547726883505604,22.53030774131115,29.461806375196858,25.032606994366216,22.26226348177931,0.6344183009513386,1.119287504319607,5,0,0,7
2,8,5.049519248309101,23.204526313497144,23.12815643858324,23.255178913279863,26.46592526731451,22.386144388702185,0.9595502087439296,0.6344183009513386,6,0,0,8
2,9,0.0,20.564165116798335,20.44682056466786,16.3280115242492,25.930922895586534,18.918147165354213,2.5247596241545507,0.9595502087439296,7,0,0,9
3,0,107.56771549326888,21.0,21.0,40.0,32.26903443186937,16.978933102062314,3.585774298766909,0.0,0,0,0,0
3,1,107.56771549326888,19.24538068863739,18.93957866204125,48.864634156107705,32.26903443186937,16.978933102062314,3.585774298766909,3.585774298766909,0,0,0,1
3,2,107.56771549326888,17.5616743986562,17.420512610182083,58.77483826478002,33.350904657636065,21.70578483498792,2.587347300506578,3.585774298766909,0,1,1,2
3,3,89.97916893729507,18.540563436160017,18.47787910299573,53.853798115216335,30.62293243831953,25.37128895299335,2.1985683194967263,2.587347300506578,1,1,1,3
3,4,73.628039774781,19.71804103108651,19.591672917762537,49.723147318071454,33.82197200642916,26.56330134276599,2.043891145314259,2.1985683194967263,2,1,1,4
3,5,59.87834600877473,20.928425665089687,20.851031592293154,46.56088787921501,35.765225339686424,30.0,1.7187117207507852,2.043891145314259,3,1,1,5
3,6,40.84509673318669,22.029819098553823,21.971562606590947,42.35971944071693,32.03362218255116,27.959886492459493,2.379156159448504,1.7187117207507852,4,0,1,6
3,7,25.682902180670908,19.96615942475455,22.859616530587548,37.61181945749844,31.57855164606743,25.377559558274285,3.032438910503157,2.379156159448504,5,0,0,7
3,8,25.682902180670908,20.50770874390809,19.461362211516022,48.775981048419766,35.46929499083572,26.55382495872718,3.450322844313641,3.032438910503157,5,0,0,8
3,9,17.656445967493223,17.958782512297923,17.902853125389623,44.49606348015258,31.929797814504514,27.62621569512222,3.5145769360620824,3.450322844313641,6,1,1,9
4,0,163.85459616137064,21.0,21.0,40.0,31.365327650566044,22.007154082152155,6.196280805323791,0.0,0,0,0,0
4,1,163.85459616137064,19.22730655301132,19.040143081643045,49.607046711889275,31.365327650566044,22.007154082152155,6.196280805323791,6.196280805323791,0,0,0,1
4,2,163.85459616137064,17.582244547932362,17.491791035446393,59.675716691222405,31.633591567781178,24.30346387295844,6.631269941074765,6.196280805323791,0,1,1,2
4,3,128.05443927854003,19.40407216590391,19.283038566540153,71.42871682747575,36.35146392844239,28.94298127296512,5.966692813805103,6.631269941074765,0,1,1,3
4,4,84.48117337088556,20.614056795039488,20.38643880962867,68.99888856706754,41.51534535158693,28.31894209058969,5.446658238456807,5.966692813805103,1,1,1,4
4,5,49.2663118903659,21.665174437505982,21.627070818224784,65.75638970120758,35.319450745222504,30.0,4.401857685064957,5.446658238456807,2,1,1,5
4,6,27.29509088193723,22.82327895752652,22.552722831916352,61.67321923477422,37.37420676699273,23.27484619726643,2.746402626053583,4.401857685064957,3,0,0,6
4,7,15.347259669075829,20.707975477382877,23.497970695058246,58.21242852263234,39.33264963313126,24.77406863274712,2.3895662425722803,2.746402626053583,4,0,0,7
4,8,4.429401281314776,23.469693841998165,19.444700341447273,55.305120407243436,38.29068417179338,28.890937409379404,2.1835716775522105,2.3895662425722803,5,0,0,8
4,9,0.0,18.615065494259124,19.69572613943958,51.76434399424842,35.002111755189766,28.660241505949053,2.214700640657388,2.1835716775522105,6,0,0,9
5,0,222.58066562458674,21.0,21.0,40.0,32.81367886473842,16.657447977782923,7.626198917282052,0.0,0,0,0,0
5,1,222.58066562458674,19.25627357729477,18.93314895955566,48.90480283165384,32.81367886473842,16.657447977782923,7.626198917282052,7.626198917282052,0,0,0,1
5,2,222.58066562458674,17.526190715182874,17.3902893842528,58.18749294771116,31.606218228676816,19.96428241608611,7.878775016079938,7.626198917282052,0,1,1,2
5,3,177.1700667208066,19.276562210123547,19.058614845162886,68.04928940948483,33.86182316647451,20.925934954490288,7.568433150630026,7.878775016079938,0,1,1,3
5,4,134.41428148470789,21.016457499369583,20.838185727939262,78.55745253781963,35.28074154611529,23.09794250018918,7.125964206016454,7.568433150630026,0,1,1,4
5,5,82.97672515716656,22.028798669297178,21.85245258271201,73.69741189507597,33.91224422051305,22.42086331979994,6.429694540942667,7.125964206016454,1,0,1,5
5,6,42.89844126240657,22.921122677878213,22.891712603711486,68.7747942881088,30.050576373092493,25.934881365978743,5.009785486844997,6.429694540942667,2,0,0,6
5,7,20.87567650688183,20.697076227706745,23.696104227888796,63.46076083796737,27.15033819019525,26.66058708679685,4.404552951104948,5.009785486844997,3,0,0,7
5,8,12.002659503317798,20.43568711167284,19.415215400014368,58.46542998320365,30.809830415752774,24.771664835559893,4.436508501782018,4.404552951104948,4,0,0,8
5,9,12.002659503317798,18.48208769072516,18.509977863384613,70.27040139514993,39.74787077635845,25.835303734454214,5.475309228596505,4.436508501782018,4,0,0,9
6,0,80.02825716299756,21.0,21.0,40.0,29.01257819165574,17.67497995388691,5.474584484043433,0.0,0,0,0,0
6,1,80.02825716299756,19.180251563833117,18.95349959907774,48.40376046619768,29.01257819165574,17.67497995388691,5.474584484043433,5.474584484043433,0,0,0,1
6,2,80.02825716299756,17.440608110918568,17.430995056586426,57.73349632378941,27.85689903172367,23.974966843785936,3.747444294252605,5.474584484043433,0,1,1,2
6,3,64.71973100850286,19.221730789761878,19.118642827064754,68.00556498806338,31.18282104234684,25.88422709250853,2.551421025749117,3.747444294252605,0,1,1,3
6,4,46.476831282972825,20.1901528003745,20.16113128782188,62.54140371591035,27.98713844472981,24.989743376642245,2.2803624656912547,2.551421025749117,1,1,1,4
6,5,33.96259350469375,21.351978909446323,21.192430984971917,57.826999881659106,32.77745991641811,24.364741004408312,1.5642797222848843,2.2803624656912547,2,1,1,5
6,6,24.633378353157674,22.36263899786463,22.27592914892884,53.164393058012536,32.079336702378924,25.35062538847351,1.1661518939420097,1.5642797222848843,3,0,0,6
6,7,15.063315973132905,20.22929494412712,23.14516588158133,48.19344673073677,30.61203285489704,25.1049319935709,1.914012476004954,1.1661518939420097,4,0,0,7
6,8,4.33691920961054,22.95765766794233,19.00413473704902,43.44775391779577,30.453227872145572,26.515145389293345,2.145279352704473,1.914012476004954,5,0,0,8
6,9,0.0,18.106075638051635,19.237345389347436,38.91671645358219,30.45012968760041,27.7107732889908,2.16845960480527,2.145279352704473,6,0,0,9
7,0,246.9174782622472,21.0,21.0,40.0,30.779173783334635,20.680614680722343,7.845378414083635,0.0,0,0,0,0
7,1,246.9174782622472,19.215583475666694,19.013612293614447,49.262761923530256,30.779173783334635,20.680614680722343,7.845378414083635,7.845378414083635,0,0,0,1
7,2,246.9174782622472,17.550517869063643,17.35387967486956,58.11454585737656,31.01902742537257,18.15754998488469,7.8555193269582,7.845378414083635,0,1,1,2
7,3,202.7369622552026,19.268053317723382,19.093935960420303,68.31552102443551,34.16376251975196,22.508321741686643,7.363419334507431,7.8555193269582,0,1,1,3
7,4,163.81894597280967,21.09269060451214,20.899862623181882,79.84769515109312,38.16039673152284,25.90723730546388,6.486336047065486,7.363419334507431,0,1,1,4
7,5,110.04169612931531,22.144179897946714,21.96555062466907,75.92689694068889,36.68750221857296,24.863618834736847,6.722156230436796,6.486336047065486,1,0,1,5
7,6,55.13259619695722,23.137540209408233,23.032335288647534,72.36695919000292,35.74779326113881,27.808108123939096,6.86363749154476,6.722156230436796,2,0,0,6
7,7,20.71092963549226,21.026919284097403,23.916096939525037,69.10942189872846,36.17754748869626,29.05835644866782,6.884333312292993,6.86363749154476,3,0,0,7
7,8,7.999877301422392,20.83281560751616,19.764004204310538,66.3736770242022,39.11882801297138,29.015922684104915,6.355526167034934,6.884333312292993,4,0,0,8
7,9,7.999877301422392,18.722941192649248,18.936185527490377,78.14026879928726,35.36995430602813,30.0,5.547577588169711,6.355526167034934,4,0,0,9
8,0,65.94412612227451,21.0,21.0,40.0,32.21736375634937,19.458250283585784,2.6155685206487416,0.0,0,0,0,0
8,1,65.94412612227451,19.244347275126987,18.989165005671715,49.30161052718833,32.21736375634937,19.458250283585784,2.6155685206487416,2.6155685206487416,0,0,0,1
8,2,65.94412612227451,17.5536214361425,17.488215197723108,59.355382527134005,31.47616742569292,24.378121462894168,1.0817492472498542,2.6155685206487416,0,1,1,2
8,3,58.172824878616275,18.661916438763985,18.55247887975141,55.714755429085855,34.780299379992755,28.32732785307307,0.9714126554572792,1.0817492472498542,1,1,1,3
8,4,49.33831309235593,19.770134448265026,19.60337923975184,50.57108477163821,32.368354523625115,22.389030712776854,1.104313973282543,0.9714126554572792,2,1,1,4
8,5,36.15967101969713,20.958790721819582,20.877527239948847,47.40379378499277,36.150887258824426,29.586385037589807,1.6473302590823506,1.104313973282543,3,1,1,5
8,6,25.05008541069048,22.141146242526492,22.0102436773263,44.09212757334361,36.34963410056533,28.58555361249489,1.3886982011258318,1.6473302590823506,4,0,0,6
8,7,16.650831137800388,19.986432399757238,22.861952339088162,38.33264010251982,29.761861114551024,21.574319603094565,1.679850854578018,1.3886982011258318,5,0,0,7
8,8,6.083242348943665,22.617407061128493,18.66591086313509,31.741893266619556,25.580041971796938,21.138031162090503,2.113517757771345,1.679850854578018,6,0,0,8
8,9,0.0,18.065774490446575,18.90592089231588,26.88567914887919,29.933941262016344,26.420424750537165,2.6739149201227184,2.113517757771345,7,0,0,9
9,0,150.70073153058837,21.0,21.0,40.0,33.24437219818739,19.98399187856279,4.816835470534411,0.0,0,0,0,0
9,1,150.70073153058837,19.26488744396375,18.999679837571257,49.581105533815034,33.24437219818739,19.98399187856279,4.816835470534411,4.816835470534411,0,0,0,1
9,2,150.70073153058837,17.49365050940033,17.404208131024973,58.08753008683389,27.85407359904675,19.40384058439131,3.2669729024753416,4.816835470534411,0,1,1,2
9,3,129.3504749713317,18.39811742414377,18.41403235135496,51.99291484850224,25.01012455105857,24.464235235987815,2.6687820699070857,3.2669729024753416,1,1,1,3
9,4,108.808735132973,19.62168503413475,19.47053746683937,47.57581240610489,33.056264888307936,25.737610431706766,2.567717479794837,2.6687820699070857,2,1,1,4
9,5,83.9860292223023,20.77207399724012,20.755804827730476,43.91102780332515,33.02704542917933,29.946373444266555,3.102838238833836,2.567717479794837,3,1,1,5
9,6,47.305749529444476,21.99181337590115,21.889985846663215,40.671402324142576,35.33541400454128,30.0,4.58503496160723,3.102838238833836,4,1,1,6
9,7,11.387510053522874,23.74122511272202,23.545353263829814,52.43934224071302,38.349224682063095,27.028219298883776,5.986373245986933,4.58503496160723,4,0,0,7
9,8,11.387510053522874,22.14466817453462,21.98223399873204,64.89148518041836,40.11917920538199,29.059392681869905,6.334199935528179,5.986373245986933,4,0,0,8
9,9,11.387510053522874,20.597925153184523,20.3887660060279,78.01248977949496,42.89446999487001,30.0,5.905328841960904,6.334199935528179,4,0,0,9
10,0,71.69489884577965,21.0,21.0,40.0,25.90433139596119,21.46027891507768,3.540414306427775,0.0,0,0,0,0
10,1,71.69489884577965,19.118086627919226,19.029205578301553,48.525629855987,25.90433139596119,21.46027891507768,3.540414306427775,3.540414306427775,0,0,0,1
10,2,71.69489884577965,17.520030440883517,17.361826924433377,57.83797104307545,30.489310191965156,21.24591862519289,1.297423150968267,3.540414306427775,0,1,1,2
10,3,65.95380436329819,18.576691005092716,18.418224791892303,53.51786032649848,34.814540824005924,24.518177417233144,0.7176368103101821,1.297423150968267,1,1,1,3
10,4,57.29796997745252,19.79381389406782,19.61792847230017,50.49603189860704,38.858330954607,27.68706666821836,1.0819792982307084,0.7176368103101821,2,1,1,4
10,5,47.498589899871895,20.999815559756176,20.85281251893201,47.16587966959523,37.41046049216204,27.422027124438983,1.224922509697578,1.0819792982307084,3,1,1,5
10,6,33.220386287359645,22.16459362763641,21.98428667004335,43.69951491133878,37.64807241751762,26.427678925502114,1.7847754515640313,1.224922509697578,4,0,1,6
10,7,21.10542996631232,20.09682900471789,22.980769543186774,40.02327966164998,35.70869080442363,27.201113363971903,2.4229912642094638,1.7847754515640313,5,0,0,7
10,8,6.866316143983765,23.001813961744197,18.945033364099253,37.547665586588515,39.57992180521409,30.0,2.8478227644657115,2.4229912642094638,6,0,0,8
10,9,0.0,18.20938001973594,19.291893287963813,34.55835378617901,36.72604555328055,30.0,3.4331580719918824,2.8478227644657115,7,0,0,9
11,0,86.3861267211438,21.0,21.0,40.0,34.82587986096777,15.596075442048257,4.799463810209832,0.0,0,0,0,0
11,1,86.3861267211438,19.296517597219356,18.911921508840965,49.07595195454289,34.82587986096777,15.596075442048257,4.799463810209832,4.799463810209832,0,0,0,1
11,2,86.3861267211438,17.53096206546597,17.393368765696664,58.27526444554273,31.8779489654034,19.22934265126242,3.0888686722699545,4.799463810209832,0,1,1,2
11,3,69.12300802873857,18.572338177586566,18.329533875364987,52.77372495931408,33.48666984206323,19.282555234444267,2.157889836550654,3.0888686722699545,1,1,1,3
11,4,52.508745699557245,19.629117850541633,19.44351234608574,47.4535413304281,33.34954868670936,20.42720893059076,2.0767827911476653,2.157889836550654,2,1,1,4
11,5,41.0001352721724,20.6507543532275,20.618470610815223,41.619569644506186,27.660324605054164,23.26205491760185,1.4385763034231056,2.0767827911476653,3,1,1,5
11,6,30.065404477224682,21.616725476715256,21.605045742526894,34.53478840893947,22.52084021289357,21.452597367291343,1.3668413493684646,1.4385763034231056,4,1,1,6
11,7,17.929698339089487,22.538272476982247,22.370123205249442,27.845310903538483,27.3761145069524,18.79345490748656,1.5169632672668991,1.3668413493684646,5,0,0,7
11,8,6.3897358011099925,23.042738953555858,20.00562089539583,20.45385274840227,23.323909449951604,18.945767465958323,2.307992507595899,1.5169632672668991,6,0,0,8
11,9,0.0,18.551825007482464,19.451057696988215,13.056774081754401,21.41679412453456,20.82165772742172,3.1948679005549963,2.307992507595899,7,0,0,9
12,0,47.758623413863745,21.0,21.0,40.0,26.68594523517113,17.989768671675385,3.320456356147975,0.0,0,0,0,0
12,1,47.758623413863745,19.133718904703425,18.959795373433508,48.041628503232374,26.68594523517113,17.989768671675385,3.320456356147975,3.320456356147975,0,0,0,1
12,2,47.758623413863745,17.39715829982498,17.40985551154767,57.11597892230178,26.19352513331667,24.21953275040224,1.379961674883056,3.320456356147975,0,1,1,2
12,3,39.44716696943494,18.531407323211848,18.376674753102424,52.62059750663646,32.9525812324119,25.406410902780777,1.0389320555536008,1.379961674883056,1,1,1,3
12,4,29.743456520349426,19.620046061233538,19.594578656073633,48.52806337463066,32.095695704802225,28.501336895165583,1.212963806135689,1.0389320555536008,2,1,1,4
12,5,21.37907971998767,20.783705737764304,20.7338783185518,43.77916790166276,29.91198137187892,27.03859933385496,1.0455471000452197,1.212963806135689,3,1,1,5
12,6,13.478140911255062,21.798609115806208,21.864948764526087,38.658757968493006,26.158520167291893,28.728091315098357,0.9876173510915758,1.0455471000452197,4,1,1,6
12,7,5.245876113313782,22.617436272427867,22.768599076745137,32.68956551073374,20.808959032893394,29.362193979555126,1.02903309974266,0.9876173510915758,5,0,0,7
12,8,0.869564364777178,23.303210103480914,20.292053518365883,26.351360009428845,23.20573386964927,24.915346678656856,0.8752623497073209,1.02903309974266,6,0,0,8
12,9,0.0,18.891800623021442,19.830706946122966,21.000984564394173,25.91552896350606,27.693496341856868,0.434782182388589,0.8752623497073209,7,0,0,9
13,0,134.63283482709002,21.0,21.0,40.0,29.72369114070828,15.898684800310212,4.21110481848003,0.0,0,0,0,0
13,1,134.63283482709002,19.194473822814167,18.917973696006207,48.21202766938333,29.72369114070828,15.898684800310212,4.21110481848003,4.21110481848003,0,0,0,1
13,2,134.63283482709002,17.536817816914052,17.315488841640192,57.54065446355119,33.51982753892794,18.305876873115736,3.424457236432632,4.21110481848003,0,1,1,2
13,3,114.43872554316303,19.11804403469671,19.120556240187042,67.05306477284032,28.020524147543284,24.82619979295188,3.3656848806544994,3.424457236432632,0,1,1,3
13,4,81.64131829997586,20.176708559463048,20.05899044209323,61.37300179066369,28.812825331466435,22.964602545330152,4.099675905398395,3.3656848806544994,1,1,1,4
13,5,47.38113969673366,21.191732847703765,21.230009070333082,56.49082537076474,28.031045814821496,28.179085185739893,4.282522325405276,4.099675905398395,2,1,1,5
13,6,19.015973870678472,22.232655205748113,22.28099206826032,51.69754130074213,26.85649546185668,29.847481926906653,3.5456457282568987,4.282522325405276,3,0,0,6
13,7,0.0,20.15254757119054,23.15418467204658,47.12889680078316,28.57253350987129,29.37944149035664,3.803194774135694,3.5456457282568987,4,0,0,7
13,8,0.0,20.628862215267805,19.730489042640784,57.90983518211509,29.894102118510705,30.0,4.471584176260079,3.803194774135694,4,0,0,8
13,9,0.0,18.53934428611917,18.762658469165746,68.38580656024448,30.254864713342,27.944976276265702,4.6814320876455815,4.471584176260079,4,0,0,9
14,0,277.75081342728333,21.0,21.0,40.0,26.261996141262443,21.0592616014806,6.718174782949236,0.0,0,0,0,0
14,1,277.75081342728333,19.12523992282525,19.021185232029612,48.517826393693746,26.261996141262443,21.0592616014806,6.718174782949236,6.718174782949236,0,0,0,1
14,2,277.75081342728333,17.570890894040453,17.3888198851944,58.53787142210776,33.165643814379706,22.501273010142626,7.095742357852822,6.718174782949236,0,1,1,2
14,3,231.5816502824602,19.301850767461467,19.1733648485563,69.30984642409005,34.49983332225874,25.34447224430956,7.694860524137188,7.095742357852822,0,1,1,3
14,4,189.27594636980612,21.044637273419696,21.025825013356254,80.62606874570497,32.86790178674952,30.0,7.050950652109013,7.694860524137188,0,1,1,4
14,5,136.10543035007754,22.151535324810162,22.073546492935172,77.11236881290304,33.99720182290064,29.8155763281998,6.646314502466072,7.050950652109013,1,0,0,5
14,6,104.28564680478718,23.13803823961458,20.102448769774938,73.25358917367151,32.42248732052146,29.47318135041445,6.363956709058075,6.646314502466072,2,0,0,6
14,7,68.88453198225551,19.203445542427534,23.012094773748956,69.17681547358009,32.89298551828559,27.79160503676208,7.0802229645063335,6.363956709058075,3,0,0,7
14,8,55.07623091761467,19.647313406525786,18.25011775817345,64.23912762521888,34.3158890617833,21.585845113987737,6.904150532320421,7.0802229645063335,4,0,0,8
14,9,55.07623091761467,17.424613758985373,17.630145721083043,74.43146228139557,33.65270902180258,22.97137240140121,7.120588356391643,6.904150532320421,4,1,1,9
15,0,284.65848186506673,21.0,21.0,40.0,27.966960170684136,18.15766526431868,7.050567612508024,0.0,0,0,0,0
15,1,284.65848186506673,19.159339203413683,18.963153305286376,48.302432578300504,27.966960170684136,18.15766526431868,7.050567612508024,7.050567612508024,0,0,0,1
15,2,284.65848186506673,17.558086371394566,17.3140283399951,57.72796742996174,33.754886275556096,18.60919623367299,7.3089941957224385,7.050567612508024,0,1,1,2
15,3,237.67484175846596,19.185010260257965,19.1243056733046,67.71637343939324,31.09362215775104,24.397522339090624,7.830606684433463,7.3089941957224385,0,1,1,3
15,4,189.03150874213776,21.080495080615474,20.863692376747267,79.23990972417641,37.885175012142064,26.134471014431107,8.107222169388034,7.830606684433463,0,1,1,4
15,5,123.40072470535304,22.086162641995735,21.99742002354126,75.47554353974644,35.054679672512414,27.36550819176548,8.20384800459809,8.107222169388034,1,0,1,5
15,6,63.84979548522899,23.052458039319877,22.954696983664896,70.66291915575974,31.40786162982004,25.18866957025388,7.443866152515507,8.20384800459809,2,0,0,6
15,7,28.00545134722804,20.743030223004006,23.81124233920129,65.22472475980602,25.58847613483113,27.532666109870476,7.168868827600191,7.443866152515507,3,0,0,7
15,8,13.49199137050754,20.42420264686803,19.581895933875277,60.32131246300813,26.092153906678394,30.0,7.25672998836025,7.168868827600191,4,0,0,8
15,9,13.49199137050754,18.46772101486383,18.58793476920347,71.44150778521775,34.2013879395368,27.577474961627782,7.582481516187621,7.25672998836025,4,0,0,9
16,0,189.76051128945932,21.0,21.0,40.0,34.62841056110579,15.575079902738878,7.829453572332031,0.0,0,0,0,0
16,1,189.76051128945932,19.292568211222118,18.91150159805478,49.036628283492036,34.62841056110579,15.575079902738878,7.829453572332031,7.829453572332031,0,0,0,1
16,2,189.76051128945932,17.59821416619066,17.373942355730204,58.701763295261685,35.31239211518222,18.38280239464918,7.930253572494083,7.829453572332031,0,1,1,2
16,3,150.99881481087817,19.287372553133252,19.05604339499562,68.18673077048724,33.81239940752076,18.88186434373233,6.4602827464301935,7.930253572494083,0,1,1,3
16,4,106.96311818490852,20.250466064350448,20.106772744981924,62.751519105010004,31.89615815503073,21.24155481454018,5.504462078246204,6.4602827464301935,1,1,1,4
16,5,68.04027929977227,21.330569364290827,21.11018418272072,57.05597490289695,32.433039984202544,19.258381115169357,4.865354860642032,5.504462078246204,2,1,1,5
16,6,25.530314913252017,22.268426692831955,22.155966215177703,51.30540734419037,30.157268695613837,21.228467089349618,5.313745548315031,4.865354860642032,3,0,0,6
16,7,0.0,20.146471309569804,23.00219275376948,46.037109589741036,31.48292371505573,22.58208876022572,5.106062982650403,5.313745548315031,4,0,0,7
16,8,0.0,20.479216019543056,19.61315570076214,55.69558438981484,27.062693804896934,26.59549952884645,5.396712350299118,5.106062982650403,4,0,0,8
16,9,0.0,18.28771170142825,18.54514227703958,64.11175103117796,23.437928671026736,23.31855266987953,6.212880434788941,5.396712350299118,4,0,0,9
17,0,64.20145467094943,21.0,21.0,40.0,25.81871451238587,16.634519240858396,2.162420574632746,0.0,0,0,0,0
17,1,64.20145467094943,19.11637429024772,18.93269038481717,47.64158207558397,25.81871451238587,16.634519240858396,2.162420574632746,2.162420574632746,0,0,0,1
17,2,64.20145467094943,17.382145859313844,17.337459713132375,56.28930012919906,26.516221983085657,21.52665609255376,0.0,2.162420574632746,0,1,1,2
17,3,64.20145467094943,18.36006620231753,18.271407129042426,50.01244674424899,26.782585747821816,21.67933989134448,0.0,0.0,1,1,1,3
17,4,60.06871902328827,19.443389176547345,19.24050699735247,43.38388655570696,28.990997005707317,17.517001946836952,0.5165919559576447,0.0,2,1,1,4
17,5,49.467640568223615,20.517352848745254,20.39990539932775,37.530960010150736,29.866339952854123,20.95073479405577,1.3251348068830813,0.5165919559576447,3,1,1,5
17,6,30.637487189831738,21.67753833102305,21.450742634691842,32.455696892193416,34.11946184014111,21.0179652823182,2.353769172298984,1.3251348068830813,4,1,1,6
17,7,8.892647651676922,22.49578222739853,22.40122252390483,26.420972062008317,28.96850244820124,20.838581828548215,2.718104942269352,2.353769172298984,5,0,0,7
17,8,8.892647651676922,20.883124009955566,20.806221032554056,36.29064718941295,30.047536454031103,24.783992031550195,3.485124369501524,2.718104942269352,5,0,0,8
17,9,0.0,18.426863389916807,18.39759191555948,29.295741863996305,23.54493328550933,20.92781490662042,4.446323825838461,3.485124369501524,6,0,0,9
18,0,186.90260572978423,21.0,21.0,40.0,34.443744382523725,18.677464581644607,5.439305139141203,0.0,0,0,0,0
18,1,186.90260572978423,19.288874887650476,18.973549291632892,49.5618176135503,34.443744382523725,18.677464581644607,5.439305139141203,5.439305139141203,0,0,0,1
18,2,186.90260572978423,17.571494775311347,17.515530586613608,59.78810178830429,32.17039161744754,24.64229824229684,5.173678751356942,5.439305139141203,0,1,1,2
18,3,161.5968678934055,19.434041245002533,19.147545954762716,70.4861729242241,37.29897793767242,22.13475059521549,4.217622972729792,5.173678751356942,0,1,1,3
18,4,125.73472219450721,20.374781738673107,20.240642842960703,65.44544607120515,33.166834700111565,22.16246056089426,4.482768212362283,4.217622972729792,1,1,1,4
18,5,84.3725694920131,21.426547142998977,21.306716578486053,60.29118868371181,31.351090865406764,23.34747920407466,5.170269087811764,4.482768212362283,2,1,1,5
18,6,37.601830130457536,22.391508175194996,22.330873635978204,54.853188840241856,28.975704260183488,24.14651883165008,5.846342420194445,5.170269087811764,3,0,0,6
18,7,9.256604174963998,20.36655675954194,23.169020120196482,50.65339631776001,35.39375135420171,24.60740129867693,5.669045191098707,5.846342420194445,4,0,0,7
18,8,9.256604174963998,20.762580033485133,19.798807239396176,61.39901727818587,32.92479175960908,26.77310246497904,5.452723249038635,5.669045191098707,4,0,0,8
18,9,9.256604174963998,18.736905844763232,18.859015278649963,72.88376224819073,36.07762946962353,27.72650925262572,5.09481180561829,5.452723249038635,4,0,0,9
19,0,69.00634030053895,21.0,21.0,40.0,27.195361581889124,23.8040828251533,2.545518663374168,0.0,0,0,0,0
19,1,69.00634030053895,19.143907231637783,19.076081656503067,49.17989999326764,27.195361581889124,23.8040828251533,2.545518663374168,2.545518663374168,0,0,0,1
19,2,69.00634030053895,17.551462326097315,17.50220692202259,59.44970500203058,30.267313050831127,26.78715922007411,0.3549780248563962,2.545518663374168,0,1,1,2
19,3,69.00634030053895,18.45966362209454,18.5444731533773,53.820906841130636,24.28029346821377,27.78193897123093,0.0,0.3549780248563962,1,1,1,3
19,4,63.32176156742092,19.60559452393641,19.6318452175824,49.15566486385332,27.41532234845933,30.0,0.7105723416397536,0.0,2,1,1,4
19,5,55.21718937189467,20.787531493391388,20.755208469830528,44.44837085692348,29.202045367427065,27.97965459407385,1.0130715244407815,0.7105723416397536,3,1,1,5
19,6,38.84780796074509,21.998938850411317,21.7860740736421,40.217293471306704,35.477716024779184,24.34963183290538,2.046172676393698,1.0130715244407815,4,1,1,6
19,7,8.153235830491292,22.83567595656917,22.73478897200072,34.9241813739783,31.08223794740131,22.84491706744089,3.836821516281724,2.046172676393698,5,0,0,7
19,8,8.153235830491292,21.268586237840648,21.1240972207821,45.668874810542206,34.2152484678489,25.47749284639502,3.9305006163559337,3.836821516281724,5,0,0,8
19,9,0.0,18.83249688709894,18.777356815924033,40.045513892529385,28.50838907949843,23.58405026487481,4.076617915245646,3.9305006163559337,6,0,0,9
20,0,118.83465285500995,21.0,21.0,40.0,34.03487760059643,23.695520081705304,4.413504388883472,0.0,0,0,0,0
20,1,118.83465285500995,19.28069755201193,19.07391040163411,50.39147158281431,34.03487760059643,23.695520081705304,4.413504388883472,4.413504388883472,0,0,0,1
20,2,118.83465285500995,17.630752155860794,17.535067547226863,60.58021625569502,32.24508737946167,24.35904969209785,3.656268232980983,4.413504388883472,0,1,1,2
20,3,105.28595753075247,19.287488204926348,19.24482266864239,70.19656629242833,28.496356407223654,24.927810463516977,2.2581158873762464,3.656268232980983,0,1,1,3
20,4,87.13456888398669,20.397014219881612,20.326134195332838,66.52449218382688,33.55845294528952,29.37446867359129,2.2689235808457227,2.2581158873762464,1,1,1,4
20,5,67.41907570819231,21.456640679581792,21.478753888841304,62.31684936677297,29.957539905256056,30.0,2.464436646974297,2.2689235808457227,2,1,1,5
20,6,35.393433073014066,22.518422686473365,22.45229789973737,57.476638638442495,29.708907464702243,26.73436626679511,4.00320532939728,2.464436646974297,3,0,0,6
20,7,9.511629573161688,20.412745389865552,23.227466336449456,52.20701565734592,32.15673728843194,21.90091281658705,5.176360699970475,4.00320532939728,4,0,0,7
20,8,9.511629573161688,20.761957125805257,19.738582969517108,61.55746976247089,30.44743043317154,21.49953681752274,5.582599594033492,5.176360699970475,4,0,0,8
20,9,9.511629573161688,18.601497289256177,18.66394126310964,70.56073373127677,31.12327340584094,18.89485975419172,5.259059928808536,5.582599594033492,4,0,0,9
21,0,90.16491131779259,21.0,21.0,40.0,34.599403986625305,23.335456982769287,2.858771193312025,0.0,0,0,0,0
21,1,90.16491131779259,19.29198807973251,19.066709139655387,50.428274974491025,34.599403986625305,23.335456982769287,2.858771193312025,2.858771193312025,0,0,0,1
21,2,90.16491131779259,17.73435533804549,17.629347836118626,62.36484783455082,37.47192643224938,28.842367234749485,0.8403912450439786,2.858771193312025,0,1,1,2
21,3,88.67909882193914,19.010166357052636,18.7367124553504,60.90945320507352,45.24780761401495,30.0,0.1857265619816808,0.8403912450439786,1,1,1,3
21,4,77.02870127394029,20.28777683491245,19.95865608225587,59.30893930949911,47.49971781369669,26.941871655334356,1.4562996934998558,0.1857265619816808,2,1,1,4
21,5,57.42932346902653,21.437810388197402,21.216726775412315,56.43497538329842,41.67892950288291,25.687937573779973,2.44992222561422,1.4562996934998558,3,1,1,5
21,6,33.34993693157122,22.499222667868867,22.407599160600203,53.29462081428133,36.89217430811269,28.99474475290343,3.009923317181913,2.44992222561422,4,0,0,6
21,7,17.01630399460158,20.42253798204104,23.364518447213868,49.86418009735128,34.2753293503886,30.0,3.2667265873939293,3.009923317181913,5,0,0,7
21,8,17.01630399460158,20.89557317326947,19.95558342170127,61.18074060549844,32.86978060081759,30.0,3.187670722431196,3.2667265873939293,5,0,0,8
21,9,10.488691910549372,17.9813153825187,18.270595821139118,55.82226478878053,26.599923791479128,26.96409944897689,3.2638060420261024,3.187670722431196,6,1,0,9
22,0,75.70023170694292,21.0,21.0,40.0,28.166889866459577,18.23033519432189,2.6887926733070837,0.0,0,0,0,0
22,1,75.70023170694292,19.16333779732919,18.96460670388644,48.35150051094067,28.166889866459577,18.23033519432189,2.6887926733070837,2.6887926733070837,0,0,0,1
22,2,75.70023170694292,17.36929593942902,17.306742342591587,55.96818635890426,24.211783810544198,18.10313756703134,0.7776770281755178,2.6887926733070837,0,1,1,2
22,3,67.30312419575704,18.38466086536438,18.27250923638662,50.275498959921094,29.126588814660344,22.580703413210927,1.0496384388982352,0.7776770281755178,1,1,1,3
22,4,59.31469057774233,19.447714863056795,19.39302578187808,44.85039517052708,28.80529816515105,24.38856967154888,0.9985542022518386,1.0496384388982352,2,1,1,4
22,5,54.89328809128824,20.676570654520475,20.498730471169686,40.04941430814129,33.18678140820518,23.474436022984865,0.5526753108067615,0.9985542022518386,3,1,1,5
22,6,42.364717258557334,21.712533469192916,21.616274216618578,34.68874436235444,30.516199506748173,23.035634127769363,1.5660713540913638,0.5526753108067615,4,1,1,6
22,7,24.919652299853777,22.74108702789247,22.579349362512485,30.84063785130118,35.74286794254805,26.212095884933824,2.1806331198379447,1.5660713540913638,5,0,0,7
22,8,9.380920867402049,23.473704122082214,20.394847266986947,27.493373821018793,35.553164894724866,29.18425715926184,3.107746286490346,2.1806331198379447,6,0,0,8
22,9,0.0,19.200987297086275,20.00997155503293,24.32542900825613,35.73363992909633,30.0,4.690460433701024,3.107746286490346,7,0,0,9
23,0,102.19336742958548,21.0,21.0,40.0,25.76796364159105,19.968384727961094,5.173609915985651,0.0,0,0,0,0
23,1,102.19336742958548,19.11535927283182,18.999367694559222,48.23254270651938,25.76796364159105,19.968384727961094,5.173609915985651,5.173609915985651,0,0,0,1
23,2,102.19336742958548,17.482457367932682,17.400306977080938,57.81682514539924,29.54670338300439,23.69931016632816,3.286395155416964,5.173609915985651,0,1,1,2
23,3,84.89060416232726,18.32700834735119,18.441410676491127,51.45089693499445,21.739602451765208,26.227463045985957,2.162845408407277,3.286395155416964,1,1,1,3
23,4,76.38216149132496,19.40947211763254,19.449446798084786,45.288281313702875,22.69090546100109,26.405674420712387,1.0635553338752883,2.162845408407277,2,1,1,4
23,5,63.89734787257258,20.576126050942445,20.493391131315853,39.38800096709254,27.045561924466508,23.508436149920485,1.5606017023440475,1.0635553338752883,3,1,1,5
23,6,40.074080565640045,21.604045229251604,21.66317849704446,34.329925327464906,26.75863675896801,28.47427635421184,2.9779084133665665,1.5606017023440475,4,1,1,6
23,7,0.0,22.634463283812895,22.529663011863974,29.573858035933853,30.631875924912688,26.27886134435924,5.009260070705006,2.9779084133665665,5,0,0,7
23,8,0.0,21.006373103071553,20.93294325557843,39.52959049917635,30.27656062484088,25.03306417095077,5.620503144535842,5.009260070705006,5,0,0,8
23,9,0.0,19.391185260602846,19.2757419621812,49.492164768792634,31.11062373234024,24.237011098861345,5.905771797368791,5.620503144535842,5,0,0,9
24,0,178.29238437723782,21.0,21.0,40.0,28.419619496676518,21.42062755476349,5.087325733921341,0.0,0,0,0,0
24,1,178.29238437723782,19.168392389933533,19.028412551095272,48.971244469259204,28.419619496676518,21.42062755476349,5.087325733921341,5.087325733921341,0,0,0,1
24,2,178.29238437723782,17.53519924347207,17.538588276091353,59.609903892621446,30.516954707366715,28.586708755756867,5.010087191728491,5.087325733921341,0,1,1,2
24,3,148.86648149508088,19.241882818181647,19.231520899876983,69.44155021631012,27.543758889885048,27.076498463940936,4.904317147026156,5.010087191728491,0,1,1,3
24,4,110.91956075928346,20.31849727475016,20.238386200016077,64.7502396033066,30.71573955284951,26.55475704157539,4.743365091974677,4.904317147026156,1,1,1,4
24,5,74.11820293029463,21.4327619015134,21.26362613126153,59.73828398304971,32.573795038310955,22.91534040470633,4.600169728623603,4.743365091974677,2,1,1,5
24,6,39.509571494568675,22.313091316069812,22.320359120352254,53.79859484537141,26.254353342943705,24.080707003287944,4.326078929465744,4.600169728623603,3,0,0,6
24,7,18.444270001204377,20.147199510509985,23.170768397506563,48.360665712876894,25.91757725826013,27.205038672325863,4.2130602986728585,4.326078929465744,4,0,0,7
24,8,18.444270001204377,20.56979663472195,19.62321283815152,57.55351914417935,26.523532237626466,24.547875714053824,4.354107433346229,4.2130602986728585,4,0,0,8
24,9,9.796451695182157,18.020406215932294,17.852375629162054,51.66592217635606,29.81251653007518,20.81194475979547,3.806267622593431,4.354107433346229,5,0,1,9
25,0,48.776047463774894,21.0,21.0,40.0,32.18852103928587,21.555851194735737,3.82053127158419,0.0,0,0,0,0
25,1,48.776047463774894,19.24377042078572,19.031117023894716,49.67398700212389,32.18852103928587,21.555851194735737,3.82053127158419,3.82053127158419,0,0,0,1
25,2,48.776047463774894,17.60567989960589,17.46619694036851,59.66298202960666,32.82918286729137,22.66523395205737,1.782093593711708,3.82053127158419,0,1,1,2
25,3,42.986094154743654,18.661816639614944,18.594216307149253,56.15376791631655,34.654980191227864,29.182719179382627,0.7237441636289053,1.782093593711708,1,1,1,3
25,4,39.05742382887084,19.79583062076121,19.70361175009396,51.806190615598325,32.402537313734385,26.77758879338659,0.4910837907341021,0.7237441636289053,2,1,1,4
25,5,34.73919029540345,20.923527094769845,20.831402253652183,46.88637977784503,30.99528800863112,25.005762892739455,0.5397791916834228,0.4910837907341021,3,1,1,5
25,6,26.464435321172118,22.05238307189243,21.872999407021325,42.19989436585037,33.82417956350818,23.473123703188172,1.0343443717789171,0.5397791916834228,4,0,1,6
25,7,17.110350546407062,19.95085493665899,22.8810877896629,38.12308905392125,33.43176362829917,27.252651305427925,1.8708169549530116,1.0343443717789171,5,0,0,7
25,8,5.879365724552311,22.826519994391063,18.694345648152996,33.80345198398575,35.995287064157075,23.34006254731237,2.24619696437095,1.8708169549530116,6,0,0,8
25,9,0.0,18.014052821320416,19.00554917184009,29.840320158704294,36.61400535039012,24.70192895360177,2.925182112335702,2.24619696437095,7,0,0,9
26,0,273.9549327585108,21.0,21.0,40.0,27.940953683034884,18.170431886567712,6.965563246551776,0.0,0,0,0,0
26,1,273.9549327585108,19.1588190736607,18.963408637731355,48.300049402528465,27.940953683034884,18.170431886567712,6.965563246551776,6.965563246551776,0,0,0,1
26,2,273.9549327585108,17.46055131655773,17.3408949776891,57.09171335809904,28.87827550665968,19.96430202428799,8.037966652431532,6.965563246551776,0,1,1,2
26,3,226.5801642780646,19.03170670589832,18.988935697628094,65.05447177606217,24.08547113150123,20.152075634960617,7.895794746741033,8.037966652431532,0,1,1,3
26,4,181.12949112597568,20.698787411229258,20.621051320355857,73.29712512213958,25.160444128521195,20.632074460797707,7.57511219201482,7.895794746741033,0,1,1,4
26,5,121.32398532005033,21.60131812380489,21.647926140271487,67.08093800336286,23.81730049550588,24.981659955734564,7.475688225740667,7.57511219201482,1,1,1,5
26,6,63.793666711998114,22.606395513329858,22.618732412505512,61.98821079686249,26.86221960127477,28.178184807056525,7.191289826006526,7.475688225740667,2,0,0,6
26,7,34.84699838544442,20.463441120320752,23.44429803479754,57.06563522403589,28.3788960253002,27.606795236774268,5.789333665310738,7.191289826006526,3,0,0,7
26,8,26.300813333524662,20.23842073195449,19.28349386945735,53.04148771065957,32.005223833362955,28.97173442565745,4.273092525959882,5.789333665310738,4,0,0,8
26,9,18.662108638116695,17.519028876611788,17.73539550169742,49.472490613631194,33.50557168317574,30.0,3.819352347703983,4.273092525959882,5,1,1,9
27,0,58.930245528329216,21.0,21.0,40.0,33.71081447619661,15.18451614086729,2.9478453291346094,0.0,0,0,0,0
27,1,58.930245528329216,19.274216289523935,18.903690322817347,48.8011595110715,33.71081447619661,15.18451614086729,2.9478453291346094,2.9478453291346094,0,0,0,1
27,2,58.930245528329216,17.504148437252063,17.436814050920752,58.39747011428719,31.118722750848004,22.19411393368359,1.4201837540545412,2.9478453291346094,0,1,1,2
27,3,52.74763100077073,18.62120765562035,18.447470548389393,54.262469565799776,35.02898961023811,25.332118453720696,0.772826815944811,1.4201837540545412,1,1,1,3
27,4,48.83759908012292,19.63559471453246,19.651408971452852,49.520517517563945,29.40224952501167,27.586905762567007,0.4887539900809765,0.772826815944811,2,1,1,4
27,5,40.37547703439981,20.698131485026142,20.818756904427502,44.17909139654099,23.695129474110423,29.96361429798427,1.0577652557153892,0.4887539900809765,3,1,1,5
27,6,22.362782216882206,21.9313642605339,21.864505962343937,40.25512744786697,31.53353361847768,30.0,2.2515868521897,1.0577652557153892,4,1,1,6
27,7,0.0,22.81259672581976,22.841436650693257,35.62618726154889,28.588938597036996,29.02806036786257,2.7953477771102757,2.2515868521897,5,0,0,7
27,8,0.0,21.36784353944426,21.146051697474704,46.78488227443939,36.32487164849459,25.66787842311929,4.320651884373138,2.7953477771102757,5,0,0,8
27,9,0.0,19.7541800481527,19.485409139117145,57.247325310449135,37.44505330735414,20.67963022603335,5.413786653702503,4.320651884373138,5,0,0,9
28,0,214.66381651438198,21.0,21.0,40.0,25.97211810438348,22.462361213165437,6.63486851691597,0.0,0,0,0,0
28,1,214.66381651438198,19.11944236208767,19.04924722426331,48.71820627715881,25.97211810438348,22.462361213165437,6.63486851691597,6.63486851691597,0,0,0,1
28,2,214.66381651438198,17.551136119118507,17.349931100760028,58.030117376247375,31.42300871233525,20.309830727045707,6.234863696921138,6.63486851691597,0,1,1,2
28,3,180.50074684146517,19.22603539624754,19.109449630910156,68.0195299092752,32.17204991842274,23.324686376176302,5.693844945486135,6.234863696921138,0,1,1,3
28,4,134.0958036575665,20.279824241119652,20.13142339921462,63.134638182681556,32.68193726934052,23.513108694028084,5.800617897987333,5.693844945486135,1,1,1,4
28,5,86.2016593040789,21.32365963651004,21.343294180236096,59.03742487706447,30.9076613166444,29.66337587437175,5.98676804418595,5.800617897987333,2,1,1,5
28,6,41.884176990400675,22.58482150773682,22.397184035976853,56.47314885484377,39.08735543210727,30.0,5.539685289209778,5.98676804418595,3,0,0,6
28,7,13.9588507058292,20.494287173160078,23.374156385653976,53.166204210464755,36.89126004702173,28.070158595317093,5.585065256914295,5.539685289209778,4,0,0,7
28,8,13.9588507058292,21.014951541296178,19.931376088806907,64.68006828537393,37.47332298216413,26.4925885451091,6.546116752613965,5.585065256914295,4,0,0,8
28,9,13.9588507058292,18.894007595437948,19.06808582693181,76.34234705249149,36.17007890387185,28.620358691225714,7.114802477509094,6.546116752613965,4,0,0,9
29,0,145.21191811325423,21.0,21.0,40.0,30.31986999720141,18.504111555298973,6.086083192820235,0.0,0,0,0,0
29,1,145.21191811325423,19.20639739994403,18.97008223110598,48.78831667945007,30.31986999720141,18.504111555298973,6.086083192820235,6.086083192820235,0,0,0,1
29,2,145.21191811325423,17.48838229431698,17.4281140385726,58.17599043357589,29.355941699133417,22.79780137934336,5.850459089465539,6.086083192820235,0,1,1,2
29,3,115.43299088384298,19.28863453898445,19.044167625124594,68.01628138377644,33.897826292914075,20.770456763755654,4.963154538235211,5.850459089465539,0,1,1,3
29,4,82.7170464689724,20.192874993125507,20.13720742548263,62.422633852341676,29.353947902146498,22.9035658121048,4.089493051858822,4.963154538235211,1,1,1,4
29,5,57.82411720203466,21.327354479988994,21.183907219321753,57.58162978578778,32.2231214224641,24.21574487445868,3.1116161583672173,4.089493051858822,2,1,1,5
29,6,35.51208967856176,22.335800617928527,22.25246174022919,52.73477124479021,31.362497116938822,25.04384432196351,2.789003440434112,3.1116161583672173,3,0,0,6
29,7,22.393829979029995,20.1668694248146,23.13397703466323,47.50877250938842,28.597354849302185,25.702652176243443,2.6236519399063525,2.789003440434112,4,0,0,7
29,8,0.0,22.964300562005377,18.940940652078694,42.85039534474991,32.057420772528616,25.396039423924105,4.478765995805999,2.6236519399063525,5,0,0,8
29,9,0.0,18.76516148785947,19.82492010537215,52.397367619378194,30.20060131615604,22.83813354288997,5.009997585552624,4.478765995805999,5,0,0,9
30,0,151.9548199857685,21.0,21.0,40.0,26.98377311064561,24.58554254525746,4.959174443712167,0.0,0,0,0,0
30,1,151.9548199857685,19.139675462212914,19.09171085090515,49.28247681806255,26.98377311064561,24.58554254525746,4.959174443712167,4.959174443712167,0,0,0,1
30,2,151.9548199857685,17.526688304369042,17.45579837860454,58.81931959819316,28.623212673727974,24.359247215886565,4.803832261004551,4.959174443712167,0,1,1,2
30,3,126.00933705404177,19.237461964570443,19.197786543499266,69.04710580835925,29.934077220474578,26.886957280448097,4.32424715528779,4.803832261004551,0,1,1,3
30,4,94.47169243197094,20.287627744623567,20.202399466414434,64.06314602271185,30.2506065420194,25.394061315495023,3.9422055777588527,4.32424715528779,1,1,1,4
30,5,64.73484283126244,21.440484370001823,21.376001585010957,60.673607438794335,34.502563422680495,30.0,3.7171062000885615,3.9422055777588527,2,1,1,5
30,6,38.12190318980696,22.494899555844402,22.382642264563604,55.95794758686284,31.85766469186392,25.277558352961115,3.3266174551819354,3.7171062000885615,3,0,0,6
30,7,22.96931306685221,20.310986380954027,23.216930421749144,50.43241829626183,29.51130285750289,23.12464552804701,3.0305180245909504,3.3266174551819354,4,0,0,7
30,8,11.727996794839477,22.934714968229926,18.939724116169423,43.657552184335515,25.92778512908729,19.76740313798875,2.2482632544025463,3.0305180245909504,5,0,0,8
30,9,7.983359346989797,17.869624003162333,19.04069100054668,35.93612240370659,20.90400706520915,19.53249415351907,1.87231872392484,2.2482632544025463,6,1,0,9
31,0,241.28234271401632,21.0,21.0,40.0,33.50093312201388,19.75388834365709,7.58331455309953,0.0,0,0,0,0
31,1,241.28234271401632,19.27001866244028,18.995077766873145,49.58586786382077,33.50093312201388,19.75388834365709,7.58331455309953,7.58331455309953,0,0,0,1
31,2,241.28234271401632,17.636841654281298,17.43292759867354,59.63520183260029,35.07472468689059,20.75490847299558,8.229294183696464,7.58331455309953,0,1,1,2
31,3,194.55854828872742,19.45840628172416,19.228872945670204,71.42427569984005,40.01511622740632,25.479738590592348,7.787299070881485,8.229294183696464,0,1,1,3
31,4,131.35305252955965,20.550093363399434,20.304125557789135,67.67659247901807,39.127130658378846,23.38574033705456,7.900686969895974,7.787299070881485,1,1,1,4
31,5,75.63708741740865,21.59611532609229,21.494290623356438,63.80238099280446,35.29534420432466,26.514591983377496,6.964495639018876,7.900686969895974,2,1,1,5
31,6,36.86100450102343,22.57951408028915,22.512580663354612,58.79894549506365,30.205255422380155,25.331214034615343,4.847010364548152,6.964495639018876,3,0,0,6
31,7,19.2998440118319,20.39299275839794,23.44418774549236,54.31891083693715,28.444251899297225,30.0,3.512232097838306,4.847010364548152,4,0,0,7
31,8,5.183729437400781,23.12479164306934,19.192130744711886,49.021358475831974,27.38380349710275,26.51868338564631,2.823222914886224,3.512232097838306,5,0,0,8
31,9,0.0,18.27552320102644,19.332295385530283,43.99334618343926,30.775617979549487,24.624313729379868,2.5918647187003905,2.823222914886224,6,0,0,9
32,0,271.12358216534005,21.0,21.0,40.0,31.66212388872196,21.294204847178563,7.35711691912836,0.0,0,0,0,0
32,1,271.12358216534005,19.23324247777444,19.02588409694357,49.532139172462095,31.66212388872196,21.294204847178563,7.35711691912836,7.35711691912836,0,0,0,1
32,2,271.12358216534005,17.614518195347294,17.515691696551144,60.17379471395684,33.58600460806516,25.53430395579454,7.848297385853472,7.35711691912836,0,1,1,2
32,3,218.58348809042812,19.24889031034387,19.181140687118464,69.15806533636521,27.39124660607387,22.521367962861547,8.75668234581866,7.848297385853472,0,1,1,3
32,4,164.24158630797592,20.966943129685063,20.892745917558386,78.94332391248663,29.544326299916992,24.818221345202023,9.0569836304087,8.75668234581866,0,1,1,4
32,5,96.12811848586423,21.95889488745874,21.800151703721532,72.94257018081238,29.522964985285064,20.472847616524625,8.51418347776396,9.0569836304087,1,1,1,5
32,6,39.770786517257264,22.86411756515898,22.73489130758182,67.08537264691934,29.81790383442188,20.97544319950564,7.044666496075872,8.51418347776396,2,0,0,6
32,7,17.429410275873465,20.57073396151486,23.59688932371652,61.473318575176606,26.392940455279607,25.76231470170524,4.468275248276759,7.044666496075872,3,0,0,7
32,8,4.517296405251498,23.312575610011532,19.32633789143505,56.39709970819689,29.52583645073378,25.606280954934427,2.582422774124393,4.468275248276759,4,0,0,8
32,9,0.0,18.37678305478444,19.43348083378268,50.58296711320841,28.995636761621714,22.036959932886727,2.258648202625749,2.582422774124393,5,0,0,9
33,0,309.2294391845753,21.0,21.0,40.0,26.00162013788841,16.797779870414136,7.6579645831349055,0.0,0,0,0,0
33,1,309.2294391845753,19.12003240275777,18.935955597408284,47.70389200149446,26.00162013788841,16.797779870414136,7.6579645831349055,7.6579645831349055,0,0,0,1
33,2,309.2294391845753,17.36796755420864,17.212245673434058,55.04100001855842,25.654478662441235,15.107232543469667,9.65702320297105,7.6579645831349055,0,1,1,2
33,3,248.24567963745497,19.05477067910966,18.89959916669345,64.19929325650526,30.48690535495586,20.3925015225266,10.16395992452006,9.65702320297105,0,1,1,3
33,4,192.10894949602329,20.78851796594137,20.62379142222632,73.8109902293846,31.98110819399595,21.417208322000366,9.356121690238613,10.16395992452006,0,1,1,4
33,5,123.14272881591324,21.778497576119154,21.79510396819176,69.76500631439981,31.24811173442331,29.60753318232789,8.620777585013757,9.356121690238613,1,1,1,5
33,6,61.95223955196711,22.705489512550056,22.7937692616482,64.51216277326571,24.74389293996263,29.406976275959007,7.648811157993268,8.620777585013757,2,0,0,6
33,7,33.53913000990761,20.620384233731283,23.52387397289925,59.49779879230988,29.48853623324298,25.987219428113484,5.6826219084119005,7.648811157993268,3,0,0,7
33,8,24.85364695584,20.329060182316546,19.413566984025223,55.54426004605378,31.79577150725637,29.57345768020978,4.342741527033804,5.6826219084119005,4,0,0,8
33,9,16.372778071127975,17.958304059480444,17.777494100753255,50.91180617549742,30.16282877349672,27.434649723412427,3.5323790611115102,4.342741527033804,5,1,1,9
34,0,128.97834909973608,21.0,21.0,40.0,28.28820844287196,17.71995470429493,5.676146240065776,0.0,0,0,0,0
34,1,128.97834909973608,19.16576416885744,18.9543990940859,48.28146936649004,28.28820844287196,17.71995470429493,5.676146240065776,5.676146240065776,0,0,0,1
34,2,128.97834909973608,17.48445383417334,17.404198382273265,57.87470865429316,30.23951126885254,23.056262552275875,4.332161365992684,5.676146240065776,0,1,1,2
34,3,107.29550110515224,19.273000215044984,19.175629701435085,68.98298671902101,33.892506687075425,27.820149228079316,3.613807999097305,4.332161365992684,0,1,1,3
34,4,82.96870368951649,20.33707509537772,20.309194137770003,65.29681572423722,32.85460558453446,30.0,3.040849676954469,3.613807999097305,1,1,1,4
34,5,60.42245467260445,21.413009225149473,21.436020188260642,60.93460788680696,29.18325577808365,29.91558956952605,2.8182811271140045,3.040849676954469,2,1,1,5
34,6,28.844927277896804,22.514719891988243,22.41544303318508,56.42893596474495,31.460250574350667,26.841572080860384,3.947190924338456,2.8182811271140045,3,0,0,6
34,7,7.644594058640347,20.356520411319035,23.229407563665802,50.99927627607984,30.50667627495129,22.661881010242528,4.240066643851292,3.947190924338456,4,0,0,7
34,8,7.644594058640347,20.85149157136058,19.80199335945469,62.165932286415355,35.70929057264517,26.327687262552125,3.956505224868811,4.240066643851292,4,0,0,8
34,9,0.0,18.11777413437133,18.190513652473214,58.91598619803729,38.6917872801413,26.5862900066472,3.8222970293201737,3.956505224868811,5,0,0,9
35,0,201.9907585349887,21.0,21.0,40.0,33.91127088394596,20.42283520936855,4.080045843852792,0.0,0,0,0,0
35,1,201.9907585349887,19.27822541767892,19.008456704187374,49.78013909679661,33.91127088394596,20.42283520936855,4.080045843852792,4.080045843852792,0,0,0,1
35,2,201.9907585349887,17.595448750349885,17.533109990328168,60.183734345406805,32.48061004231343,25.317141338854327,4.290070929384669,4.080045843852792,0,1,1,2
35,3,172.95180424979344,19.357221431601566,19.21229072839613,70.43670975551856,32.57129553060911,24.38967897001181,4.839825714199206,4.290070929384669,0,1,1,3
35,4,127.97055643569539,20.42461669589122,20.356223730672433,66.9825333289854,34.86853655302945,29.27492774400851,5.622655976762259,4.839825714199206,1,1,1,4
35,5,81.41410635986898,21.602574820581683,21.476569261606052,63.60133084388471,35.9375237549187,28.61135132785524,5.8195562594783,5.622655976762259,2,1,1,5
35,6,35.30676327594605,22.64126978962839,22.604515670830825,60.072332922296965,33.72778932451251,30.0,5.763417885490367,5.8195562594783,3,0,0,6
35,7,10.469559445344943,20.602467129652922,23.49766674232592,56.713983770762155,35.233584597671275,29.44225344935753,4.967440766120221,5.763417885490367,4,0,0,7
35,8,10.469559445344943,21.20214212721559,20.0579412369791,69.17495791586106,41.50484223058399,27.72279190885437,5.014560465496604,4.967440766120221,4,0,0,8
35,9,0.0,18.40172115678744,18.53668283486067,66.68261036034174,39.950943737389096,29.536014287503573,5.234779722672472,5.014560465496604,5,0,0,9
36,0,220.90324720631088,21.0,21.0,40.0,27.685076794675016,24.52235008408805,7.375738873931075,0.0,0,0,0,0
36,1,220.90324720631088,19.1537015358935,19.090447001681763,49.39733683817735,27.685076794675016,24.52235008408805,7.375738873931075,7.375738873931075,0,0,0,1
36,2,220.90324720631088,17.553631872257775,17.452158340575316,59.04053736894024,29.797915439657466,23.7754208423586,6.794390280786736,7.375738873931075,0,1,1,2
36,3,181.1791478338896,19.283985766946145,19.06723291929429,68.32329659078084,31.96531496180538,19.60556960397569,6.620683228736877,6.794390280786736,0,1,1,3
36,4,140.4398373367838,20.96236662307418,20.742975705225085,77.35781441730197,32.20630215506365,17.985463547831475,6.7898850828509705,6.620683228736877,0,1,1,4
36,5,91.54024459821291,21.89895845274213,21.739171043377123,71.51901525352646,31.087897218617087,19.807662982630116,6.112449092321362,6.7898850828509705,1,1,1,5
36,6,47.80035676697349,22.93800941913937,22.64401245818251,66.48836323085743,36.2409628645229,19.144303676204725,5.467485978904927,6.112449092321362,2,0,0,6
36,7,25.58957883013399,20.667773719923943,23.538426017932686,61.36109189563514,32.86291604800712,21.985576534091265,4.4421555873679,5.467485978904927,3,0,0,7
36,8,18.399297276599217,20.271931452292844,19.391289807191352,56.19117358472948,27.79193136217813,26.81963357723485,3.5951407767673875,4.4421555873679,4,0,0,8
36,9,10.090904496524221,18.07238987949121,17.628182027838488,50.896001946303016,31.89864748896018,22.017065630892795,3.3091032055361915,3.5951407767673875,5,0,1,9
37,0,175.1876050658676,21.0,21.0,40.0,33.93792267834392,22.819069160221524,7.953062398517254,0.0,0,0,0,0
37,1,175.1876050658676,19.27875845356688,19.05638138320443,50.21625853094178,33.93792267834392,22.819069160221524,7.953062398517254,7.953062398517254,0,0,0,1
37,2,175.1876050658676,17.612575337076454,17.46458674333511,59.76477634642296,31.89120346981068,21.156117727307,8.053705764268091,7.953062398517254,0,1,1,2
37,3,129.33528006675976,19.35545603587445,19.09689676210889,69.37963044656408,34.281824353146646,19.13403175874846,7.64205416651797,8.053705764268091,0,1,1,3
37,4,89.46612771052915,20.970969870258266,20.894942411068023,79.04009154521091,30.674495195905592,22.994733129910152,6.644858726038436,7.64205416651797,0,1,1,4
37,5,53.99656402152774,21.958678215419358,21.770644130896297,72.72141141368414,29.385835469428915,18.843719355422373,4.433695461125177,6.644858726038436,1,1,1,5
37,6,28.5137406177765,22.88826415227325,22.766051457898463,67.60274090007275,31.91371045548319,22.982564468898016,3.185352925468905,4.433695461125177,2,0,0,6
37,7,17.20701365644781,20.67360614371015,23.628267074298165,62.750951650131995,30.239546248830663,26.139402362609644,2.2613453922657376,3.185352925468905,3,0,0,7
37,8,5.011137906087931,23.456088534564458,19.4089067668399,58.622044527279115,34.21706742800142,26.177893000593663,2.4391751500719754,2.2613453922657376,4,0,0,8
37,9,0.0,18.619783241853703,19.622397508644507,54.86390111001245,36.51588598464552,25.938872808317434,2.5055689530439653,2.4391751500719754,5,0,0,9
38,0,184.56905718815415,21.0,21.0,40.0,27.41719516140864,24.44350780714981,6.733652532076555,0.0,0,0,0,0
38,1,184.56905718815415,19.148343903228174,19.088870156143,49.33492653434052,27.41719516140864,24.44350780714981,6.733652532076555,6.733652532076555,0,0,0,1
38,2,184.56905718815415,17.513826154714632,17.55031080482766,59.55941705893938,27.93529941864322,28.867425718017135,6.869949038682512,6.733652532076555,0,1,1,2
38,3,145.5786073859631,19.265906084706984,19.21149108335395,69.50517396881992,28.713842685424147,26.54036236946776,6.498408300365173,6.869949038682512,0,1,1,3
38,4,111.90538850758638,20.976531218264398,20.93247577234308,79.35062805336892,28.85798222637257,25.83898491001079,5.612203146396117,6.498408300365173,0,1,1,4
38,5,68.5188139588529,21.987901926436084,21.939289190921514,74.46369971604203,29.637599961921737,26.54613149737328,5.423321818591685,5.612203146396117,1,1,1,5
38,6,33.44811423902051,23.05508958283085,22.974527913138107,71.12000912916606,34.75727451735574,30.0,4.383837464979049,5.423321818591685,2,0,0,6
38,7,14.527989301192754,21.026675797126973,23.835910336125743,68.27469084146726,39.13635380411853,28.389655708665888,3.784024987565551,4.383837464979049,3,0,0,7
38,8,6.885889225863555,20.853809866493265,19.723051880585622,66.0108071162055,42.57779136836207,28.178410157961466,3.8210500376646,3.784024987565551,4,0,0,8
38,9,0.0,18.085346211814137,18.2228871503176,63.38101899367686,39.40386109136349,29.319538227921853,3.4429446129317776,3.8210500376646,5,0,0,9
39,0,98.38700392160936,21.0,21.0,40.0,26.884939390196006,24.75378607633906,3.549699653460328,0.0,0,0,0,0
39,1,98.38700392160936,19.13769878780392,19.095075721526783,49.29497058397631,26.884939390196006,24.75378607633906,3.549699653460328,3.549699653460328,0,0,0,1
39,2,98.38700392160936,17.469098851675632,17.331796831067077,57.18624997270672,25.67244403654346,18.167997011958807,2.6241006566328373,3.549699653460328,0,1,1,2
39,3,83.95719378234818,18.401842512012657,18.290736512604777,50.80089793367236,27.73699280911009,20.12216252958788,1.8037262674076469,2.6241006566328373,1,1,1,3
39,4,71.51901714854212,19.448241555509973,19.332384922121424,44.54795436332901,28.02708980154136,20.56766814099561,1.5547720792257582,1.8037262674076469,2,1,1,4
39,5,53.05539197085312,20.479976219694883,20.47459559303305,38.24733443944139,25.1683850728276,23.161504238907817,2.307953147211124,1.5547720792257582,3,1,1,5
39,6,31.54305127640589,21.5716606115856,21.462982359463865,32.0270894957903,27.145519492865287,21.63089748685088,2.689042586805904,2.307953147211124,4,1,1,6
39,7,6.291129448930613,22.503907231876173,22.434433079346864,27.122852461672245,30.595726720484485,25.491845312192996,3.15649022843441,2.689042586805904,5,0,0,7
39,8,6.291129448930613,20.91478586356525,20.8183929710758,37.05221368291035,30.51243740408976,24.650680491677463,2.84357949728947,3.15649022843441,5,0,0,8
39,9,0.0,18.574288968711944,18.530133648285467,32.22196044491923,30.076126265468627,26.42246685680295,3.1455647244653067,2.84357949728947,6,0,0,9
40,0,250.04794378390974,21.0,21.0,40.0,26.13526509433376,24.3194108763197,7.44725631006753,0.0,0,0,0,0
40,1,250.04794378390974,19.122705301886675,19.086388217526395,49.08184167471762,26.13526509433376,24.3194108763197,7.44725631006753,7.44725631006753,0,0,0,1
40,2,250.04794378390974,17.461729293338024,17.51923974083672,58.78559724466917,25.789493528433376,28.120259637964104,8.158871391106395,7.44725631006753,0,1,1,2
40,3,200.29134841078252,19.195962466159745,19.201777208095297,68.68809690577379,26.93024659843937,28.08364040769745,8.292765895521203,8.158871391106395,0,1,1,3
40,4,151.1569609750717,21.02620340215819,20.970815740436922,79.97088605803917,32.6821619570299,30.0,8.189064572618467,8.292765895521203,0,1,1,4
40,5,94.40325773485876,22.001884605470455,22.049671861738478,75.49034743827441,28.441452112418013,30.0,7.094212905026619,8.189064572618467,1,0,0,5
40,6,66.10369887837699,23.052606084926563,20.006942044998247,71.40867322320533,31.111879312116848,29.545486159721573,5.659911771296353,7.094212905026619,2,0,0,6
40,7,39.54454269427947,19.172270812904877,22.976351362767897,68.1952411822446,35.48093310577375,30.0,5.311831236819503,5.659911771296353,3,0,0,7
40,8,28.438229612362306,19.659689136356203,18.361119560375933,64.90998806025962,36.474598825575775,28.607328274507715,5.553156540958584,5.311831236819503,4,0,0,8
40,9,28.438229612362306,17.44590079257355,17.740877227788527,75.29113156961272,31.2013706876807,26.47164880872539,4.821941149821948,5.553156540958584,4,1,1,9
41,0,156.42622443514944,21.0,21.0,40.0,26.44633370645822,20.839991102824285,3.102958583894277,0.0,0,0,0,0
41,1,156.42622443514944,19.128926674129165,19.016799822056488,48.51153846567085,26.44633370645822,20.839991102824285,3.102958583894277,3.102958583894277,0,0,0,1
41,2,156.42622443514944,17.316714574724557,17.39303888450037,56.28762674921613,20.533088878220013,22.667401585920437,2.561894358551016,3.102958583894277,0,1,1,2
41,3,132.45875583407906,18.467078755728387,18.290932172259083,51.22941385100614,31.44730754616413,23.784843019335973,2.9959335751337983,2.561894358551016,1,1,1,3
41,4,105.41142820965132,19.445565978625698,19.45140226778899,45.49354778241509,26.90889751196228,24.558513218087423,3.380915953053469,2.9959335751337983,2,1,1,4
41,5,69.96768665752171,20.545653032233187,20.4806541470414,38.89617783030267,24.92183898297999,21.75943906083988,4.430467694016202,3.380915953053469,3,1,1,5
41,6,29.20881709293606,21.61976381648359,21.511247696610276,32.96219329602333,28.383770929439788,21.982981657897223,5.094858695573207,4.430467694016202,4,1,1,6
41,7,0.0,23.157269453415402,23.11984584684543,41.72634597268575,26.094329609583674,22.595407482985337,4.86813618215601,5.094858695573207,4,0,0,7
41,8,0.0,21.421043356078563,21.380334659066524,50.42542240725407,25.46249568170993,22.865706732558507,5.241234641353593,4.86813618215601,4,0,0,8
41,9,0.0,19.719047638868005,19.723002288421153,60.38140159980602,27.86194674585024,27.449048768327252,5.14979609092859,5.241234641353593,4,0,0,9
42,0,176.73628997210253,21.0,21.0,40.0,29.987010434134508,19.76712411690996,5.834657414711694,0.0,0,0,0,0
42,1,176.73628997210253,19.19974020868269,18.995342482338202,48.955744219188006,29.987010434134508,19.76712411690996,5.834657414711694,5.834657414711694,0,0,0,1
42,2,176.73628997210253,17.580409106410617,17.410634775789898,58.86366113134814,33.29933263576874,21.74465020956532,5.9607067277296135,5.834657414711694,0,1,1,2
42,3,141.21750676686372,19.228307131906895,19.149490835991795,68.50507916623688,30.025431641112768,23.53800188604692,5.919797200873134,5.9607067277296135,0,1,1,3
42,4,99.02214382937677,20.264380898109323,20.111083282822815,62.955401485021966,30.67445793148462,21.82733272843251,5.274420367185867,5.919797200873134,1,1,1,4
42,5,63.252908220313586,21.373367720754548,21.23138515203675,58.58822570496861,34.23491916577876,24.83632650059146,4.471154451132899,5.274420367185867,2,1,1,5
42,6,25.855437396812,22.40714801248634,22.213969089506662,53.279781353296045,32.8153302518961,21.026645572145227,4.674683852937698,4.471154451132899,3,0,0,6
42,7,0.0,20.33808423637509,23.07049022702774,48.757211228153466,37.24266403063518,20.96527971857273,5.1710874793624,4.674683852937698,4,0,0,7
42,8,0.0,20.665829803744547,19.707084902328113,58.83529865961974,31.470264915144558,24.51910970411249,5.04239088261551,5.1710874793624,4,0,0,8
42,9,0.0,18.627888285379587,18.725008215491048,69.65944981789158,34.829675058591924,25.30449804291834,4.839419026145672,5.04239088261551,4,0,0,9
43,0,47.947782523824166,21.0,21.0,40.0,29.811094768392017,22.949714610376667,2.890251659731517,0.0,0,0,0,0
43,1,47.947782523824166,19.19622189536784,19.058994292207533,49.496945688178364,29.811094768392017,22.949714610376667,2.890251659731517,2.890251659731517,0,0,0,1
43,2,47.947782523824166,17.702858525300062,17.514877147489848,60.95800739355175,37.56502398388372,26.107541045968468,0.8512263544070675,2.890251659731517,0,1,1,2
43,3,42.28505419909124,18.753541296864913,18.639728945380728,57.50247239378896,36.323127454673454,27.81278921331106,0.7078410405916155,0.8512263544070675,1,1,1,3
43,4,38.31388516401005,19.891486474355382,19.832844840313964,54.06727349399867,34.444080987749395,29.80481401341568,0.4963961293851486,0.7078410405916155,2,1,1,4
43,5,31.09596072416974,21.137814988524145,21.001423941375883,50.78464844465249,36.39785218583333,28.698675317799022,0.9022405549800392,0.4963961293851486,3,1,1,5
43,6,19.96838302960745,22.264625758270196,22.087557750698146,46.826464693177314,36.121344844371016,25.22207875854469,1.3909472118202864,0.9022405549800392,4,0,0,6
43,7,12.860716563190973,20.133476162080434,23.11694398186262,43.058867796396505,32.942434293400204,29.45980516892865,1.4215332932832951,1.3909472118202864,5,0,0,7
43,8,4.9676784215134475,22.931770493332284,18.865422932008425,37.83651368889943,31.44280786390493,22.87744709444464,1.578607628335505,1.4215332932832951,6,0,0,8
43,9,0.0,18.07355233973277,19.103335883454918,33.13993272195359,33.37362654202585,23.867590308275037,2.4838392107567238,1.578607628335505,7,0,0,9
44,0,90.78166669169879,21.0,21.0,40.0,25.90418423101937,18.722284496043383,4.654610242215172,0.0,0,0,0,0
44,1,90.78166669169879,19.118083684620387,18.97444568992087,48.0327643708713,25.90418423101937,18.722284496043383,4.654610242215172,4.654610242215172,0,0,0,1
44,2,90.78166669169879,17.39622337140043,17.314469118068015,56.24820061192786,25.941797518713987,19.69951493160024,1.7241495182611497,4.654610242215172,0,1,1,2
44,3,82.73317345793629,18.358039009913554,18.239226701946876,49.73567462360201,27.15978129825489,19.992852099934836,1.006061654220312,1.7241495182611497,1,1,1,3
44,4,69.95103550549236,19.398591075031057,19.252884321386357,43.09240915566457,27.74691262881912,18.67939032708398,1.5977672440554924,1.006061654220312,2,1,1,4
44,5,53.02295800892058,20.42281672779076,20.327990026878865,36.00402746708543,25.440185706857164,18.513249356592056,2.116009687071472,1.5977672440554924,3,1,1,5
44,6,32.45852364533349,21.46775213485887,21.347814297731656,29.462590647576185,27.205655019715987,19.786362649677116,2.5705542954483858,2.116009687071472,4,1,1,6
44,7,9.487810618040063,22.42059914750487,22.302399792707646,24.39480123588084,31.443991504786457,23.7349562080172,2.871339128411679,2.5705542954483858,5,0,0,7
44,8,9.487810618040063,20.83143963998132,20.77219813128932,34.90255799197047,31.555746089639232,26.82068033308093,3.297581507654737,2.871339128411679,5,0,0,8
44,9,0.0,18.53417206973155,18.534982826857238,30.80417788360208,30.70631986380228,29.85823508970669,4.743905309020032,3.297581507654737,6,0,0,9
45,0,39.05938320669562,21.0,21.0,40.0,30.254637820087137,24.15019091140085,3.5976983036800734,0.0,0,0,0,0
45,1,39.05938320669562,19.205092756401744,19.08300381822802,49.79286917166784,30.254637820087137,24.15019091140085,3.5976983036800734,3.5976983036800734,0,0,0,1
45,2,39.05938320669562,17.55073018111815,17.469842290960205,59.21313093549671,29.105258078665106,23.22952949816192,2.0809784299933503,3.5976983036800734,0,1,1,2
45,3,34.321065788481036,18.59314522175383,18.47727131309632,54.4489344949381,31.93629455773724,24.92928077249275,0.5922896772768235,2.0809784299933503,1,1,1,3
45,4,30.112062705593683,19.801151459308738,19.61987349629627,50.89909339347224,37.20700033061553,26.404993550129674,0.5261253853609194,0.5922896772768235,2,1,1,4
45,5,23.086892113429407,20.992134649164306,20.90935802278661,47.933533531005175,36.858000764071846,30.0,0.8781463240205345,0.5261253853609194,3,1,1,5
45,6,16.880818924811926,22.19569462710536,22.068088196334568,45.105488299162076,37.621970934205024,30.0,0.7757591485771851,0.8781463240205345,4,0,0,6
45,7,12.795299173817673,20.137962825055283,23.08054833347607,41.7667560864561,34.784821040522374,30.0,0.8171039501988502,0.7757591485771851,5,0,0,7
45,8,3.147335982325082,23.010291484148016,21.991679180378256,38.64585991346389,36.39342691166532,29.601594349489066,1.205995398936574,0.8171039501988502,6,0,0,8
45,9,0.0,20.011788087596464,20.118041462909915,34.567055254983174,35.31991162187953,25.353395831005383,1.573667991162541,1.205995398936574,7,0,0,9
46,0,107.33617632486443,21.0,21.0,40.0,29.4495500706672,18.6187221624415,4.5438854064702365,0.0,0,0,0,0
46,1,107.33617632486443,19.188991001413346,18.97237444324883,48.652289001959566,29.4495500706672,18.6187221624415,4.5438854064702365,4.5438854064702365,0,0,0,1
46,2,107.33617632486443,17.633868661879266,17.373555945127933,58.98074213288544,36.822589690922285,20.557705480888096,3.318594556676413,4.5438854064702365,0,1,1,2
46,3,90.77021141185296,19.286018359684558,19.283253308757597,70.21273960173126,33.221464617825134,29.178521320207217,2.760994152168577,3.318594556676413,0,1,1,3
46,4,72.0978810183099,20.397835147046003,20.34714616789476,66.43777915219192,32.46862777867955,29.89270305721302,2.3340412991928807,2.760994152168577,1,1,1,4
46,5,53.158380450722504,21.54784975289081,21.402128355465884,62.184541706757244,33.87532048638328,25.828915927868483,2.3674375709484248,2.3340412991928807,2,1,1,5
46,6,27.050578298777364,22.545948593883338,22.381086272589663,56.83303282732503,32.01583273682822,21.586895710770563,3.263475268993142,2.3674375709484248,3,0,0,6
46,7,9.666285157921084,20.38111397423437,23.27917921547979,52.097997346696445,32.298626710154295,24.728953953020262,3.4768586281712563,3.263475268993142,4,0,0,7
46,8,9.666285157921084,20.801161928179667,19.749002487453556,61.73241048108606,31.33075541544981,22.19376199782585,4.762002933142295,3.4768586281712563,4,0,0,8
46,9,9.666285157921084,18.61088397048203,18.780464449371152,71.4669062627603,30.691949893423917,23.388582226988508,4.7117340763246425,4.762002933142295,4,0,0,9
47,0,95.20629900702785,21.0,21.0,40.0,29.243793583307443,15.3766626812058,4.877650132873091,0.0,0,0,0,0
47,1,95.20629900702785,19.18487587166615,18.907533253624116,48.031682127612385,29.243793583307443,15.3766626812058,4.877650132873091,4.877650132873091,0,0,0,1
47,2,95.20629900702785,17.513988604646734,17.249365724225846,56.722048942239184,32.835549464245176,15.444266172570392,3.821886412746363,4.877650132873091,0,1,1,2
47,3,82.12966312415503,19.161875743364256,19.013754043019006,66.38823872544538,32.53824128736074,21.16281306378475,2.179439313812137,3.821886412746363,0,1,1,3
47,4,67.26754837511203,20.243245101098648,20.07541101423871,61.96485072415244,34.68624269827398,24.072712850098597,1.857764343630376,2.179439313812137,1,1,1,4
47,5,56.955056779742776,21.304072079233464,21.21814806042405,57.315025677212745,32.15734210240793,25.3436298590382,1.2890614494211567,1.857764343630376,2,1,1,5
47,6,46.103988174358065,22.384077261559042,22.290188822768155,53.15343730493164,33.09834007672874,27.11505785504288,1.356383575673089,1.2890614494211567,3,0,0,6
47,7,35.25033866066941,20.23018535604459,23.153850337446144,47.97951149367324,29.907189280175064,24.682111768389365,2.170729902737732,1.356383575673089,4,0,0,7
47,8,30.006379676612315,19.99767048471527,19.000218209858378,43.48112885793641,32.179978856086194,26.16233983426476,2.621979492028545,2.170729902737732,5,0,0,8
47,9,23.966384903031148,17.27240651099444,17.43665498820624,39.24847569432065,33.283976898865824,26.534616636602195,3.019997386790584,2.621979492028545,6,1,1,9
48,0,137.36639153772083,21.0,21.0,40.0,32.077185826254336,16.38042125620044,5.698919282270699,0.0,0,0,0,0
48,1,137.36639153772083,19.241543716525086,18.92760842512401,48.72236927484186,32.077185826254336,16.38042125620044,5.698919282270699,5.698919282270699,0,0,0,1
48,2,137.36639153772083,17.64368851599453,17.508310881508912,60.288923274639885,37.868272213754224,26.39036111845704,5.13764505915,5.698919282270699,0,1,1,2
48,3,108.47183224640837,19.384926671429067,19.329375323375316,71.65513787772619,33.97693430189244,29.16870238192036,4.815759881885412,5.13764505915,0,1,1,3
48,4,72.74376841358755,20.488720815195226,20.374004182334478,67.7651249279533,34.14562607144157,27.576524207597902,4.466007979102603,4.815759881885412,1,1,1,4
48,5,45.281153135074476,21.612475185604524,21.548138842129962,64.45388692794833,34.93756666663909,30.0,3.432826909814134,4.466007979102603,2,1,1,5
48,6,22.6096177038425,22.71956583574471,22.61310955090791,61.04699178317257,35.346998739268926,29.05913934531021,2.833941928903997,3.432826909814134,3,0,0,6
48,7,7.626240212650294,20.64313892973709,23.558377465031686,57.89727693458062,35.834917507822496,30.0,2.996675498238441,2.833941928903997,4,0,0,7
48,8,7.626240212650294,21.082973200064387,20.07124970367313,68.58430850096644,33.11499719058823,26.257400400444176,3.4115616200073817,2.996675498238441,4,0,0,8
48,9,0.0,18.152151135948184,18.350787748838634,63.03024471339863,28.860722601873697,23.61670080052735,3.813120106325147,3.4115616200073817,5,0,0,9
49,0,88.2943734097027,21.0,21.0,40.0,34.66788230859014,19.37149424433721,3.408745208019633,0.0,0,0,0,0
49,1,88.2943734097027,19.293357646171803,18.987429884886744,49.727087779526926,34.66788230859014,19.37149424433721,3.408745208019633,3.408745208019633,0,0,0,1
49,2,88.2943734097027,17.67635369628029,17.488453127442245,60.504661961080224,36.92967849045933,22.945733629281232,1.647990222651701,3.408745208019633,0,1,1,2
49,3,82.53764094006918,18.7927524097114,18.511106637425897,56.673149882788096,39.473976133722616,22.573178986876645,0.7195915587041898,1.647990222651701,1,1,1,3
49,4,75.03640922079116,19.914374049930572,19.745813247857228,53.38488551144147,38.858962312456505,26.206235624506657,0.9376539649097528,0.7195915587041898,2,1,1,4
49,5,57.505446250952424,21.129511588858563,20.930071082132287,49.904920668653205,38.25031634262834,25.74987897521464,2.1913703712298416,0.9376539649097528,3,1,1,5
49,6,33.26727370057496,22.204377444108506,22.115690008749755,46.302908109351634,35.37406590857813,27.9480865397465,3.029771568797183,2.1913703712298416,4,0,0,6
49,7,20.445148922720684,20.15965036583079,23.100038567402517,42.87887037067473,34.310901451794976,30.0,2.564424955570855,3.029771568797183,5,0,0,7
49,8,6.925304100008684,22.958306436189485,19.009996216768677,39.12142211848367,32.88415438431264,29.574466436848137,2.7039689645424,2.564424955570855,6,0,0,8
49,9,0.0,18.162318373283007,19.232697311195803,35.00200355945656,33.0766905338719,27.37098413819972,3.462652050004342,2.7039689645424,7,0,0,9
50,0,185.44809649316412,21.0,21.0,40.0,29.218066717050583,15.959486398172444,7.9803937171331825,0.0,0,0,0,0
50,1,185.44809649316412,19.184361334341013,18.91918972796345,48.13195956074014,29.218066717050583,15.959486398172444,7.9803937171331825,7.9803937171331825,0,0,0,1
50,2,185.44809649316412,17.383306577859564,17.330763539507924,56.288518782006115,25.95947195458388,19.354745941338184,8.00085261415287,7.9803937171331825,0,1,1,2
50,3,140.1789693998649,19.07593716230576,18.91625260417262,64.70295049925963,27.759608177781093,18.98723469584954,7.5448545155498685,8.00085261415287,0,1,1,3
50,4,106.6254556527104,20.714756275060843,20.705612281085127,74.08083862647376,27.475923277652807,24.62345520687017,5.592252291192419,7.5448545155498685,0,1,1,4
50,5,67.79020274339896,21.848541041807877,21.551649996253257,68.40888089461693,33.40208461630324,18.420372428936545,4.854406613663929,5.592252291192419,1,1,1,5
50,6,32.85141226728655,22.721358681895914,22.598587961178325,62.9468532739899,31.79031858007983,21.198416860881103,4.367348809514051,4.854406613663929,2,0,0,6
50,7,9.46017198539069,20.570707122950957,23.406770547413284,57.88389272874197,32.62208216813495,22.58369258048766,4.678248056379172,4.367348809514051,3,0,0,7
50,8,0.0,20.322416927987852,19.230403480783526,53.57301550810931,35.721868217105595,23.662147223824093,4.730085992695345,4.678248056379172,4,0,0,8
50,9,0.0,18.157642386263248,18.447093344264978,64.30648354143992,30.769015885463187,28.861362077484664,5.528298786979815,4.730085992695345,4,0,0,9
51,0,102.42106031369781,21.0,21.0,40.0,30.64393802657934,20.32068332507236,2.1840935358026163,0.0,0,0,0,0
51,1,102.42106031369781,19.212878760531588,19.006413666501448,49.17363184329731,30.64393802657934,20.32068332507236,2.1840935358026163,2.1840935358026163,0,0,0,1
51,2,102.42106031369781,17.488444493709334,17.444704888546873,58.36439939426033,28.17188819807372,22.88793152949864,0.3721148471313862,2.1840935358026163,0,1,1,2
51,3,98.29607357681104,18.484326527648765,18.363220215987486,52.30250186033605,28.18376723601623,21.472357575515527,0.5156233421108458,0.3721148471313862,1,1,1,3
51,4,88.26367454418393,19.582120139607415,19.480557826531292,47.33278316250609,31.30924767039048,24.41453734166527,1.2540498790783896,0.5156233421108458,2,1,1,4
51,5,66.81455950448266,20.70862304157582,20.640029416620166,42.29427199092166,30.14736027311659,25.19424432919215,2.681139379962658,1.2540498790783896,3,1,1,5
51,6,37.5659852566647,21.71897987364828,21.717921664462345,36.5023009225298,26.11876556017168,25.03695072654021,3.656071780977245,2.681139379962658,4,1,1,6
51,7,9.6707892017242,23.334524788599577,23.334558086202414,46.316452567426936,27.268636475760243,27.254428218112764,4.649199342490084,3.656071780977245,4,0,0,7
51,8,9.6707892017242,21.580881708009947,21.647641838668243,55.68490143200977,24.35421606980689,27.6927220667644,4.738441990791925,4.649199342490084,4,0,0,8
51,9,0.0,19.146375828019725,19.16187830244154,49.57683964769254,23.81156553641412,25.58809121737903,4.8353946008621,4.738441990791925,5,0,0,9
52,0,219.90520804801025,21.0,21.0,40.0,26.97908180760525,21.78795921492037,7.628802819259527,0.0,0,0,0,0
52,1,219.90520804801025,19.139581636152105,19.03575918429841,48.77806738405461,26.97908180760525,21.78795921492037,7.628802819259527,7.628802819259527,0,0,0,1
52,2,219.90520804801025,17.502261972379873,17.495674509116384,58.90792684149646,29.081853463384,27.19514352240409,8.686858000619516,7.628802819259527,0,1,1,2
52,3,167.78702746008372,19.205556125417342,19.238986646501306,69.09421805826933,27.508896327301755,29.081610432547564,8.68636343132109,8.686858000619516,0,1,1,3
52,4,120.78091879969949,21.055381946518356,20.910019383357564,79.71334180498685,32.88090113399442,26.11423079221399,7.834351443397368,8.68636343132109,0,1,1,4
52,5,67.18675583987198,22.152398666820734,21.915012054622363,75.63159575635507,37.35336772691018,23.303598669579863,6.69927036997844,7.834351443397368,1,0,1,5
52,6,29.547380486562126,23.163305782066164,23.001533155167273,72.3691193477669,38.4289474623262,26.779516934406207,4.704921919163732,6.69927036997844,2,0,0,6
52,7,10.985528011342295,21.037150642987122,23.817765193379962,68.35947471385508,37.22669584772122,23.830833963879797,3.712370495043966,4.704921919163732,3,0,0,7
52,8,4.963052365320342,20.78836204000521,19.704296724893215,65.39989355374281,39.69263163843063,27.198584138723422,3.011237823010976,3.712370495043966,4,0,0,8
52,9,0.0,18.040566930993673,18.17321169180909,62.60205693291513,38.70926911843311,29.08052743252425,2.481526182660171,3.011237823010976,5,0,0,9
53,0,181.32632639424088,21.0,21.0,40.0,32.15040635947739,16.98588571567614,6.51305022031198,0.0,0,0,0,0
53,1,181.32632639424088,19.243008127189547,18.939717714313524,48.84453257352764,32.15040635947739,16.98588571567614,6.51305022031198,6.51305022031198,0,0,0,1
53,2,181.32632639424088,17.40622236693653,17.38115716238843,57.019560790902105,25.609719925201645,19.8071035046565,6.485602323948595,6.51305022031198,0,1,1,2
53,3,142.5373413163999,19.092320971399182,19.063782691888786,66.31541134258637,26.723253109882407,24.9203610661413,6.464830846306827,6.485602323948595,0,1,1,3
53,4,107.75686011065002,20.84421033880891,20.697514990901322,75.45780786772124,29.276966697170145,21.514125109134675,5.796746867624979,6.464830846306827,0,1,1,4
53,5,69.24221742662291,21.813555753485204,21.72900896492139,70.08422339310297,29.95392794946264,23.526158302658114,4.814330335503388,5.796746867624979,1,1,1,5
53,6,39.616261464916676,22.79558246008529,22.7116201831679,65.15427296328825,30.705517754344644,25.239202080017986,3.703244495213281,4.814330335503388,2,0,0,6
53,7,23.261721247262237,20.5546301937351,23.61391248019418,60.294123848676264,27.31391237481465,29.01859254400765,3.2709080435308877,3.703244495213281,3,0,0,7
53,8,18.249849264432243,20.189093364785695,19.35821586678604,54.38601950436998,23.082586011808587,27.427945408712063,2.5059359914149963,3.2709080435308877,4,0,0,8
53,9,12.40161637729058,17.963625954884698,17.69132923378969,48.98473298760358,25.170508358217145,28.15567765974726,2.2656475064263253,2.5059359914149963,5,1,1,9
54,0,104.10325028853805,21.0,21.0,40.0,33.19546111629865,19.02161508290255,4.375828190331141,0.0,0,0,0,0
54,1,104.10325028853805,19.263909222325974,18.980432301658052,49.39907371585622,33.19546111629865,19.02161508290255,4.375828190331141,4.375828190331141,0,0,0,1
54,2,104.10325028853805,17.567400457008247,17.472558318727646,59.34822812283336,32.133670381405466,23.139409657356428,3.096660304303766,4.375828190331141,0,1,1,2
54,3,93.49462305844541,19.251834081080546,19.159378201939674,68.8941643561793,29.539202552698423,23.493776521445675,1.7681045383487723,3.096660304303766,0,1,1,3
54,4,76.9170178251847,20.2375554322724,20.191571242174106,63.55679316410934,28.6836594235974,24.997611731569428,2.072200654157589,1.7681045383487723,1,1,1,4
54,5,54.22881326724666,21.314014812060012,21.254940369683773,58.43277196716197,29.25501693806712,25.61153196778081,2.8360255697422554,2.072200654157589,2,1,1,5
54,6,30.138164530907474,22.332638663427336,22.33111334142623,53.79800303871937,29.27349989995337,28.311117164254465,3.011331092042398,2.8360255697422554,3,0,0,6
54,7,12.103042623933225,20.206766757115975,23.215638599419385,49.05456823859902,28.280102745977533,28.7008150311316,3.6070243813948495,3.011331092042398,4,0,0,7
54,8,12.103042623933225,20.768547487217713,19.67750709062814,59.678884281650554,34.22146010594014,24.802517911012835,4.484597988090421,3.6070243813948495,4,0,0,8
54,9,12.103042623933225,18.62797964748601,18.79172715099127,70.51189515701944,34.18081226281503,26.002581489234323,4.81569859788665,4.484597988090421,4,0,0,9
55,0,182.58475033298882,21.0,21.0,40.0,28.997468520857502,17.531056450986682,6.586273447994834,0.0,0,0,0,0
55,1,182.58475033298882,19.17994937041715,18.950621129019734,48.375134494931956,28.997468520857502,17.531056450986682,6.586273447994834,6.586273447994834,0,0,0,1
55,2,182.58475033298882,17.384016654802014,17.274373789042254,55.81171921371631,25.11821322887552,16.196146319926427,6.586015885204269,6.586273447994834,0,1,1,2
55,3,144.64767805375203,18.983830079795396,18.915796708926514,63.84408948669963,24.83529541209621,19.7889838822556,6.322845379872796,6.586015885204269,0,1,1,3
55,4,111.35816826864328,20.727519597381107,20.64998054514503,73.58592201116268,29.509372488704827,24.611919313867688,5.5482516308514604,6.322845379872796,0,1,1,4
55,5,73.45890952990416,21.76498446758366,21.5878746383299,67.83521104029828,30.70175814849115,20.68318090226213,4.73740734234239,5.5482516308514604,1,1,1,5
55,6,36.528570402165805,22.70407268501744,22.547342535816014,62.139789269899495,31.09262808722004,20.599473188342312,4.616292390967295,4.73740734234239,2,0,0,6
55,7,11.27448084601942,20.443630837121432,23.455311947301144,56.92511927132696,28.064920590705103,26.29802386166976,5.050817911229276,4.616292390967295,3,0,0,7
55,8,0.0,20.21755186442061,19.29520148327638,52.88977107715232,30.928517329550584,29.986214925034695,5.63724042300971,5.050817911229276,4,0,0,8
55,9,0.0,18.195772705006146,18.290529888872165,62.88188407533622,32.30456770133104,23.207171177468403,6.1499460162947726,5.63724042300971,4,0,0,9
56,0,257.6012604010843,21.0,21.0,40.0,26.619574452116694,15.038631154240514,7.097909666639003,0.0,0,0,0,0
56,1,257.6012604010843,19.132391489042334,18.900772623084812,47.498477009144295,26.619574452116694,15.038631154240514,7.097909666639003,7.097909666639003,0,0,0,1
56,2,257.6012604010843,17.390040285067663,17.259010788932905,55.639999136544205,27.628218140827848,17.6024603447272,7.459345216170991,7.097909666639003,0,1,1,2
56,3,213.49939946906017,19.06855271929122,18.90684730218106,64.42997740001478,29.44196293618293,19.39124963865361,7.350310155337353,7.459345216170991,0,1,1,3
56,4,168.0788497547445,20.833389504934612,20.675159501766608,74.73748651677562,33.800510476306364,23.46342906125385,7.5700916190526115,7.350310155337353,0,1,1,4
56,5,104.7505742256131,21.78137725245865,21.73279688634261,69.37711504208232,29.17798008029097,24.37551172696851,7.916034441141425,7.5700916190526115,1,1,1,5
56,6,47.011991324390706,22.846245260955218,22.73821912293309,65.37248397278688,33.60769767060292,27.47768527775572,7.217322862652798,7.916034441141425,2,0,0,6
56,7,12.74951660956975,20.632309390697255,23.627086757277258,60.70419602543747,29.63996201691753,27.758438275585707,6.852494942964192,7.217322862652798,3,0,0,7
56,8,0.0,20.456799860605674,19.398560471593942,56.8326384470157,34.90749453588269,26.917185583996357,6.374758304784875,6.852494942964192,4,0,0,8
56,9,0.0,18.32747256827028,18.5171615383794,67.27461848567069,32.20007127223505,25.810928942514856,6.010626798466414,6.374758304784875,4,0,0,9
57,0,274.8319712636801,21.0,21.0,40.0,31.569373378022984,21.37348539219084,7.750110584172605,0.0,0,0,0,0
57,1,274.8319712636801,19.23138746756046,19.027469707843817,49.52971457863849,31.569373378022984,21.37348539219084,7.750110584172605,7.750110584172605,0,0,0,1
57,2,274.8319712636801,17.621831029935592,17.377619668564737,58.99671951399151,33.931903163682385,18.662568699389933,9.04507127154356,7.750110584172605,0,1,1,2
57,3,218.84220157675486,19.382682529122025,19.194775181905516,70.36698002501147,38.11332586574945,25.05478808436148,9.3316282811542,9.04507127154356,0,1,1,3
57,4,147.7977071861297,20.56262372614159,20.357220947638154,68.09948286008137,41.91243799745935,28.823688864040044,8.880561798828143,9.3316282811542,1,1,1,4
57,5,84.9030116371888,21.614178531431964,21.515351879471737,64.04582293097403,34.41768733470548,26.39531305914268,7.861836943617614,8.880561798828143,2,1,1,5
57,6,33.10687482040036,22.703843962381757,22.607130149425412,60.69539360891858,35.51896376345633,29.200873336235624,6.474517102098555,7.861836943617614,3,0,0,6
57,7,6.913591252444563,20.71543985539971,23.52352796363402,58.05852190495935,39.86517393587248,28.818872153242918,5.238656713591158,6.474517102098555,4,0,0,7
57,8,6.913591252444563,21.251907805044688,20.179027400642518,70.93260765234623,41.52269859659381,30.0,3.9557327294411153,5.238656713591158,4,0,0,8
57,9,0.0,18.53827948205682,18.535598383473353,68.27562504567614,42.39978992351935,26.17252892831344,3.4567956262222816,3.9557327294411153,5,0,0,9
58,0,131.948388643913,21.0,21.0,40.0,25.37415128584443,15.58139350111973,5.08344749683471,0.0,0,0,0,0
58,1,131.948388643913,19.10748302571689,18.911627870022397,47.37199806165355,25.37415128584443,15.58139350111973,5.08344749683471,5.08344749683471,0,0,0,1
58,2,131.948388643913,17.39963755001902,17.19792193299503,55.1639269229165,28.15605093014989,15.1324427435332,4.609003204200628,5.08344749683471,0,1,1,2
58,3,111.14164720357405,18.93328234740025,18.842983633543138,62.57878070861791,24.36715104550054,16.826481097285097,3.46779024005649,4.609003204200628,0,1,1,3
58,4,90.09766426706275,19.988322655128272,19.799872519181573,56.6160910621403,30.4921336234914,19.715146118299657,2.6304978670639123,3.46779024005649,1,1,1,4
58,5,67.11475284355335,21.064251692615354,20.884344461024117,51.100383763361066,32.25631431277226,20.434200694009803,2.8728639279386754,2.6304978670639123,2,1,1,5
58,6,40.32865740974124,22.112227875172835,21.968279707473176,46.24132316269544,33.11728453868787,23.22126767983641,3.348261929226514,2.8728639279386754,3,0,1,6
58,7,23.360715522886238,20.04413631529455,22.870654042767846,41.65363319619957,34.339751497315454,23.50641535548529,3.393588377371001,3.348261929226514,4,0,0,7
58,8,23.360715522886238,20.495988038175682,19.480360849845184,52.16227951845721,33.382480980706234,24.99888747628065,3.55344643383984,3.393588377371001,4,0,0,8
58,9,14.498585133616674,18.004195387531375,17.835316377006155,47.81659382483775,34.874615162463826,24.31601987298364,3.9171450458364174,3.55344643383984,5,0,1,9
59,0,283.1428101734757,21.0,21.0,40.0,26.483845303341628,21.9133357931149,7.650094558098215,0.0,0,0,0,0
59,1,283.1428101734757,19.129676906066834,19.0382667158623,48.711492597362174,26.483845303341628,21.9133357931149,7.650094558098215,7.650094558098215,0,0,0,1
59,2,283.1428101734757,17.519285641855035,17.401269519965517,58.20483748574591,30.00638194150466,22.73442299396057,8.519821414727545,7.650094558098215,0,1,1,2
59,3,228.5099569280619,19.176439234895607,19.13423492303258,67.81309986597785,28.629846433613373,24.74938901211956,9.1054755409023,8.519821414727545,0,1,1,3
59,4,176.2796962608053,20.90660738682378,20.78857693173365,77.0846062841517,29.021478211153376,22.48689077870142,8.705043444542765,9.1054755409023,0,1,1,4
59,5,110.87986315348186,21.88516988230319,21.750421417891197,71.30524323596127,29.86682044516908,21.3589403982174,8.17497913841543,8.705043444542765,1,1,1,5
59,6,52.053678296829126,22.805259397570307,22.747256025956816,66.0295925161308,29.47277910723153,24.55138356037698,7.353273107081593,8.17497913841543,2,0,0,6
59,7,24.23647632110371,20.61582658043099,23.608403780077918,61.30359906051655,29.159502363666185,27.918311771810146,5.563440395145084,7.353273107081593,3,0,0,7
59,8,15.905800365030908,20.314376999718146,19.375180933448146,56.22466276926629,28.59408296148077,26.522937642684443,4.1653379780364,5.563440395145084,4,0,0,8
59,9,10.63153909442226,17.563098494225436,17.699358557971838,51.37004875001952,31.81909662767957,24.544158820949477,2.637130635304324,4.1653379780364,5,1,1,9
60,0,168.59669987990634,21.0,21.0,40.0,28.238716441256617,21.80676443699532,6.108384533467637,0.0,0,0,0,0
60,1,168.59669987990634,19.164774328825132,19.036135288739906,49.00818655808535,28.238716441256617,21.80676443699532,6.108384533467637,6.108384533467637,0,0,0,1
60,2,168.59669987990634,17.511382437637966,17.435085838938786,58.46772491462403,29.14870320294833,23.404287666710992,6.232227172576165,6.108384533467637,0,1,1,2
60,3,132.63115652039193,19.303667221068885,19.09130763897238,68.62479738434843,34.0953042363352,22.33287615102256,5.994257226585736,6.232227172576165,0,1,1,3
60,4,92.26381075961369,20.312607017228096,20.208640596497656,64.24803777192119,33.70085846057591,25.31714369260612,5.045918220097278,5.994257226585736,1,1,1,4
60,5,60.263433970999245,21.359832644636967,21.34938385006778,59.64018878346063,29.90805416287307,27.826118123457118,4.000047098576806,5.045918220097278,2,1,1,5
60,6,36.01989250077111,22.359039596624804,22.354859203283294,54.32062437552506,27.072974659652346,26.707223074038943,3.0304426837785177,4.000047098576806,3,0,0,6
60,7,22.52190358254721,20.221405290184922,23.200682615245015,49.16814347551414,27.903639545750966,26.80479989863286,2.69959778364478,3.0304426837785177,4,0,0,7
60,8,6.217665301132483,22.988027200819623,19.085753056996943,45.04456199225601,30.42454731523256,30.0,3.2608476562829454,2.69959778364478,5,0,0,8
60,9,0.0,18.139888153851523,19.325837139278374,40.70716131173559,29.236662885997664,30.0,3.1088326505662414,3.2608476562829454,6,0,0,9
61,0,122.62431510857238,21.0,21.0,40.0,34.80509278865018,22.839674169226885,5.950740135573955,0.0,0,0,0,0
61,1,122.62431510857238,19.296101855773006,19.05679348338454,50.376058052417875,34.80509278865018,22.839674169226885,5.950740135573955,5.950740135573955,0,0,0,1
61,2,122.62431510857238,17.75687915529114,17.61297726672678,62.41500537302776,38.833880342049866,28.04916032800504,5.4358662334361165,5.950740135573955,0,1,1,2
61,3,96.76646110066072,19.52121776476218,19.38384660137255,73.73343941951991,35.95363782256288,26.92655132461576,4.309642334651941,5.4358662334361165,0,1,1,3
61,4,70.44274141023021,20.595188938058,20.495919794560923,70.35370487777418,35.790527474666575,28.766502848968244,3.290464961303813,4.309642334651941,1,1,1,4
61,5,50.053977607040395,21.591143428397277,21.648594399515563,65.90467282515172,28.616488596541927,30.0,2.548595475398728,3.290464961303813,2,1,1,5
61,6,25.426958759341158,22.735588296871068,22.64926437689304,62.32647048293467,33.45443143212744,30.0,3.078377355962405,2.548595475398728,3,0,0,6
61,7,12.715559965341086,20.678140266962224,23.569987447600543,59.17362148688558,36.26000267262987,29.557502904875232,2.5422797588000146,3.078377355962405,4,0,0,7
61,8,2.983720069320106,23.498522577619486,19.46649268619704,56.38023260365115,38.01914653290039,29.79535967135276,1.9463679792041957,2.5422797588000146,5,0,0,8
61,9,0.0,18.692416735804738,19.74635625411832,53.58125764566951,37.78347245565754,30.0,1.491860034660053,1.9463679792041957,6,0,0,9
62,0,141.02620813281223,21.0,21.0,40.0,26.99117210300796,17.055563209259258,4.628507097592875,0.0,0,0,0,0
62,1,141.02620813281223,19.13982344206016,18.941111264185185,47.9284123562081,26.99117210300796,17.055563209259258,4.628507097592875,4.628507097592875,0,0,0,1
62,2,141.02620813281223,17.428249863744036,17.31224191925877,56.5059590522708,28.21705854636809,19.43597865398028,3.984692125971716,4.628507097592875,0,1,1,2
62,3,121.53365139366431,19.211245187257465,19.015038565200282,66.81322115169249,34.40650874457375,22.85605847443565,3.248759456524652,3.984692125971716,0,1,1,3
62,4,96.03505967110718,20.313261920231394,20.106862642048867,62.89275204768235,37.40800633107499,24.14494309109093,3.187323965319643,3.248759456524652,1,1,1,4
62,5,65.53524857868828,21.36704877304273,21.175298240624112,57.60217444658909,33.312375671575445,20.62885987790645,3.812476386552361,3.187323965319643,2,1,1,5
62,6,36.36413823420075,22.268814465132284,22.252308742033733,51.89927250038184,27.67604444225004,23.974500301043022,3.646388793060941,3.812476386552361,3,0,0,6
62,7,20.838717811691915,20.184606461856408,23.12792045800247,47.32222503144228,30.49358893919986,27.41170290002481,3.1050840845017684,3.646388793060941,4,0,0,7
62,8,6.5268433796987395,22.988049306629563,18.97306037635033,43.07205235777964,33.160499747933585,26.560763176162883,2.862374886398635,3.1050840845017684,5,0,0,8
62,9,0.0,18.14257859188284,19.22491669073239,38.763213238804305,32.751633619812885,26.643704608101917,3.2634216898493698,2.862374886398635,6,0,0,9
63,0,135.49595956559105,21.0,21.0,40.0,28.010417639701927,24.12407232294737,4.690605438706013,0.0,0,0,0,0
63,1,135.49595956559105,19.16020835279404,19.08248144645895,49.384208193276876,28.010417639701927,24.12407232294737,4.690605438706013,4.690605438706013,0,0,0,1
63,2,135.49595956559105,17.653497643755088,17.460648316877762,60.01442623464805,34.9325684176997,24.12419847880682,4.369617276530197,4.690605438706013,0,1,1,2
63,3,112.18989817617512,19.289077785300666,19.2534210371246,70.14102512497406,30.46723001799835,25.791652706035077,3.8843435649026543,4.369617276530197,0,1,1,3
63,4,84.42009409432916,20.315062926267302,20.247901358256716,64.94477145442086,29.17909350449297,25.286163881322544,3.4712255102307457,3.8843435649026543,1,1,1,4
63,5,53.768681480695875,21.38645568792018,21.335980897439804,60.11799824839143,30.024544838673823,26.49338179449605,3.831426576704161,3.4712255102307457,2,1,1,5
63,6,24.744735879185043,22.39848504546045,22.36724994551735,55.15787682577576,29.04799003102562,26.72911317666512,3.6279932001888544,3.831426576704161,3,0,0,6
63,7,8.649490966838249,20.34368331681706,23.286065363078755,51.45446974829319,33.05413687780154,29.704712691739772,3.2190489824693582,3.6279932001888544,4,0,0,7
63,8,8.649490966838249,20.927484609255043,19.884734697326348,63.69478743074487,38.001764902509294,30.0,3.10594675328625,3.2190489824693582,4,0,0,8
63,9,0.0,18.20206426299951,18.32920607643845,61.16593587200191,39.28415800698361,30.0,4.324745483419124,3.10594675328625,5,0,0,9
64,0,238.75776119221965,21.0,21.0,40.0,34.4068780681242,19.315241752097823,7.994737768917611,0.0,0,0,0,0
64,1,238.75776119221965,19.288137561362486,18.986304835041956,49.669981567639965,34.4068780681242,19.315241752097823,7.994737768917611,7.994737768917611,0,0,0,1
64,2,238.75776119221965,17.526714373719173,17.461721694678626,58.9116145419689,29.559765129886983,21.78264028305155,9.1885897638927,7.994737768917611,0,1,1,2
64,3,185.33540287153699,19.271235144193263,19.196594856327,69.3844441622538,31.444645679141026,26.737741100219523,8.903726386780443,9.1885897638927,0,1,1,3
64,4,140.47112985811302,21.0464458875105,20.935722561872666,79.96584543286346,32.72066660719193,26.06489600730617,7.477378835570661,8.903726386780443,0,1,1,4
64,5,88.30330869284467,22.036567769976063,21.920020990308267,74.75088806579403,30.92476841434141,23.436579546384007,6.520977645658543,7.477378835570661,1,0,1,5
64,6,52.20131687476472,22.91970202056586,22.888140177594977,69.17309889093849,27.83595476940409,24.50966092584292,4.512748977259994,6.520977645658543,2,0,0,6
64,7,33.847785071139754,20.655293798291734,23.668606766077758,63.27599039553641,25.189699362625134,25.3819201073633,3.6707063607249935,4.512748977259994,3,0,0,7
64,8,27.094852522747242,20.34779096160236,19.486463407110854,58.691993372937745,27.866683207785176,30.0,3.376466274196257,3.6707063607249935,4,0,0,8
64,9,19.42746471790565,17.985984680218156,17.861908500782192,54.38279260263042,29.39332905384817,30.0,3.2019387883291253,3.376466274196257,5,1,1,9
65,0,204.85516560995194,21.0,21.0,40.0,34.33634858119019,18.15807638443375,7.0228212557817855,0.0,0,0,0,0
65,1,204.85516560995194,19.286726971623803,18.963161527688676,49.44899649381231,34.33634858119019,18.15807638443375,7.0228212557817855,7.0228212557817855,0,0,0,1
65,2,204.85516560995194,17.626622244032028,17.44562293745361,59.64379805237667,35.27061671220827,21.3671697242604,7.711789031980055,7.0228212557817855,0,1,1,2
65,3,161.46057968799178,19.266416058249295,19.25019461250518,69.876799888758,30.188036044000228,26.661974158118323,7.232430986993362,7.711789031980055,0,1,1,3
65,4,121.19193462040784,20.95853847022158,20.962720662968078,79.51489388472899,26.78958934655997,26.75537729772327,6.711440844597323,7.232430986993362,0,1,1,4
65,5,71.52502912112745,22.08257976619945,21.936149190486805,75.35256374644435,33.73403645198226,26.475240557547476,6.2083631874100496,6.711440844597323,1,0,1,5
65,6,35.40438658548649,23.07033573939213,22.951435035419056,71.19679617058634,34.19361476201069,26.052120927667072,4.515080316955119,6.2083631874100496,2,0,0,6
65,7,18.553221611703137,20.884102603984857,23.759221924737293,66.44168188349035,32.471788130164946,24.444243608190643,3.37023299475667,4.515080316955119,3,0,0,7
65,8,5.939677270556218,23.651970536963045,19.642830844892398,63.41527386791516,36.92507513063641,29.59488033839036,2.522708868229384,3.37023299475667,4,0,0,8
65,9,0.0,18.71999822847688,19.76643930110269,58.374012210726875,31.570682938250407,23.75564118848134,2.969838635278109,2.522708868229384,5,0,0,9
66,0,136.8010309114366,21.0,21.0,40.0,29.31504360639344,20.614515398284745,2.814576139775495,0.0,0,0,0,0
66,1,136.8010309114366,19.18630087212787,19.012290307965696,48.98732062084207,29.31504360639344,20.614515398284745,2.814576139775495,2.814576139775495,0,0,0,1
66,2,136.8010309114366,17.612913450973455,17.464392481822074,59.643177226868644,34.61770514340814,24.58149822340617,1.4225511163806484,2.814576139775495,0,1,1,2
66,3,122.79567496421667,18.651832271508507,18.427242477348436,54.497363680562046,34.10139227178551,20.64408802651121,1.7506694934024931,1.4225511163806484,1,1,1,3
66,4,102.48501062577412,19.668190222883116,19.597454341178043,49.4789675217465,31.179497835450704,24.27385683779628,2.5388330423053187,1.7506694934024931,2,1,1,4
66,5,72.43798970293571,20.828393268762124,20.757126556740154,44.928233212746875,31.33792494389403,26.713551117219197,3.7558776153548017,2.5388330423053187,3,1,1,5
66,6,37.93928272038497,21.984719700723414,21.92417392827932,41.465565287203034,34.096289302534245,30.0,4.312338372818843,3.7558776153548017,4,1,1,6
66,7,11.281141160956729,23.653257610184525,23.588898312894806,52.614238430370136,33.03161223437124,28.905460783223774,4.443023593238041,4.312338372818843,4,0,0,7
66,8,11.281141160956729,22.08605560418305,21.961329158291644,64.71054654607507,37.20171175391626,30.0,4.57614573852026,4.443023593238041,4,0,0,8
66,9,0.0,19.68881873390945,19.57902349021022,60.60600175673177,33.945482799601685,26.58482392626893,5.640570580478364,4.57614573852026,5,0,0,9
67,0,164.99885570279844,21.0,21.0,40.0,25.590782627592905,16.699253631893868,5.1715351288320885,0.0,0,0,0,0
67,1,164.99885570279844,19.111815652551858,18.933985072637878,47.61220652670762,25.590782627592905,16.699253631893868,5.1715351288320885,5.1715351288320885,0,0,0,1
67,2,164.99885570279844,17.36771997603214,17.231262852355457,55.20075787778387,25.824466749817184,16.334151867273114,4.362102633009901,5.1715351288320885,0,1,1,2
67,3,141.008936342277,18.9796744282934,18.920137282007836,63.715994130180164,26.165291119148453,21.141576949719823,3.99831989342024,4.362102633009901,0,1,1,3
67,4,107.80118000301984,20.040971902109955,19.94464337336788,58.52936498641594,30.11410530523745,24.404621673850244,4.150969542407144,3.99831989342024,1,1,1,4
67,5,69.44600848029395,21.129896829025796,20.99775961677266,53.02609749760681,30.40570680297966,22.353918259191868,4.794396440340735,4.150969542407144,2,1,1,5
67,6,26.78643002767224,22.142372757325266,22.02901064847824,47.53453093887087,30.237396927696437,22.58723330154833,5.3324473065777145,4.794396440340735,3,0,0,6
67,7,0.0,20.08088903593595,22.861514777214026,42.45926790058754,33.90328606694702,21.234141498145576,5.357286005534448,5.3324473065777145,4,0,0,7
67,8,0.0,20.445551023940364,19.53421529798933,52.77500214181527,30.583517425933955,26.72611724755344,6.118986718450916,5.357286005534448,4,0,0,8
67,9,0.0,18.385600881801263,18.530030620638826,62.84827022577025,31.205574706902144,24.757025759514413,6.654304997452504,6.118986718450916,4,0,0,9
68,0,232.80201412957024,21.0,21.0,40.0,28.73783201908008,24.222883992666183,6.008913957213684,0.0,0,0,0,0
68,1,232.80201412957024,19.174756640381602,19.084457679853326,49.53292888211433,28.73783201908008,24.222883992666183,6.008913957213684,6.008913957213684,0,0,0,1
68,2,232.80201412957024,17.568697090318402,17.492327681336192,59.55120760272748,30.415029430220592,25.242074573185807,6.373371290740911,6.008913957213684,0,1,1,2
68,3,194.0368996665502,19.269857251998506,19.12585069072936,68.78697020650077,29.82783072068763,21.48196152249732,6.460852410503342,6.373371290740911,0,1,1,3
68,4,156.45982354219774,20.87517685256677,20.779770992970352,77.00757471061443,26.300208210855885,19.369816811997826,6.26284602072541,6.460852410503342,0,1,1,4
68,5,105.39171540959997,21.769965614396117,21.6302554267683,69.43579476261881,24.842243226569572,16.425645951232532,6.383513516574722,6.26284602072541,1,1,1,5
68,6,56.17616033884396,22.6398949454634,22.564233168261485,62.93115735271098,26.5376002541792,20.65885857966617,6.151944383844501,6.383513516574722,2,0,0,6
68,7,29.297216563373482,20.406846535338808,23.28260579316463,56.21409881844562,26.68165262152072,19.334688854782826,5.375788755094094,6.151944383844501,3,0,0,7
68,8,20.986678581683876,20.011708886482474,18.903855971793316,48.50092691242515,26.36931758347845,14.113060716407826,4.155268990844802,5.375788755094094,4,0,0,8
68,9,15.543405202057734,17.076422140297822,17.267234810383524,41.646455886148054,26.16504947947876,19.08788926342626,2.72163668981307,4.155268990844802,5,1,1,9
69,0,175.67607211728546,21.0,21.0,40.0,34.47897559257653,17.000405795484077,4.6768886963296925,0.0,0,0,0,0
69,1,175.67607211728546,19.28957951185153,18.940008115909684,49.26628864985091,34.47897559257653,17.000405795484077,4.6768886963296925,4.6768886963296925,0,0,0,1
69,2,175.67607211728546,17.596335898839996,17.320681682279186,58.2284788646824,34.40811370256054,15.38183193539219,4.253408460395866,4.6768886963296925,0,1,1,2
69,3,150.7813084709926,19.235911926056573,19.101361897883532,68.1047926427027,32.86536226747748,22.00304761041306,4.149127274382144,4.253408460395866,0,1,1,3
69,4,117.26427437312563,20.17943965501223,20.121741962516154,62.21481745691858,27.75719200763277,22.85405696023317,4.189629262233371,4.149127274382144,1,1,1,4
69,5,76.06097639848109,21.22941082345972,21.16452845281657,56.55200807180054,27.99143255669372,23.881848637094976,5.150412246830568,4.189629262233371,2,1,1,5
69,6,30.57506732063145,22.209248177202284,22.183224969757596,50.89335825660153,27.08539292372149,24.810996991839588,5.685738634731204,5.150412246830568,3,0,0,6
69,7,0.0,20.079062215254595,23.09371761539892,46.10065247248338,28.18238409634329,28.52480599188921,6.1150134641262905,5.685738634731204,4,0,0,7
69,8,0.0,20.570057205658788,19.665081366327055,56.848691222437765,29.87014367652861,29.84118271210683,6.498255311827925,6.1150134641262905,4,0,0,8
69,9,0.0,18.473816201216522,18.693718515470163,67.12057300915734,29.82276590175704,27.243244024462804,6.703457272273133,6.498255311827925,4,0,0,9
70,0,186.99938375022253,21.0,21.0,40.0,33.24299805047452,19.67141175253978,6.786970779366362,0.0,0,0,0,0
70,1,186.99938375022253,19.264859961009492,18.993428235050796,49.52459376454257,33.24299805047452,19.67141175253978,6.786970779366362,6.786970779366362,0,0,0,1
70,2,186.99938375022253,17.59760952894965,17.52975824691393,60.1474611288512,33.23998489644054,25.77594490527406,6.647151138405601,6.786970779366362,0,1,1,2
70,3,150.05310064136904,19.278325156404296,19.260406943472972,70.13306281287635,28.694622394176463,26.78094251707436,6.1577138514755845,6.647151138405601,0,1,1,3
70,4,108.78865321062935,20.33859201951146,20.277701300670373,65.44728091588226,30.307260409695303,26.993951273670845,5.158055928842461,6.1577138514755845,1,1,1,4
70,5,74.34173689211855,21.403921230986963,21.338526117471027,60.36863938890659,29.650887320940804,25.46777086252769,4.305864539813851,5.158055928842461,2,1,1,5
70,6,40.50657344556923,22.4865232986643,22.408767197550965,56.412430332334225,33.111562944279505,28.242831185874,4.229395430818664,4.305864539813851,3,0,0,6
70,7,18.65496500546255,20.27797169630591,23.340898919005824,51.56172108117147,27.20246449317786,29.182484111473507,4.370321688021336,4.229395430818664,4,0,0,7
70,8,18.65496500546255,20.67521622192425,19.832108370079588,61.1460986555562,24.72901316582481,28.51752891409037,4.55443460088959,4.370321688021336,4,0,0,8
70,9,10.09875442950157,17.937487748282447,18.156406589710144,55.98297065413472,24.93181668878156,29.71747219221017,4.017515900285096,4.55443460088959,5,1,0,9
71,0,119.63667930252478,21.0,21.0,40.0,28.72181787013057,20.095375539056203,6.050453322083965,0.0,0,0,0,0
71,1,119.63667930252478,19.174436357402612,19.001907510781127,48.78709481365362,28.72181787013057,20.095375539056203,6.050453322083965,6.050453322083965,0,0,0,1
71,2,119.63667930252478,17.43670476948196,17.443949086521894,57.85328595502475,26.29672270524913,24.071005857923826,5.343228179213513,6.050453322083965,0,1,1,2
71,3,98.81048036393426,19.08527359003474,19.015354982227283,65.89433864137644,24.029890279474827,20.642624644701154,3.471033156431753,5.343228179213513,0,1,1,3
71,4,77.22642138724416,20.086483860708228,20.067583756289157,60.597163989405786,27.94918480244765,25.955400464382063,2.698007372086262,3.471033156431753,1,1,1,4
71,5,56.983242449873714,21.24082222051176,21.159841267521283,56.18649591439966,31.581085510665662,27.24853629485583,2.5303973671713065,2.698007372086262,2,1,1,5
71,6,35.798669099980614,22.324562746575072,22.1915546950336,51.58617863581003,32.82056599543873,24.95544912350779,2.648071668736638,2.5303973671713065,3,0,0,6
71,7,20.070909441721305,20.06992788418367,23.179726677927107,46.483826648152046,25.7460572439253,29.240876157974792,3.145551931651861,2.648071668736638,4,0,0,7
71,8,20.070909441721305,20.505464063668693,19.662737542657357,56.00674738236449,24.19722966724224,28.70788552282689,3.380877932100096,3.145551931651861,4,0,0,8
71,9,11.513842050148375,18.05166189902799,17.927221738908003,51.159864493913034,30.514849364166583,25.89135681110311,3.745234305208885,3.380877932100096,5,0,1,9
72,0,269.5955865584536,21.0,21.0,40.0,33.43253265588527,20.77564676857712,5.925435235459448,0.0,0,0,0,0
72,1,269.5955865584536,19.268650653117707,19.015512935371543,49.75747229640323,33.43253265588527,20.77564676857712,5.925435235459448,5.925435235459448,0,0,0,1
72,2,269.5955865584536,17.556952157596303,17.384870675399487,58.50084449622711,30.487714937527382,18.08657506149419,6.463224790188449,5.925435235459448,0,1,1,2
72,3,226.89359783914531,19.243529321122377,19.007066284796792,67.39613177185845,31.91131834581384,17.506944296582464,7.116998119884714,6.463224790188449,0,1,1,3
72,4,180.96475514882104,20.938449642402144,20.794615905870234,77.49520552873987,33.42229884374357,22.68366647226437,7.654807115054047,7.116998119884714,0,1,1,4
72,5,119.97859972872155,21.995531924002666,21.7649303134563,72.53284295523959,34.72611947236998,21.038532897072848,7.623269427512436,7.654807115054047,1,1,1,5
72,6,60.25285119101059,22.851381572981232,22.862344879405278,67.69663690330053,29.68819038533247,26.77733154833945,7.465718567213869,7.623269427512436,2,0,0,6
72,7,24.861317077767843,20.808838249977516,23.712237505922808,64.33644267244799,34.66558760637477,30.0,7.07830682264855,7.465718567213869,3,0,0,7
72,8,10.886724812139766,20.424654883567765,19.551371404219235,59.43127387011364,28.0977903354171,27.98460520716984,6.987296132814039,7.07830682264855,4,0,0,8
72,9,10.886724812139766,18.405439685682744,18.59351138815573,70.28471237320991,31.9962738196679,28.300606753089177,5.887188673327382,6.987296132814039,4,0,0,9
73,0,272.22415683629833,21.0,21.0,40.0,25.474168939060327,20.465489228499244,7.0736347763371406,0.0,0,0,0,0
73,1,272.22415683629833,19.109483378781206,19.009309784569986,48.269138470160726,25.474168939060327,20.465489228499244,7.0736347763371406,7.0736347763371406,0,0,0,1
73,2,272.22415683629833,17.436658967124647,17.409186318998895,57.48821319175268,27.046659053039008,24.17042273358294,7.199726216458332,7.0736347763371406,0,1,1,2
73,3,227.5715802230872,19.268581210430483,19.06077500653989,67.8697640965101,34.238841360311966,23.436441443895887,7.442096102201857,7.199726216458332,0,1,1,3
73,4,182.30858696209256,20.903211258661024,20.856560157471105,77.57122971461449,29.673339664773003,24.22369154691809,7.543832210165772,7.442096102201857,0,1,1,4
73,5,120.76592685681733,21.95737279584927,21.831354548554852,72.64693557395661,31.488411272790582,24.4877323902212,7.692832513159404,7.543832210165772,1,1,1,5
73,6,61.61658311033306,23.028572749198126,22.821146739106982,68.80571947902918,37.127409065521626,24.86583485154816,7.393667968310534,7.692832513159404,2,0,0,6
73,7,23.37519909657896,20.876299841754356,23.751579810490046,65.30521672433268,36.61674376091208,27.26935204632958,7.64827680275082,7.393667968310534,3,0,0,7
73,8,9.848167620812426,20.578971064005195,19.567193895980765,61.066184411401906,33.6214063436187,26.16174747343252,6.763515737883267,7.64827680275082,4,0,0,8
73,9,9.848167620812426,18.448087459233598,18.603442302614614,71.01470786177424,31.339245037803185,23.930329686487603,5.917140363314141,6.763515737883267,4,0,0,9
74,0,144.05393233760017,21.0,21.0,40.0,27.61324893252996,23.59697709440789,4.492950277699023,0.0,0,0,0,0
74,1,144.05393233760017,19.1522649786506,19.07193954188816,49.21784068484881,27.61324893252996,23.59697709440789,4.492950277699023,4.492950277699023,0,0,0,1
74,2,144.05393233760017,17.509342475553098,17.540691438472557,59.4207810643405,28.16021775687547,28.522784351411705,3.309782832618107,4.492950277699023,0,1,1,2
74,3,126.17674475395675,19.14145240019198,19.204003331722014,68.2932997175834,22.84699463775018,26.444775658043657,2.9795312639405687,3.309782832618107,0,1,1,3
74,4,101.07829816170764,20.131957638784094,20.161329002683313,62.26599629266197,23.72074106904016,26.127573236951893,3.13730582403114,2.9795312639405687,1,1,1,4
74,5,78.3025003916081,21.19426346651858,21.1482610083534,56.20440300099909,25.758683748044064,23.89913129827333,2.8469747212624408,3.13730582403114,2,1,1,5
74,6,57.73742100696313,22.204972658058406,22.142654055507688,50.55859517663089,27.886850654539508,24.08088365452599,2.5706349230806227,2.8469747212624408,3,0,0,6
74,7,40.2015365115827,20.03730263157277,23.007868988466008,44.98067160746983,27.375665126907545,24.969203933308822,3.507176899076086,2.5706349230806227,4,0,0,7
74,8,40.2015365115827,20.54392603735782,19.52598562520471,55.275294678593816,31.76543782469518,25.426912570438063,3.5045569298143717,3.507176899076086,4,0,0,8
74,9,30.76672133402695,17.924009883108752,17.873676313208428,49.59072954962318,27.640910872922845,24.11150507724029,4.128791438126283,3.5045569298143717,5,1,1,9
75,0,229.32643810653167,21.0,21.0,40.0,28.476900101995167,21.864983821136708,7.152679963622342,0.0,0,0,0,0
75,1,229.32643810653167,19.169538002039904,19.037299676422734,49.061539106163735,28.476900101995167,21.864983821136708,7.152679963622342,7.152679963622342,0,0,0,1
75,2,229.32643810653167,17.667459702576906,17.387034599611376,59.445294399935655,36.84617972118896,20.84134968865505,6.560177498422845,7.152679963622342,0,1,1,2
75,3,193.8407536502392,19.30685708072615,19.196641561955516,69.70407010597029,33.35517542493694,23.638022941922184,5.914280742715407,6.560177498422845,0,1,1,3
75,4,144.6574580330817,20.319323525398076,20.27906466959536,65.14253308556499,30.82881828472181,27.16264271302652,6.147911952144689,5.914280742715407,1,1,1,4
75,5,95.37895823575818,21.446315408983946,21.353644357815092,60.72653483768478,32.01872256474113,26.78128716925768,6.159812474665438,6.147911952144689,2,1,1,5
75,6,42.65574683600869,22.361929759579755,22.445155656386227,55.51062947030641,25.79242610977573,28.5636551825667,6.590401424968687,6.159812474665438,3,0,0,6
75,7,10.712975814544729,20.333592291714467,23.167562421121303,50.31493824687918,30.76074358481608,23.70763850725488,6.3885542042927925,6.590401424968687,4,0,0,7
75,8,10.712975814544729,20.77031043293793,19.682036311253054,60.35801400100358,33.84950972191625,21.945355578774866,6.056993079240105,6.3885542042927925,4,0,0,8
75,9,10.712975814544729,18.70433012396061,18.736808668668097,71.33294627633965,37.836015281993966,23.13583069209533,5.524540110751405,6.056993079240105,4,0,0,9
76,0,86.4220402550957,21.0,21.0,40.0,33.50485911613399,19.047745093036703,2.7940986427010595,0.0,0,0,0,0
76,1,86.4220402550957,19.270097182322683,18.980954901860734,49.459468757650725,33.50485911613399,19.047745093036703,2.7940986427010595,2.7940986427010595,0,0,0,1
76,2,86.4220402550957,17.675809350420256,17.475720853853694,60.35841048385528,37.44561764597466,23.10405861071733,1.420482864278352,2.7940986427010595,0,1,1,2
76,3,83.01798395056483,18.611683151858255,18.638907032004145,56.155019253622584,30.810646636622188,29.17051319541834,0.425507038066358,1.420482864278352,1,1,1,3
76,4,78.58761241190616,19.747510548450293,19.691920493948125,51.311426376298186,29.39781426889224,27.026669745972203,0.5537964423323327,0.425507038066358,2,1,1,4
76,5,63.20862171806877,20.859360685203495,20.86220356845161,46.577421446142196,28.86250629935225,28.170799644225564,1.922373836729674,0.5537964423323327,3,1,1,5
76,6,40.028458719105735,21.93855090694557,21.91936671990736,41.55400963321221,28.171028015677887,27.254461912488868,2.897520374870379,1.922373836729674,4,1,1,6
76,7,10.03350407017843,22.923631579122777,22.876952799494337,37.7414444936328,32.3870588391105,29.765357052115,3.749369331115913,2.897520374870379,5,0,0,7
76,8,10.03350407017843,21.344628693845166,21.30996988563445,48.97940647252604,32.43312210496244,30.0,4.305853257486647,3.749369331115913,5,0,0,8
76,9,0.0,19.102150351624736,18.942769516215062,45.15012855892399,35.274245520149904,26.785321626505382,5.016752035089215,4.305853257486647,6,0,0,9
77,0,137.47135029784607,21.0,21.0,40.0,28.620354843606734,16.604283629544724,4.139397285665213,0.0,0,0,0,0
77,1,137.47135029784607,19.172407096872135,18.932085672590897,48.14043492516726,28.620354843606734,16.604283629544724,4.139397285665213,4.139397285665213,0,0,0,1
77,2,137.47135029784607,17.466403393650456,17.384551109817227,57.521325793350556,29.906747967338028,22.209312411458072,2.742404308123496,4.139397285665213,0,1,1,2
77,3,115.23686549332481,18.508682958110082,18.44522674989995,53.0824734569773,31.53681862185452,27.13622395384961,2.7793106005651573,2.742404308123496,1,1,1,3
77,4,90.77979022889792,19.76636591351338,19.628783016986507,50.24345342697028,37.69599389139493,29.865005941899373,3.0571344080533605,2.7793106005651573,2,1,1,4
77,5,60.05412301020486,21.042328421121212,20.891159551516466,47.77544707403556,39.62218692814047,30.0,3.840708402336632,3.0571344080533605,3,1,1,5
77,6,24.362924665200193,22.168717179672143,22.092744918127668,44.667353375868636,36.06614612129484,30.0,4.461399793125583,3.840708402336632,4,0,0,6
77,7,9.033464913640465,20.898353931965033,23.77175888155407,56.81183393573739,37.46933644371529,30.0,5.109819917186576,4.461399793125583,4,0,0,7
77,8,9.033464913640465,21.29846978106324,20.363245121957725,68.2706625037966,33.66015871144008,30.0,5.938657512520356,5.109819917186576,4,0,0,8
77,9,9.033464913640465,19.151421688795942,19.39535030691278,79.40041152032998,31.83193898074097,30.0,5.167599464527142,5.938657512520356,4,0,0,9
78,0,122.56488337696611,21.0,21.0,40.0,33.4912242231306,22.07624053967252,4.663755522675906,0.0,0,0,0,0
78,1,122.56488337696611,19.269824484462614,19.04152481079345,50.00214365730456,33.4912242231306,22.07624053967252,4.663755522675906,4.663755522675906,0,0,0,1
78,2,122.56488337696611,17.76382431708294,17.44577444459019,60.93529499041327,40.03335917902833,20.706370449353376,3.909751409048031,4.663755522675906,0,1,1,2
78,3,102.2212731595146,19.503853419040354,19.229839403830926,72.00947219632718,39.99732777369208,21.52587892582965,3.390601702908586,3.909751409048031,0,1,1,3
78,4,79.19603753926148,20.508485724515786,20.37527191040366,68.15168727572014,36.336047909632015,25.56514697588437,2.878154452531639,3.390601702908586,1,1,1,4
78,5,57.068694398747,21.59129504240859,21.375019755945235,62.92139184843228,33.54405402495851,20.732082490108937,2.765917892564311,2.878154452531639,2,1,1,5
78,6,40.99657030800341,22.51587908584,22.411887546347625,57.44414167145493,30.673935977514184,22.230229705945003,2.0090155113429478,2.765917892564311,3,0,0,6
78,7,26.158421658761966,20.475469340682725,23.287550458034314,53.627718369563766,36.54339944048313,25.58758221567705,2.967629729848289,2.0090155113429478,4,0,0,7
78,8,26.158421658761966,20.866278420537753,19.84383512501981,63.86958814034913,32.92011225999333,23.979164244369805,4.265675590056193,2.967629729848289,4,0,0,8
78,9,15.922474039222848,17.965670046892086,18.211559947986462,58.981430144864476,29.60952720156772,26.56737282351751,5.11797380976956,4.265675590056193,5,1,0,9
79,0,134.0680855233367,21.0,21.0,40.0,30.807503813548443,18.64224440194048,4.007768253181071,0.0,0,0,0,0
79,1,134.0680855233367,19.21615007627097,18.97284488803881,48.900954678788004,30.807503813548443,18.64224440194048,4.007768253181071,4.007768253181071,0,0,0,1
79,2,134.0680855233367,17.425241376057492,17.372273775633676,57.116423602724,25.969725933269896,19.67176808859674,2.6501905878231597,4.007768253181071,0,1,1,2
79,3,115.74037129276486,18.325657398294755,18.384965336607628,50.92084725777174,23.371290920489397,25.542173829775805,2.2909642788214786,2.6501905878231597,1,1,1,3
79,4,95.60501749873062,19.47182057841203,19.40669139016913,45.402719052668104,27.52195293232688,25.15511259487516,2.5169192242542806,2.2909642788214786,2,1,1,4
79,5,69.24072150768968,20.54652871425764,20.588795109782733,39.935994753899365,25.913130416003447,27.049512368614696,3.295536998880117,2.5169192242542806,3,1,1,5
79,6,38.78303829800561,21.70422619935179,21.666467912452934,35.27611878541488,29.34952596024305,28.09560754817648,3.8072104012105097,3.295536998880117,4,1,1,6
79,7,10.807416774967852,23.250634886448587,23.247403889950917,44.08715369776745,24.83905904294019,24.11113491457406,4.66260358717296,3.8072104012105097,4,0,0,7
79,8,10.807416774967852,21.55016057814659,21.531620178357226,53.520374647841074,26.69113399644885,25.71564905951573,4.748235062965594,4.66260358717296,4,0,0,8
79,9,0.0,19.220638992864867,19.15177318527861,49.17835189307618,31.466190535951757,27.744794159798808,5.403708387483926,4.748235062965594,5,0,0,9
80,0,145.12402095251406,21.0,21.0,40.0,26.668875993709456,19.651798152097108,4.345339683436851,0.0,0,0,0,0
80,1,145.12402095251406,19.13337751987419,18.993035963041944,48.33772134624518,26.668875993709456,19.651798152097108,4.345339683436851,4.345339683436851,0,0,0,1
80,2,145.12402095251406,17.349197291208775,17.236255602814857,55.151539950461896,22.803377786691687,15.051170014512271,3.579495477606298,4.345339683436851,0,1,1,2
80,3,121.30149469947459,18.93688005344201,18.854995735563893,62.80494537954829,24.153630135147267,18.365288915332712,3.9704210421732458,3.579495477606298,0,1,1,3
80,4,89.45827231029784,19.897486027558614,19.772504819895566,55.65197734606336,25.53597359375954,18.058648442435253,3.9804027986470927,3.9704210421732458,1,1,1,4
80,5,56.30581210651043,20.95119751223573,20.846677431670017,49.737234207211486,28.78718568591612,21.686463542684567,4.144057525473427,3.9804027986470927,2,1,1,5
80,6,26.520757444923497,22.062463230676443,21.899483672710794,45.03196929206006,33.4548759001857,23.738096793417515,3.7231318326983662,4.144057525473427,3,0,1,6
80,7,11.329863678580425,19.869163545144627,22.912961880319067,40.210636434171974,28.401463700136645,28.14668708937397,3.038178753268614,3.7231318326983662,4,0,0,7
80,8,3.1444377026543506,22.64325478085672,18.74884700228435,35.13564476656093,27.101174540470343,28.03776063946832,1.6370851951852148,3.038178753268614,5,0,0,8
80,9,0.0,18.04181894885068,18.887464742704093,30.11657801564148,31.971485570696498,23.47814359086209,1.460620370893315,1.6370851951852148,6,0,0,9
81,0,33.22836115136654,21.0,21.0,40.0,32.4798363971435,15.52353309201925,3.696061366009841,0.0,0,0,0,0
81,1,33.22836115136654,19.249596727942873,18.910470661840385,48.640606508049295,32.4798363971435,15.52353309201925,3.696061366009841,3.696061366009841,0,0,0,1
81,2,33.22836115136654,17.52129887669244,17.439513322222496,58.56006221066407,32.14212797589164,22.96595926085714,1.9838421851704933,3.696061366009841,0,1,1,2
81,3,21.13110898484904,18.5313339576137,18.38032228298702,52.85108133448428,30.19706997924777,21.41970293086449,1.5121565208146883,1.9838421851704933,1,1,1,3
81,4,17.21532703367068,19.59539677577612,19.54541247409175,48.06525726480456,30.754906019365556,25.99051581574712,0.489472743897295,1.5121565208146883,2,1,1,4
81,5,14.576487418000905,20.71888444676813,20.742683530673528,43.410122368225004,28.51564156338798,28.95583123339225,0.3298549519587216,0.489472743897295,3,1,1,5
81,6,11.074836654964301,21.837126050882876,21.82387827976175,38.72046072674918,28.79252992241598,28.487127624940552,0.4377063453795754,0.3298549519587216,4,1,1,6
81,7,5.865513287559053,22.853959427717733,22.64585465408438,33.79596061512203,33.289477314166845,22.685522065682303,0.651165420925656,0.4377063453795754,5,0,0,7
81,8,1.3339385837977291,23.56052458321399,20.333670087419595,29.226526818602423,36.20594320677768,21.741646812557875,0.9063149407522648,0.651165420925656,6,0,0,8
81,9,0.0,19.18435027650299,19.97016255354147,25.34285722649524,35.43479736997602,26.322593784984075,0.6669692918988646,0.9063149407522648,7,0,0,9
82,0,43.2556015088769,21.0,21.0,40.0,32.118625764341864,20.045580003349063,2.3580738591899677,0.0,0,0,0,0
82,1,43.2556015088769,19.24237251528684,19.00091160006698,49.389557038184364,32.118625764341864,20.045580003349063,2.3580738591899677,2.3580738591899677,0,0,0,1
82,2,43.2556015088769,17.646544664970296,17.49680764824657,60.277818292394954,35.79955243282704,24.69078786834289,0.916266914162338,2.3580738591899677,0,1,1,2
82,3,39.31781843916945,18.703200301400297,18.517168539583587,55.868675893818036,35.1928705636875,23.64522722199628,0.4922228837134313,0.916266914162338,1,1,1,3
82,4,35.5121228566067,19.739369789636374,19.63622345379204,50.69533570307961,31.270173857682444,23.32238063821515,0.4757119478203432,0.4922228837134313,2,1,1,4
82,5,34.159408903534185,20.84931611173041,20.826093306590245,46.06302342657061,30.15330021258947,27.44496491791611,0.1690892441340645,0.4757119478203432,3,1,1,5
82,6,34.159408903534185,22.045407209674053,21.921840116959604,42.397433077876194,34.74781961003898,28.221122897214283,0.0,0.1690892441340645,4,0,1,6
82,7,24.28893053751753,23.032437046810124,22.9465014592048,39.30448451665313,36.15028577098298,30.0,1.2338097957520815,0.0,5,0,0,7
82,8,9.470770204524687,23.844354962261228,20.658347442122448,36.3307124877606,38.70089371914127,28.111483898122447,2.9636320665985685,1.2338097957520815,6,0,0,8
82,9,0.0,19.417256851271148,20.291604366355305,32.50726574051559,33.08234978158966,29.00961273371587,4.735385102262343,2.9636320665985685,7,0,0,9
83,0,40.41161336414741,21.0,21.0,40.0,30.29744152613354,20.98275176836561,2.111446034459793,0.0,0,0,0,0
83,1,40.41161336414741,19.205948830522672,19.019655035367315,49.23043479300985,30.29744152613354,20.98275176836561,2.111446034459793,2.111446034459793,0,0,0,1
83,2,40.41161336414741,17.3715682869636,17.4602903836288,57.458463284257284,22.034785744944717,23.67648365087439,0.5773363591575897,2.111446034459793,0,1,1,2
83,3,36.20780900728796,18.50853869633057,18.410152219806534,52.85731806731748,30.67995391883464,27.09146154261088,0.5254755446074306,0.5773363591575897,1,1,1,3
83,4,36.00121556709683,19.594384976469495,19.62087398205279,48.68456050368274,30.15134686869589,30.0,0.0258241800238916,0.5254755446074306,2,1,1,4
83,5,31.910636162260225,20.810185334459092,20.785598278810017,44.6343236894495,30.83201769870422,30.0,0.5113224256045756,0.0258241800238916,3,1,1,5
83,6,30.507668096412985,22.013813322425268,21.899231773912064,41.12588228900569,34.9699377400764,28.87205447968017,0.175371008230905,0.5113224256045756,4,0,1,6
83,7,20.50222126778724,22.936170231930177,22.920762623941265,37.373920941891555,32.4891036271437,30.0,1.2506808535782177,0.175371008230905,5,0,0,7
83,8,7.299587030700194,23.815023316013903,20.630636024652972,34.875007105710004,39.45047868788029,30.0,2.640526847417409,1.2506808535782177,6,0,0,8
83,9,0.0,19.353795827331204,20.243474508884127,30.50929124187101,31.18061580238675,27.898740509618836,3.649793515350097,2.640526847417409,7,0,0,9
84,0,184.43089215289353,21.0,21.0,40.0,33.42525817019494,23.205074348317183,4.985180508612881,0.0,0,0,0,0
84,1,184.43089215289353,19.2685051634039,19.064101486966344,50.19345985333218,33.42525817019494,23.205074348317183,4.985180508612881,4.985180508612881,0,0,0,1
84,2,184.43089215289353,17.683345829850925,17.57288707601469,61.374133907748444,35.35192434812153,26.762931509746625,4.444664822477446,4.985180508612881,0,1,1,2
84,3,158.1543733407047,19.474653049164065,19.33989190350558,72.79824371388847,35.93110764562279,27.53616905515513,4.379419802031475,4.444664822477446,0,1,1,3
84,4,117.46377732604229,20.542966320894738,20.4794644988626,69.53361520545565,35.196508286484296,30.0,5.0863245018328005,4.379419802031475,1,1,1,4
84,5,75.42787549236421,21.70561977028507,21.61232424050811,66.3447298929351,35.61730381933035,30.0,5.25448772920976,5.0863245018328005,2,1,1,5
84,6,32.04835191705181,22.815078654847095,22.69289513711727,63.24114753318962,36.799908972835375,29.291300139689685,5.42244044691405,5.25448772920976,3,0,0,6
84,7,8.268791175184779,20.6408994508717,23.56622226149794,58.721963459980316,31.896683691736225,26.330071457100964,4.755912148373406,5.42244044691405,4,0,0,7
84,8,8.268791175184779,21.124196600768787,20.04056380931075,69.45842951087735,34.97441551480144,24.672618101293164,4.525128556229441,4.755912148373406,4,0,0,8
84,9,0.0,18.235995997168622,18.4733034813153,65.67625726521308,33.355191483200976,28.966073818664164,4.1343955875923895,4.525128556229441,5,0,0,9
85,0,219.96749954741884,21.0,21.0,40.0,32.71446738656055,22.068956455189312,7.212015054668651,0.0,0,0,0,0
85,1,219.96749954741884,19.254289347731213,19.041379129103788,49.86101629151497,32.71446738656055,22.068956455189312,7.212015054668651,7.212015054668651,0,0,0,1
85,2,219.96749954741884,17.709240441499983,17.48965457433817,60.82484854131957,37.541562901541525,23.36861626403956,7.789259514443041,7.212015054668651,0,1,1,2
85,3,172.81807224157313,19.514049335302264,19.24211596761296,72.18797840889226,40.0094778280926,23.119021436200143,7.858237884307617,7.789259514443041,0,1,1,3
85,4,116.00273764896744,20.513734038917384,20.40163256417211,68.43264711345965,36.07722797232219,26.39315371971887,7.101916824075714,7.858237884307617,1,1,1,4
85,5,67.53531000544112,21.643499770343098,21.46607554254547,64.23566367480714,35.28474609260663,24.73201258154608,6.05842845544079,7.101916824075714,2,1,1,5
85,6,29.405493922949155,22.666435811888714,22.625922524969504,60.87932867213365,34.68702776292505,30.0,4.766227010311496,6.05842845544079,3,0,0,6
85,7,7.450056917059122,20.59895834695879,23.530343342936565,57.40624958301552,34.03844950489925,30.0,4.391087401178006,4.766227010311496,4,0,0,7
85,8,7.450056917059122,21.079068222270806,20.111183109368728,69.00247610999423,34.42348070543724,30.0,4.219266088295347,4.391087401178006,4,0,0,8
85,9,0.0,18.33753479147642,18.48809076786062,66.06076212737206,36.99047787432122,30.0,3.725028458529561,4.219266088295347,5,0,0,9
86,0,83.58569537849309,21.0,21.0,40.0,28.11959436668013,18.532111711560244,6.032954694450151,0.0,0,0,0,0
86,1,83.58569537849309,19.162391887333605,18.970642234231207,48.39730709408327,28.11959436668013,18.532111711560244,6.032954694450151,6.032954694450151,0,0,0,1
86,2,83.58569537849309,17.406237267452074,17.325493871606067,56.474002730556286,25.89197295128752,18.97855836245149,5.131881555186517,6.032954694450151,0,1,1,2
86,3,63.437976329879376,19.049031013354085,18.973655826768603,65.01985383491424,26.228430423365204,21.24852015640127,3.3579531747689524,5.131881555186517,0,1,1,3
86,4,47.74513734057263,20.012214848704087,19.979048645290074,58.888770106243186,26.030347516210725,23.24140954672781,1.9616048736633425,3.3579531747689524,1,1,1,4
86,5,43.137394206375475,21.165977225690742,21.132143229571295,54.8739281326241,31.608924279649404,29.419731422466786,0.5759678917746444,1.9616048736633425,2,1,1,5
86,6,33.63208148580445,22.390890657436508,22.22653146022654,52.015951503969006,38.09057759932536,29.365107797035236,1.1881640900713784,0.5759678917746444,3,0,0,6
86,7,23.842158652837014,20.38176538685539,23.245198930842353,49.48881944055327,39.29371075880148,30.0,1.957984566593487,1.1881640900713784,4,0,0,7
86,8,8.01229474393261,23.16327012931364,19.195324009678426,46.26906394850543,35.44580282195648,30.0,3.1659727817808805,1.957984566593487,5,0,0,8
86,9,0.0,18.24625567218995,19.45659864019564,41.75883200376469,28.63926629506424,29.63722290082053,4.006147371966305,3.1659727817808805,6,0,0,9
87,0,287.66761964790885,21.0,21.0,40.0,28.89998725413445,17.394499605093863,7.169425421129109,0.0,0,0,0,0
87,1,287.66761964790885,19.17799974508269,18.947889992101878,48.333007634661094,28.89998725413445,17.394499605093863,7.169425421129109,7.169425421129109,0,0,0,1
87,2,287.66761964790885,17.46951713021842,17.35934191206035,57.34172391359977,29.504415487248508,20.544008284633048,8.285949072393771,7.169425421129109,0,1,1,2
87,3,232.29029309043327,19.15762583557251,19.028110614194343,66.56828548866812,29.693532379162782,21.56514303788363,9.229554426245931,8.285949072393771,0,1,1,3
87,4,176.2816832224566,20.781012050023175,20.80826216447518,75.8985964064171,26.20764162611661,25.627419028044372,9.334768311329446,9.229554426245931,0,1,1,4
87,5,113.51595427724808,21.759277719331834,21.70934626547663,69.47439936263187,24.865585366364343,22.777764390384416,7.845716118151063,9.334768311329446,1,1,1,5
87,6,66.83024406738619,22.673184867723425,22.638521120786205,63.38389898226998,25.98968963189492,23.507530477205744,5.835713776232738,7.845716118151063,2,0,0,6
87,7,40.99517821535971,20.5221631622076,23.405762813563417,57.94172248765642,29.719496555318408,23.37952291905067,5.167013170405298,5.835713776232738,3,0,0,7
87,8,31.922751232099852,20.256977754096027,19.283063074655352,53.91719777304888,33.20830094916067,27.766561747464124,4.536213491629927,5.167013170405298,4,0,0,8
87,9,23.658116180986607,17.44813465955994,17.72912537761832,49.50689916439174,29.695429342520125,29.13624505382905,4.132317525556623,4.536213491629927,5,1,1,9
88,0,84.1540738162461,21.0,21.0,40.0,33.9930016225108,23.28203541412352,2.1900827343048066,0.0,0,0,0,0
88,1,84.1540738162461,19.279860032450216,19.065640708282473,50.309506666594174,33.9930016225108,23.28203541412352,2.1900827343048066,2.1900827343048066,0,0,0,1
88,2,84.1540738162461,17.571848218079396,17.59322438510217,60.56529586491822,29.56054408436665,27.41606257298917,0.665652896477803,2.1900827343048066,0,1,1,2
88,3,81.50540060925164,18.564185730836027,18.553945252244276,55.06007839649496,26.470086633169405,26.27870520892363,0.3310841508743067,0.665652896477803,1,1,1,3
88,4,74.7725305187883,19.741807384487526,19.66199190351116,50.968719255907985,32.37397077888328,28.22958955118908,0.841608761307918,0.3310841508743067,2,1,1,4
88,5,60.08026935840969,20.907735635974827,20.807394655190734,46.46542587398393,32.26465901046929,26.05037775661933,1.8365326450473267,0.841608761307918,3,1,1,5
88,6,37.935227484217926,21.94624965663889,21.945375056535912,41.79749293411609,29.474608636600063,27.925763919689707,2.76813023427397,1.8365326450473267,4,1,1,6
88,7,9.26558171611927,22.985277845472172,22.805089273388,37.61994505751702,34.57364081232357,25.551093206570474,3.583705721012332,2.76813023427397,5,0,0,7
88,8,9.26558171611927,21.296887225869853,21.315211583389637,48.5581689084603,31.2772604941457,29.490649788872524,4.123291512711265,3.583705721012332,5,0,0,8
88,9,0.0,19.030578281520985,18.953726998013888,44.527607838896984,32.25451310193657,28.686814289378347,4.632790858059635,4.123291512711265,6,0,0,9
89,0,114.5286092271152,21.0,21.0,40.0,25.451274024758565,22.90210619952161,2.1076070372282003,0.0,0,0,0,0
89,1,114.5286092271152,19.109025480495173,19.058042123990433,48.70360844037043,25.451274024758565,22.90210619952161,2.1076070372282003,2.1076070372282003,0,0,0,1
89,2,114.5286092271152,17.519785732504168,17.410848814823872,58.29476353961411,29.74789561369203,23.536299382106197,0.1630536790164121,2.1076070372282003,0,1,1,2
89,3,108.56033007637765,18.563832796419195,18.37413672776186,53.067041193511216,32.70464430430528,21.585787106234186,0.7460348938421937,0.1630536790164121,1,1,1,3
89,4,91.876780942816,19.603610959465957,19.534371905719464,48.042642064688714,30.863699278529857,24.556305561345123,2.085443641695208,0.7460348938421937,2,1,1,4
89,5,64.01615830934313,20.797646574065123,20.6823288248454,43.576067677256795,32.661752224058645,25.857278956875135,3.4825778291841094,2.085443641695208,3,1,1,5
89,6,37.79111093966751,21.78675940353663,21.756096529283255,37.67397034146056,26.90340682049278,23.64049686952814,3.278130921209451,3.4825778291841094,4,1,1,6
89,7,9.946994860904695,22.66789392619939,22.685188145038957,32.385884157139856,26.775154462798177,27.179922290975707,3.480514509845352,3.278130921209451,5,0,0,7
89,8,9.946994860904695,21.053039975554206,21.098997897543807,42.72556846836663,27.442690617926555,30.0,3.683303640843687,3.480514509845352,5,0,0,8
89,9,0.0,18.773532986566646,18.702375267501708,37.845927752512644,29.546367684329223,26.67785056092639,4.973497430452348,3.683303640843687,6,0,0,9
90,0,189.98782761766617,21.0,21.0,40.0,28.98970170703149,22.45824879712918,6.617059226320238,0.0,0,0,0,0
90,1,189.98782761766617,19.17979403414063,19.049164975942585,49.26063109074892,28.98970170703149,22.45824879712918,6.617059226320238,6.617059226320238,0,0,0,1
90,2,189.98782761766617,17.534584626352892,17.450570073161295,58.84114717432724,29.69262644288172,23.53246291033116,6.148805805650116,6.617059226320238,0,1,1,2
90,3,153.50792821097593,19.22197000043427,19.1670113867352,68.63091836241225,29.19788334720543,25.18973436437796,6.079983234448373,6.148805805650116,0,1,1,3
90,4,119.58849888104015,20.935031282161084,20.94756581291444,78.95485121239454,28.776417583859995,28.57876491604169,5.653238221655965,6.079983234448373,0,1,1,4
90,5,81.7349302388714,21.97951237913608,21.987993611483468,74.64467688823399,29.38792042133023,30.0,4.731696080271095,5.653238221655965,1,1,1,5
90,6,42.20040619280917,23.11585071120239,22.93222659055301,71.14057408001429,36.46004152857455,27.406053981315985,4.941815505757779,4.731696080271095,2,0,0,6
90,7,17.383625077744355,20.898791824236085,23.81519600108451,66.80834659405615,33.09977791155359,26.16562494423448,4.963356223012962,4.941815505757779,3,0,0,7
90,8,8.836622409386946,20.587676097725428,19.587055878521205,62.12894122555427,31.810792574570463,25.525844267085763,4.273501334178706,4.963356223012962,4,0,0,8
90,9,0.0,18.018590389881044,18.007146881038704,58.26895351390657,33.332479299534256,28.55647785797851,3.9874483760263217,4.273501334178706,5,0,0,9
91,0,175.61709137626235,21.0,21.0,40.0,34.971743829866924,22.02957570915735,4.682381795911601,0.0,0,0,0,0
91,1,175.61709137626235,19.29943487659734,19.04059151418315,50.260237517024365,34.971743829866924,22.02957570915735,4.682381795911601,4.682381795911601,0,0,0,1
91,2,175.61709137626235,17.553223338509817,17.562481426600247,60.11605840731774,29.087153266660543,25.66740723496929,3.9595998477428873,4.682381795911601,0,1,1,2
91,3,153.23351329426595,19.40916613715109,19.203275498595872,70.8595163012736,34.920768897524106,24.765108291119624,3.7305963469993983,3.9595998477428873,0,1,1,3
91,4,118.69422414065066,20.411286776949154,20.291427635320154,66.35447699252228,33.693326916690914,24.61201025691284,4.31741114420191,3.7305963469993983,1,1,1,4
91,5,76.281733699487,21.42434873953833,21.337740543922994,60.75260203466807,29.170051347450265,23.041754442248557,5.301561305145457,4.31741114420191,2,1,1,5
91,6,32.89378877243829,22.366331067298713,22.350224746835924,55.02868116584307,26.81910595417078,24.714666996801395,5.423493115881088,5.301561305145457,3,0,0,6
91,7,8.426757293582488,20.196193673537607,23.24047029347609,49.985863004851055,26.6727203466978,28.6449565366799,4.893406295771161,5.423493115881088,4,0,0,7
91,8,8.426757293582488,20.79165053345301,19.782562390477878,61.64810941779337,34.790257849679534,30.0,4.324798075903325,4.893406295771161,4,0,0,8
91,9,0.0,18.067311441192544,18.21570051336989,58.81076787118609,37.637996017710336,29.932328723360296,4.21290674893594,4.324798075903325,5,0,0,9
92,0,53.865468905905246,21.0,21.0,40.0,27.065947488318407,17.376935257325343,4.661795681377699,0.0,0,0,0,0
92,1,53.865468905905246,19.14131894976637,18.94753870514651,47.999718894215874,27.065947488318407,17.376935257325343,4.661795681377699,4.661795681377699,0,0,0,1
92,2,53.865468905905246,17.45809937325964,17.256965637496442,56.284248755851024,29.494278177715454,16.530887720257606,2.900088198674786,4.661795681377699,0,1,1,2
92,3,42.752575023734224,18.35906130337804,18.277952702260016,50.094039989094014,28.00786036073844,20.935424268389266,1.3891117352713782,2.900088198674786,1,1,1,3
92,4,35.767933101509655,19.50014082134858,19.36568668000226,45.05798228595852,31.6472855333335,23.70794944924712,0.873080240278071,1.3891117352713782,2,1,1,4
92,5,28.82532041381861,20.54627612196302,20.590058798059594,39.70310203559552,26.705838462230226,26.878160146864204,0.8678265859613807,0.873080240278071,3,1,1,5
92,6,20.03807406690964,21.772285094438125,21.54013617157661,34.510580577544886,32.71834895067292,21.76764294904577,1.098405793363621,0.8678265859613807,4,1,1,6
92,7,12.254919307009054,22.56389751510056,22.478972836387776,28.297109716595784,28.2712592755334,20.542791496971606,0.9728943449875732,1.098405793363621,5,0,0,7
92,8,3.75716514264434,23.260299694133067,20.0710847131485,22.363627765449664,30.552081972887542,19.81746274296733,1.6995508328729427,0.9728943449875732,6,0,0,8
92,9,0.0,18.787012621112705,19.604541340811775,16.17209149341395,27.948849164808426,20.987060434993165,1.87858257132217,1.6995508328729427,7,0,0,9
93,0,77.8253487145231,21.0,21.0,40.0,28.27672314685522,22.63261691160744,3.072379387462028,0.0,0,0,0,0
93,1,77.8253487145231,19.165534462937106,19.05265233823215,49.16368121052328,28.27672314685522,22.63261691160744,3.072379387462028,3.072379387462028,0,0,0,1
93,2,77.8253487145231,17.430605444275667,17.396745841137307,57.4112214593938,24.6029400383865,21.2167280108942,0.5121653530295818,3.072379387462028,0,1,1,2
93,3,76.31800511511413,18.36663221270865,18.29852102849438,50.56474698800071,24.6054086528025,20.69195539501366,0.1884179499261205,0.5121653530295818,1,1,1,3
93,4,69.18314778788049,19.32767526481186,19.420149635723345,44.23873806944825,22.293394279507464,25.89544506186779,0.8918571659042063,0.1884179499261205,2,1,1,4
93,5,54.96525530195272,20.582525391881113,20.486042367385032,39.22977443888368,29.47139663455322,26.034360973421364,1.7772365607409708,0.8918571659042063,3,1,1,5
93,6,29.63896842043762,21.674279651592837,21.569209849561425,33.96578109921623,30.394830679874104,23.694095210862294,3.165785860189388,1.7772365607409708,4,1,1,6
93,7,7.32263367901312,23.381488490226687,23.20581041114008,44.6105144825429,34.74867933497493,24.388728350173245,3.71938912357075,3.165785860189388,4,0,0,7
93,8,7.32263367901312,21.688453549377602,21.5629906459794,54.84769937006037,32.890782865653094,23.98246650944396,3.8348572223139703,3.71938912357075,4,0,0,8
93,9,0.0,19.32002098936471,19.2330263277447,50.75711901127801,33.41978176381356,27.18810513184,3.66131683950656,3.8348572223139703,5,0,0,9
94,0,210.57384903865847,21.0,21.0,40.0,29.554693354139125,18.02535461582833,7.811426527632514,0.0,0,0,0,0
94,1,210.57384903865847,19.191093867082785,18.96050709231657,48.564408634594145,29.554693354139125,18.02535461582833,7.811426527632514,7.811426527632514,0,0,0,1
94,2,210.57384903865847,17.490926988399696,17.378574068400614,57.730642144286875,29.99998355987032,20.923535938422617,7.915596555623323,7.811426527632514,0,1,1,2
94,3,164.29502595464257,19.160541614680966,19.09746828885388,67.27846448564271,28.9412087716588,24.102248680318056,7.713137180669317,7.915596555623323,0,1,1,3
94,4,124.93314058200255,20.92668472219396,20.79212271838389,77.18915946258642,31.36680830824302,23.692608230333143,6.560314228773335,7.713137180669317,0,1,1,4
94,5,78.95798909747495,21.766147111122653,21.811618058756743,70.69801395319566,23.508148256082208,23.76326558063576,5.74689393556595,6.560314228773335,1,1,1,5
94,6,36.728334153684195,22.736917191479588,22.65175353085831,64.41615257821366,26.005111144437336,22.42899232788485,5.278706867973844,5.74689393556595,2,0,0,6
94,7,10.339281532431912,20.51539822696376,23.45621385234778,58.74373667145582,28.028292634620712,23.791618994502397,5.277810524250457,5.278706867973844,3,0,0,7
94,8,0.0,20.169424756651154,19.186073436439354,52.70447079722216,27.41859394204349,22.36326231221393,5.169640766215956,5.277810524250457,4,0,0,8
94,9,0.0,18.076881687540222,18.213363910996417,62.20583758964352,30.355764849687365,22.42960621932021,4.993070247271379,5.169640766215956,4,0,0,9
95,0,122.4731049979093,21.0,21.0,40.0,32.571571039308665,22.40559973019679,5.317958751712844,0.0,0,0,0,0
95,1,122.4731049979093,19.251431420786176,19.048111994603936,49.895890738510985,32.571571039308665,22.40559973019679,5.317958751712844,5.317958751712844,0,0,0,1
95,2,122.4731049979093,17.592785850955583,17.445087272718784,59.37913895654508,31.559716313492576,21.124996008919044,4.512108285838666,5.317958751712844,0,1,1,2
95,3,98.40991972213388,19.18688167096822,19.184551415359024,68.58395620135263,26.734932518137946,24.40294106412629,4.010530879295906,4.512108285838666,0,1,1,3
95,4,73.39907171967467,20.190928102344305,20.142995660699835,62.71197029987451,26.571382676297155,24.13980675993552,3.126356000307401,4.010530879295906,1,1,1,4
95,5,50.30050829334665,21.253645216933243,21.135550908290675,56.741261176607495,28.393214574878197,21.76951251808285,2.887320428291002,3.126356000307401,2,1,1,5
95,6,20.11825747194691,22.25157074682936,22.110897284764512,50.85098484663857,29.70733183874901,20.90224410586804,3.772781352674967,2.887320428291002,3,0,0,6
95,7,0.0,20.09044031950289,22.922862082312214,44.8660236374394,30.286281314144414,19.79726752363799,4.023651494389383,3.772781352674967,4,0,0,7
95,8,0.0,20.513448842502783,19.398654466864414,53.998512197417085,31.99471994760506,18.741327607826527,4.141612731559471,4.023651494389383,4,0,0,8
95,9,0.0,18.294722831758765,18.371145404941092,62.37198129146621,29.710029860088312,16.80924288462907,4.606456320129894,4.141612731559471,4,0,0,9
96,0,146.1567423529848,21.0,21.0,40.0,30.951060259904587,16.20258696163729,5.189564356705251,0.0,0,0,0,0
96,1,146.1567423529848,19.219021205198093,18.92405173923275,48.48765649987754,30.951060259904587,16.20258696163729,5.189564356705251,5.189564356705251,0,0,0,1
96,2,146.1567423529848,17.53141572971038,17.317687734091393,57.53938859382839,32.69917114618926,17.58822937575991,4.25090791983298,5.189564356705251,0,1,1,2
96,3,126.32754801263327,19.147569341621868,19.0637879961896,66.832558346962,29.51185402832009,22.116866822422164,3.3048657233919205,4.25090791983298,0,1,1,3
96,4,104.755491982145,20.09628904500454,20.02047506126841,60.30274909752096,26.05201732458676,21.00459795629633,2.696507003811034,3.3048657233919205,1,1,1,4
96,5,82.9458638482766,21.174232495355678,21.102084785482198,55.075123594626234,29.51778233903909,24.77318708932355,2.7262035167335497,2.696507003811034,2,1,1,5
96,6,55.22828352601245,22.249501036610326,22.130676894910263,50.258555003524734,31.799020835715226,24.775598102609774,3.464697540283019,2.7262035167335497,3,0,0,6
96,7,37.04798663235228,20.17972912583808,23.013404315076087,45.74862295681078,34.18837897981699,24.08977631621657,3.6360593787320337,3.464697540283019,4,0,0,7
96,8,37.04798663235228,20.58811234732671,19.562350680054852,55.569717562215345,31.67229611085739,22.889340585834667,4.131938602735017,3.6360593787320337,4,0,0,8
96,9,26.835255483722435,17.9144605996623,17.956188203674678,50.44003932371817,28.469086418503974,26.36603447873395,4.592179556820354,4.131938602735017,5,1,1,9
97,0,287.8970349029488,21.0,21.0,40.0,25.74624457539805,23.994707833016637,7.161468431630273,0.0,0,0,0,0
97,1,287.8970349029488,19.11492489150796,19.079894156660334,48.95337143351465,25.74624457539805,23.994707833016637,7.161468431630273,7.161468431630273,0,0,0,1
97,2,287.8970349029488,17.484659976972736,17.42221194902335,58.10587624694095,27.24755569183167,23.5996932716478,8.146168038116139,7.161468431630273,0,1,1,2
97,3,234.22247935145452,19.131782008135577,19.127961586329707,67.36659776618497,26.28809719711157,25.1603556875774,8.945759258582381,8.146168038116139,0,1,1,3
97,4,182.8811411732561,20.93152822058669,20.8160536864424,77.52222004465327,31.125578401785297,25.294545367483057,8.5568896963664,8.945759258582381,0,1,1,4
97,5,119.93194196407583,22.029800944684276,21.872303879671794,73.71705824729756,35.900258416517154,26.29328715372887,7.868649901147535,8.5568896963664,1,0,1,5
97,6,63.58216896252123,22.89617442815079,22.92425577964325,68.69388104015977,28.19259084712164,27.2342024465573,7.043721625194324,7.868649901147535,2,0,0,6
97,7,30.221668733314466,20.72487285110361,23.757686489095935,64.1227386491992,27.938097827996906,30.0,6.672100045841353,7.043721625194324,3,0,0,7
97,8,20.24771300237041,20.462709092783317,19.542834868559403,59.79521187604267,29.896512284109445,29.39500564279867,4.986977865472029,6.672100045841353,4,0,0,8
97,9,10.937498255980216,18.012849017295757,17.947770817925328,55.83880349777293,31.353286787390346,30.0,4.023472954179632,4.986977865472029,5,0,1,9
98,0,99.9541108157698,21.0,21.0,40.0,32.36557186423817,17.598937635510342,4.164480213099557,0.0,0,0,0,0
98,1,99.9541108157698,19.247311437284765,18.951978752710207,48.993611709954735,32.36557186423817,17.598937635510342,4.164480213099557,4.164480213099557,0,0,0,1
98,2,99.9541108157698,17.62778697959477,17.441709839233635,59.573524310075825,36.255569754784936,22.52172246811,2.918470662313587,4.164480213099557,0,1,1,2
98,3,76.4147976728067,18.684737453559055,18.554519089674685,55.93260073629412,36.20402772264635,26.90195242301085,2.9424141428703865,2.918470662313587,1,1,1,3
98,4,55.12410963423903,19.87802979972618,19.73253058849674,52.72097446048238,37.35960057705839,28.131364557320808,2.661336004820958,2.9424141428703865,2,1,1,4
98,5,36.96765951912728,21.006920203567972,20.89276743221153,48.203932268267565,33.06439061197947,25.174263875715987,2.269556264388969,2.661336004820958,3,1,1,5
98,6,16.99263038124524,22.05207549972709,21.97662772615806,43.2747914514199,30.71694896648893,25.2322687176907,2.4968786422352545,2.269556264388969,4,0,1,6
98,7,0.0,19.977380104751656,22.883248516889108,38.61926114689235,31.65378604131045,25.815490044647596,3.3985260762490483,2.4968786422352545,5,0,0,7
98,8,0.0,20.52039661377101,19.415456940543088,49.202159530804316,35.2264186949781,23.567461215643934,4.217509699698926,3.3985260762490483,5,0,0,8
98,9,0.0,18.399139648842482,18.58152204751007,60.216392777657845,34.322579934890555,26.86760476985126,4.536949672707271,4.217509699698926,5,0,0,9
99,0,96.98660878833323,21.0,21.0,40.0,30.8160831342532,21.123359991682484,2.3091296276005293,0.0,0,0,0,0
99,1,96.98660878833323,19.216321662685065,19.022467199833653,49.34909976266842,30.8160831342532,21.123359991682484,2.3091296276005293,2.3091296276005293,0,0,0,1
99,2,96.98660878833323,17.546755768150444,17.463867661681242,59.07921261437672,30.55420238786085,23.50198012162969,1.1908137979180042,2.3091296276005293,0,1,1,2
99,3,84.71601391494153,18.62133515307574,18.498972439366188,54.84462293434213,33.584646196717216,26.223188914201728,1.533824359173963,1.1908137979180042,1,1,1,3
99,4,69.35635934382302,19.695374072691134,19.68068182771842,50.485942769623776,30.84424824181074,28.27419528753179,1.9199568213898148,1.533824359173963,2,1,1,4
99,5,52.53378105387044,20.89697583779211,20.82344737454323,46.255007117699726,31.86247105206172,27.96566421502689,2.1028222862440717,1.9199568213898148,3,1,1,5
99,6,31.028798678645,21.989352676162333,21.91138810213556,41.62624610246452,31.30957500493805,26.30841935486638,2.6881227969031807,2.1028222862440717,4,1,1,6
99,7,0.0,22.862319092764828,22.896594807406604,37.0917791301697,28.798766516115133,29.343083637802536,3.878599834830625,2.6881227969031807,5,0,0,7
99,8,0.0,21.353538158757733,21.244198022361914,48.15551039923319,33.209022408591885,28.25615130842749,5.148069847758547,3.878599834830625,5,0,0,8
99,9,0.0,19.70265824894103,19.565436507335363,58.19539190827632,32.13915431045234,23.637965184231728,5.428476534698603,5.148069847758547,5,0,0,9
