day,hour,cost_to_go,T1,T2,H,Occ1,Occ2,price_t,price_previous,vent_counter,low_override_r1,low_override_r2,current_time
0,0,153.13081227524373,21.0,21.0,40.0,32.969097664154,15.4710408718597,4.311188506349689,5.831303587171684,0,0,0,0
0,1,127.26368123714559,22.259381953283082,21.909420817437194,48.71922493648246,32.969097664154,15.4710408718597,4.311188506349689,4.311188506349689,0,0,0,1
0,2,106.1156968811043,23.26274080967607,23.074090213668597,58.35209347337499,34.098941577065816,19.416994739003783,3.524664059340214,4.311188506349689,0,0,0,2
0,3,97.03404299622383,21.40291140877835,24.202374045256608,68.14002304022256,33.61700679934285,20.76037968314361,3.027217961626824,3.524664059340214,0,0,0,3
0,4,78.53868459017642,24.74390597664489,23.69171425928213,78.98910121625781,35.44515142724666,24.827505106282526,3.082559734341235,3.027217961626824,0,0,0,4
0,5,61.996845324170906,21.830969071430875,25.09656296208406,75.23967383725861,32.503181227782214,30.0,3.3083678532011027,3.082559734341235,1,0,0,5
0,6,53.61224303475965,21.8121247643662,20.82223266876653,71.03588126398216,30.24481328432489,29.73411686413934,4.192301144705626,3.3083678532011027,2,0,0,6
0,7,42.67140698802502,19.071525438742267,19.470220944342802,65.80461173374793,24.59216549300006,29.67855933903202,5.470418023367315,4.192301144705626,3,0,0,7
0,8,19.31891405795397,18.113234733651037,18.071076396560866,60.00838268395103,25.69321559175705,25.438845242704595,6.3308398830607695,5.470418023367315,4,0,0,8
0,9,0.0,18.147219780179103,18.01600942985409,69.38258938756617,29.555435016300837,22.523491114894377,7.047661207485221,6.3308398830607695,4,0,0,9
1,0,184.89675009367699,21.0,21.0,40.0,25.7342414983848,16.144992366405123,7.3321530013852945,5.157535487108307,0,0,0,0
1,1,184.89675009367699,19.114684829967697,18.922899847328104,47.53826209566218,25.7342414983848,16.144992366405123,7.3321530013852945,7.3321530013852945,0,0,0,1
1,2,178.3712111763694,18.056890712788018,17.296435778180683,55.19141872958136,22.844535639400757,19.67300121570576,8.648140847410337,7.3321530013852945,0,0,1,2
1,3,154.71743167283444,16.274258206235103,19.35882017291448,64.19587133470586,28.60173119013869,21.42300550499739,7.884593167844987,8.648140847410337,0,1,1,3
1,4,118.141871297589,20.077277281006822,19.1351119237232,72.81074753653974,24.350130853755847,23.510292489765718,6.095926729207571,7.884593167844987,0,1,1,4
1,5,78.78580964057545,20.736491991084847,20.771402594352363,67.9927544775367,34.47682771181968,22.089877515941293,4.919507707126695,6.095926729207571,1,1,1,5
1,6,42.029741020243435,21.928046358657355,21.705737318105893,62.68286142636451,32.21286023602414,21.62106725746368,4.594508577541502,4.919507707126695,2,1,1,6
1,7,7.145734718267046,22.884974069866125,22.649028027449177,58.28654075079517,37.02063365464495,21.88869592552539,4.360500787747049,4.594508577541502,3,0,0,7
1,8,0.0,20.562915947698478,20.340724025148763,53.52519174854169,35.76509059783254,21.116303834092516,3.572867359133523,4.360500787747049,4,0,0,8
1,9,0.0,19.087546013518065,18.827051593074312,65.10577819743516,40.34709562158727,23.989495761154217,3.301405384378153,3.572867359133523,4,0,0,9
2,0,249.1681594714666,21.0,21.0,40.0,27.721293233033787,22.818338600598924,7.647974385457378,7.199748919103557,0,0,0,0
2,1,249.1681594714666,19.154425864660677,19.05636677201198,49.09713373005388,27.721293233033787,22.818338600598924,7.647974385457378,7.647974385457378,0,0,0,1
2,2,244.81688679051155,18.00794909345744,17.4829168738033,58.49182733229344,26.389921148875032,25.80282108578918,8.017705861,7.647974385457378,0,0,1,2
2,3,219.99090160235878,16.34558102474539,19.432752185861805,67.68950366257089,27.307563536933053,23.790638297941637,8.275328396050925,8.017705861,0,1,1,3
2,4,170.1733761368817,20.24984647643889,19.195603990260263,77.22536708732025,29.69078795928531,23.286231067100054,8.302920910912846,8.275328396050925,0,1,1,4
2,5,108.93931660003149,20.693769394857988,20.883893731730588,71.14749467672955,27.937397972883996,21.629977523834345,7.654257442106276,8.302920910912846,1,1,1,5
2,6,59.596264186764614,21.960472310506905,21.74845061595183,65.94872968949066,31.100262650557788,23.35104297589282,6.167881551658359,7.654257442106276,2,1,1,6
2,7,9.667773084788859,22.68056930092298,22.68876893903776,59.46180637519686,25.032606994366216,22.26226348177931,6.241061387746969,6.167881551658359,3,0,0,7
2,8,0.0,20.339455757358323,20.25540024835165,53.25517891327986,26.46592526731451,22.386144388702185,4.8338865423944295,6.241061387746969,4,0,0,8
2,9,0.0,18.68099023581773,18.56595137391509,61.3280115242492,25.930922895586534,18.918147165354213,4.217550966233871,4.8338865423944295,4,0,0,9
3,0,134.46801358460164,21.0,21.0,40.0,32.26903443186937,16.978933102062314,3.304801234021085,4.054780927602364,0,0,0,0
3,1,114.63920618047513,22.24538068863739,21.93957866204125,48.864634156107705,32.26903443186937,16.978933102062314,3.304801234021085,3.304801234021085,0,0,0,1
3,2,87.58241160385337,22.5616743986562,22.420512610182083,43.77483826478002,33.350904657636065,21.70578483498792,3.382099322077719,3.304801234021085,1,0,0,2
3,3,70.31337311833533,20.04056343616002,22.97787910299573,38.85379811521634,30.62293243831953,25.37128895299335,3.4538076971036067,3.382099322077719,2,0,0,3
3,4,49.735043808904024,22.868041031086513,18.841672917762534,34.72314731807147,33.82197200642916,26.56330134276599,4.115665861886264,3.4538076971036067,3,0,0,4
3,5,27.943834256210597,18.423425665089688,22.516031592293153,31.560887879215024,35.765225339686424,30.0,4.358241910538685,4.115665861886264,4,0,0,5
3,6,27.943834256210597,19.977319098553824,18.668062606590947,42.359719440716944,32.03362218255116,27.959886492459493,5.112308244964565,4.358241910538685,4,0,0,6
3,7,27.57937382630611,18.137391233982118,18.337066530587553,52.611819457498456,31.57855164606743,25.377559558274285,5.275780035,5.112308244964565,4,0,0,7
3,8,18.470790059458757,18.18946367410648,18.138704174729593,63.77598104841978,35.46929499083572,26.55382495872718,4.389079756,5.275780035,4,0,0,8
3,9,8.087893074323091,18.02726325620218,18.171551887999247,74.4960634801526,31.929797814504514,27.62621569512222,4.156893335917718,4.389079756,4,0,0,9
4,0,193.76288333715172,21.0,21.0,40.0,31.365327650566044,22.007154082152155,6.769341992482144,5.273271777648426,0,0,0,0
4,1,193.76288333715172,19.22730655301132,19.040143081643045,49.607046711889275,31.365327650566044,22.007154082152155,6.769341992482144,6.769341992482144,0,0,0,1
4,2,168.4082501555024,18.09156715960579,20.491791035446393,59.675716691222405,31.633591567781178,24.30346387295844,7.224936543967067,6.769341992482144,0,0,0,2
4,3,168.4082501555024,18.356868949405932,17.48863213354421,71.42871682747575,36.35146392844239,28.94298127296512,6.859592786501511,7.224936543967067,0,0,1,3
4,4,122.11887265456227,18.22096756772048,19.2197949498311,68.99888856706754,41.51534535158693,28.31894209058969,6.614926951011565,6.859592786501511,1,0,1,4
4,5,89.1448839010757,18.009238300616534,19.841224123894104,65.75638970120758,35.319450745222504,30.0,5.722686684749252,6.614926951011565,2,0,1,5
4,6,61.017407814471966,18.219274982449974,19.82340714148348,61.67321923477422,37.37420676699273,23.27484619726643,5.055002876401586,5.722686684749252,3,0,1,6
4,7,38.50321261636003,18.18427299132054,19.916773602882458,58.21242852263234,39.33264963313126,24.77406863274712,4.097149072681395,5.055002876401586,4,0,1,7
4,8,29.703334099861948,18.263864840873993,20.556119722157135,70.30512040724344,38.29068417179338,28.890937409379404,2.9332928388326955,4.097149072681395,4,0,1,8
4,9,11.457497301758766,18.10635680339484,19.905654552978035,66.76434399424842,35.002111755189766,28.660241505949053,3.3875229582215765,2.9332928388326955,5,0,1,9
5,0,93.42006469655627,21.0,21.0,40.0,32.81367886473842,16.657447977782923,6.053035409,7.581990489683603,0,0,0,0
5,1,75.26095846955627,22.25627357729477,18.93314895955566,48.90480283165384,32.81367886473842,16.657447977782923,6.053035409,6.053035409,0,0,0,1
5,2,62.56125575514208,18.426190715182877,22.190289384252797,58.18749294771116,31.606218228676816,19.96428241608611,4.233234238138066,6.053035409,0,0,0,2
5,3,55.162948048181484,19.426562210123546,21.038614845162886,68.04928940948483,33.86182316647451,20.925934954490288,2.4661025689868654,4.233234238138066,0,0,0,3
5,4,50.371838866181484,22.249457499369584,21.52218572793926,78.55745253781963,35.28074154611529,23.09794250018918,0.798518197,2.4661025689868654,0,0,0,4
5,5,45.12563293904999,22.809098669297178,22.797452582712012,73.69741189507597,33.91224422051305,22.42086331979994,0.6557757408914365,0.798518197,1,0,0,5
5,6,35.75143212600408,23.72221267787821,23.643392603711487,68.7747942881088,30.050576373092493,25.934881365978743,1.1717751016307385,0.6557757408914365,2,0,0,6
5,7,20.855966505828683,24.388411227706744,24.402262227888794,63.46076083796737,27.15033819019525,26.66058708679685,1.8619332025219248,1.1717751016307385,3,0,0,7
5,8,8.70790114,21.96678241167284,24.84186380001437,58.46542998320365,30.809830415752774,24.771664835559893,2.429613073165737,1.8619332025219248,4,0,0,8
5,9,8.70790114,22.197405320725156,21.05662956338461,70.27040139514993,39.74787077635845,25.835303734454214,3.3176841873575342,2.429613073165737,4,0,0,9
6,0,287.4959522486532,21.0,21.0,40.0,29.01257819165574,17.67497995388691,7.267481148619879,2.2705577079860277,0,0,0,0
6,1,287.4959522486532,19.180251563833117,18.95349959907774,48.40376046619768,29.01257819165574,17.67497995388691,7.267481148619879,7.267481148619879,0,0,0,1
6,2,280.23262105004875,18.100198529013166,17.430995056586426,57.73349632378941,27.85689903172367,23.974966843785936,11.011881008803204,7.267481148619879,0,0,1,2
6,3,244.23262105004875,16.41960791519026,19.51439707792151,68.00556498806338,31.18282104234684,25.88422709250853,12.0,11.011881008803204,0,1,1,3
6,4,178.66434055987662,20.286968488517065,19.29858383833594,77.54140371591035,27.98713844472981,24.989743376642245,10.928046748362023,12.0,0,1,1,4
6,5,104.07516280814085,20.863495146197533,20.991756163011672,72.8269998816591,32.77745991641811,24.364741004408312,9.323647218966974,10.928046748362023,1,1,1,5
6,6,43.648437055861805,22.09568897571384,21.922636444391493,68.16439305801254,32.079336702378924,25.35062538847351,7.553340719034881,9.323647218966974,2,0,1,6
6,7,12.986825196317577,19.937234314759475,22.879008056929656,63.19344673073677,30.61203285489704,25.1049319935709,6.132322371908845,7.553340719034881,3,0,0,7
6,8,2.4200464122385483,19.710344784341032,18.749051012032933,58.447753917795765,30.453227872145572,26.515145389293345,5.283389392039514,6.132322371908845,4,0,0,8
6,9,0.0,18.058538573850416,18.08747548821282,68.91671645358218,30.45012968760041,27.7107732889908,4.362409173376318,5.283389392039514,4,0,0,9
7,0,258.36836803047424,21.0,21.0,40.0,30.779173783334635,20.680614680722343,7.090128116,2.9956330997377263,0,0,0,0
7,1,258.36836803047424,19.215583475666694,19.013612293614447,49.262761923530256,30.779173783334635,20.680614680722343,7.090128116,7.090128116,0,0,0,1
7,2,225.62815467569385,18.111867373265962,20.35387967486956,58.11454585737656,31.01902742537257,18.15754998488469,9.193204237929365,7.090128116,0,0,0,2
7,3,225.62815467569385,18.23645816898408,17.330745662941695,68.31552102443551,34.16376251975196,22.508321741686643,9.64172416696774,9.193204237929365,0,0,1,3
7,4,200.56264924227716,16.725297881403183,19.75194844469472,79.84769515109312,38.16039673152284,25.90723730546388,8.355168477805561,9.64172416696774,0,1,1,4
7,5,139.7909625894705,20.145213573921726,19.00074073725755,75.92689694068889,36.68750221857296,24.863618834736847,7.596460831600832,8.355168477805561,1,1,1,5
7,6,87.39270019182622,20.758964379753827,20.943512528009084,72.36695919000292,35.74779326113881,27.808108123939096,6.549782799705535,7.596460831600832,2,1,1,6
7,7,42.777041039141594,22.06005287881801,21.86230461354086,69.10942189872846,36.17754748869626,29.05835644866782,5.576957394085579,6.549782799705535,3,0,1,7
7,8,11.973093098,19.910480290341834,22.76774666334765,66.3736770242022,39.11882801297138,29.015922684104915,6.160789588228319,5.576957394085579,4,0,0,8
7,9,11.973093098,20.24848607291922,19.283907074896913,78.14026879928726,35.36995430602813,30.0,6.022561510933938,6.160789588228319,4,0,0,9
8,0,152.26833664798127,21.0,21.0,40.0,32.21736375634937,19.458250283585784,6.485857822549366,7.7394799538568435,0,0,0,0
8,1,132.81076318033317,22.244347275126987,18.989165005671715,49.30161052718833,32.21736375634937,19.458250283585784,6.485857822549366,6.485857822549366,0,0,0,1
8,2,116.39271166033318,18.453621436142498,22.288215197723108,59.355382527134005,31.47616742569292,24.378121462894168,5.47268384,6.485857822549366,0,0,0,2
8,3,102.00148345902834,19.511916438763983,21.232478879751408,70.71475542908586,34.780299379992755,28.32732785307307,4.797076067101612,5.47268384,0,0,0,3
8,4,93.68153560820801,18.63313444826503,17.920486158044532,65.57108477163821,32.368354523625115,22.389030712776854,4.153521599292188,4.797076067101612,1,0,1,4
8,5,65.68332321616865,18.192606140082674,19.69045931543666,62.40379378499277,36.150887258824426,29.586385037589807,4.252041794701322,4.153521599292188,2,0,1,5
8,6,45.837337394733424,18.118628401036535,19.9944125509305,59.09212757334362,36.34963410056533,28.58555361249489,3.595561977175403,4.252041794701322,3,0,1,6
8,7,31.83988217423503,17.989795174993755,19.84369229627545,53.33264010251982,29.761861114551024,21.574319603094565,2.582738914567651,3.595561977175403,4,1,1,7
8,8,21.151048997582535,20.90745986801182,20.262450515433184,61.741893266619556,25.580041971796938,21.138031162090503,1.7814721961087492,2.582738914567651,4,1,1,8
8,9,11.060935910879921,21.9356819965913,22.058914472135307,71.88567914887919,29.933941262016344,26.420424750537165,1.6816855144504357,1.7814721961087492,4,1,0,9
9,0,183.76298040380198,21.0,21.0,40.0,33.24437219818739,19.98399187856279,6.830282956640339,5.773273185929288,0,0,0,0
9,1,163.27213153388095,22.26488744396375,18.999679837571257,49.581105533815034,33.24437219818739,19.98399187856279,6.830282956640339,6.830282956640339,0,0,0,1
9,2,143.30935035021363,18.39365050940033,22.20420813102497,58.08753008683389,27.85407359904675,19.40384058439131,6.654260394555777,6.830282956640339,0,0,0,2
9,3,123.25210584695864,19.248117424143768,21.09403235135496,66.99291484850224,25.01012455105857,24.464235235987815,6.685748167751662,6.654260394555777,0,0,0,3
9,4,123.25210584695864,19.184685034134752,18.484537466839367,77.57581240610489,33.056264888307936,25.737610431706766,7.017789822289494,6.685748167751662,0,0,0,4
9,5,102.42364485837632,18.077766884295766,17.19780482773048,73.91102780332514,33.02704542917933,29.946373444266555,6.8777274829861215,7.017789822289494,1,0,1,5
9,6,63.87427612629211,18.197214725557306,19.206001578896604,70.67140232414258,35.33541400454128,30.0,5.392656343724765,6.8777274829861215,2,0,1,6
9,7,42.08286742266597,18.181805721382183,19.763398793293526,67.43934224071302,38.349224682063095,27.028219298883776,3.700137685,5.392656343724765,3,0,1,7
9,8,26.2132769600898,18.18604572471829,19.81199602276725,64.89148518041836,40.11917920538199,29.059392681869905,2.7947410180477528,3.700137685,4,0,1,8
9,9,17.747167588648193,18.21990025365407,20.362521143348665,78.01248977949496,42.89446999487001,30.0,2.7207304042692377,2.7947410180477528,4,0,1,9
10,0,46.86826021071695,21.0,21.0,40.0,25.90433139596119,21.46027891507768,2.398807380861561,5.763960930748606,0,0,0,0
10,1,27.67780116382446,21.418086627919227,21.329205578301554,33.525629855987,25.90433139596119,21.46027891507768,2.398807380861561,2.398807380861561,1,0,0,1
10,2,18.820452326822505,21.890030440883518,21.731826924433378,27.83797104307545,30.489310191965156,21.24591862519289,1.1071686046252442,2.398807380861561,2,0,0,2
10,3,18.531268286822506,22.50969100509272,22.351224791892303,23.51786032649848,34.814540824005924,24.518177417233144,0.036148005,1.1071686046252442,3,0,0,3
10,4,17.326546658570955,23.33351389406782,23.157628472300175,20.496031898607043,38.858330954607,27.68706666821836,0.1505902035314441,0.036148005,4,0,0,4
10,5,16.257543732417695,24.18554555975618,24.038542518932008,17.165879669595228,37.41046049216204,27.422027124438983,0.1336253657691576,0.1505902035314441,5,0,0,5
10,6,10.683781485138747,25.731750627636412,25.55144367004335,28.69951491133878,37.64807241751762,26.427678925502114,0.9289603745464912,0.1336253657691576,5,0,0,6
10,7,0.0,27.00727030471789,26.891210843186776,40.02327966164998,35.70869080442363,27.201113363971903,1.7806302475231244,0.9289603745464912,5,0,0,7
10,8,0.0,25.121211131744197,24.964430534099254,52.547665586588515,39.57992180521409,30.0,1.296150207835052,1.7806302475231244,5,0,0,8
10,9,0.0,23.156837472735937,23.069350740963813,64.55835378617901,36.72604555328055,30.0,1.3059908441020889,1.296150207835052,5,0,0,9
11,0,200.5877412237111,21.0,21.0,40.0,34.82587986096777,15.596075442048257,7.139526913102904,2.097733795737998,0,0,0,0
11,1,200.5877412237111,19.296517597219356,18.911921508840965,49.07595195454289,34.82587986096777,15.596075442048257,7.139526913102904,7.139526913102904,0,0,0,1
11,2,165.73933425744178,18.081353262451408,20.393368765696664,58.27526444554273,31.8779489654034,19.22934265126242,9.815371048649055,7.139526913102904,0,0,0,2
11,3,165.73933425744178,18.237455536682198,17.25976859355625,67.77372495931408,33.48666984206323,19.282555234444267,10.078831281894056,9.815371048649055,0,0,1,3
11,4,138.85671515943875,16.58679388918508,19.621653177000493,77.4535413304281,33.34954868670936,20.42720893059076,8.960873032667674,10.078831281894056,0,1,1,4
11,5,79.31898593222918,19.84494166336939,18.84651848327572,71.61956964450617,27.660324605054164,23.26205491760185,7.442216153401197,8.960873032667674,1,1,1,5
11,6,38.94894800657835,20.31181039323412,20.589972490350178,64.53478840893945,22.52084021289357,21.452597367291343,5.046254740706354,7.442216153401197,2,1,1,6
11,7,14.69802777656004,21.537754000631878,21.282652179507743,57.84531090353846,27.3761145069524,18.79345490748656,3.0313650287522886,5.046254740706354,3,1,1,7
11,8,0.0,22.09010079520573,22.079068501863098,50.453852748402255,23.323909449951604,18.945767465958323,1.837253472070005,3.0313650287522886,4,0,0,8
11,9,0.0,20.210102123857787,20.201509083918317,58.056774081754384,21.41679412453456,20.82165772742172,1.546024985159424,1.837253472070005,4,0,0,9
12,0,231.45305817490043,21.0,21.0,40.0,26.68594523517113,17.989768671675385,7.893431988743194,5.510491875932469,0,0,0,0
12,1,231.45305817490043,19.133718904703425,18.959795373433508,48.041628503232374,26.68594523517113,17.989768671675385,7.893431988743194,7.893431988743194,0,0,0,1
12,2,224.92323807200887,18.068755921223634,17.40985551154767,57.11597892230178,26.19352513331667,24.21953275040224,9.722816005948197,7.893431988743194,0,0,1,2
12,3,194.3487982018963,16.432886609631446,19.479633325941613,67.62059750663646,32.9525812324119,25.406410902780777,10.191479956704192,9.722816005948197,0,1,1,3
12,4,140.88663048425124,20.352264990862928,19.366353799777148,78.52806337463066,32.095695704802225,28.501336895165583,8.910361286274178,10.191479956704192,0,1,1,4
12,5,82.94222127319031,20.86643650287523,21.104742219440485,73.77916790166276,29.91198137187892,27.03859933385496,7.243051151382616,8.910361286274178,1,1,1,5
12,6,30.40016883609612,22.0459466858727,22.02584639385925,68.658757968493,26.158520167291893,28.728091315098357,6.567756554636774,7.243051151382616,2,0,0,6
12,7,19.463013775056616,19.788176121047712,19.965270907584983,62.68956551073374,20.808959032893394,29.362193979555126,5.468577530519753,6.567756554636774,3,0,0,7
12,8,9.352347729785953,18.037014569727685,18.011293817185962,56.351360009428845,23.20573386964927,24.915346678656856,4.008392502035858,5.468577530519753,4,0,0,8
12,9,0.0,18.06583715859491,18.14352574048356,66.00098456439417,25.91552896350606,27.693496341856868,3.2483411032172773,4.008392502035858,4,0,0,9
13,0,289.94879047089387,21.0,21.0,40.0,29.72369114070828,15.898684800310212,4.917734207362141,2.2657112237249217,0,0,0,0
13,1,275.19558784880746,22.194473822814167,18.917973696006207,48.21202766938333,29.72369114070828,15.898684800310212,4.917734207362141,4.917734207362141,0,0,0,1
13,2,253.26716567455497,18.43681781691405,22.115488841640193,57.54065446355119,33.51982753892794,18.305876873115736,7.309474058084169,4.917734207362141,0,0,0,2
13,3,253.26716567455497,19.26804403469671,18.10055624018704,67.05306477284032,28.020524147543284,24.82619979295188,8.701565027637658,7.309474058084169,0,0,0,3
13,4,246.8225669061369,18.06023931927858,17.542990442093227,76.3730017906637,28.812825331466435,22.964602545330152,8.586721708783863,8.701565027637658,0,0,1,4
13,5,206.30039926087133,16.047192075648425,19.2053275262224,71.49082537076474,28.031045814821496,28.179085185739893,8.104433529053114,8.586721708783863,1,1,1,5
13,6,143.73642101856743,19.4744840476651,18.58686314179391,66.69754130074213,26.85649546185668,29.847481926906653,7.820497280287988,8.104433529053114,2,1,1,6
13,7,90.53129557178609,20.108618867885784,20.39104329925685,62.12889680078315,28.57253350987129,29.37944149035664,6.650640680847666,7.820497280287988,3,1,1,7
13,8,38.777669960483934,21.257798780602545,21.175189408821012,57.909835182115074,29.894102118510705,30.0,6.469203201412769,6.650640680847666,4,1,1,8
13,9,0.0,22.59484547542773,22.573430518220658,68.38580656024446,30.254864713342,27.944976276265702,6.462944993413989,6.469203201412769,4,0,0,9
14,0,72.39512915990431,21.0,21.0,40.0,26.261996141262443,21.0592616014806,4.478147900676209,7.277721786841092,0,0,0,0
14,1,45.52624175584707,22.12523992282525,22.021185232029612,48.517826393693746,26.261996141262443,21.0592616014806,4.478147900676209,4.478147900676209,0,0,0,1
14,2,38.30389060718419,20.270890894040452,23.0888198851944,58.53787142210776,33.165643814379706,22.501273010142626,2.4074503828876264,4.478147900676209,0,0,0,2
14,3,32.00621801205042,23.531850767461467,22.5033648485563,69.30984642409005,34.49983332225874,25.34447224430956,1.049612099188962,2.4074503828876264,0,0,0,3
14,4,27.265418828025393,24.311637273419695,24.562825013356257,80.62606874570497,32.86790178674952,30.0,0.7901331973375043,1.049612099188962,0,0,0,4
14,5,24.34142445492923,25.25383532481016,25.094846492935176,77.11236881290304,33.99720182290064,29.8155763281998,0.3654992966370204,0.7901331973375043,1,0,0,5
14,6,19.824212419105546,25.881508239614583,25.87021876977494,73.25358917367151,32.42248732052146,29.47318135041445,0.5646515044779603,0.3654992966370204,2,0,0,6
14,7,11.227404984315347,26.487148542427537,26.388507773748955,69.17681547358009,32.89298551828559,27.79160503676208,1.0746009293487748,0.5646515044779603,3,0,0,7
14,8,7.309036467934602,23.858272106525785,23.63326345817345,64.23912762521888,34.3158890617833,21.585845113987737,1.959184258190373,1.0746009293487748,4,0,0,8
14,9,7.309036467934602,21.917788788985373,21.771664651083043,74.43146228139557,33.65270902180258,22.97137240140121,3.2220152578563246,1.959184258190373,4,0,0,9
15,0,133.22365410639625,21.0,21.0,40.0,27.966960170684136,18.15766526431868,6.016773721870224,6.7515617982732055,0,0,0,0
15,1,115.17333294078557,22.159339203413683,18.963153305286376,48.302432578300504,27.966960170684136,18.15766526431868,6.016773721870224,6.016773721870224,0,0,0,1
15,2,101.81354303963823,18.458086371394568,22.1140283399951,57.72796742996174,33.754886275556096,18.60919623367299,4.453263300382446,6.016773721870224,0,0,0,2
15,3,90.7544050273756,19.335010260257967,21.1043056733046,67.71637343939324,31.09362215775104,24.397522339090624,3.6863793374208806,4.453263300382446,0,0,0,3
15,4,72.84116123426138,22.313495080615475,21.547692376747268,79.23990972417641,37.885175012142064,26.134471014431107,2.9855406321857028,3.6863793374208806,0,0,0,4
15,5,59.05857377653206,19.866462641995735,22.94242002354126,75.47554353974644,35.054679672512414,27.36550819176548,2.756517491545865,2.9855406321857028,1,0,0,5
15,6,40.34006350206276,22.953548039319877,21.906376983664895,70.66291915575974,31.40786162982004,25.18866957025388,2.3398137843086624,2.756517491545865,2,0,0,6
15,7,15.768806956796594,23.084365223004006,23.437400339201286,65.22472475980602,25.58847613483113,27.532666109870476,3.071407068158271,2.3398137843086624,3,0,0,7
15,8,8.881067626166583,20.90229794686803,20.874544333875274,60.32131246300813,26.092153906678394,30.0,3.443869665315005,3.071407068158271,4,0,0,8
15,9,8.881067626166583,19.386738644863826,19.26258646920347,71.44150778521775,34.2013879395368,27.577474961627782,4.130537653213358,3.443869665315005,4,0,0,9
16,0,37.875385457005265,21.0,21.0,40.0,34.62841056110579,15.575079902738878,2.747501458813862,5.740885074374117,0,0,0,0
16,1,15.89537378649437,21.59256821122212,21.21150159805478,34.036628283492036,34.62841056110579,15.575079902738878,2.747501458813862,2.747501458813862,1,0,0,1
16,2,11.441615764643476,21.968214166190663,21.743942355730205,28.701763295261685,35.31239211518222,18.38280239464918,0.5567197527313617,2.747501458813862,2,0,0,2
16,3,7.4098668576986615,22.520372553133253,22.28904339499562,23.186730770487245,33.81239940752076,18.88186434373233,0.5039686133681017,0.5567197527313617,3,0,0,3
16,4,1.1329780689454236,23.16016606435045,23.016472744981925,17.751519105010004,31.89615815503073,21.24155481454018,0.7846110985941548,0.5039686133681017,4,0,0,4
16,5,0.7588190566432453,24.649299364290826,24.428914182720717,27.055974902896946,32.433039984202544,19.258381115169357,0.0623598353836964,0.7846110985941548,4,0,0,5
16,6,0.0,25.955283692831955,25.842823215177702,36.30540734419037,30.157268695613837,21.228467089349618,0.1264698427738742,0.0623598353836964,4,0,0,6
16,7,0.0,27.164642609569807,27.020364053769484,46.037109589741036,31.48292371505573,22.58208876022572,0.0,0.1264698427738742,4,0,0,7
16,8,0.0,24.995570189543056,25.02950987076214,55.69558438981484,27.062693804896934,26.59549952884645,0.6990884612594235,0.0,4,0,0,8
16,9,0.0,22.892430454428247,22.87986103003958,64.11175103117796,23.437928671026736,23.31855266987953,1.2904280770404633,0.6990884612594235,4,0,0,9
17,0,240.71949114294185,21.0,21.0,40.0,25.81871451238587,16.634519240858396,5.629555566,2.810798798891432,0,0,0,0
17,1,240.71949114294185,19.11637429024772,18.93269038481717,47.64158207558397,25.81871451238587,16.634519240858396,5.629555566,5.629555566,0,0,0,1
17,2,214.62409280106752,18.09726206837693,20.337459713132375,56.28930012919906,26.516221983085657,21.52665609255376,7.024113614054433,5.629555566,0,0,0,2
17,3,214.62409280106752,18.074601065036457,17.300476854480277,65.01244674424899,26.782585747821816,21.67933989134448,7.040460804292091,7.024113614054433,0,0,1,3
17,4,182.66183698924038,18.119204272086403,19.477948832615184,73.38388655570697,28.990997005707317,17.517001946836952,6.882465053019259,7.040460804292091,0,0,1,4
17,5,146.32158675946127,18.125377806419817,19.67662700723,67.53096001015075,29.866339952854123,20.95073479405577,6.1984299688104585,6.882465053019259,1,0,1,5
17,6,110.06280038879332,18.18994670750759,19.798574091667255,62.45569689219343,34.11946184014111,21.0179652823182,6.401658140436525,6.1984299688104585,2,0,1,6
17,7,74.62282811823819,18.04893707037479,19.81301698688818,56.42097206200833,28.96850244820124,20.838581828548215,6.339055966529619,6.401658140436525,3,0,1,7
17,8,38.205907624698746,18.106878716821026,19.661652277234815,51.290647189412965,30.047536454031103,24.783992031550195,6.267183403,6.339055966529619,4,0,1,8
17,9,23.16330176323426,17.9778630111504,20.088474113082984,59.29574186399632,23.54493328550933,20.92781490662042,4.462867536297095,6.267183403,4,1,1,9
18,0,172.81239744165015,21.0,21.0,40.0,34.443744382523725,18.677464581644607,5.635131593856222,3.710905355422147,0,0,0,0
18,1,155.90700266008147,22.288874887650476,18.973549291632892,49.5618176135503,34.443744382523725,18.677464581644607,5.635131593856222,5.635131593856222,0,0,0,1
18,2,136.43910973962102,18.471494775311346,22.315530586613608,59.78810178830429,32.17039161744754,24.64229824229684,6.489297640153488,5.635131593856222,0,0,0,2
18,3,136.43910973962102,19.58404124500253,18.127545954762716,70.4861729242241,37.29897793767242,22.13475059521549,6.462647732471483,6.489297640153488,0,0,0,3
18,4,119.38901916919613,18.056148009297047,17.024642842960702,65.44544607120515,33.166834700111565,22.16246056089426,5.248820222218948,6.462647732471483,1,0,1,4
18,5,86.65645918313278,18.042240389014218,18.950736340860416,60.29118868371181,31.351090865406764,23.34747920407466,4.520520264842107,5.248820222218948,2,0,1,5
18,6,61.2410733804635,18.074639326569727,19.593495512299658,54.853188840241856,28.975704260183488,24.14651883165008,4.158268771345154,4.520520264842107,3,0,1,6
18,7,40.531018549245715,18.2283253990452,19.757685373917756,50.65339631776001,35.39375135420171,24.60740129867693,3.5711570984621663,4.158268771345154,4,0,1,7
18,8,30.190578693002283,18.074309777568878,20.492467999214515,61.39901727818587,32.92479175960908,26.77310246497904,3.4468132854144784,3.5711570984621663,4,0,1,8
18,9,20.227070886284764,18.346621223879357,20.45415135304571,72.88376224819073,36.07762946962353,27.72650925262572,3.32116926890584,3.4468132854144784,4,0,1,9
19,0,103.65628122987437,21.0,21.0,40.0,27.195361581889124,23.8040828251533,2.267431907553209,4.022244520743904,0,0,0,0
19,1,85.51682596944869,21.443907231637784,21.376081656503068,34.17989999326764,27.195361581889124,23.8040828251533,2.267431907553209,2.267431907553209,1,0,0,1
19,2,70.99547257526923,21.921462326097316,21.872206922022592,29.449705002030584,30.267313050831127,26.78715922007411,1.8151691742724327,2.267431907553209,2,0,0,2
19,3,56.37057811076173,22.392663622094542,22.477473153377304,23.82090684113063,24.28029346821377,27.78193897123093,1.8281118080634384,1.8151691742724327,3,0,0,3
19,4,37.21105549824536,23.145294523936414,23.171545217582402,19.155664863853303,27.41532234845933,30.0,2.3949403265645466,1.8281118080634384,4,0,0,4
19,5,27.062850422314817,21.67326149339139,24.64093846983053,29.448370856923468,29.202045367427065,27.97965459407385,3.3827350253101818,2.3949403265645466,4,0,0,5
19,6,27.062850422314817,22.29609585041132,21.1832310736421,40.21729347130669,35.477716024779184,24.34963183290538,3.611356910114296,3.3827350253101818,4,0,0,6
19,7,27.062850422314817,20.263117256569167,20.432230272000723,49.924181373978286,31.08223794740131,22.84491706744089,4.170071902714403,3.611356910114296,4,0,0,7
19,8,27.062850422314817,19.11528340784065,18.8897943907821,60.66887481054219,34.2152484678489,25.47749284639502,4.555529319438115,4.170071902714403,4,0,0,8
19,9,22.716362529898703,17.983334056743338,18.030863686337256,70.04551389252937,28.50838907949843,23.58405026487481,4.559942761740891,4.555529319438115,4,1,0,9
20,0,168.83526035011968,21.0,21.0,40.0,34.03487760059643,23.695520081705304,5.530670999028015,3.018100944219988,0,0,0,0
20,1,152.24324735303563,22.28069755201193,19.07391040163411,50.39147158281431,34.03487760059643,23.695520081705304,5.530670999028015,5.530670999028015,0,0,0,1
20,2,132.20201523944556,18.530752155860792,22.335067547226863,60.58021625569502,32.24508737946167,24.35904969209785,6.680410704530024,5.530670999028015,0,0,0,2
20,3,132.20201523944556,19.437488204926346,18.22482266864239,70.19656629242833,28.496356407223654,24.927810463516977,6.678404481872221,6.680410704530024,0,0,0,3
20,4,112.8128760752789,18.181120120772242,17.110134195332833,66.52449218382688,33.55845294528952,29.37446867359129,5.785892698590509,6.678404481872221,1,0,1,4
20,5,76.22598588717796,18.010762615483376,19.18441742937568,62.31684936677297,29.957539905256056,30.0,5.1181283516326985,5.785892698590509,2,0,1,5
20,6,49.354710401246564,18.125236533425117,19.696470123438633,57.476638638442495,29.708907464702243,26.73436626679511,4.465759594723016,5.1181283516326985,3,0,1,6
20,7,28.458894773397844,18.13145896977774,19.764806311730887,52.20701565734592,32.15673728843194,21.90091281658705,3.672268136192737,4.465759594723016,4,0,1,7
20,8,20.088505327499163,18.07890887944495,20.33101311004885,61.55746976247089,30.44743043317154,21.49953681752274,2.718600098748033,3.672268136192737,4,0,1,8
20,9,13.243497210871737,18.167419304849677,20.231841357452975,70.56073373127677,31.12327340584094,18.89485975419172,2.270032877088619,2.718600098748033,4,0,1,9
21,0,186.1763664159492,21.0,21.0,40.0,34.599403986625305,23.335456982769287,4.635424999011551,7.291819783222505,0,0,0,0
21,1,158.36381642187987,22.29198807973251,22.066709139655387,50.428274974491025,34.599403986625305,23.335456982769287,4.635424999011551,4.635424999011551,0,0,0,1
21,2,150.14362577217062,20.43435533804549,23.329347836118625,62.36484783455082,37.47192643224938,28.842367234749485,2.740063549903083,4.635424999011551,0,0,0,2
21,3,131.94579566242209,23.940166357052636,22.766712455350397,75.90945320507352,45.24780761401495,30.0,3.032971684958091,2.740063549903083,0,0,0,3
21,4,98.00962260542364,24.184776834912444,24.125656082255873,74.30893930949911,47.49971781369669,26.941871655334356,4.242021632124803,3.032971684958091,1,0,0,4
21,5,70.5845691360062,22.107110388197402,24.805026775412312,71.43497538329842,41.67892950288291,25.687937573779973,5.485010693883489,4.242021632124803,2,0,0,5
21,6,59.030291540434234,21.85299266786886,20.885669160600205,68.29462081428133,36.89217430811269,28.99474475290343,5.777138797785983,5.485010693883489,3,0,0,6
21,7,49.0514071809834,19.31551098204104,19.520201447213864,64.86418009735128,34.2753293503886,30.0,4.989442179725419,5.777138797785983,4,0,0,7
21,8,49.0514071809834,18.256874873269464,18.13807212170127,76.18074060549844,32.86978060081759,30.0,4.716433036,4.989442179725419,4,0,0,8
21,9,22.753184478792228,17.95707971949279,18.043262407429143,70.82226478878053,26.599923791479128,26.96409944897689,4.566440939,4.716433036,5,1,0,9
22,0,122.32614768641453,21.0,21.0,40.0,28.166889866459577,18.23033519432189,2.3929586011749118,2.6222743122223973,0,0,0,0
22,1,107.96839607936506,22.16333779732919,21.96460670388644,48.35150051094067,28.166889866459577,18.23033519432189,2.3929586011749118,2.3929586011749118,0,0,0,1
22,2,85.71978480546665,22.36929593942902,22.30674234259159,40.96818635890426,24.211783810544198,18.10313756703134,2.781076409237303,2.3929586011749118,1,0,0,2
22,3,70.24682849677646,19.88466086536438,22.772509236386625,35.275498959921094,29.126588814660344,22.580703413210927,3.0945912617380373,2.781076409237303,2,0,0,3
22,4,45.20594487267891,22.597714863056794,21.64302578187808,29.85039517052708,28.80529816515105,24.38856967154888,3.130110453012193,3.0945912617380373,3,0,0,4
22,5,28.006322206306773,19.971570654520473,23.063730471169684,25.049414308141287,33.18678140820518,23.474436022984865,3.439924533274427,3.130110453012193,4,0,0,5
22,6,18.206600546175174,23.740033469192916,19.662774216618573,34.68874436235444,30.516199506748173,23.035634127769363,3.2665738867105327,3.439924533274427,4,0,0,6
22,7,8.798516130120888,19.877237027892463,23.909799362512484,45.84063785130118,35.74286794254805,26.212095884933824,3.136028138684763,3.2665738867105327,4,0,0,7
22,8,0.0,21.11281912208221,22.775672266986945,57.49337382101879,35.553164894724866,29.18425715926184,2.932838710040296,3.136028138684763,4,0,0,8
22,9,0.0,20.621216797086273,20.007688055032926,69.32542900825614,35.73363992909633,30.0,3.052730709227171,2.932838710040296,4,0,0,9
23,0,137.49826938078638,21.0,21.0,40.0,25.76796364159105,19.968384727961094,7.497149033777024,6.3965568804569015,0,0,0,0
23,1,137.49826938078638,19.11535927283182,18.999367694559222,48.23254270651938,25.76796364159105,19.968384727961094,7.497149033777024,7.497149033777024,0,0,0,1
23,2,133.22676522342945,18.12109399307024,17.400306977080938,57.81682514539924,29.54670338300439,23.69931016632816,6.688473521913769,7.497149033777024,0,0,1,2
23,3,108.48266714198596,17.90393460997037,19.52459265157366,66.45089693499445,21.739602451765208,26.227463045985957,5.281179815041523,6.688473521913769,0,1,1,3
23,4,81.91084445417272,20.632459181467816,20.22055714818105,75.28828131370287,22.69090546100109,26.405674420712387,4.428637114635541,5.281179815041523,0,1,1,4
23,5,50.99875944007148,21.405688380150792,21.458516474645897,69.38800096709252,27.045561924466508,23.508436149920485,3.864010626762654,4.428637114635541,1,1,1,5
23,6,31.077974043451132,22.431989134012134,22.450453497568482,64.32992532746489,26.75863675896801,28.47427635421184,2.4900981745775432,3.864010626762654,2,0,0,6
23,7,15.756876776083072,23.35521145555547,23.2626118548775,59.57385803593384,30.631875924912688,26.27886134435924,1.9151371584210075,2.4900981745775432,3,0,0,7
23,8,0.0,20.96236686040244,23.88527681152803,54.52959049917634,30.27656062484088,25.03306417095077,3.151375355216614,1.9151371584210075,4,0,0,8
23,9,0.0,21.14938352137187,20.135038283364615,64.49216476879262,31.11062373234024,24.237011098861345,4.057578277553961,3.151375355216614,4,0,0,9
24,0,74.76425872415825,21.0,21.0,40.0,28.419619496676518,21.42062755476349,2.5174397310238072,3.3401175408885475,0,0,0,0
24,1,59.659620338015415,22.168392389933533,22.028412551095272,48.971244469259204,28.419619496676518,21.42062755476349,2.5174397310238072,2.5174397310238072,0,0,0,1
24,2,45.32264567453357,22.535199243472075,22.538588276091353,44.609903892621446,30.516954707366715,28.586708755756867,1.7921218329352309,2.5174397310238072,1,0,0,2
24,3,35.346703799948386,23.04188281818165,23.031520899876988,39.44155021631012,27.543758889885048,27.076498463940936,1.246992734323148,1.7921218329352309,2,0,0,3
24,4,22.721151977710484,23.738497274750163,23.65838620001608,34.7502396033066,30.71573955284951,26.55475704157539,1.5781939777797382,1.246992734323148,3,0,0,4
24,5,0.0,24.5107619015134,24.34162613126153,29.738283983049712,32.573795038310955,22.91534040470633,2.8401439972138105,1.5781939777797382,4,0,0,5
24,6,0.0,22.783291316069814,22.790559120352256,38.79859484537141,26.254353342943705,24.080707003287944,4.465582432681668,2.8401439972138105,4,0,0,6
24,7,0.0,21.270379510509986,21.293948397506565,48.360665712876894,25.91757725826013,27.205038672325863,5.825903696137226,4.465582432681668,4,0,0,7
24,8,0.0,19.78065863472195,19.73407483815152,57.55351914417935,26.523532237626466,24.547875714053824,6.642772180073447,5.825903696137226,4,0,0,8
24,9,0.0,18.278187725596517,18.11215142916205,66.66592217635606,29.81251653007518,20.81194475979547,7.381225544338564,6.642772180073447,4,0,0,9
25,0,161.58297590536012,21.0,21.0,40.0,32.18852103928587,21.555851194735737,3.915876833570394,2.3289170727994013,0,0,0,0
25,1,149.83534540464893,22.24377042078572,19.031117023894716,49.67398700212389,32.18852103928587,21.555851194735737,3.915876833570394,3.915876833570394,0,0,0,1
25,2,110.82047262167603,20.805679899605888,21.56619694036851,44.66298202960666,32.82918286729137,22.66523395205737,4.876859097871611,3.915876833570394,1,0,0,2
25,3,82.34338694959796,19.081816639614946,21.744216307149255,41.153767916316546,34.654980191227864,29.182719179382627,5.695417134415616,4.876859097871611,2,0,0,3
25,4,71.15765507000754,18.81183062076121,17.900611750093958,36.806190615598325,32.402537313734385,26.77758879338659,5.592865939795212,5.695417134415616,3,0,1,4
25,5,42.24870460512568,18.05602362128145,19.700102253652187,31.88637977784503,30.99528800863112,25.005762892739455,4.441042459603855,5.592865939795212,4,0,1,5
25,6,24.692948031148266,21.21335202984591,20.513107322928292,42.19989436585037,33.82417956350818,23.473123703188172,2.925959428996236,4.441042459603855,4,0,1,6
25,7,12.614289670366599,22.583210373589214,22.669701539207075,53.12308905392125,33.43176362829917,27.252651305427925,2.0131097267969444,2.925959428996236,4,0,0,7
25,8,6.327347395169882,21.189394875196637,23.91034303517438,63.80345198398575,35.995287064157075,23.34006254731237,2.095647425065572,2.0131097267969444,4,0,0,8
25,9,6.327347395169882,21.34259929235894,20.28807331642985,74.84032015870429,36.61400535039012,24.70192895360177,2.663501378497768,2.095647425065572,4,0,0,9
26,0,131.86702123832413,21.0,21.0,40.0,27.940953683034884,18.170431886567712,5.893436323864762,6.383964078185615,0,0,0,0
26,1,114.18671226672984,22.1588190736607,18.963408637731355,48.300049402528465,27.940953683034884,18.170431886567712,5.893436323864762,5.893436323864762,0,0,0,1
26,2,98.6678876769216,18.360551316557736,22.140894977689097,57.09171335809904,28.87827550665968,19.96430202428799,5.172941529936083,5.893436323864762,0,0,0,2
26,3,84.87850396510466,19.18170670589832,20.968935697628098,65.05447177606217,24.08547113150123,20.152075634960617,4.596461237272315,5.172941529936083,0,0,0,3
26,4,84.87850396510466,18.931787411229262,18.305051320355858,73.29712512213958,25.160444128521195,20.632074460797707,4.408455941447205,4.596461237272315,0,0,0,4
26,5,61.055924604728816,18.062867711704666,19.892926140271488,67.08093800336286,23.81730049550588,24.981659955734564,3.733215419993696,4.408455941447205,1,0,0,5
26,6,33.10109356652266,20.49186038969979,19.969162165245375,61.98821079686249,26.86221960127477,28.178184807056525,3.4943538797757703,3.733215419993696,2,0,0,6
26,7,15.552168118744548,18.239338434875652,21.380705886441458,57.06563522403589,28.3788960253002,27.606795236774268,3.5097850895556224,3.4943538797757703,3,0,0,7
26,8,7.28996847349698,18.333034637307314,18.158615748562305,53.04148771065957,32.005223833362955,28.97173442565745,2.9208870385251906,3.5097850895556224,4,0,0,8
26,9,0.0,18.13717560081905,18.140175462510534,64.4724906136312,33.50557168317574,30.0,3.101897138949565,2.9208870385251906,4,0,0,9
27,0,123.10178941836372,21.0,21.0,40.0,33.71081447619661,15.18451614086729,2.3233528208611207,2.345153248332065,0,0,0,0
27,1,109.161672493197,22.274216289523935,21.903690322817347,48.8011595110715,33.71081447619661,15.18451614086729,2.3233528208611207,2.3233528208611207,0,0,0,1
27,2,91.62195784252566,22.504148437252066,22.436814050920752,43.39747011428719,31.118722750848004,22.19411393368359,2.192464331333918,2.3233528208611207,1,0,0,2
27,3,72.59321205576808,23.12120765562035,22.947470548389397,39.262469565799776,35.02898961023811,25.332118453720696,2.3785932233446974,2.192464331333918,2,0,0,3
27,4,50.17367244640076,23.685594714532463,23.701408971452853,34.52051751756394,29.40224952501167,27.586905762567007,2.802442451170915,2.3785932233446974,3,0,0,4
27,5,32.89634720023231,21.343131485026145,24.463756904427502,29.179091396540983,23.695129474110423,29.96361429798427,3.455465049233689,2.802442451170915,4,0,0,5
27,6,32.89634720023231,22.011864260533898,21.04500596234394,40.25512744786697,31.53353361847768,30.0,4.318957928282589,3.455465049233689,4,0,0,6
27,7,32.89634720023231,20.045046725819756,20.343886650693257,50.62618726154889,28.588938597036996,29.02806036786257,5.135739828252932,4.318957928282589,4,0,0,7
27,8,32.89634720023231,19.03904853944426,18.7362566974747,61.78488227443939,36.32487164849459,25.66787842311929,5.331252524896281,5.135739828252932,4,0,0,8
27,9,27.18466466706878,18.137085780456328,17.935869650382898,72.24732531044914,37.44505330735414,20.67963022603335,5.201435999053804,5.331252524896281,4,0,1,9
28,0,200.1397147494605,21.0,21.0,40.0,25.97211810438348,22.462361213165437,7.167555802871595,7.672630592867759,0,0,0,0
28,1,178.63704734084573,22.11944236208767,19.04924722426331,48.71820627715881,25.97211810438348,22.462361213165437,7.167555802871595,7.167555802871595,0,0,0,1
28,2,157.0160791594726,18.45113611911851,22.14993110076003,58.030117376247375,31.42300871233525,20.309830727045707,7.206989393791038,7.167555802871595,0,0,0,2
28,3,157.0160791594726,19.37603539624754,18.089449630910156,68.0195299092752,32.17204991842274,23.324686376176302,6.864731372099096,7.206989393791038,0,0,0,3
28,4,153.37671614541273,18.071624980960333,17.61542339921462,78.13463818268156,32.68193726934052,23.513108694028084,5.524224236511907,6.864731372099096,0,0,1,4
28,5,119.52332610160893,18.17582753232893,19.263574624140503,74.03742487706447,30.9076613166444,29.66337587437175,4.819517762750454,5.524224236511907,1,0,1,5
28,6,91.39756336305317,18.27410489061221,19.88456890663951,71.47314885484377,39.08735543210727,30.0,4.782101728848781,4.819517762750454,2,0,1,6
28,7,65.89025514593203,18.10908444256659,20.03394187657801,68.16620421046476,36.89126004702173,28.070158595317093,4.709985254161456,4.782101728848781,3,0,1,7
28,8,39.84622376090061,18.119199319672724,19.79819009772803,64.68006828537393,37.47332298216413,26.4925885451091,4.7147586868674844,4.709985254161456,4,0,1,8
28,9,24.27219952631591,18.086945747195262,20.290678696634075,76.34234705249149,36.17007890387185,28.620358691225714,4.957393087135706,4.7147586868674844,4,0,1,9
29,0,244.29595624988403,21.0,21.0,40.0,30.31986999720141,18.504111555298973,4.941945488069576,4.252747373704692,0,0,0,0
29,1,229.4701197856753,22.20639739994403,18.97008223110598,48.78831667945007,30.31986999720141,18.504111555298973,4.941945488069576,4.941945488069576,0,0,0,1
29,2,211.6602982396786,18.38838229431698,22.228114038572595,58.17599043357589,29.355941699133417,22.79780137934336,5.936607181998901,4.941945488069576,0,0,0,2
29,3,211.6602982396786,19.43863453898445,18.024167625124594,68.01628138377644,33.897826292914075,20.770456763755654,6.813720764,5.936607181998901,0,0,0,3
29,4,206.40254389076935,18.032846932617147,17.62120742548263,77.42263385234168,29.353947902146498,22.9035658121048,7.437005707312654,6.813720764,0,0,1,4
29,5,171.76320321950575,16.169746061836488,19.133090383016736,72.58162978578778,32.2231214224641,24.21574487445868,6.927868134252721,7.437005707312654,1,1,1,5
29,6,120.58047569888814,19.558027990699763,18.54265163844618,67.73477124479021,31.362497116938822,25.04384432196351,6.397840940077202,6.927868134252721,2,1,1,6
29,7,69.8597941910851,20.107651575576167,20.354370427791064,62.50877250938842,28.597354849302185,25.702652176243443,6.340085188475379,6.397840940077202,3,1,1,7
29,8,27.86024666582159,21.278771243110548,21.071527960473986,57.85039534474991,32.057420772528616,25.396039423924105,5.249943440657939,6.340085188475379,4,1,1,8
29,9,0.0,22.537855077228194,22.45277870655384,67.3973676193782,30.20060131615604,22.83813354288997,4.643374444303599,5.249943440657939,4,0,0,9
30,0,83.3936862542891,21.0,21.0,40.0,26.98377311064561,24.58554254525746,5.380253318,6.900144347563503,0,0,0,0
30,1,67.25292630028909,22.139675462212914,19.09171085090515,49.28247681806255,26.98377311064561,24.58554254525746,5.380253318,5.380253318,0,0,0,1
30,2,54.469878234289084,18.42668830436904,22.255798378604542,58.81931959819316,28.623212673727974,24.359247215886565,4.261016022,5.380253318,0,0,0,2
30,3,43.26502316596855,19.387461964570445,21.177786543499263,69.04710580835925,29.934077220474578,26.886957280448097,3.734951689440178,4.261016022,0,0,0,3
30,4,33.695985332575674,22.220627744623563,18.586399466414434,79.06314602271185,30.2506065420194,25.394061315495023,3.189679277797625,3.734951689440178,0,0,0,4
30,5,19.987128108114668,18.195421209380196,22.051001585010955,75.67360743879433,34.502563422680495,30.0,2.664689005748646,3.189679277797625,1,0,0,5
30,6,6.536111602851902,21.92638060765791,20.63810436819063,70.95794758686284,31.85766469186392,25.277558352961115,1.681377063157846,2.664689005748646,2,0,0,6
30,7,1.6766309045974055,22.093707958674294,22.352457683925362,65.43241829626183,29.51130285750289,23.12464552804701,0.6074350872818121,1.681377063157846,3,0,0,7
30,8,0.0,22.950847798851736,22.750015241454445,58.657552184335515,25.92778512908729,19.76740313798875,0.2095788630746757,0.6074350872818121,4,0,0,8
30,9,0.0,20.86063852751989,20.893458036505272,65.93612240370659,20.90400706520915,19.53249415351907,0.3546719944990188,0.2095788630746757,4,0,0,9
31,0,215.014137933114,21.0,21.0,40.0,33.50093312201388,19.75388834365709,6.549074611397077,4.599278477463367,0,0,0,0
31,1,215.014137933114,19.27001866244028,18.995077766873145,49.58586786382077,33.50093312201388,19.75388834365709,6.549074611397077,6.549074611397077,0,0,0,1
31,2,187.5401506607675,18.251142703318315,20.43292759867354,59.63520183260029,35.07472468689059,20.75490847299558,7.601466203172697,6.549074611397077,0,0,0,2
31,3,187.5401506607675,18.442696596435262,17.497453575092415,71.42427569984005,40.01511622740632,25.479738590592348,7.860661311606663,7.601466203172697,0,0,1,3
31,4,132.73234757447352,18.101626725630627,19.17527393544246,67.67659247901807,39.127130658378846,23.38574033705456,7.948807103155732,7.860661311606663,1,0,1,4
31,5,91.82375218194403,18.080558970886155,19.68655515399115,63.80238099280446,35.29534420432466,26.514591983377496,6.938017535011351,7.948807103155732,2,0,1,5
31,6,60.399618903020034,18.08692765651543,19.860926209421343,58.79894549506365,30.205255422380155,25.331214034615343,5.565022430713377,6.938017535011351,3,0,1,6
31,7,34.6578129794222,18.029029525141247,19.95313955504815,54.31891083693715,28.444251899297225,30.0,4.617525497752228,5.565022430713377,4,0,1,7
31,8,23.06049057676781,18.038396941250138,20.426438347624604,64.02135847583197,27.38380349710275,26.51868338564631,3.843452410058232,4.617525497752228,4,0,1,8
31,9,13.220138599623734,18.19018935222831,20.35075084531258,73.99334618343926,30.775617979549487,24.624313729379868,3.2801173257146914,3.843452410058232,4,0,1,9
32,0,199.38512874638673,21.0,21.0,40.0,31.66212388872196,21.294204847178563,5.2520712615241205,4.9164242102509,0,0,0,0
32,1,183.62891496181436,22.23324247777444,19.02588409694357,49.532139172462095,31.66212388872196,21.294204847178563,5.2520712615241205,5.2520712615241205,0,0,0,1
32,2,168.31420201381437,18.514518195347293,22.315691696551145,60.17379471395684,33.58600460806516,25.53430395579454,5.104904316,5.2520712615241205,0,0,0,2
32,3,149.7999682759812,19.39889031034387,21.161140687118465,69.15806533636521,27.39124660607387,22.521367962861547,6.171411245944386,5.104904316,0,0,0,3
32,4,149.7999682759812,19.199943129685064,18.576745917558387,78.94332391248663,29.544326299916992,24.818221345202023,7.050898028157826,6.171411245944386,0,0,0,4
32,5,129.68385588884908,18.093179999210545,17.045151703721533,72.94257018081238,29.522964985285064,20.472847616524625,6.586840358102887,7.050898028157826,1,0,1,5
32,6,89.74137973793216,18.119099710236807,18.9889623746329,67.08537264691934,29.81790383442188,20.97544319950564,5.495892066741863,6.586840358102887,2,0,1,6
32,7,62.23842162301611,18.03850036997303,19.626099930878542,61.473318575176606,26.392940455279607,25.76231470170524,4.480163489848142,5.495892066741863,3,0,1,7
32,8,35.61567659615808,18.135293280012093,19.615760918658555,56.39709970819689,29.52583645073378,25.606280954934427,4.463262985790929,4.480163489848142,4,0,1,8
32,9,17.193144096235343,18.095049323603394,20.11393834395007,65.58296711320841,28.995636761621714,22.036959932886727,5.421904745512226,4.463262985790929,4,0,1,9
33,0,236.5639663075245,21.0,21.0,40.0,26.00162013788841,16.797779870414136,7.793234250311443,6.069136932602557,0,0,0,0
33,1,236.5639663075245,19.12003240275777,18.935955597408284,47.70389200149446,26.00162013788841,16.797779870414136,7.793234250311443,7.793234250311443,0,0,0,1
33,2,230.5031408076992,18.060099044953486,17.212245673434058,55.04100001855842,25.654478662441235,15.107232543469667,8.756754433038273,7.793234250311443,0,0,1,2
33,3,204.96661093963985,16.262410126333112,19.314878061140355,64.19929325650526,30.48690535495586,20.3925015225266,8.512176622686447,8.756754433038273,0,1,1,3
33,4,156.30593261563985,20.199977136776553,19.072958758894465,73.8109902293846,31.98110819399595,21.417208322000366,8.110113054,8.512176622686447,0,1,1,4
33,5,101.69774055126072,20.6714357293706,20.976729671693313,69.76500631439981,31.24811173442331,29.60753318232789,6.826024008047389,8.110113054,1,1,1,5
33,6,51.991517731783624,21.882346380626423,21.884019864649538,64.51216277326571,24.74389293996263,29.406976275959007,6.213277852434638,6.826024008047389,2,1,1,6
33,7,10.207638461927948,22.827591655954993,22.75706327464547,59.49779879230988,29.48853623324298,25.987219428113484,5.222984908731959,6.213277852434638,3,0,0,7
33,8,0.0,20.531135990031395,20.50784822788332,55.54426004605378,31.79577150725637,29.57345768020978,5.103819230963974,5.222984908731959,4,0,0,8
33,9,0.0,18.97460121089686,18.927023958539596,65.91180617549742,30.16282877349672,27.434649723412427,5.355966205113231,5.103819230963974,4,0,0,9
34,0,217.5545980140678,21.0,21.0,40.0,28.28820844287196,17.71995470429493,5.2969265193636375,4.118736003062949,0,0,0,0
34,1,201.6638184559769,22.16576416885744,18.9543990940859,48.28146936649004,28.28820844287196,17.71995470429493,5.2969265193636375,5.2969265193636375,0,0,0,1
34,2,183.19256772137396,18.38445383417334,22.204198382273265,57.87470865429316,30.23951126885254,23.056262552275875,6.157083578200977,5.2969265193636375,0,0,0,2
34,3,183.11867480771218,19.423000215044983,18.166455835428245,68.98298671902101,33.892506687075425,27.820149228079316,6.825420201567432,6.157083578200977,0,0,0,3
34,4,178.80614862794073,18.102280496739958,17.796441977967948,80.29681572423722,32.85460558453446,30.0,6.892215407986995,6.825420201567432,0,0,1,4
34,5,135.67766827457675,18.051435644359206,19.341317781137366,75.93460788680696,29.18325577808365,29.91558956952605,6.327056190332981,6.892215407986995,1,0,1,5
34,6,100.46553326413309,18.13939815419631,19.77008816257394,71.42893596474495,31.460250574350667,26.841572080860384,5.978319815675677,6.327056190332981,2,0,1,6
34,7,68.73127233298963,18.10055793897011,19.8106080598073,65.99927627607984,30.50667627495129,22.661881010242528,5.622806764996793,5.978319815675677,3,0,1,7
34,8,39.359364786648996,18.20677853894523,19.722776024887782,62.165932286415355,35.70929057264517,26.327687262552125,5.078696613976946,5.622806764996793,4,0,1,8
34,9,24.195390258099422,18.191895793907207,20.27992063265393,73.91598619803729,38.6917872801413,26.5862900066472,4.716536043130282,5.078696613976946,4,0,1,9
35,0,343.0357104626334,21.0,21.0,40.0,33.91127088394596,20.42283520936855,7.586468305,2.128247833012694,0,0,0,0
35,1,343.0357104626334,19.27822541767892,19.008456704187374,49.78013909679661,33.91127088394596,20.42283520936855,7.586468305,7.586468305,0,0,0,1
35,2,338.2300674760488,18.03116999454284,17.533109990328168,60.183734345406805,32.48061004231343,25.317141338854327,11.02916842047861,7.586468305,0,0,1,2
35,3,303.2730290370919,16.487937804859452,19.473723474911903,70.43670975551856,32.57129553060911,24.38967897001181,11.652346146318983,11.02916842047861,0,1,1,3
35,4,213.06400934674286,19.72069125577805,18.7130833785819,66.9825333289854,34.86853655302945,29.27492774400851,11.276127461293624,11.652346146318983,1,1,1,4
35,5,133.39448095008476,20.405512977293416,20.56127189191099,63.60133084388471,35.9375237549187,28.61135132785524,9.958691049582262,11.276127461293624,2,1,1,5
35,6,67.73871251504488,21.73297281482487,21.61168935394935,60.072332922296965,33.72778932451251,30.0,8.206971054379984,9.958691049582262,3,1,1,6
35,7,9.773368956327076,22.734282247082984,22.65484066237936,56.713983770762155,35.233584597671275,29.44225344935753,7.245667944839726,8.206971054379984,4,0,0,7
35,8,9.773368956327076,21.335991014476676,21.08418248345317,69.17495791586106,41.50484223058399,27.72279190885437,6.489888449920356,7.245667944839726,4,0,0,8
35,9,9.773368956327076,19.7576205708502,19.624864541159543,81.68261036034174,39.950943737389096,29.536014287503573,5.354143166994714,6.489888449920356,4,0,0,9
36,0,94.59449776308865,21.0,21.0,40.0,27.685076794675016,24.52235008408805,2.7904907897140183,4.960442241307833,0,0,0,0
36,1,72.2705714453765,21.4537015358935,21.390447001681764,34.39733683817735,27.685076794675016,24.52235008408805,2.7904907897140183,2.7904907897140183,1,0,0,1
36,2,59.616007555399335,21.923631872257776,21.822158340575317,29.040537368940242,29.797915439657466,23.7754208423586,1.5818204862471457,2.7904907897140183,2,0,0,2
36,3,47.90735837556234,22.516985766946146,22.30023291929429,23.323296590780835,31.96531496180538,19.60556960397569,1.463581147479624,1.5818204862471457,3,0,0,3
36,4,34.00245385338749,23.17206662307418,22.952675705225086,17.35781441730196,32.20630215506365,17.985463547831475,1.7381130652718553,1.463581147479624,4,0,0,4
36,5,16.80184002779587,24.58768845274213,24.427901043377123,26.519015253526455,31.087897218617087,19.807662982630116,2.866768970931938,1.7381130652718553,4,0,0,5
36,6,16.80184002779587,23.057866419139373,22.76386945818251,36.48836323085743,36.2409628645229,19.144303676204725,3.1853151387647785,2.866768970931938,4,0,0,6
36,7,8.00202447316274,21.475645019923945,24.346297317932688,46.36109189563514,32.86291604800712,21.985576534091265,2.933271851544377,3.1853151387647785,4,0,0,7
36,8,0.0,21.699015622292844,23.818373977191357,56.191173584729476,27.79193136217813,26.81963357723485,2.6673414910542466,2.933271851544377,4,0,0,8
36,9,0.0,21.34599692446939,20.512557780838485,65.89600194630302,31.89864748896018,22.017065630892795,2.6465244550822216,2.6673414910542466,4,0,0,9
37,0,61.36569057428155,21.0,21.0,40.0,33.93792267834392,22.819069160221524,3.2843431330791875,7.220572235164975,0,0,0,0
37,1,35.09094550964805,21.57875845356688,21.356381383204432,35.21625853094178,33.93792267834392,22.819069160221524,3.2843431330791875,3.2843431330791875,1,0,0,1
37,2,18.558333227593806,21.982575337076455,21.834586743335116,29.764776346422963,31.89120346981068,21.156117727307,2.06657653525678,3.2843431330791875,2,0,0,2
37,3,9.701912995404502,22.588456035874454,22.329896762108895,24.37963044656408,34.281824353146646,19.13403175874846,1.107052529023663,2.06657653525678,3,0,0,3
37,4,8.917585139404503,23.18066987025827,23.104642411068028,19.040091545210913,30.674495195905592,22.994733129910152,0.098040982,1.107052529023663,4,0,0,4
37,5,7.794381591156374,23.94740821541936,23.7593741308963,12.721411413684145,29.385835469428915,18.843719355422373,0.1404004435310161,0.098040982,5,0,0,5
37,6,6.202423120620887,25.378121152273252,25.255908457898467,22.60274090007276,31.91371045548319,22.982564468898016,0.2653264117559145,0.1404004435310161,5,0,0,6
37,7,0.0,26.614477443710154,26.569138374298166,32.750951650132016,30.239546248830663,26.139402362609644,1.033737186770148,0.2653264117559145,5,0,0,7
37,8,0.0,24.70287270456446,24.5556909368399,43.62204452727913,34.21706742800142,26.177893000593663,1.1748341410031249,1.033737186770148,5,0,0,8
37,9,0.0,22.781888994853702,22.614503261644508,54.86390111001246,36.51588598464552,25.938872808317434,2.007588224141956,1.1748341410031249,5,0,0,9
38,0,76.35758101631588,21.0,21.0,40.0,27.41719516140864,24.44350780714981,2.575014029021886,4.983665124764339,0,0,0,0
38,1,55.757468784140784,21.448343903228174,21.388870156143,34.33492653434052,27.41719516140864,24.44350780714981,2.575014029021886,2.575014029021886,1,0,0,1
38,2,46.383898889068846,21.883826154714633,21.92031080482766,29.55941705893938,27.93529941864322,28.867425718017135,1.1716962368839925,2.575014029021886,2,0,0,2
38,3,38.933752016134015,22.498906084706988,22.44449108335395,24.505173968819925,28.713842685424147,26.54036236946776,0.9312683591168536,1.1716962368839925,3,0,0,3
38,4,30.412087907673737,23.186231218264403,23.14217577234308,19.35062805336893,28.85798222637257,25.83898491001079,1.0652080135575348,0.9312683591168536,4,0,0,4
38,5,22.42518528172024,24.676631926436087,24.628019190921513,29.463699716042033,29.637599961921737,26.54613149737328,1.3311504376589165,1.0652080135575348,4,0,0,5
38,6,8.410822072,26.17494658283085,26.09438491313811,41.120009129166064,34.75727451735574,30.0,2.33572720162004,1.3311504376589165,4,0,0,6
38,7,8.410822072,24.534547097126975,24.343781636125744,53.27469084146726,39.13635380411853,28.389655708665888,3.130183599856917,2.33572720162004,4,0,0,7
38,8,8.410822072,22.910894036493268,22.68013605058562,66.0108071162055,42.57779136836207,28.178410157961466,3.884326373605131,3.130183599856917,4,0,0,8
38,9,8.410822072,21.176721964814135,21.044262903317602,78.38101899367686,39.40386109136349,29.319538227921853,4.123240467148195,3.884326373605131,4,0,0,9
39,0,200.15710374509078,21.0,21.0,40.0,26.884939390196006,24.75378607633906,6.144777674852652,3.0368237570879333,0,0,0,0
39,1,200.15710374509078,19.13769878780392,19.095075721526783,49.29497058397631,26.884939390196006,24.75378607633906,6.144777674852652,6.144777674852652,0,0,0,1
39,2,173.28102945181544,18.0547376140733,20.331796831067077,57.18624997270672,25.67244403654346,18.167997011958807,7.495477395861172,6.144777674852652,0,0,0,2
39,3,172.67135554395372,18.154739856182204,17.242119770043377,65.80089793367236,27.73699280911009,20.12216252958788,7.896745782436351,7.495477395861172,0,0,1,3
39,4,136.0981512211522,18.032654330584045,19.56953830585473,74.54795436332901,28.02708980154136,20.56766814099561,7.971989398903939,7.896745782436351,0,0,1,4
39,5,93.18015904137114,18.033729560988647,19.69638927319749,68.24733443944139,25.1683850728276,23.161504238907817,7.353835021477204,7.971989398903939,1,0,1,5
39,6,59.47338402713936,18.089309861056293,19.761772468289454,62.02708949579029,27.145519492865287,21.63089748685088,5.894393142831498,7.353835021477204,2,0,1,6
39,7,31.944189118411884,18.11142430588451,19.834659661676955,57.12285246167224,30.595726720484485,25.491845312192996,4.852713928245888,5.894393142831498,3,0,1,7
39,8,11.94774565133132,18.0752639591484,19.702971190179827,52.052213682910335,30.51243740408976,24.650680491677463,3.484862356305248,4.852713928245888,4,0,1,8
39,9,4.695909871767778,18.135697428677677,20.191793971366565,62.22196044491922,30.076126265468627,26.42246685680295,2.1439163266950447,3.484862356305248,4,0,1,9
40,0,74.36168280403868,21.0,21.0,40.0,26.13526509433376,24.3194108763197,2.160940524443446,5.837801084,0,0,0,0
40,1,57.07415860849111,21.422705301886676,21.386388217526395,34.08184167471762,26.13526509433376,24.3194108763197,2.160940524443446,2.160940524443446,1,0,0,1
40,2,53.54773236849111,21.831729293338025,21.88923974083672,28.78559724466917,25.789493528433376,28.120259637964104,0.44080328,2.160940524443446,2,0,0,2
40,3,46.89874151070847,22.428962466159746,22.434777208095298,23.688096905773797,26.93024659843937,28.08364040769745,0.8311238572228303,0.44080328,3,0,0,3
40,4,37.83876396717781,23.235903402158186,23.180515740436924,19.970886058039177,32.6821619570299,30.0,1.132497192941332,0.8311238572228303,4,0,0,4
40,5,27.981063069148036,24.690614605470454,24.738401861738474,30.49034743827442,28.441452112418013,30.0,1.6429501496716297,1.132497192941332,4,0,0,5
40,6,11.317974782020977,26.17246308492656,26.126799044998247,41.408673223205334,31.111879312116848,29.545486159721573,2.7771813811878427,1.6429501496716297,4,0,0,6
40,7,11.317974782020977,24.480142112904872,24.384222662767897,53.19524118224461,35.48093310577375,30.0,4.2769412997169525,2.7771813811878427,4,0,0,7
40,8,11.317974782020977,22.7967733063562,22.66820373037593,64.90998806025964,36.474598825575775,28.607328274507715,4.827782430960498,4.2769412997169525,4,0,0,8
40,9,11.317974782020977,20.971276545573545,20.915252980788523,75.29113156961273,31.2013706876807,26.47164880872539,5.245410445267625,4.827782430960498,4,0,0,9
41,0,239.90004172603216,21.0,21.0,40.0,26.44633370645822,20.839991102824285,7.741069094668894,2.8196600559436518,0,0,0,0
41,1,239.90004172603216,19.128926674129165,19.016799822056488,48.51153846567085,26.44633370645822,20.839991102824285,7.741069094668894,7.741069094668894,0,0,0,1
41,2,233.86158312853362,17.95399541438575,17.39303888450037,56.28762674921613,20.533088878220013,22.667401585920437,9.475349362,7.741069094668894,0,1,1,2
41,3,175.55658602149617,19.358263007626746,19.3733006760558,66.22941385100614,31.44730754616413,23.784843019335973,9.717499517839574,9.475349362,0,1,1,3
41,4,121.49058582593679,21.06234235647323,21.01082337006702,75.49354778241509,26.90889751196228,24.558513218087423,9.011000032593229,9.717499517839574,0,1,1,4
41,5,60.3378910103648,21.966338606954263,21.918546304433328,68.89617783030266,24.92183898297999,21.75943906083988,7.644086851946499,9.011000032593229,1,1,1,5
41,6,14.067538304013938,22.90870478333507,22.7950266886605,62.96219329602333,28.383770929439788,21.982981657897223,5.783794088293858,7.644086851946499,2,0,0,6
41,7,7.610774695979386,20.61421913870098,20.578344124571384,56.72634597268575,26.094329609583674,22.595407482985337,3.228381804017276,5.783794088293858,3,0,0,7
41,8,0.33610765506455287,18.43322722829981,21.39205395355566,50.425422407254075,25.46249568170993,22.865706732558507,1.4549334081829666,3.228381804017276,4,0,0,8
41,9,0.0,18.82973437722786,18.138380125862138,60.381401599806026,27.86194674585024,27.449048768327252,1.643142602749059,1.4549334081829666,4,0,0,9
42,0,103.86370178819968,21.0,21.0,40.0,29.987010434134508,19.76712411690996,3.491291263362929,5.576542457704608,0,0,0,0
42,1,82.9159542080221,22.19974020868269,21.995342482338202,48.955744219188006,29.987010434134508,19.76712411690996,3.491291263362929,3.491291263362929,0,0,0,1
42,2,66.0198778076523,22.580409106410617,22.410634775789898,43.86366113134814,33.29933263576874,21.74465020956532,2.112009550046224,3.491291263362929,1,0,0,2
42,3,48.33496535236576,23.028307131906896,22.949490835991796,38.50507916623688,30.025431641112768,23.53800188604692,2.210614056910818,2.112009550046224,2,0,0,3
42,4,26.12140729544331,23.684380898109325,23.531083282822813,32.955401485021966,30.67445793148462,21.82733272843251,2.7766947571153064,2.210614056910818,3,0,0,4
42,5,9.204145128954867,21.451367720754543,24.309385152036754,28.588225704968607,34.23491916577876,24.83632650059146,3.3834524332976885,2.7766947571153064,4,0,0,5
42,6,9.204145128954867,21.977348012486335,20.88416908950666,38.279781353296045,32.8153302518961,21.026645572145227,3.990385900370133,3.3834524332976885,4,0,0,6
42,7,9.204145128954867,20.111264236375085,20.113670227027736,48.757211228153466,37.24266403063518,20.96527971857273,5.113933463422666,3.990385900370133,4,0,0,7
42,8,9.204145128954867,18.823691803744545,18.683946902328106,58.83529865961974,31.470264915144558,24.51910970411249,5.844461020534741,5.113933463422666,4,0,0,8
42,9,0.0,18.152504173792686,18.114251557138296,69.65944981789158,34.829675058591924,25.30449804291834,6.166486720011398,5.844461020534741,4,0,0,9
43,0,99.42179176684691,21.0,21.0,40.0,29.811094768392017,22.949714610376667,3.286918212,6.568422984102493,0,0,0,0
43,1,73.12644607084691,21.496221895367842,21.358994292207534,34.496945688178364,29.811094768392017,22.949714610376667,3.286918212,3.286918212,1,0,0,1
43,2,65.48237754643229,22.072858525300063,21.88487714748985,30.958007393551753,37.56502398388372,26.107541045968468,0.9555085655518278,3.286918212,2,0,0,2
43,3,57.2064396004614,22.686541296864913,22.572728945380728,27.502472393788963,36.323127454673454,27.81278921331106,1.0344922432463612,0.9555085655518278,3,0,0,3
43,4,47.31720292686247,23.431186474355382,23.372544840313967,24.067273493998677,34.444080987749395,29.80481401341568,1.2361545841998662,1.0344922432463612,4,0,0,4
43,5,34.57688986025221,25.023544988524147,24.88715394137588,35.784648444652504,36.39785218583333,28.698675317799022,2.1233855111017106,1.2361545841998662,4,0,0,5
43,6,10.723276053838639,26.461782758270193,26.284714750698146,46.82646469317733,36.121344844371016,25.22207875854469,3.975602301068928,2.1233855111017106,4,0,0,6
43,7,10.723276053838639,24.610917462080437,24.594385281862614,58.05886779639652,32.942434293400204,29.45980516892865,4.715582084674133,3.975602301068928,4,0,0,7
43,8,10.723276053838639,22.86146766333228,22.695120102008424,67.83651368889944,31.44280786390493,22.87744709444464,5.393763310810511,4.715582084674133,4,0,0,8
43,9,10.723276053838639,21.05027979273277,20.91006333645491,78.1399327219536,33.37362654202585,23.867590308275037,5.049292147680222,5.393763310810511,4,0,0,9
44,0,325.219878584419,21.0,21.0,40.0,25.90418423101937,18.722284496043383,7.387351990978872,2.421659745766675,0,0,0,0
44,1,325.219878584419,19.118083684620387,18.97444568992087,48.0327643708713,25.90418423101937,18.722284496043383,7.387351990978872,7.387351990978872,0,0,0,1
44,2,318.9748334354946,18.07314188316171,17.314469118068015,56.24820061192786,25.941797518713987,19.69951493160024,9.225697097092793,7.387351990978872,0,0,1,2
44,3,288.2176053453945,16.261114563441936,19.34537780900364,64.73567462360201,27.15978129825489,19.992852099934836,10.252409363366697,9.225697097092793,0,1,1,3
44,4,224.64822152040676,20.13320440532363,19.026574985620414,73.09240915566457,27.74691262881912,18.67939032708398,10.594897304164617,10.252409363366697,0,1,1,4
44,5,149.49198272516514,20.507415125418966,20.700865224324627,66.00402746708542,25.440185706857164,18.513249356592056,9.394529849405204,10.594897304164617,1,1,1,5
44,6,77.63490689494719,21.716856772614786,21.510435895542308,59.46259064757618,27.205655019715987,19.786362649677116,8.982134478777244,9.394529849405204,2,1,1,6
44,7,14.770321414861884,22.592903497518037,22.500649054704393,54.394801235880834,31.443991504786457,23.7349562080172,7.858073185010663,8.982134478777244,3,0,0,7
44,8,0.0,20.30208050218332,20.235055519896243,49.90255799197047,31.555746089639232,26.82068033308093,7.385160707430942,7.858073185010663,4,0,0,8
44,9,0.0,18.753078761556303,18.756224560760515,60.80417788360208,30.70631986380228,29.85823508970669,7.388889470064255,7.385160707430942,4,0,0,9
45,0,118.27623624233482,21.0,21.0,40.0,30.254637820087137,24.15019091140085,4.706471405544279,4.186657216829217,0,0,0,0
45,1,104.15682202570198,22.205092756401744,19.08300381822802,49.79286917166784,30.254637820087137,24.15019091140085,4.706471405544279,4.706471405544279,0,0,0,1
45,2,91.1884568945227,18.45073018111815,22.269842290960206,59.21313093549671,29.105258078665106,23.22952949816192,4.322788377059762,4.706471405544279,0,0,0,2
45,3,80.49772150970588,19.443145221753827,21.157271313096324,69.4489344949381,31.93629455773724,24.92928077249275,3.563578461605607,4.322788377059762,0,0,0,3
45,4,59.25660461175407,22.364151459308736,21.63387349629627,80.89909339347224,37.20700033061553,26.404993550129674,3.5401861496586355,3.563578461605607,0,0,0,4
45,5,39.683937624554964,19.969434649164306,23.05135802278661,77.93353353100517,36.858000764071846,30.0,3.914533397439822,3.5401861496586355,1,0,0,5
45,6,33.5985054767489,20.17408462710536,19.09706819633457,75.10548829916208,37.621970934205024,30.0,3.042716073903034,3.914533397439822,2,0,0,6
45,7,16.372833399833922,20.74886782505528,20.976276333476072,71.7667560864561,34.784821040522374,30.0,2.153209009614372,3.042716073903034,3,0,0,7
45,8,7.393883275567168,18.930999784148018,21.726940580378255,68.6458599134639,36.39342691166532,29.601594349489066,1.7957900248533507,2.153209009614372,4,0,0,8
45,9,7.393883275567168,19.329157417596463,18.291044862909914,79.56705525498317,35.31991162187953,25.353395831005383,2.6657300580809933,1.7957900248533507,4,0,0,9
46,0,155.81773593697855,21.0,21.0,40.0,29.4495500706672,18.6187221624415,5.635608556225983,5.565058434578892,0,0,0,0
46,1,138.9109102683006,22.188991001413346,18.97237444324883,48.652289001959566,29.4495500706672,18.6187221624415,5.635608556225983,5.635608556225983,0,0,0,1
46,2,121.41614944027404,18.533868661879264,22.173555945127934,58.98074213288544,36.822589690922285,20.557705480888096,5.831586942675515,5.635608556225983,0,0,0,2
46,3,102.61418173927404,19.436018359684557,21.263253308757598,70.21273960173126,33.221464617825134,29.178521320207217,6.267322567,5.831586942675515,0,0,0,3
46,4,89.68902817470273,18.630835147046003,18.031146167894757,66.43777915219192,32.46862777867955,29.89270305721302,6.462576782285655,6.267322567,1,0,0,4
46,5,69.56068003109617,18.167475351493852,16.64712835546588,62.184541706757244,33.87532048638328,25.828915927868483,5.687057486757116,6.462576782285655,2,0,1,5
46,6,36.18456541752899,18.08895031603703,18.926361631751487,56.83303282732503,32.01583273682822,21.586895710770563,4.504129683,5.687057486757116,3,0,1,6
46,7,14.494053281323609,18.160840159177685,19.568562856520554,52.097997346696445,32.298626710154295,24.728953953020262,3.504313734429956,4.504129683,4,0,1,7
46,8,9.315658703825807,18.123989395395533,20.303653290731777,61.73241048108606,31.33075541544981,22.19376199782585,1.610558178501727,3.504313734429956,4,0,1,8
46,9,6.662483404791214,18.154140255893616,20.34055617068414,71.4669062627603,30.691949893423917,23.388582226988508,0.8803954859311962,1.610558178501727,4,0,1,9
47,0,91.71724746094706,21.0,21.0,40.0,29.243793583307443,15.3766626812058,2.378815055016228,4.777329732,0,0,0,0
47,1,72.68672702081724,21.48487587166615,21.207533253624117,33.031682127612385,29.243793583307443,15.3766626812058,2.378815055016228,2.378815055016228,1,0,0,1
47,2,59.08678058519479,21.883988604646735,21.619365724225847,26.722048942239184,32.835549464245176,15.444266172570392,1.6999933044528066,2.378815055016228,2,0,0,2
47,3,39.04490293785924,22.394875743364256,22.24675404301901,21.38823872544537,32.53824128736074,21.16281306378475,2.505234705916943,1.6999933044528066,3,0,0,3
47,4,15.846553432057737,23.15294510109865,22.985111014238715,16.964850724152434,34.68624269827398,24.072712850098597,2.899793688225188,2.505234705916943,4,0,0,4
47,5,4.850962083969804,21.622802079233466,24.536878060424048,27.315025677212738,32.15734210240793,25.3436298590382,3.665197116029311,2.899793688225188,4,0,0,5
47,6,4.850962083969804,22.170934261559044,21.17704582276815,38.15343730493163,33.09834007672874,27.11505785504288,3.83180229053476,3.665197116029311,4,0,0,6
47,7,4.850962083969804,20.198356656044588,20.392021637446142,47.97951149367323,29.907189280175064,24.682111768389365,4.145542206926265,3.83180229053476,4,0,0,7
47,8,4.850962083969804,19.031024654715267,18.852572379858376,58.4811288579364,32.179978856086194,26.16233983426476,4.256385115332762,4.145542206926265,4,0,0,8
47,9,0.0,18.110541160453327,18.075647581257208,69.24847569432065,33.283976898865824,26.534616636602195,4.491674244651945,4.256385115332762,4,0,0,9
48,0,166.10789837195634,21.0,21.0,40.0,32.077185826254336,16.38042125620044,6.6251186068522285,7.473919274,0,0,0,0
48,1,146.23254255139966,22.241543716525086,18.92760842512401,48.72236927484186,32.077185826254336,16.38042125620044,6.6251186068522285,6.6251186068522285,0,0,0,1
48,2,129.44326195820955,18.543688515994532,22.30831088150891,60.288923274639885,37.868272213754224,26.39036111845704,5.5964268643967054,6.6251186068522285,0,0,0,2
48,3,111.54652302672383,19.534926671429066,21.309375323375317,71.65513787772619,33.97693430189244,29.16870238192036,5.965579643828574,5.5964268643967054,0,0,0,3
48,4,101.19473119272384,18.72172081519523,18.058004182334475,67.7651249279533,34.14562607144157,27.576524207597902,5.175895917,5.965579643828574,1,0,0,4
48,5,67.87179855272656,18.127980888267203,19.793138842129967,64.45388692794833,34.93756666663909,30.0,5.178223382386878,5.175895917,2,0,0,5
48,6,51.04744143395718,18.114735818154355,18.108139060958877,61.04699178317257,35.346998739268926,29.05913934531021,4.6659872244714125,5.178223382386878,3,0,0,6
48,7,28.52568198513662,18.13526591941724,18.174636916188575,57.89727693458062,35.834917507822496,30.0,4.243618137237089,4.6659872244714125,4,0,0,7
48,8,19.396305815341435,18.06458435010861,18.021193673708616,68.58430850096644,33.11499719058823,26.257400400444176,4.488369370698809,4.243618137237089,4,0,0,8
48,9,7.381396307945292,18.0702820776695,18.0319341094037,78.03024471339863,28.860722601873697,23.61670080052735,4.351844173529709,4.488369370698809,4,0,0,9
49,0,106.15236084724245,21.0,21.0,40.0,34.66788230859014,19.37149424433721,3.935726773728825,7.358534679,0,0,0,0
49,1,74.66654665741184,21.593357646171803,21.287429884886745,34.727087779526926,34.66788230859014,19.37149424433721,3.935726773728825,3.935726773728825,1,0,0,1
49,2,58.9619381176936,22.046353696280292,21.858453127442246,30.504661961080224,36.92967849045933,22.945733629281232,1.9630760674647807,3.935726773728825,2,0,0,2
49,3,51.35111493392093,22.7257524097114,22.444106637425897,26.67314988278809,39.473976133722616,22.573178986876645,0.9513528979715836,1.9630760674647807,3,0,0,3
49,4,41.66229163598604,23.454074049930576,23.285513247857224,23.384885511441453,38.858962312456505,26.206235624506657,1.2111029122418622,0.9513528979715836,4,0,0,4
49,5,29.182140585350158,25.015241588858558,24.815801082132293,34.90492066865319,38.25031634262834,25.74987897521464,2.080025175105979,1.2111029122418622,4,0,0,5
49,6,8.724417189982507,26.401534444108506,26.312847008749753,46.30290810935162,35.37406590857813,27.9480865397465,3.409620565894609,2.080025175105979,4,0,0,6
49,7,8.724417189982507,24.637091665830788,24.577479867402516,57.87887037067472,34.310901451794976,30.0,4.182260846320386,3.409620565894609,4,0,0,7
49,8,8.724417189982507,22.888003606189482,22.839693386768676,69.12142211848365,32.88415438431264,29.574466436848137,4.249714388,4.182260846320386,4,0,0,8
49,9,8.724417189982507,21.139045826283002,21.039424764195804,80.00200355945654,33.0766905338719,27.37098413819972,4.513349779310955,4.249714388,4,0,0,9
50,0,47.00723120192455,21.0,21.0,40.0,29.218066717050583,15.959486398172444,2.0654438238572403,2.993402286830668,0,0,0,0
50,1,34.614568258781105,22.184361334341013,21.91918972796345,48.13195956074014,29.218066717050583,15.959486398172444,2.0654438238572403,2.0654438238572403,0,0,0,1
50,2,25.6437857111871,22.38330657785957,22.330763539507924,41.288518782006115,25.95947195458388,19.354745941338184,1.121347818449251,2.0654438238572403,1,0,0,2
50,3,15.746672500266975,22.875937162305764,22.716252604172627,34.70295049925963,27.759608177781093,18.98723469584954,1.2371391513650158,1.121347818449251,2,0,0,3
50,4,11.590455364274073,23.434756275060845,23.425612281085137,29.080838626473763,27.475923277652807,24.62345520687017,0.5195271419991128,1.2371391513650158,3,0,0,4
50,5,10.023200579136335,24.296541041807885,23.99964999625326,23.408880894616928,33.40208461630324,18.420372428936545,0.1959068481422173,0.5195271419991128,4,0,0,5
50,6,8.039605407845649,25.62455868189592,25.501787961178334,32.946853273989895,31.79031858007983,21.198416860881103,0.3305991952151142,0.1959068481422173,4,0,0,6
50,7,0.0,26.88358712295096,26.71965054741329,42.88389272874197,32.62208216813495,22.58369258048766,1.3399342346409415,0.3305991952151142,4,0,0,7
50,8,0.0,24.904008927987856,24.71199548078353,53.573015508109314,35.721868217105595,23.662147223824093,2.3570083858961146,1.3399342346409415,4,0,0,8
50,9,0.0,22.82107518626325,22.84052614426498,64.30648354143993,30.769015885463187,28.861362077484664,2.969739150353873,2.3570083858961146,4,0,0,9
51,0,84.08029316566142,21.0,21.0,40.0,30.64393802657934,20.32068332507236,3.015526451626599,6.171850198506405,0,0,0,0
51,1,59.95608155264863,21.51287876053159,21.30641366650145,34.17363184329731,30.64393802657934,20.32068332507236,3.015526451626599,3.015526451626599,1,0,0,1
51,2,52.885123458423315,21.85844449370934,21.814704888546874,28.36439939426033,28.17188819807372,22.88793152949864,0.8838697617781637,3.015526451626599,2,0,0,2
51,3,44.861974298712944,22.417326527648765,22.296220215987493,22.30250186033605,28.18376723601623,21.472357575515527,1.0028936449637966,0.8838697617781637,3,0,0,3
51,4,38.129517028140015,23.12182013960742,23.020257826531296,17.33278316250609,31.30924767039048,24.41453734166527,0.8415571588216164,1.0028936449637966,4,0,0,4
51,5,30.77772358392211,24.59435304157582,24.52575941662017,27.29427199092166,30.14736027311659,25.19424432919215,1.2252989073696512,0.8415571588216164,4,0,0,5
51,6,20.76719655474632,25.916136873648277,25.915078664462346,36.5023009225298,26.11876556017168,25.03695072654021,1.6684211715292987,1.2252989073696512,4,0,0,6
51,7,0.0,27.11196608859958,27.11199938620241,46.316452567426936,27.268636475760243,27.254428218112764,3.4611994257910537,1.6684211715292987,4,0,0,7
51,8,0.0,24.980578878009943,25.047339008668242,55.68490143200977,24.35421606980689,27.6927220667644,4.843064963661915,3.4611994257910537,4,0,0,8
51,9,0.0,22.906103281019725,22.921605755441533,64.57683964769254,23.81156553641412,25.58809121737903,5.062932254006196,4.843064963661915,4,0,0,9
52,0,193.78856338242042,21.0,21.0,40.0,26.97908180760525,21.78795921492037,5.487051280769098,5.792119723600514,0,0,0,0
52,1,177.32740954011314,22.139581636152105,19.03575918429841,48.77806738405461,26.97908180760525,21.78795921492037,5.487051280769098,5.487051280769098,0,0,0,1
52,2,160.90450099301043,18.402261972379872,22.295674509116385,58.90792684149646,29.081853463384,27.19514352240409,5.474302849034235,5.487051280769098,0,0,0,2
52,3,145.80914805464516,19.355556125417344,21.218986646501303,69.09421805826933,27.508896327301755,29.081610432547564,5.031784312788423,5.474302849034235,0,0,0,3
52,4,145.80914805464516,19.288381946518356,18.594019383357562,79.71334180498685,32.88090113399442,26.11423079221399,4.887322591539923,5.031784312788423,0,0,0,4
52,5,117.68050573789135,18.186614649437733,20.160012054622364,75.63159575635507,37.35336772691018,23.303598669579863,4.724393558605451,4.887322591539923,1,0,0,5
52,6,101.48360234382947,18.173980395713425,18.146539631026148,72.3691193477669,38.4289474623262,26.779516934406207,4.901636775385383,4.724393558605451,2,0,0,6
52,7,73.6336345647147,18.164859182943506,17.98604651972277,68.35947471385508,37.22669584772122,23.830833963879797,5.401596740240587,4.901636775385383,3,0,1,7
52,8,38.239564038613565,18.206466292316485,19.231406246769886,65.39989355374281,39.69263163843063,27.198584138723422,5.221270872074358,5.401596740240587,4,0,1,8
52,9,22.547466489048205,18.15681249321413,20.18220709975886,77.60205693291513,38.70926911843311,29.08052743252425,4.516298223514285,5.221270872074358,4,0,1,9
53,0,159.5340044617867,21.0,21.0,40.0,32.15040635947739,16.98588571567614,5.906667666199581,6.967597182107072,0,0,0,0
53,1,141.81400146318796,22.243008127189547,18.939717714313524,48.84453257352764,32.15040635947739,16.98588571567614,5.906667666199581,5.906667666199581,0,0,0,1
53,2,125.70560038091176,18.306222366936527,22.18115716238843,57.019560790902105,25.609719925201645,19.8071035046565,5.369467027425401,5.906667666199581,0,0,0,2
53,3,112.75598303327698,19.24232097139918,21.043782691888786,66.31541134258637,26.723253109882407,24.9203610661413,4.316539115878264,5.369467027425401,0,0,0,3
53,4,102.49695844824473,22.07721033880891,18.38151499090132,75.45780786772124,29.276966697170145,21.514125109134675,3.4196748616774157,4.316539115878264,0,0,0,4
53,5,84.03204060427257,18.10920433010326,21.77400896492139,70.08422339310297,29.95392794946264,23.526158302658114,3.473886534026832,3.4196748616774157,1,0,0,5
53,6,59.21217698463333,21.711277033070704,18.10562814886954,65.15427296328825,30.705517754344644,25.239202080017986,4.429651488424386,3.473886534026832,2,0,0,6
53,7,47.964632308680834,18.007638330298718,18.581531613695923,60.294123848676264,27.31391237481465,29.01859254400765,4.424865992195785,4.429651488424386,3,0,0,7
53,8,26.083831069268342,17.987668075182132,18.09504026830438,54.38601950436998,23.082586011808587,27.427945408712063,4.084651291384853,4.424865992195785,4,1,0,8
53,9,10.569402876100504,19.664029652389125,18.136693266712733,63.98473298760358,25.170508358217145,28.15567765974726,3.490175091142972,4.084651291384853,4,1,0,9
54,0,119.41954133150037,21.0,21.0,40.0,33.19546111629865,19.02161508290255,4.268166451987251,7.251146528503431,0,0,0,0
54,1,93.81054261957686,22.263909222325974,21.980432301658052,49.39907371585622,33.19546111629865,19.02161508290255,4.268166451987251,4.268166451987251,0,0,0,1
54,2,77.67628745180464,23.26740045700825,23.172558318727646,59.34822812283336,32.133670381405466,23.139409657356428,2.6890425279620382,4.268166451987251,0,0,0,2
54,3,69.72437802650711,24.381834081080548,24.289378201939673,68.8941643561793,29.539202552698423,23.493776521445675,1.325318237549589,2.6890425279620382,0,0,0,3
54,4,62.29362652785121,25.554555432272398,25.508571242174106,78.55679316410934,28.6836594235974,24.997611731569428,1.2384585831093164,1.325318237549589,0,0,0,4
54,5,47.80068472117262,26.099314812060012,26.040240369683772,73.43277196716197,29.25501693806712,25.61153196778081,1.8116177258348232,1.2384585831093164,1,0,0,5
54,6,41.95327001880199,23.639408663427336,23.637883341426228,68.79800303871937,29.27349989995337,28.311117164254465,2.923707351185316,1.8116177258348232,2,0,0,6
54,7,19.13361955931203,21.382859757115973,24.391731599419387,64.05456823859902,28.280102745977533,28.7008150311316,4.563930091897991,2.923707351185316,3,0,0,7
54,8,8.610229334551637,21.12703118721771,20.03599079062814,59.678884281650554,34.22146010594014,24.802517911012835,5.261695112380197,4.563930091897991,4,0,0,8
54,9,8.610229334551637,18.950614977486016,19.114362480991268,70.51189515701944,34.18081226281503,26.002581489234323,4.767790069613863,5.261695112380197,4,0,0,9
55,0,89.39576690486113,21.0,21.0,40.0,28.997468520857502,17.531056450986682,3.4418711599988705,5.760294626200038,0,0,0,0
55,1,68.74453994486791,22.17994937041715,21.950621129019734,48.375134494931956,28.997468520857502,17.531056450986682,3.4418711599988705,3.4418711599988705,0,0,0,1
55,2,50.097818424916866,22.384016654802014,22.274373789042254,40.81171921371631,25.11821322887552,16.196146319926427,2.330840189993881,3.4418711599988705,1,0,0,2
55,3,39.69224605717769,22.783830079795397,22.715796708926515,33.84408948669963,24.83529541209621,19.7889838822556,1.3006965459673971,2.330840189993881,2,0,0,3
55,4,28.63918357717769,23.447519597381106,23.369980545145033,28.58592201116268,29.509372488704827,24.611919313867688,1.38163281,1.3006965459673971,3,0,0,4
55,5,15.994482149736536,24.21298446758366,24.0358746383299,22.83521104029827,30.70175814849115,20.68318090226213,1.5805876784301445,1.38163281,4,0,0,5
55,6,6.289574383433809,25.60727268501744,25.450542535816012,32.139789269899495,31.09262808722004,20.599473188342312,1.617484627717121,1.5805876784301445,4,0,0,6
55,7,0.0,26.75651083712143,26.768191947301144,41.92511927132697,28.064920590705103,26.29802386166976,1.0482623972389682,1.617484627717121,4,0,0,7
55,8,0.0,24.79914386442061,24.77679348327638,52.88977107715232,30.928517329550584,29.986214925034695,2.483372396056511,1.0482623972389682,4,0,0,8
55,9,0.0,22.85920550500615,22.683962688872164,62.88188407533622,32.30456770133104,23.207171177468403,3.4207754607158347,2.483372396056511,4,0,0,9
56,0,263.4716986732772,21.0,21.0,40.0,26.619574452116694,15.038631154240514,7.728012001146649,4.456424009021792,0,0,0,0
56,1,263.4716986732772,19.132391489042334,18.900772623084812,47.498477009144295,26.619574452116694,15.038631154240514,7.728012001146649,7.728012001146649,0,0,0,1
56,2,256.84141956151063,18.117515806103437,17.259010788932905,55.639999136544205,27.628218140827848,17.6024603447272,9.11409239217624,7.728012001146649,0,0,1,2
56,3,227.8652869243868,16.286795375601947,19.343332614802524,64.42997740001478,29.44196293618293,19.39124963865361,9.658710879041282,9.11409239217624,0,1,1,3
56,4,172.1762756127091,20.26075348940071,19.137050689339485,74.73748651677562,33.800510476306364,23.46342906125385,9.281501885279614,9.658710879041282,0,1,1,4
56,5,104.75739056340745,20.68672116034221,20.927782633294125,69.37711504208232,29.17798008029097,24.37551172696851,8.427360631162706,9.281501885279614,1,1,1,5
56,6,43.63546303525589,22.034839881491195,21.83992119174868,65.37248397278688,33.60769767060292,27.47768527775572,7.640240941018946,8.427360631162706,2,0,1,6
56,7,12.614487194773577,19.8499090181474,22.87075415024352,60.70419602543747,29.63996201691753,27.758438275585707,6.204195168096462,7.640240941018946,3,0,0,7
56,8,2.308498534342186,19.768280184620473,18.70222046595391,56.8326384470157,34.90749453588269,26.917185583996357,5.152994330215695,6.204195168096462,4,0,0,8
56,9,0.0,18.067761942437745,18.05021639677995,67.27461848567069,32.20007127223505,25.810928942514856,4.441829557691886,5.152994330215695,4,0,0,9
57,0,217.6424481887683,21.0,21.0,40.0,31.569373378022984,21.37348539219084,7.598820827,6.0967536474952775,0,0,0,0
57,1,217.6424481887683,19.23138746756046,19.027469707843817,49.52971457863849,31.569373378022984,21.37348539219084,7.598820827,7.598820827,0,0,0,1
57,2,213.6341337469913,18.1247574817995,17.377619668564737,58.99671951399151,33.931903163682385,18.662568699389933,7.96998135,7.598820827,0,0,1,2
57,3,190.47695393776922,16.533560464681194,19.496531053023862,70.36698002501147,38.11332586574945,25.05478808436148,7.719059936407361,7.96998135,0,1,1,3
57,4,136.92616427691107,19.88894062948035,18.738274470309157,68.09948286008137,41.91243799745935,28.823688864040044,6.693848707607271,7.719059936407361,1,1,1,4
57,5,90.2218664588007,20.44070571603619,20.625458078276296,64.04582293097403,34.41768733470548,26.39531305914268,5.838037227263794,6.693848707607271,2,1,1,5
57,6,48.66806584304291,21.817865837045762,21.63607831982932,60.69539360891858,35.51896376345633,29.200873336235624,5.194225076969724,5.838037227263794,3,1,1,6
57,7,10.228545341631797,22.867015320041254,22.700625539553595,58.05852190495935,39.86517393587248,28.818872153242918,4.804940062676389,5.194225076969724,4,0,0,7
57,8,10.228545341631797,21.403638989988895,21.223101952203315,70.93260765234623,41.52269859659381,30.0,4.927712319463442,4.804940062676389,4,0,0,8
57,9,0.0,19.21024356847656,18.939859459908117,68.27562504567614,42.39978992351935,26.17252892831344,5.1142726708158985,4.927712319463442,5,0,0,9
58,0,211.75431631009462,21.0,21.0,40.0,25.37415128584443,15.58139350111973,6.931968185400623,4.269489586438487,0,0,0,0
58,1,211.75431631009462,19.10748302571689,18.911627870022397,47.37199806165355,25.37415128584443,15.58139350111973,6.931968185400623,6.931968185400623,0,0,0,1
58,2,183.72925084014938,18.163121018603,20.19792193299503,55.1639269229165,28.15605093014989,15.1324427435332,7.446575945898799,6.931968185400623,0,0,0,2
58,3,183.08608209633348,18.053241791656376,17.201073714693525,62.57878070861791,24.36715104550054,16.826481097285097,7.074442748072419,7.446575945898799,0,0,1,3
58,4,151.31339184499768,18.199617929533193,19.479275210080363,71.6160910621403,30.4921336234914,19.715146118299657,6.674299196334497,7.074442748072419,0,0,1,4
58,5,112.89003619798004,18.09175361996289,19.714942432936706,66.10038376336107,32.25631431277226,20.434200694009803,6.6748101,6.674299196334497,1,0,1,5
58,6,76.44517488991414,18.187149629372023,19.833960255455473,61.24132316269544,33.11728453868787,23.22126767983641,6.429578820330066,6.6748101,2,0,1,6
58,7,48.97346261571822,18.134577262758228,19.875311259682046,56.653633196199564,34.339751497315454,23.50641535548529,4.951146175083752,6.429578820330066,3,0,1,7
58,8,24.499966369809645,18.09317965892088,19.73602258339765,52.1622795184572,33.382480980706234,24.99888747628065,4.318396302,4.951146175083752,4,0,1,8
58,9,11.405869082695121,18.099171575046064,20.170329869519012,62.81659382483774,34.874615162463826,24.31601987298364,4.060415708,4.318396302,4,0,1,9
59,0,225.45467235479308,21.0,21.0,40.0,26.483845303341628,21.9133357931149,7.0424736869756295,2.341308708694496,0,0,0,0
59,1,225.45467235479308,19.129676906066834,19.0382667158623,48.711492597362174,26.483845303341628,21.9133357931149,7.0424736869756295,7.0424736869756295,0,0,0,1
59,2,213.81235083053645,18.159610480950096,18.014557709361004,58.20483748574591,30.00638194150466,22.73442299396057,9.287013822977675,7.0424736869756295,0,0,0,2
59,3,213.81235083053645,16.736509600261414,16.702416283308267,67.81309986597785,28.629846433613373,24.74938901211956,10.440992996153298,9.287013822977675,0,1,1,3
59,4,156.594246704168,18.715537312598933,18.595073559035843,77.0846062841517,29.021478211153376,22.48689077870142,9.536350687728076,10.440992996153298,0,1,1,4
59,5,93.63629028874942,19.911746836417052,19.777728361546945,71.30524323596127,29.86682044516908,21.3589403982174,7.8697445519273215,9.536350687728076,1,1,1,5
59,6,44.95938387476678,21.029616649997912,20.971394281521857,66.0295925161308,29.47277910723153,24.55138356037698,6.084613301747831,7.8697445519273215,2,1,1,6
59,7,7.989514121729184,22.017616709498295,22.01025960820399,61.30359906051655,29.159502363666185,27.918311771810146,4.621233719129699,6.084613301747831,3,0,0,7
59,8,0.0,19.776027535313982,19.736811759326347,56.22466276926629,28.59408296148077,26.522937642684443,3.994757060864592,4.621233719129699,4,0,0,8
59,9,0.0,18.31857215043111,18.1848381270928,66.37004875001952,31.81909662767957,24.544158820949477,3.153054951332821,3.994757060864592,4,0,0,9
60,0,241.32395726206482,21.0,21.0,40.0,28.238716441256617,21.80676443699532,5.895737675284039,6.303220308711328,0,0,0,0
60,1,223.6367442362127,22.164774328825132,19.036135288739906,49.00818655808535,28.238716441256617,21.80676443699532,5.895737675284039,5.895737675284039,0,0,0,1
60,2,207.88465477967716,18.411382437637965,22.235085838938787,58.46772491462403,29.14870320294833,23.404287666710992,5.250696485511845,5.895737675284039,0,0,0,2
60,3,191.462326937909,19.453667221068883,21.07130763897238,68.62479738434843,34.0953042363352,22.33287615102256,5.474109280589384,5.250696485511845,0,0,0,3
60,4,191.462326937909,19.245607017228096,18.592640596497652,79.24803777192119,33.70085846057591,25.31714369260612,5.747043852998098,5.474109280589384,0,0,0,4
60,5,173.75592964069264,18.084986673793,17.22438385006778,74.64018878346063,29.90805416287307,27.826118123457118,5.873052932573664,5.747043852998098,1,0,1,5
60,6,130.49358145185235,18.02458285010232,19.152451620776915,69.32062437552506,27.072974659652346,26.707223074038943,6.073615911555651,5.873052932573664,2,0,1,6
60,7,88.0426542241666,18.12707286216008,19.63928629257961,64.16814347551414,27.903639545750966,26.80479989863286,6.927993398249087,6.073615911555651,3,0,1,7
60,8,48.165081206566754,18.125647962015226,19.760734703382415,60.04456199225601,30.42454731523256,30.0,6.755752328717398,6.927993398249087,4,0,1,8
60,9,28.90388712973648,18.036667161333046,20.31090408991138,70.70716131173559,29.236662885997664,30.0,5.925602710703807,6.755752328717398,4,0,1,9
61,0,100.63440658004174,21.0,21.0,40.0,34.80509278865018,22.839674169226885,5.284903714037762,7.108807753091166,0,0,0,0
61,1,68.92498429581516,22.296101855773006,22.05679348338454,50.376058052417875,34.80509278865018,22.839674169226885,5.284903714037762,5.284903714037762,0,0,0,1
61,2,58.24425348309283,20.45687915529114,23.312977266726783,62.41500537302776,38.833880342049866,28.04916032800504,3.560243604240781,5.284903714037762,0,0,0,2
61,3,51.71523460014145,20.75121776476219,22.71384660137255,73.73343941951991,35.95363782256288,26.92655132461576,2.176339627650459,3.560243604240781,0,0,0,3
61,4,49.75254688333898,22.962188938058002,22.232919794560928,70.35370487777418,35.790527474666575,28.766502848968244,0.2453359646003092,2.176339627650459,1,0,0,4
61,5,43.05713803533898,23.343443428397283,23.589894399515565,65.90467282515172,28.616488596541927,30.0,0.836926106,0.2453359646003092,2,0,0,5
61,6,32.50848176352434,24.426058296871073,24.283034376893042,62.32647048293467,33.45443143212744,30.0,1.3185820339768304,0.836926106,3,0,0,6
61,7,9.832967522896618,25.165543266962228,25.074400447600546,59.17362148688558,36.26000267262987,29.557502904875232,2.834439280078465,1.3185820339768304,4,0,0,7
61,8,9.832967522896618,23.447391277619488,23.31025838619704,71.38023260365115,38.01914653290039,29.79535967135276,3.795817377692595,2.834439280078465,4,0,0,8
61,9,0.0,20.983336765804737,20.868807184118324,68.58125764566951,37.78347245565754,30.0,4.916483761448309,3.795817377692595,5,0,0,9
62,0,141.49074766515974,21.0,21.0,40.0,26.99117210300796,17.055563209259258,4.462930448893935,6.577737058525979,0,0,0,0
62,1,114.71316497179612,22.13982344206016,21.941111264185185,47.9284123562081,26.99117210300796,17.055563209259258,4.462930448893935,4.462930448893935,0,0,0,1
62,2,91.98057295743071,23.12824986374404,23.01224191925877,56.5059590522708,28.21705854636809,19.43597865398028,3.788765335727567,4.462930448893935,0,0,0,2
62,3,82.96636080792914,21.341245187257467,24.14503856520028,66.81322115169249,34.40650874457375,22.85605847443565,3.004737383167191,3.788765335727567,0,0,0,3
62,4,66.21040751428696,24.730261920231392,23.62386264204887,77.89275204768235,37.40800633107499,24.14494309109093,2.792658882273697,3.004737383167191,0,0,0,4
62,5,51.758134104917374,21.802348773042734,24.88059824062411,72.60217444658909,33.312375671575445,20.62885987790645,2.890454681873916,2.792658882273697,1,0,0,5
62,6,21.45985986491737,24.622584465132288,23.625078742033736,66.89927250038184,27.67604444225004,23.974500301043022,3.78728428,2.890454681873916,2,0,0,6
62,7,11.232683038394006,21.71439946185641,21.952013458002476,62.32222503144229,30.49358893919986,27.41170290002481,5.113588413261682,3.78728428,3,0,0,7
62,8,0.0,19.741443006629563,19.53816407635033,58.072052357779654,33.160499747933585,26.560763176162883,5.616341519197003,5.113588413261682,4,0,0,8
62,9,0.0,18.207658921882842,18.14648402073239,68.76321323880433,32.751633619812885,26.643704608101917,5.779208970750829,5.616341519197003,4,0,0,9
63,0,168.24152176811702,21.0,21.0,40.0,28.010417639701927,24.12407232294737,3.960863727164933,3.6580867185612154,0,0,0,0
63,1,156.35893058662222,22.16020835279404,19.08248144645895,49.384208193276876,28.010417639701927,24.12407232294737,3.960863727164933,3.960863727164933,0,0,0,1
63,2,133.02638340862222,21.55349764375509,22.26064831687776,60.01442623464805,34.9325684176997,24.12419847880682,3.888757863,3.960863727164933,0,0,0,2
63,3,120.6006384072439,20.339077785300667,23.033421037124597,70.14102512497406,30.46723001799835,25.791652706035077,4.141915000459443,3.888757863,0,0,0,3
63,4,112.15010035975047,19.8980629262673,19.01190135825672,64.94477145442086,29.17909350449297,25.286163881322544,4.225269023746716,4.141915000459443,1,0,0,4
63,5,88.90138104273066,18.150164637452942,20.7149808974398,60.11799824839143,30.024544838673823,26.49338179449605,4.129135117076903,4.225269023746716,2,0,0,5
63,6,74.03959412291695,18.085104746266747,18.070859793648665,55.15787682577576,29.04799003102562,26.72911317666512,5.193176005,4.129135117076903,3,0,0,6
63,7,41.5255467819328,18.15351632632055,18.136770782768604,51.45446974829319,33.05413687780154,29.704712691739772,6.010732625,5.193176005,4,0,0,7
63,8,27.879851808682545,18.157713472336127,18.126497619695932,63.69478743074487,38.001764902509294,30.0,6.568302135683668,6.010732625,4,0,0,8
63,9,11.414338764852936,18.15772543404407,18.13391267418828,76.16593587200191,39.28415800698361,30.0,6.760420824402143,6.568302135683668,4,0,0,9
64,0,344.3676548712075,21.0,21.0,40.0,34.4068780681242,19.315241752097823,5.533428652391688,2.363734999653362,0,0,0,0
64,1,344.3676548712075,19.288137561362486,18.986304835041956,49.669981567639965,34.4068780681242,19.315241752097823,5.533428652391688,5.533428652391688,0,0,0,1
64,2,316.53329718502584,18.022997093614542,20.461721694678626,58.9116145419689,29.559765129886983,21.78264028305155,7.961128980729184,5.533428652391688,0,0,0,2
64,3,316.53329718502584,18.220119960161874,17.39436448826422,69.3844441622538,31.444645679141026,26.737741100219523,9.481031155821697,7.961128980729184,0,0,1,3
64,4,288.1722942654,16.649773111463418,19.764384341034997,79.96584543286346,32.72066660719193,26.06489600730617,9.453667639875276,9.481031155821697,0,1,1,4
64,5,215.55391147199998,20.01476300465934,18.930615858428716,74.75088806579403,30.92476841434141,23.436579546384007,9.077297849175002,9.453667639875276,1,1,1,5
64,6,139.37350589599998,20.519517511843116,20.778235778841076,69.17309889093849,27.83595476940409,24.50966092584292,9.522550697,9.077297849175002,2,1,1,6
64,7,64.72146472,21.669295806422568,21.595524741217943,63.27599039553641,25.189699362625134,25.3819201073633,9.331505147,9.522550697,3,1,1,7
64,8,0.0,22.408142349125725,22.47294000453141,58.691993372937745,27.866683207785176,30.0,8.09018309,9.331505147,4,0,0,8
64,9,0.0,20.701368190221043,20.694062312522377,69.38279260263042,29.39332905384817,30.0,6.518653081586344,8.09018309,4,0,0,9
65,0,143.2838075207112,21.0,21.0,40.0,34.33634858119019,18.15807638443375,5.179411705528362,4.370684638871349,0,0,0,0
65,1,127.74557240412612,22.286726971623803,18.963161527688676,49.44899649381231,34.33634858119019,18.15807638443375,5.179411705528362,5.179411705528362,0,0,0,1
65,2,112.28093748449906,18.526622244032026,22.24562293745361,59.64379805237667,35.27061671220827,21.3671697242604,5.154878306542354,5.179411705528362,0,0,0,2
65,3,99.44784191945591,19.416416058249293,21.23019461250518,69.876799888758,30.188036044000228,26.661974158118323,4.277698521681051,5.154878306542354,0,0,0,3
65,4,88.04187472724735,22.19153847022158,18.64672066296808,79.51489388472899,26.78958934655997,26.75537729772327,3.801989064069521,4.277698521681051,0,0,0,4
65,5,70.59185192292082,18.20468229329625,21.981149190486807,75.35256374644435,33.73403645198226,26.475240557547476,3.393755927491692,3.801989064069521,1,0,0,5
65,6,39.588760563394494,21.933966497521173,20.638196551677137,71.19679617058634,34.19361476201069,26.052120927667072,3.875386419940792,3.393755927491692,2,0,0,6
65,7,31.901942237565663,19.15524874117842,19.383428834492143,66.44168188349035,32.471788130164946,24.444243608190643,3.843409162914415,3.875386419940792,3,0,0,7
65,8,19.166665288880925,18.206688751653616,18.22690582297944,63.41527386791516,36.92507513063641,29.59488033839036,3.505467384,3.843409162914415,4,0,0,8
65,9,12.937593946613164,18.05137627537953,17.98937809101649,73.37401221072687,31.570682938250407,23.75564118848134,2.6741063870713115,3.505467384,4,0,1,9
66,0,92.4310627427061,21.0,21.0,40.0,29.31504360639344,20.614515398284745,3.9894221197129087,6.489086375840484,0,0,0,0
66,1,68.49453002442866,22.18630087212787,22.012290307965696,48.98732062084207,29.31504360639344,20.614515398284745,3.9894221197129087,3.9894221197129087,0,0,0,1
66,2,54.98039823560237,23.312913450973454,23.164392481822073,59.643177226868644,34.61770514340814,24.58149822340617,2.2523552981377137,3.9894221197129087,0,0,0,2
66,3,54.584691875602374,24.481832271508505,24.257242477348434,69.49736368056205,34.10139227178551,20.64408802651121,0.06595106,2.2523552981377137,0,0,0,3
66,4,46.1455785246873,24.915190222883112,24.844454341178043,64.4789675217465,31.179497835450704,24.27385683779628,1.0548891688643838,0.06595106,1,0,0,4
66,5,30.36212990488789,25.550693268762124,25.479426556740147,59.928233212746875,31.33792494389403,26.713551117219197,1.9729310774749265,1.0548891688643838,2,0,0,5
66,6,13.105048555630649,26.234789700723407,26.17424392827932,56.465565287203034,34.096289302534245,30.0,2.157135168657155,1.9729310774749265,3,0,0,6
66,7,8.547502358253805,23.778320610184522,23.713961312894803,52.614238430370136,33.03161223437124,28.905460783223774,2.2787730986884216,2.157135168657155,4,0,0,7
66,8,3.1375042766203727,22.198612304183047,25.07388585829164,64.71054654607507,37.20171175391626,30.0,1.8033326938778111,2.2787730986884216,4,0,0,8
66,9,3.1375042766203727,22.29011976390945,21.280324520210215,75.60600175673177,33.945482799601685,26.58482392626893,1.7641524261652677,1.8033326938778111,4,0,0,9
67,0,310.62238542035436,21.0,21.0,40.0,25.590782627592905,16.699253631893868,6.449083289865628,2.143775095255414,0,0,0,0
67,1,310.62238542035436,19.111815652551858,18.933985072637878,47.61220652670762,25.590782627592905,16.699253631893868,6.449083289865628,6.449083289865628,0,0,0,1
67,2,277.80997085856603,18.10058759528991,20.231262852355457,55.20075787778387,25.824466749817184,16.334151867273114,8.790136138905629,6.449083289865628,0,0,0,2
67,3,276.8358034106172,18.10019080494484,17.259857853562494,63.715994130180164,26.165291119148453,21.141576949719823,9.678176844432295,8.790136138905629,0,0,1,3
67,4,249.11203917515093,16.480959158038182,19.61886937082514,73.52936498641594,30.11410530523745,24.404621673850244,9.241254745155414,9.678176844432295,0,1,1,4
67,5,178.6907503956671,19.866428604278617,18.764019769566776,68.02609749760681,30.40570680297966,22.353918259191868,8.802661097435477,9.241254745155414,1,1,1,5
67,6,110.70613702177187,20.42308838157758,20.600807759468168,62.53453093887087,30.237396927696437,22.58723330154833,8.498076671736904,8.802661097435477,2,1,1,6
67,7,50.199089317771865,21.7081819898056,21.401483285062394,57.459267900587534,33.90328606694702,21.234141498145576,7.563380963,8.498076671736904,3,1,1,7
67,8,0.0,22.35772001481028,22.372581622665628,52.775002141815264,30.583517425933955,26.72611724755344,6.274886164721483,7.563380963,4,0,0,8
67,9,0.0,20.662271373868016,20.528841912563664,62.84827022577024,31.205574706902144,24.757025759514413,4.399162376309752,6.274886164721483,4,0,0,9
68,0,199.46728659693915,21.0,21.0,40.0,28.73783201908008,24.222883992666183,3.645018368703425,2.812360978347176,0,0,0,0
68,1,188.53223149082888,22.174756640381602,19.084457679853326,49.53292888211433,28.73783201908008,24.222883992666183,3.645018368703425,3.645018368703425,0,0,0,1
68,2,150.18041767963126,20.7686970903184,21.59232768133619,44.55120760272748,30.415029430220592,25.242074573185807,4.793976726399702,3.645018368703425,1,0,0,2
68,3,120.96384146624217,18.989857251998504,21.57585069072936,38.78697020650077,29.82783072068763,21.48196152249732,5.843315242677816,4.793976726399702,2,0,0,3
68,4,107.8349513774588,18.561176852566767,17.646770992970353,32.007574710614435,26.300208210855885,19.369816811997826,6.564445044391689,5.843315242677816,3,0,1,4
68,5,75.68989344912706,16.195965614396115,19.301955426768302,24.435794762618812,24.842243226569572,16.425645951232532,6.429011585666349,6.564445044391689,4,1,1,5
68,6,44.1235756946886,20.270714945463403,19.22134316826148,32.931157352710976,26.5376002541792,20.65885857966617,5.261052959073077,6.429011585666349,4,1,1,6
68,7,19.743577260450955,21.390358535338805,21.55823079316463,41.21409881844561,26.68165262152072,19.334688854782826,4.063333072372941,5.261052959073077,4,1,1,7
68,8,0.0,22.97213748648247,22.676650671793315,48.50092691242514,26.36931758347845,14.113060716407826,3.290596210075159,4.063333072372941,4,0,0,8
68,9,0.0,20.92822754029782,20.87533038038352,56.64645588614805,26.16504947947876,19.08788926342626,2.510986303985067,3.290596210075159,4,0,0,9
69,0,149.30694793330917,21.0,21.0,40.0,34.47897559257653,17.000405795484077,6.261618261169179,5.722465966572539,0,0,0,0
69,1,130.52209314980163,22.28957951185153,18.940008115909684,49.26628864985091,34.47897559257653,17.000405795484077,6.261618261169179,6.261618261169179,0,0,0,1
69,2,113.28720446728039,18.496335898839998,22.120681682279187,58.2284788646824,34.40811370256054,15.38183193539219,5.7449628941737485,6.261618261169179,0,0,0,2
69,3,96.19847322733463,19.38591192605658,21.08136189788353,68.1047926427027,32.86536226747748,22.00304761041306,5.696243746648586,5.7449628941737485,0,0,0,3
69,4,96.19847322733463,19.11243965501223,18.505741962516154,77.21481745691858,27.75719200763277,22.85405696023317,4.723209946096983,5.696243746648586,0,0,0,4
69,5,74.79013605570398,18.086188078647723,20.03952845281657,71.55200807180054,27.99143255669372,23.881848637094976,3.4830255254846505,4.723209946096983,1,0,0,5
69,6,45.51014352245761,20.59128135375869,19.959791322870398,65.89335825660153,27.08539292372149,24.810996991839588,3.659999066655797,3.4830255254846505,2,0,0,6
69,7,22.656118791143708,18.259611980089197,21.455907427266602,61.100652472483375,28.18238409634329,28.52480599188921,4.570804946262781,3.659999066655797,3,0,0,7
69,8,10.601063448228507,18.34153602222978,18.13357061518417,56.84869122243775,29.87014367652861,29.84118271210683,4.381262811052578,4.570804946262781,4,0,0,8
69,9,0.0,18.095889356635467,18.025916631510075,67.12057300915733,29.82276590175704,27.243244024462804,4.533662657154436,4.381262811052578,4,0,0,9
70,0,212.23988887441246,21.0,21.0,40.0,33.24299805047452,19.67141175253978,5.6491956551756255,6.636559600443364,0,0,0,0
70,1,195.29230190888558,22.264859961009492,18.993428235050796,49.52459376454257,33.24299805047452,19.67141175253978,5.6491956551756255,5.6491956551756255,0,0,0,1
70,2,179.92490419469027,18.49760952894965,22.32975824691393,60.1474611288512,33.23998489644054,25.77594490527406,5.122465904731769,5.6491956551756255,0,0,0,2
70,3,164.7871411123429,19.4283251564043,21.24040694347297,70.13306281287635,28.694622394176463,26.78094251707436,5.0459210274491255,5.122465904731769,0,0,0,3
70,4,154.00160828743464,18.57159201951146,17.961701300670374,65.44728091588226,30.307260409695303,26.993951273670845,5.392766412454131,5.0459210274491255,1,0,1,4
70,5,115.0790371771981,18.062313122071252,19.583526117471028,60.36863938890659,29.650887320940804,25.46777086252769,5.917000211412492,5.392766412454131,2,0,1,5
70,6,79.31425179044619,18.211965488979057,19.87730233220154,56.412430332334225,33.111562944279505,28.242831185874,6.186689451809002,5.917000211412492,3,0,1,6
70,7,46.514228852043146,18.014376162185496,20.01672477358985,51.56172108117147,27.20246449317786,29.182484111473507,5.9230934830517885,6.186689451809002,4,0,1,7
70,8,30.394754296158087,18.00163307443854,20.476698805982544,61.1460986555562,24.72901316582481,28.51752891409037,5.3731581852950185,5.9230934830517885,4,0,1,8
70,9,17.040200376571057,18.092440441384237,20.445633831989603,70.98297065413472,24.93181668878156,29.71747219221017,4.451517973195677,5.3731581852950185,4,0,1,9
71,0,223.54391169941456,21.0,21.0,40.0,28.72181787013057,20.095375539056203,6.471504129448637,4.702982681900373,0,0,0,0
71,1,223.54391169941456,19.174436357402612,19.001907510781127,48.78709481365362,28.72181787013057,20.095375539056203,6.471504129448637,6.471504129448637,0,0,0,1
71,2,199.69567128908557,18.03802067596516,20.443949086521894,57.85328595502475,26.29672270524913,24.071005857923826,6.6220906550843415,6.471504129448637,0,0,0,2
71,3,199.69567128908557,18.065668361979696,17.276144526117204,65.89433864137644,24.029890279474827,20.642624644701154,6.404925180137017,6.6220906550843415,0,0,1,3
71,4,170.98202507246117,18.158983696048953,19.634057482623106,75.59716398940579,27.94918480244765,25.955400464382063,6.080941894292447,6.404925180137017,0,0,1,4
71,5,136.48415783633317,18.143091182006454,19.873283286625906,71.18649591439966,31.581085510665662,27.24853629485583,6.009416830663033,6.080941894292447,1,0,1,5
71,6,104.50966701554685,18.121155483365733,19.946948677661798,66.58617863581003,32.82056599543873,24.95544912350779,5.815820587489249,6.009416830663033,2,0,1,6
71,7,81.73693161360612,17.946420388127923,19.984300514789965,61.483826648152046,25.7460572439253,29.240876157974792,4.152366853745637,5.815820587489249,3,1,1,7
71,8,50.57470198494333,20.251156116969685,19.730005196082768,56.006747382364495,24.19722966724224,28.70788552282689,3.895278703582849,4.152366853745637,4,1,1,8
71,9,26.29491405442739,21.430941841711412,21.49481726691622,66.15986449391303,30.514849364166583,25.89135681110311,4.046631321752656,3.895278703582849,4,1,1,9
72,0,64.29994247513486,21.0,21.0,40.0,33.43253265588527,20.77564676857712,3.277939134256048,6.752898896,0,0,0,0
72,1,38.07642940108647,21.568650653117707,21.315512935371544,34.75747229640323,33.43253265588527,20.77564676857712,3.277939134256048,3.277939134256048,1,0,0,1
72,2,28.5485265665277,21.926952157596304,21.754870675399488,28.50084449622711,30.487714937527382,18.08657506149419,1.1909878543198462,3.277939134256048,2,0,0,2
72,3,26.853926516897864,22.47652932112238,22.240066284796793,22.396131771858443,31.91131834581384,17.506944296582464,0.2118250062037292,1.1909878543198462,3,0,0,3
72,4,23.95492870471746,23.148149642402146,23.00431590587024,17.495205528739874,33.42229884374357,22.68366647226437,0.3623747265225507,0.2118250062037292,4,0,0,4
72,5,17.45128652743924,23.984261924002674,23.7536603134563,12.53284295523958,34.72611947236998,21.038532897072848,0.8129552721597773,0.3623747265225507,5,0,0,5
72,6,11.024671240375998,25.341238572981233,25.352201879405282,22.696636903300526,29.68819038533247,26.77733154833945,1.0711025478438736,0.8129552721597773,5,0,0,6
72,7,0.0,26.74970954997752,26.65310880592281,34.33644267244799,34.66558760637477,30.0,1.837445206729333,1.0711025478438736,5,0,0,7
72,8,0.0,24.671439053567767,24.698155574219236,44.431273870113635,28.0977903354171,27.98460520716984,2.2205031648845024,1.837445206729333,5,0,0,8
72,9,0.0,22.767545438682745,22.68561714115573,55.284712373209906,31.9962738196679,28.300606753089177,2.793687986024838,2.2205031648845024,5,0,0,9
73,0,136.40583828404058,21.0,21.0,40.0,25.474168939060327,20.465489228499244,3.635294543,5.709522278,0,0,0,0
73,1,114.59407102604058,22.109483378781206,22.009309784569986,48.269138470160726,25.474168939060327,20.465489228499244,3.635294543,3.635294543,0,0,0,1
73,2,93.39016703378198,22.436658967124647,22.409186318998895,42.48821319175268,27.046659053039008,24.17042273358294,2.6504879990323245,3.635294543,1,0,0,2
73,3,70.82809449762331,23.068581210430484,22.860775006539892,37.86976409651009,34.238841360311966,23.436441443895887,2.8202590670198324,2.6504879990323245,2,0,0,3
73,4,44.50249048089114,23.623211258661026,23.576560157471103,32.57122971461449,29.673339664773003,24.22369154691809,3.290700502091522,2.8202590670198324,3,0,0,4
73,5,23.07566901772514,21.405372795849267,24.279354548554856,27.64693557395661,31.488411272790582,24.4877323902212,4.285364292633201,3.290700502091522,4,0,0,5
73,6,23.07566901772514,22.03177274919813,20.92434673910698,38.80571947902917,37.127409065521626,24.86583485154816,4.992603919231721,4.285364292633201,4,0,0,6
73,7,23.07566901772514,20.139179841754352,20.28445981049005,50.305216724332666,36.61674376091208,27.26935204632958,5.288483573577294,4.992603919231721,4,0,0,7
73,8,23.07566901772514,18.977563064005196,18.78478589598076,61.066184411401885,33.6214063436187,26.16174747343252,6.152355495634294,5.288483573577294,4,0,0,8
73,9,14.13507337015805,18.063225325978458,18.102629843252657,71.01470786177423,31.339245037803185,23.930329686487603,7.097063738,6.152355495634294,4,0,0,9
74,0,152.90711551838515,21.0,21.0,40.0,27.61324893252996,23.59697709440789,6.327921876227935,5.401997669740535,0,0,0,0
74,1,133.92334988970134,22.1522649786506,19.07193954188816,49.21784068484881,27.61324893252996,23.59697709440789,6.327921876227935,6.327921876227935,0,0,0,1
74,2,112.8370999708866,18.4093424755531,22.340691438472554,59.4207810643405,28.16021775687547,28.522784351411705,7.028749972938243,6.327921876227935,0,0,0,2
74,3,112.8370999708866,19.29145240019198,18.184003331722014,68.2932997175834,22.84699463775018,26.444775658043657,7.245431212902815,7.028749972938243,0,0,0,3
74,4,108.17768057277951,18.042822393450425,17.645329002683315,77.26599629266197,23.72074106904016,26.127573236951893,5.9900122356176695,7.245431212902815,0,0,1,4
74,5,72.9705134940989,18.115173674960882,19.1399798611532,71.2044030009991,25.758683748044064,23.89913129827333,4.988793535333528,5.9900122356176695,1,0,1,5
74,6,49.55159698346058,18.094086839222758,19.69271583641301,65.55859517663089,27.886850654539508,24.08088365452599,3.891601307104245,4.988793535333528,2,0,1,6
74,7,30.527778500297497,18.106926911771325,19.806356031436216,59.98067160746983,27.375665126907545,24.969203933308822,3.295392871402824,3.891601307104245,3,0,1,7
74,8,15.862757976793603,18.235308756493904,19.707306306214907,55.27529467859381,31.76543782469518,25.426912570438063,2.4892237048667933,3.295392871402824,4,0,1,8
74,9,6.341988656646197,18.073129841508873,20.24290214899314,64.59072954962318,27.640910872922845,24.11150507724029,2.8693953134373538,2.4892237048667933,4,0,1,9
75,0,149.65222748846213,21.0,21.0,40.0,28.476900101995167,21.864983821136708,4.384479734241937,3.786440956371011,0,0,0,0
75,1,136.4987882857363,22.169538002039904,19.037299676422734,49.061539106163735,28.476900101995167,21.864983821136708,4.384479734241937,4.384479734241937,0,0,0,1
75,2,109.36481788281093,21.567459702576905,22.187034599611376,59.445294399935655,36.84617972118896,20.84134968865505,4.522328400487565,4.384479734241937,0,0,0,2
75,3,96.91507564319339,20.35685708072615,22.976641561955514,69.70407010597029,33.35517542493694,23.638022941922184,4.149914079872511,4.522328400487565,0,0,0,3
75,4,85.3895620151963,23.602323525398074,19.74306466959536,80.14253308556499,30.82881828472181,27.16264271302652,3.841837875999029,4.149914079872511,0,0,0,4
75,5,62.773579766297175,19.109615408983945,23.16264435781509,75.72653483768478,32.01872256474113,26.78128716925768,4.523196449779826,3.841837875999029,1,0,0,5
75,6,55.0774710439606,19.746319759579755,18.585835656386227,70.51062947030641,25.79242610977573,28.5636551825667,3.848054361168289,4.523196449779826,2,0,0,6
75,7,32.34229904710287,18.18885915957039,20.440400421121304,65.31493824687918,30.76074358481608,23.70763850725488,3.817481683667972,3.848054361168289,3,0,0,7
75,8,17.85923178926254,18.14693547852013,18.05309285271358,60.35801400100358,33.84950972191625,21.945355578774866,4.1000791853602685,3.817481683667972,4,0,0,8
75,9,7.34397626988028,18.230192502793244,18.087920921478116,71.33294627633965,37.836015281993966,23.13583069209533,3.888689910765792,4.1000791853602685,4,0,0,9
76,0,324.56179522377374,21.0,21.0,40.0,33.50485911613399,19.047745093036703,6.663612885840164,4.563244356244908,0,0,0,0
76,1,324.56179522377374,19.270097182322683,18.980954901860734,49.459468757650725,33.50485911613399,19.047745093036703,6.663612885840164,6.663612885840164,0,0,0,1
76,2,296.402820253356,18.25050645669497,20.475720853853694,60.35841048385528,37.44561764597466,23.10405861071733,7.877303764,6.663612885840164,0,0,0,2
76,3,296.402820253356,18.28409228374067,17.58372529576897,71.15501925362258,30.810646636622188,29.17051319541834,8.386627783419202,7.877303764,0,0,1,3
76,4,252.84233151335604,16.016124246273915,19.17881145220702,66.31142637629819,29.39781426889224,27.026669745972203,8.712097748,8.386627783419202,1,1,1,4
76,5,182.76169556235746,19.43207936950592,18.469439074623452,61.577421446142196,28.86250629935225,28.170799644225564,8.760079493874821,8.712097748,2,1,1,5
76,6,114.49115432235746,20.074707815939405,20.345168582340364,56.55400963321222,28.171028015677887,27.254461912488868,8.533817655,8.760079493874821,3,1,1,6
76,7,50.90124274567144,21.419959769280734,21.28638750362054,52.74144449363281,32.3870588391105,29.765357052115,7.948738947085753,8.533817655,4,1,1,7
76,8,9.904035362537687,22.939187973368274,22.93059721096709,63.97940647252605,32.43312210496244,30.0,6.832867897188958,7.948738947085753,4,0,0,8
76,9,9.904035362537687,21.25289453068125,21.085693281528716,75.150128558924,35.274245520149904,26.785321626505382,5.805902652947137,6.832867897188958,4,0,0,9
77,0,140.37195083318858,21.0,21.0,40.0,28.620354843606734,16.604283629544724,4.358596106030133,2.6426070858766666,0,0,0,0
77,1,127.29616251509819,22.172407096872135,18.932085672590897,48.14043492516726,28.620354843606734,16.604283629544724,4.358596106030133,4.358596106030133,0,0,0,1
77,2,96.55004934536592,21.366403393650454,22.184551109817228,57.521325793350556,29.906747967338028,22.209312411458072,5.124352194955377,4.358596106030133,0,0,0,2
77,3,79.94465952232683,20.25868295811008,22.92522674989995,68.0824734569773,31.53681862185452,27.13622395384961,5.535129941013032,5.124352194955377,0,0,0,3
77,4,79.94465952232683,20.679365913513376,19.722783016986504,80.24345342697028,37.69599389139493,29.865005941899373,5.430119558647781,5.535129941013032,0,0,0,4
77,5,55.87344742356851,18.37262842112121,21.467159551516463,77.77544707403557,39.62218692814047,30.0,4.814242419751664,5.430119558647781,1,0,0,5
77,6,46.346231896261486,18.71340717967214,18.07565006741698,74.66735337586864,36.06614612129484,30.0,3.950046099114752,4.814242419751664,2,0,0,6
77,7,26.268830050234303,18.178576418580562,19.793444426340866,71.8118339357374,37.46933644371529,30.0,3.123879832949727,3.950046099114752,3,0,0,7
77,8,8.71497680416164,18.059205870924814,19.837884277363084,68.27066250379661,33.66015871144008,30.0,3.099384389623832,3.123879832949727,4,0,0,8
77,9,5.621414708090627,18.109452127716725,18.126096614968656,79.40041152032998,31.83193898074097,30.0,2.872550832225003,3.099384389623832,4,0,0,9
78,0,131.61031735260252,21.0,21.0,40.0,33.4912242231306,22.07624053967252,5.978618560808513,7.151510518360688,0,0,0,0
78,1,113.674461670177,22.269824484462614,19.04152481079345,50.00214365730456,33.4912242231306,22.07624053967252,5.978618560808513,5.978618560808513,0,0,0,1
78,2,97.374707746177,18.663824317082938,22.245774444590186,60.93529499041327,40.03335917902833,20.706370449353376,5.433251308,5.978618560808513,0,0,0,2
78,3,82.74850103217699,19.65385341904035,21.209839403830927,72.00947219632718,39.99732777369208,21.52587892582965,4.875402238,5.433251308,0,0,0,3
78,4,75.51270424909688,18.741485724515787,18.05927191040366,68.15168727572014,36.336047909632015,25.56514697588437,3.617898391540053,4.875402238,1,0,0,4
78,5,54.748468421110815,18.037627366909575,19.620019755945233,62.92139184843228,33.54405402495851,20.732082490108937,3.2617232790462976,3.617898391540053,2,0,0,5
78,6,32.49808017632765,20.396778783190296,19.753186941048213,57.44414167145493,30.673935977514184,22.230229705945003,2.7812985305978963,3.2617232790462976,3,0,0,6
78,7,15.021350077965668,21.244518886708164,21.21848009485467,53.627718369563766,36.54339944048313,25.58758221567705,2.184591262295248,2.7812985305978963,4,0,0,7
78,8,7.530380449444963,19.8555510664376,22.684543743681182,63.86958814034913,32.92011225999333,23.979164244369805,2.4969898761735685,2.184591262295248,4,0,0,8
78,9,7.530380449444963,20.066877011858857,19.157336121124782,73.98143014486448,29.60952720156772,26.56737282351751,2.93188576008116,2.4969898761735685,4,0,0,9
79,0,119.89834918324908,21.0,21.0,40.0,30.807503813548443,18.64224440194048,3.6273035798374194,6.196018325853443,0,0,0,0
79,1,98.13452770422457,22.21615007627097,21.97284488803881,48.900954678788004,30.807503813548443,18.64224440194048,3.6273035798374194,3.6273035798374194,0,0,0,1
79,2,76.65488172466422,22.425241376057492,22.372273775633676,42.116423602724,25.969725933269896,19.67176808859674,2.6849557474450427,3.6273035798374194,1,0,0,2
79,3,55.38761760466422,22.825657398294755,22.884965336607628,35.92084725777173,23.371290920489397,25.542173829775805,2.658408015,2.6849557474450427,2,0,0,3
79,4,37.725668234509975,23.52182057841203,23.456691390169127,30.402719052668104,27.52195293232688,25.15511259487516,2.207743671269281,2.658408015,3,0,0,4
79,5,20.060802258509973,24.191528714257636,24.233795109782733,24.935994753899365,25.913130416003447,27.049512368614696,2.208108247,2.207743671269281,4,0,0,5
79,6,10.194413529877965,25.68472619935179,25.64696791245293,35.27611878541488,29.34952596024305,28.09560754817648,1.6443981214386678,2.208108247,4,0,0,6
79,7,0.0,26.83308488644858,26.82985388995092,44.08715369776745,24.83905904294019,24.11113491457406,1.6990689216463275,1.6443981214386678,4,0,0,7
79,8,0.0,24.77436557814659,24.755825178357224,53.520374647841074,26.69113399644885,25.71564905951573,1.1511987432540507,1.6990689216463275,4,0,0,8
79,9,0.0,22.822423492864864,22.75355768527861,64.17835189307618,31.466190535951757,27.744794159798808,0.9304819900810778,1.1511987432540507,4,0,0,9
80,0,226.54941957801285,21.0,21.0,40.0,26.668875993709456,19.651798152097108,6.424478732307885,3.1904456542051083,0,0,0,0
80,1,226.54941957801285,19.13337751987419,18.993035963041944,48.33772134624518,26.668875993709456,19.651798152097108,6.424478732307885,6.424478732307885,0,0,0,1
80,2,197.4679513406156,18.032737683325305,20.236255602814857,55.151539950461896,22.803377786691687,15.051170014512271,7.894977424338023,6.424478732307885,0,0,0,2
80,3,196.41377071987853,18.073344965945985,17.16511997083381,62.80494537954829,24.153630135147267,18.365288915332712,8.022512928951674,7.894977424338023,0,0,1,3
80,4,158.86660303401268,18.070168231911953,19.447421037978923,70.65197734606336,25.53597359375954,18.058648442435253,7.911882202260536,8.022512928951674,0,0,1,4
80,5,118.05328375131481,18.165067191374856,19.652761619707025,64.73723420721149,28.78718568591612,21.686463542684567,6.851188422,7.911882202260536,1,0,1,5
80,6,85.55879225489116,18.221717230709523,19.869630736605373,60.03196929206007,33.4548759001857,23.738096793417515,5.689366744309711,6.851188422,2,0,1,6
80,7,62.649079484142895,17.999295043917545,19.99955839950729,55.210636434171974,28.401463700136645,28.14668708937397,4.165200074661987,5.689366744309711,3,1,1,7
80,8,37.465929365801905,20.334252142001528,19.752904857304568,50.13564476656093,27.101174540470343,28.03776063946832,3.1478937647926237,4.165200074661987,4,1,1,8
80,9,20.116546237411796,21.498743170084644,21.503280515897046,60.11657801564148,31.971485570696498,23.47814359086209,2.891563854731685,3.1478937647926237,4,1,1,9
81,0,139.12142222136194,21.0,21.0,40.0,32.4798363971435,15.52353309201925,5.891490264543936,6.472981752872061,0,0,0,0
81,1,121.44695142773013,22.249596727942873,18.910470661840385,48.640606508049295,32.4798363971435,15.52353309201925,5.891490264543936,5.891490264543936,0,0,0,1
81,2,107.13700673094004,18.42129887669244,22.239513322222496,58.56006221066407,32.14212797589164,22.96595926085714,4.769981565596694,5.891490264543936,0,0,0,2
81,3,95.24991906623241,19.381333957613702,21.060322282987016,67.85108133448428,30.19706997924777,21.41970293086449,3.962362554902545,4.769981565596694,0,0,0,3
81,4,77.79431888264097,22.158396775776115,21.559412474091754,78.06525726480456,30.754906019365556,25.99051581574712,2.909266697265241,3.962362554902545,0,0,0,4
81,5,60.83734833823836,22.696184446768132,22.884683530673524,73.410122368225,28.51564156338798,28.95583123339225,2.119621318050327,2.909266697265241,1,0,0,5
81,6,41.20013778401176,23.715516050882872,23.65285827976175,68.72046072674918,28.79252992241598,28.487127624940552,2.454651319278325,2.119621318050327,2,0,0,6
81,7,14.130959334963102,24.514864427717736,24.321582654084377,63.79596061512203,33.289477314166845,22.685522065682303,3.3836473061310826,2.454651319278325,3,0,0,7
81,8,5.555277038382666,22.06423288321399,21.832931487419597,59.22652681860242,36.20594320677768,21.741646812557875,4.287841148290218,3.3836473061310826,4,0,0,8
81,9,5.555277038382666,20.335019606502993,20.222165953541467,70.34285722649524,35.43479736997602,26.322593784984075,3.9744948078670768,4.287841148290218,4,0,0,9
82,0,301.5612766558976,21.0,21.0,40.0,32.118625764341864,20.045580003349063,7.573231765605503,3.035752208542616,0,0,0,0
82,1,301.5612766558976,19.24237251528684,19.00091160006698,49.389557038184364,32.118625764341864,20.045580003349063,7.573231765605503,7.573231765605503,0,0,0,1
82,2,295.90141406779713,18.206075726525764,17.49680764824657,60.277818292394954,35.79955243282704,24.69078786834289,10.115367987554286,7.573231765605503,0,0,1,2
82,3,264.88267264068935,16.571059619866936,19.55288717651687,70.86867589381804,35.1928705636875,23.64522722199628,10.33958047570259,10.115367987554286,0,1,1,3
82,4,184.3435357343867,19.721158767336338,18.66765463595201,65.6953357030796,31.270173857682444,23.32238063821515,10.067392113287829,10.33958047570259,1,1,1,4
82,5,112.11554008739478,20.26271151433638,20.524596047858214,61.06302342657061,30.15330021258947,27.44496491791611,9.028499455873993,10.067392113287829,2,1,1,5
82,6,50.10096882097138,21.68852747521662,21.479428180903582,57.3974330778762,34.74781961003898,28.221122897214283,7.751821408302924,9.028499455873993,3,1,1,6
82,7,4.861266054244576,22.65992596483928,22.599650037713534,54.30448451665313,36.15028577098298,30.0,5.654962845840851,7.751821408302924,4,0,0,7
82,8,4.861266054244576,21.224490784775213,21.030785366492562,66.33071248776061,38.70089371914127,28.111483898122447,4.398354821790655,5.654962845840851,4,0,0,8
82,9,4.861266054244576,19.554760352647413,19.53141723717473,77.5072657405156,33.08234978158966,29.00961273371587,3.079235623343481,4.398354821790655,4,0,0,9
83,0,213.73578523039373,21.0,21.0,40.0,30.29744152613354,20.98275176836561,4.247883074612051,2.888479401241957,0,0,0,0
83,1,200.9921360065576,22.205948830522672,19.019655035367315,49.23043479300985,30.29744152613354,20.98275176836561,4.247883074612051,4.247883074612051,0,0,0,1
83,2,172.1444949454634,21.2715682869636,22.2602903836288,57.458463284257284,22.034785744944717,23.67648365087439,4.807940176849033,4.247883074612051,0,0,0,2
83,3,155.34068099652518,20.25853869633057,22.890152219806534,67.85731806731748,30.67995391883464,27.09146154261088,5.601271316312742,4.807940176849033,0,0,0,3
83,4,155.34068099652518,20.507384976469496,19.71487398205279,78.68456050368275,30.15134686869589,30.0,5.779412730689313,5.601271316312742,0,0,0,4
83,5,126.31249306747154,18.14048533445909,21.36159827881002,74.6343236894495,30.83201769870422,30.0,5.805637585810726,5.779412730689313,1,0,0,5
83,6,110.3769048843841,18.55850332242527,18.092932995087125,71.12588228900569,34.9699377400764,28.87205447968017,6.0759748517792485,5.805637585810726,2,0,0,6
83,7,80.30692389323028,18.09961238044306,18.109177368830547,67.37392094189156,32.4891036271437,30.0,6.152671514563528,6.0759748517792485,3,0,0,7
83,8,46.45798964145119,18.279867267572477,18.115023941862464,64.87500710571001,39.45047868788029,30.0,6.009510818743253,6.152671514563528,4,0,0,8
83,9,32.438927555,17.973866126819516,18.054421971539114,75.50929124187101,31.18061580238675,27.898740509618836,6.157599233055826,6.009510818743253,4,1,0,9
84,0,231.29519997712623,21.0,21.0,40.0,33.42525817019494,23.205074348317183,4.847267611431168,5.258178004627418,0,0,0,0
84,1,216.75339714283274,22.2685051634039,19.064101486966344,50.19345985333218,33.42525817019494,23.205074348317183,4.847267611431168,4.847267611431168,0,0,0,1
84,2,203.37978004354994,18.583345829850924,22.372887076014692,61.374133907748444,35.35192434812153,26.762931509746625,4.457872366427597,4.847267611431168,0,0,0,2
84,3,187.2310184317476,19.624653049164063,21.31989190350558,72.79824371388847,35.93110764562279,27.53616905515513,5.3829205372674505,4.457872366427597,0,0,0,3
84,4,174.31043979353885,18.775966320894742,18.1634644988626,69.53361520545565,35.196508286484296,30.0,6.460289319104372,5.3829205372674505,1,0,0,4
84,5,152.50884216614207,18.16715178469144,16.85732424050811,66.3447298929351,35.61730381933035,30.0,6.447826571648151,6.460289319104372,2,0,1,5
84,6,103.05182207690032,18.190306589530422,19.14331434576109,63.24114753318962,36.799908972835375,29.291300139689685,6.784443324934822,6.447826571648151,3,0,1,6
84,7,66.09466272633209,18.03581542058852,19.726484784901086,58.721963459980316,31.896683691736225,26.330071457100964,6.251109411909503,6.784443324934822,4,0,1,7
84,8,47.03999587153608,18.13740267410238,20.325592148161785,69.45842951087735,34.97441551480144,24.672618101293164,6.149495954965994,6.251109411909503,4,0,1,8
84,9,30.124940430608863,18.21097482247932,20.466735626970763,80.67625726521308,33.355191483200976,28.966073818664164,5.638351813642405,6.149495954965994,4,0,1,9
85,0,232.2693624374929,21.0,21.0,40.0,32.71446738656055,22.068956455189312,5.913198822623208,2.419124038747968,0,0,0,0
85,1,232.2693624374929,19.254289347731213,19.041379129103788,49.86101629151497,32.71446738656055,22.068956455189312,5.913198822623208,5.913198822623208,0,0,0,1
85,2,205.21988114904354,18.262112360000458,20.48965457433817,60.82484854131957,37.541562901541525,23.36861626403956,7.613413010358632,5.913198822623208,0,0,0,2
85,3,205.21988114904354,18.479910910852407,17.473839118713244,72.18797840889226,40.0094778280926,23.119021436200143,7.694488460032919,7.613413010358632,0,0,1,3
85,4,154.74149686524908,18.041370955901094,19.25066645483228,68.43264711345965,36.07722797232219,26.39315371971887,7.316933131509027,7.694488460032919,1,0,1,4
85,5,113.41685619706719,18.167195344163733,19.63736785993375,64.23566367480714,35.28474609260663,24.73201258154608,6.938339580497287,7.316933131509027,2,0,1,5
85,6,80.90279946143737,18.077336683459947,19.991527564478368,60.87932867213365,34.68702776292505,30.0,5.857315489111903,6.938339580497287,3,0,1,6
85,7,51.05005246098709,18.136355755439133,19.986565377731964,57.40624958301552,34.03844950489925,30.0,5.432944223,5.857315489111903,4,0,1,7
85,8,35.46453414016056,18.214020665692146,20.570488164895554,69.00247610999423,34.42348070543724,30.0,5.195172773608842,5.432944223,4,0,1,8
85,9,20.722227425860215,18.453603557818916,20.60685375057147,81.06076212737206,36.99047787432122,30.0,4.914102238100115,5.195172773608842,4,0,1,9
86,0,122.827760542982,21.0,21.0,40.0,28.11959436668013,18.532111711560244,3.1314226891323096,6.118588394934509,0,0,0,0
86,1,97.77637902992353,21.462391887333606,21.270642234231207,33.39730709408327,28.11959436668013,18.532111711560244,3.1314226891323096,3.1314226891323096,1,0,0,1
86,2,76.51025025025584,21.776237267452075,21.695493871606068,26.474002730556286,25.89197295128752,18.97855836245149,2.658266097458461,3.1314226891323096,2,0,0,2
86,3,55.545288217052516,22.282031013354086,22.206655826768607,20.01985383491425,26.228430423365204,21.24852015640127,2.620620254150414,2.658266097458461,3,0,0,3
86,4,34.634956803449754,22.92191484870409,22.888748645290075,13.888770106243186,26.030347516210725,23.24140954672781,2.613791426700345,2.620620254150414,4,0,0,4
86,5,28.06769172927078,21.484707225690745,24.4508732295713,24.8739281326241,31.608924279649404,29.419731422466786,2.1890883580596587,2.613791426700345,4,0,0,5
86,6,7.944241900504845,25.17774765743651,24.113388460226542,37.015951503969006,38.09057759932536,29.365107797035236,3.353908304794323,2.1890883580596587,4,0,0,6
86,7,7.944241900504845,23.04993668685539,23.183370230842353,49.48881944055327,39.29371075880148,30.0,4.050759426460276,3.353908304794323,4,0,0,7
86,8,7.944241900504845,21.626624299313644,21.477678179678424,61.26906394850543,35.44580282195648,30.0,3.955784491410399,4.050759426460276,4,0,0,8
86,9,7.944241900504845,19.85467442518995,19.91931739319564,71.7588320037647,28.63926629506424,29.63722290082053,3.374513679525193,3.955784491410399,4,0,0,9
87,0,119.839116838399,21.0,21.0,40.0,28.89998725413445,17.394499605093863,5.585876845274029,6.115968445105075,0,0,0,0
87,1,103.0814863025769,22.17799974508269,18.947889992101878,48.333007634661094,28.89998725413445,17.394499605093863,5.585876845274029,5.585876845274029,0,0,0,1
87,2,87.1050961428136,18.36951713021842,22.159341912060352,57.34172391359977,29.504415487248508,20.544008284633048,5.325463386587771,5.585876845274029,0,0,0,2
87,3,73.8767136097769,19.30762583557251,21.008110614194344,66.56828548866812,29.693532379162782,21.56514303788363,4.409460844345565,5.325463386587771,0,0,0,3
87,4,63.356128311474905,22.014012050023176,18.49226216447518,75.8985964064171,26.20764162611661,25.627419028044372,3.5068617661006662,4.409460844345565,0,0,0,4
87,5,45.66162709763438,18.039414483444492,21.75434626547663,69.47439936263187,24.865585366364343,22.777764390384416,3.338687963685441,3.5068617661006662,1,0,0,5
87,6,19.829679557755043,21.584225896957225,20.4201031792538,63.38389898226998,25.98968963189492,23.507530477205744,3.2289934424849176,3.338687963685441,2,0,0,6
87,7,7.500115016416105,18.8644247060583,22.086862048643972,57.94172248765642,29.719496555318408,23.37952291905067,2.4659129082677875,3.2289934424849176,3,0,0,7
87,8,0.0,18.96831575829957,20.89274977148994,53.91719777304888,33.20830094916067,27.766561747464124,1.500023003283221,2.4659129082677875,4,0,0,8
87,9,0.0,18.727348078921754,18.13883418919082,64.50689916439174,29.695429342520125,29.13624505382905,1.5245973850857035,1.500023003283221,4,0,0,9
88,0,230.24830773879447,21.0,21.0,40.0,33.9930016225108,23.28203541412352,6.497727972973101,5.696390751651309,0,0,0,0
88,1,210.75512381987517,22.279860032450216,19.065640708282473,50.309506666594174,33.9930016225108,23.28203541412352,6.497727972973101,6.497727972973101,0,0,0,1
88,2,190.46954902800277,18.471848218079394,22.393224385102172,60.56529586491822,29.56054408436665,27.41606257298917,6.761858263957461,6.497727972973101,0,0,0,2
88,3,190.46954902800277,19.414185730836024,18.233945252244276,70.06007839649496,26.470086633169405,26.27870520892363,6.897318008279126,6.761858263957461,0,0,0,3
88,4,166.98707691031666,18.171584497079564,17.075991903511163,65.96871925590798,32.37397077888328,28.22958955118908,6.974762906002781,6.897318008279126,1,0,1,4
88,5,131.52420432531667,15.885068769752436,19.089460922745957,61.46542587398393,32.26465901046929,26.05037775661933,7.092574517,6.974762906002781,2,1,1,5
88,6,81.9430387566475,19.408689357305306,18.416394817069044,56.79749293411609,29.474608636600063,27.925763919689707,6.197645696083647,7.092574517,3,1,1,6
88,7,40.3749912288016,20.106621611991972,20.223859021947796,52.619945057517015,34.57364081232357,25.551093206570474,5.196005940980736,6.197645696083647,4,1,1,7
88,8,17.519312795405703,21.88455220496167,21.813648767869456,63.558168908460296,31.2772604941457,29.490649788872524,3.809279738899316,5.196005940980736,4,1,1,8
88,9,2.5311963864118647,23.20594008593642,23.155857140812923,74.52760783889698,32.25451310193657,28.686814289378347,2.498019401498973,3.809279738899316,4,0,0,9
89,0,269.58096896829556,21.0,21.0,40.0,25.451274024758565,22.90210619952161,4.661039615902083,2.9972505039013466,0,0,0,0
89,1,255.5978501205893,22.109025480495173,19.058042123990433,48.70360844037043,25.451274024758565,22.90210619952161,4.661039615902083,4.661039615902083,0,0,0,1
89,2,217.34292455678042,21.419785732504167,22.210848814823873,58.29476353961411,29.74789561369203,23.536299382106197,6.375820927301481,4.661039615902083,0,0,0,2
89,3,217.34292455678042,20.31383279641919,19.854136727761862,68.06704119351122,32.70464430430528,21.585787106234186,7.201787180292011,6.375820927301481,0,0,0,3
89,4,217.34292455678042,18.716610959465957,18.72837190571946,78.0426420646887,30.863699278529857,24.556305561345123,7.598575859664281,7.201787180292011,0,0,0,4
89,5,192.04443465945715,18.145478299939843,16.9083288248454,73.57606767725679,32.661752224058645,25.857278956875135,8.167306144436386,7.598575859664281,1,0,1,5
89,6,134.885744445486,17.975935571673507,19.032595564808087,67.67397034146055,26.90340682049278,23.64049686952814,7.884798333766904,8.167306144436386,2,1,1,6
89,7,77.96961342504844,19.890546197955356,19.58164355657853,62.38588415713984,26.775154462798177,27.179922290975707,7.114516377554699,7.884798333766904,3,1,1,7
89,8,29.948089821710667,20.65770890400474,20.80152588405926,57.72556846836662,27.442690617926555,30.0,6.002690450417221,7.114516377554699,4,1,1,8
89,9,0.0,22.17645045701108,22.075935020526664,67.84592775251262,29.546367684329223,26.67785056092639,4.9913483036184445,6.002690450417221,4,0,0,9
90,0,163.27837046489338,21.0,21.0,40.0,28.98970170703149,22.45824879712918,4.602837564512955,5.999467881936184,0,0,0,0
90,1,135.66134507781567,22.17979403414063,22.049164975942585,49.26063109074892,28.98970170703149,22.45824879712918,4.602837564512955,4.602837564512955,0,0,0,1
90,2,123.89850996981568,20.23458462635289,23.150570073161294,58.84114717432724,29.69262644288172,23.53246291033116,3.920945036,4.602837564512955,0,0,0,2
90,3,113.83694726053315,20.45197000043427,22.4970113867352,68.63091836241225,29.19788334720543,25.18973436437796,3.353854236427508,3.920945036,0,0,0,3
90,4,91.03204876903217,23.30203128216108,22.68456581291444,78.95485121239454,28.776417583859995,28.57876491604169,3.8008164152501633,3.353854236427508,0,0,0,4
90,5,71.44609715410253,20.731812379136077,23.92929361148347,74.64467688823399,29.38792042133023,30.0,3.917190322985927,3.8008164152501633,1,0,0,5
90,6,63.84919215884614,20.906320711202394,19.76599659055301,71.14057408001429,36.46004152857455,27.406053981315985,3.7984524976281984,3.917190322985927,2,0,0,6
90,7,41.923074819395396,18.33619482423608,21.539609001084514,66.80834659405615,33.09977791155359,26.16562494423448,4.385223467890149,3.7984524976281984,3,0,0,7
90,8,27.50127339414564,18.453544797725428,18.10210044369239,62.12894122555427,31.810792574570463,25.525844267085763,5.272515943030613,4.385223467890149,4,0,0,8
90,9,13.202640364915986,18.131114342595204,18.15221251798738,73.26895351390657,33.332479299534256,28.55647785797851,6.134442882265449,5.272515943030613,4,0,0,9
91,0,128.43470518102274,21.0,21.0,40.0,34.971743829866924,22.02957570915735,4.008022018649581,5.627254834601294,0,0,0,0
91,1,104.38657306912525,22.29943487659734,22.04059151418315,50.260237517024365,34.971743829866924,22.02957570915735,4.008022018649581,4.008022018649581,0,0,0,1
91,2,86.79069414865458,23.253223338509816,23.262481426600246,60.11605840731774,29.087153266660543,25.66740723496929,2.932646486745111,4.008022018649581,0,0,0,2
91,3,80.42033936514477,21.53916613715109,24.33327549859587,70.8595163012736,34.920768897524106,24.765108291119624,2.123451594503272,2.932646486745111,0,0,0,3
91,4,66.12638672780247,24.128286776949153,23.108427635320155,66.35447699252228,33.693326916690914,24.61201025691284,1.7867440796677885,2.123451594503272,1,0,0,4
91,5,47.9975406926589,24.22964873953833,24.413040543922992,60.75260203466807,29.170051347450265,23.041754442248557,2.266105754392947,1.7867440796677885,2,0,0,5
91,6,24.518090179040183,25.053101067298712,24.955994746835923,55.02868116584307,26.81910595417078,24.714666996801395,2.9349313142023394,2.266105754392947,3,0,0,6
91,7,7.161754443438425,22.565686673537606,25.63426329347609,49.985863004851055,26.6727203466978,28.6449565366799,3.471267147120351,2.9349313142023394,4,0,0,7
91,8,7.161754443438425,22.93877423345301,21.922396090477875,61.64810941779337,34.790257849679534,30.0,3.749236389605119,3.471267147120351,4,0,0,8
91,9,7.161754443438425,20.69512474636435,20.845924843369893,73.81076787118609,37.637996017710336,29.932328723360296,3.9668120745158246,3.749236389605119,4,0,0,9
92,0,200.50087507241918,21.0,21.0,40.0,27.065947488318407,17.376935257325343,6.102571632378794,2.12326619575354,0,0,0,0
92,1,200.50087507241918,19.14131894976637,18.94753870514651,47.999718894215874,27.065947488318407,17.376935257325343,6.102571632378794,6.102571632378794,0,0,0,1
92,2,169.55378801198916,18.12722336657232,20.256965637496442,56.284248755851024,29.494278177715454,16.530887720257606,8.434462045118662,6.102571632378794,0,0,0,2
92,3,169.54897536855526,18.06034162239918,17.279427098247623,65.09403998909401,28.00786036073844,20.935424268389266,8.861088397779568,8.434462045118662,0,0,1,3
92,4,144.5947977412883,16.511409554647482,19.58689719021122,75.05798228595853,31.6472855333335,23.70794944924712,8.318059209088986,8.861088397779568,0,1,1,4
92,5,92.72670980929949,19.782383048078067,18.863183191101626,69.70310203559552,26.705838462230226,26.878160146864204,6.483510991498598,8.318059209088986,1,1,1,5
92,6,54.75418176431273,20.506991808097858,20.563737645158245,64.51058057754489,32.71834895067292,21.76764294904577,4.746566005623345,6.483510991498598,2,1,1,6
92,7,24.517594852773886,21.598470413347457,21.426877306658106,58.297109716595784,28.2712592755334,20.542791496971606,3.779573363942356,4.746566005623345,3,1,1,7
92,8,0.0,22.339414245769337,22.176199793177734,52.363627765449664,30.552081972887542,19.81746274296733,3.0646993565967358,3.779573363942356,4,0,0,8
92,9,0.0,20.473816034621127,20.383544595802302,61.17209149341395,27.948849164808426,20.987060434993165,3.005376219331403,3.0646993565967358,4,0,0,9
93,0,48.31982030260731,21.0,21.0,40.0,28.27672314685522,22.63261691160744,3.143835890702841,7.072668928105348,0,0,0,0
93,1,23.16913317698458,21.465534462937107,21.35265233823215,34.16368121052328,28.27672314685522,22.63261691160744,3.143835890702841,3.143835890702841,1,0,0,1
93,2,19.637542796410642,21.800605444275668,21.766745841137308,27.4112214593938,24.6029400383865,21.2167280108942,0.4414487975717424,3.143835890702841,2,0,0,2
93,3,19.637542796410642,22.29963221270865,22.23152102849438,20.564746988000707,24.6054086528025,20.69195539501366,0.0,0.4414487975717424,3,0,0,3
93,4,14.835287930636422,22.86737526481186,22.959849635723344,14.238738069448253,22.293394279507464,25.89544506186779,0.6002818582217777,0.0,4,0,0,4
93,5,0.0,24.46825539188111,24.37177236738503,24.22977443888368,29.47139663455322,26.034360973421364,2.4725479884394037,0.6002818582217777,4,0,0,5
93,6,0.0,22.871436651592834,22.766366849561425,33.96578109921623,30.394830679874104,23.694095210862294,3.789644079673992,2.4725479884394037,4,0,0,6
93,7,0.0,21.458929790226687,21.28325171114008,44.6105144825429,34.74867933497493,24.388728350173245,4.306063195587853,3.789644079673992,4,0,0,7
93,8,0.0,19.9581507193776,19.8326878159794,54.84769937006037,32.890782865653094,23.98246650944396,4.552591167102747,4.306063195587853,4,0,0,8
93,9,0.0,18.46274844236471,18.375753780744695,65.75711901127801,33.41978176381356,27.18810513184,4.489877429685743,4.552591167102747,4,0,0,9
94,0,344.3816574113345,21.0,21.0,40.0,29.554693354139125,18.02535461582833,7.406259817,4.270221716340168,0,0,0,0
94,1,344.3816574113345,19.191093867082785,18.96050709231657,48.564408634594145,29.554693354139125,18.02535461582833,7.406259817,7.406259817,0,0,0,1
94,2,338.907003781583,18.10202018625869,17.378574068400614,57.730642144286875,29.99998355987032,20.923535938422617,8.958786726692955,7.406259817,0,0,1,2
94,3,311.37623036495006,16.343869574038667,19.464124207569274,67.27846448564271,28.9412087716588,24.102248680318056,9.176924472210986,8.958786726692955,0,1,1,3
94,4,251.88621689529003,20.301676661230506,19.21211626961313,77.18915946258642,31.36680830824302,23.692608230333143,9.91500224494334,9.176924472210986,0,1,1,4
94,5,169.2343428921684,20.63064082357116,20.962611287547443,70.69801395319566,23.508148256082208,23.76326558063576,10.331484250390202,9.91500224494334,1,1,1,5
94,6,90.09718477378651,21.88686124248856,21.715747726964626,64.41615257821366,26.005111144437336,22.42899232788485,9.892144764797736,10.331484250390202,2,1,1,6
94,7,15.766846730800538,22.69877795993024,22.665378541785056,58.74373667145582,28.028292634620712,23.791618994502397,9.291292255373246,9.892144764797736,3,0,0,7
94,8,0.0,20.34993749020346,20.258850683050422,52.70447079722216,27.41859394204349,22.36326231221393,7.883423365400269,9.291292255373246,4,0,0,8
94,9,0.0,18.774701855572555,18.64350472511112,62.20583758964352,30.355764849687365,22.42960621932021,6.452270354918949,7.883423365400269,4,0,0,9
95,0,164.98721154774717,21.0,21.0,40.0,32.571571039308665,22.40559973019679,5.367180878111128,7.515389393,0,0,0,0
95,1,132.7841262790804,22.251431420786176,22.048111994603936,49.895890738510985,32.571571039308665,22.40559973019679,5.367180878111128,5.367180878111128,0,0,0,1
95,2,123.17007836612825,20.292785850955582,23.145087272718783,59.37913895654508,31.559716313492576,21.124996008919044,3.204682637650718,5.367180878111128,0,0,0,2
95,3,104.05523885012825,23.41688167096822,22.514551415359023,68.58395620135263,26.734932518137946,24.40294106412629,3.185806586,3.204682637650718,0,0,0,3
95,4,92.72522486961356,24.157928102344307,21.379995660699834,77.71197029987451,26.571382676297155,24.13980675993552,3.776671326838233,3.185806586,0,0,0,4
95,5,71.18326850961355,20.18594521693324,23.886850908290675,71.7412611766075,28.393214574878197,21.76951251808285,4.308391272,3.776671326838233,1,0,0,5
95,6,62.81292437231599,20.58204074682936,19.29566728476451,65.85098484663857,29.70733183874901,20.90224410586804,4.185172068648779,4.308391272,2,0,0,6
95,7,53.62680504766449,18.184809183460565,18.076575082312214,59.8660236374394,30.286281314144414,19.79726752363799,4.021299507924048,4.185172068648779,3,0,0,7
95,8,29.80164305925147,18.109701495693656,18.028533525441773,53.998512197417085,31.99471994760506,18.741327607826527,4.1777582127254895,4.021299507924048,4,0,0,8
95,9,16.88315120962021,18.046685940620947,17.981554259284852,62.37198129146621,29.710029860088312,16.80924288462907,4.682558248197385,4.1777582127254895,4,0,1,9
96,0,159.95013154705632,21.0,21.0,40.0,30.951060259904587,16.20258696163729,4.098079703346385,3.1145352940634696,0,0,0,0
96,1,147.65589243701717,22.219021205198093,18.92405173923275,48.48765649987754,30.951060259904587,16.20258696163729,4.098079703346385,4.098079703346385,0,0,0,1
96,2,120.60386064693874,21.43141572971038,22.117687734091394,57.53938859382839,32.69917114618926,17.58822937575991,4.508671965013072,4.098079703346385,0,0,0,2
96,3,109.44459126611986,20.197569341621872,22.843787996189604,66.832558346962,29.51185402832009,22.116866822422164,3.719756460272961,4.508671965013072,0,0,0,3
96,4,85.5087923500215,23.379289045004544,22.484475061268412,75.30274909752096,26.05201732458676,21.00459795629633,3.989299819349728,3.719756460272961,0,0,0,4
96,5,61.79569957501886,20.63753249535568,23.811084785482205,70.07512359462623,29.51778233903909,24.77318708932355,4.742618555000527,3.989299819349728,1,0,0,5
96,6,50.426541705388416,20.71389103661033,19.621356894910264,65.25855500352473,31.799020835715226,24.775598102609774,5.684578934815219,4.742618555000527,2,0,0,6
96,7,38.747431291704665,18.21345412583808,18.339242315076092,60.74862295681078,34.18837897981699,24.08977631621657,5.839555206841875,5.684578934815219,3,0,0,7
96,8,11.13810953592444,18.079432533838144,18.031873150236294,55.569717562215345,31.67229611085739,22.889340585834667,5.172962555863445,5.839555206841875,4,0,0,8
96,9,0.0,18.040064229833355,18.189787424731225,65.44003932371817,28.469086418503974,26.36603447873395,3.9519484502017344,5.172962555863445,4,0,0,9
97,0,79.58716649043413,21.0,21.0,40.0,25.74624457539805,23.994707833016637,2.946959183963936,4.984230543366618,0,0,0,0
97,1,61.90541138665051,22.11492489150796,22.079894156660334,48.95337143351465,25.74624457539805,23.994707833016637,2.946959183963936,2.946959183963936,0,0,0,1
97,2,47.74347983431491,22.484659976972736,22.42221194902335,43.10587624694095,27.24755569183167,23.5996932716478,1.7702414440419505,2.946959183963936,1,0,0,2
97,3,39.43304242596132,22.931782008135578,22.927961586329708,37.36659776618497,26.28809719711157,25.1603556875774,1.0388046760441996,1.7702414440419505,2,0,0,3
97,4,29.12688139687623,23.651528220586687,23.536053686442408,32.52222004465327,31.125578401785297,25.294545367483057,1.2882701286356366,1.0388046760441996,3,0,0,4
97,5,19.210436778737837,24.47780094468428,24.320303879671794,28.71705824729755,35.900258416517154,26.29328715372887,1.239555577267299,1.2882701286356366,4,0,0,5
97,6,11.275584744737838,25.79937442815079,25.827455779643252,38.69388104015976,28.19259084712164,27.2342024465573,1.322475339,1.239555577267299,4,0,0,6
97,7,4.952932162322046,27.03775285110361,27.07056648909594,49.1227386491992,27.938097827996906,30.0,1.053775430402632,1.322475339,4,0,0,7
97,8,4.952932162322046,25.044301092783318,25.024426868559402,59.79521187604266,29.896512284109445,29.39500564279867,1.6009499941790766,1.053775430402632,4,0,0,8
97,9,4.952932162322046,23.06230708640596,23.041203617925326,70.83880349777291,31.353286787390346,30.0,1.8567033471551009,1.6009499941790766,4,0,0,9
98,0,234.55802488636863,21.0,21.0,40.0,32.36557186423817,17.598937635510342,5.544229310768006,5.539910512101999,0,0,0,0
98,1,217.92533695406462,22.247311437284765,18.951978752710207,48.993611709954735,32.36557186423817,17.598937635510342,5.544229310768006,5.544229310768006,0,0,0,1
98,2,201.60526395885606,18.52778697959477,22.241709839233636,59.573524310075825,36.255569754784936,22.52172246811,5.4400243317361925,5.544229310768006,0,0,0,2
98,3,183.30866638479995,19.534737453559057,21.234519089674684,70.93260073629412,36.20402772264635,26.90195242301085,6.098865858018704,5.4400243317361925,0,0,0,3
98,4,169.3498731061784,18.741029799726178,18.04653058849674,67.72097446048238,37.35960057705839,28.131364557320808,6.979396639310782,6.098865858018704,1,0,0,4
98,5,147.7107407471894,18.028599507263507,16.704767432211533,63.203932268267565,33.06439061197947,25.174263875715987,6.412774146430532,6.979396639310782,2,0,1,5
98,6,107.93225315880467,18.075937196923864,18.933235308375377,58.2747914514199,30.71694896648893,25.2322687176907,5.3536530570623695,6.412774146430532,3,0,1,6
98,7,75.55321899623532,18.11563932081323,19.58454780987237,53.61926114689234,31.65378604131045,25.815490044647596,5.258781572135456,5.3536530570623695,4,0,1,7
98,8,56.433588273233525,18.196629933816244,20.30880225807501,64.20215953080431,35.2264186949781,23.567461215643934,5.948902806159799,5.258781572135456,4,0,1,8
98,9,35.87828871128366,18.238016835375205,20.45526563479679,75.21639277765783,34.322579934890555,26.86760476985126,6.851766520649955,5.948902806159799,4,0,1,9
99,0,182.35733875273525,21.0,21.0,40.0,30.8160831342532,21.123359991682484,5.025377196,4.810805480371773,0,0,0,0
99,1,167.28120716473524,22.216321662685065,19.022467199833653,49.34909976266842,30.8160831342532,21.123359991682484,5.025377196,5.025377196,0,0,0,1
99,2,153.16595720465705,18.446755768150442,22.263867661681246,59.07921261437672,30.55420238786085,23.50198012162969,4.705083320026059,5.025377196,0,0,0,2
99,3,141.66618855115073,19.471335153075742,21.178972439366188,69.84462293434213,33.584646196717216,26.223188914201728,3.833256217835444,4.705083320026059,0,0,0,3
99,4,120.38356999690674,22.258374072691133,21.69468182771842,80.48594276962378,30.84424824181074,28.27419528753179,3.547103092373995,3.833256217835444,0,0,0,4
99,5,100.53190983974233,19.87427583779211,22.965447374543228,76.25500711769973,31.86247105206172,27.96566421502689,3.9703320314328834,3.547103092373995,1,0,0,5
99,6,91.45402789169607,19.96774267616233,18.940368102135565,71.62624610246453,31.30957500493805,26.30841935486638,4.5389409740231255,3.9703320314328834,2,0,0,6
99,7,73.99442596342723,18.034649374252616,18.182358016023702,67.09177913016971,28.798766516115133,29.343083637802536,5.915580434433794,4.5389409740231255,3,0,0,7
99,8,32.81418411137803,18.178609627918316,18.0872092992791,63.155510399233194,33.209022408591885,28.25615130842749,7.281065810187256,5.915580434433794,4,0,0,8
99,9,14.07404252697573,18.13215883871837,18.013402135550514,73.19539190827632,32.13915431045234,23.637965184231728,7.274358210990655,7.281065810187256,4,0,0,9
