day,hour,cost_to_go,T1,T2,H,Occ1,Occ2,price_t,price_previous,vent_counter,low_override_r1,low_override_r2,current_time
0,0,151.93011442826696,21.0,21.0,40.0,32.969097664154,15.4710408718597,4.311188506349689,5.831303587171684,0,0,0,0
0,1,126.06298339016884,22.259381953283082,21.909420817437194,48.71922493648246,32.969097664154,15.4710408718597,4.311188506349689,4.311188506349689,0,0,0,1
0,2,126.06298339016884,20.26274080967607,20.074090213668597,58.35209347337499,34.098941577065816,19.416994739003783,3.524664059340214,4.311188506349689,0,0,0,2
0,3,116.98132950528837,18.702911408778352,21.50237404525661,68.14002304022256,33.61700679934285,20.76037968314361,3.027217961626824,3.524664059340214,0,0,0,3
0,4,107.73365030226466,22.31390597664489,18.26171425928213,78.98910121625781,35.44515142724666,24.827505106282526,3.082559734341235,3.027217961626824,0,0,0,4
0,5,90.4843789414179,18.05780021906361,22.00956296208406,75.23967383725861,32.503181227782214,30.0,3.3083678532011027,3.082559734341235,1,0,0,5
0,6,69.52287321788977,18.82797410865602,20.63223135734617,71.03588126398216,30.24481328432489,29.73411686413934,4.192301144705626,3.3083678532011027,2,0,0,6
0,7,55.80893018641871,18.062279455176995,18.129657959514287,65.80461173374793,24.59216549300006,29.67855933903202,5.470418023367315,4.192301144705626,3,0,0,7
0,8,19.765341572214957,18.033347525811923,18.0407819807979,60.00838268395103,25.69321559175705,25.438845242704595,6.3308398830607695,5.470418023367315,4,0,0,8
0,9,0.0,18.119641958537954,18.007767855911183,69.38258938756617,29.555435016300837,22.523491114894377,7.047661207485221,6.3308398830607695,4,0,0,9
1,0,178.5680916289138,21.0,21.0,40.0,25.7342414983848,16.144992366405123,7.3321530013852945,5.157535487108307,0,0,0,0
1,1,178.5680916289138,19.114684829967697,18.922899847328104,47.53826209566218,25.7342414983848,16.144992366405123,7.3321530013852945,7.3321530013852945,0,0,0,1
1,2,165.43603375023503,18.018388957005325,18.09886114227851,55.19141872958136,22.844535639400757,19.67300121570576,8.648140847410337,7.3321530013852945,0,0,0,2
1,3,165.43603375023503,16.744162897958994,16.57644672867421,64.19587133470586,28.60173119013869,21.42300550499739,7.884593167844987,8.648140847410337,0,1,1,3
1,4,128.8604733749896,18.548824621979826,18.582342705485456,72.81074753653974,24.350130853755847,23.510292489765718,6.095926729207571,7.884593167844987,0,1,1,4
1,5,89.50441171797603,19.946294662434102,19.68850023346484,67.9927544775367,34.47682771181968,22.089877515941293,4.919507707126695,6.095926729207571,1,1,1,5
1,6,52.74834309764401,21.04124574352962,20.906748212649187,62.68286142636451,32.21286023602414,21.62106725746368,4.594508577541502,4.919507707126695,2,1,1,6
1,7,17.864336795667615,22.13954042205378,21.87725092673552,58.28654075079517,37.02063365464495,21.88869592552539,4.360500787747049,4.594508577541502,3,0,1,7
1,8,0.0,19.87621959292658,22.66193070624726,53.52519174854169,35.76509059783254,21.116303834092516,3.572867359133523,4.360500787747049,4,0,0,8
1,9,0.0,20.274261115745592,19.11139578454073,65.10577819743516,40.34709562158727,23.989495761154217,3.301405384378153,3.572867359133523,4,0,0,9
2,0,259.38189590680275,21.0,21.0,40.0,27.721293233033787,22.818338600598924,7.647974385457378,7.199748919103557,0,0,0,0
2,1,259.38189590680275,19.154425864660677,19.05636677201198,49.09713373005388,27.721293233033787,22.818338600598924,7.647974385457378,7.647974385457378,0,0,0,1
2,2,248.99422085672538,18.090084846787576,18.153665109206752,58.49182733229344,26.389921148875032,25.80282108578918,8.017705861,7.647974385457378,0,0,0,2
2,3,248.99422085672538,16.7726706919865,16.683258108480917,67.68950366257089,27.307563536933053,23.790638297941637,8.275328396050925,8.017705861,0,1,1,3
2,4,199.1766953912483,18.72827693018269,18.62700956739066,77.22536708732025,29.69078795928531,23.286231067100054,8.302920910912846,8.275328396050925,0,1,1,4
2,5,137.94263585439808,19.896141877259367,19.80037367711599,71.14749467672955,27.937397972883996,21.629977523834345,7.654257442106276,8.302920910912846,1,1,1,5
2,6,88.59958344113119,21.071072022458562,20.944818089008272,65.94872968949066,31.100262650557788,23.35104297589282,6.167881551658359,7.654257442106276,2,1,1,6
2,7,38.671092339155436,21.931569698342344,21.914039008125688,59.46180637519686,25.032606994366216,22.26226348177931,6.241061387746969,6.167881551658359,3,1,1,7
2,8,0.0,22.64991791803689,22.573581507529642,53.25517891327986,26.46592526731451,22.386144388702185,4.8338865423944295,6.241061387746969,4,0,0,8
2,9,0.0,20.7650376395281,20.647683048075628,61.3280115242492,25.930922895586534,18.918147165354213,4.217550966233871,4.8338865423944295,4,0,0,9
3,0,146.18003812129612,21.0,21.0,40.0,32.26903443186937,16.978933102062314,3.304801234021085,4.054780927602364,0,0,0,0
3,1,126.35123071716961,22.24538068863739,21.93957866204125,48.864634156107705,32.26903443186937,16.978933102062314,3.304801234021085,3.304801234021085,0,0,0,1
3,2,126.35123071716961,20.2616743986562,20.120512610182082,58.77483826478002,33.350904657636065,21.70578483498792,3.382099322077719,3.304801234021085,0,0,0,2
3,3,115.98980762585879,18.670563436160016,21.607879102995728,68.85379811521634,30.62293243831953,25.37128895299335,3.4538076971036067,3.382099322077719,0,0,0,3
3,4,103.64281004019999,22.335041031086508,18.308672917762532,79.72314731807145,33.82197200642916,26.56330134276599,4.115665861886264,3.4538076971036067,0,0,0,4
3,5,94.00537793395284,18.15503754361181,19.03633159229315,76.56088787921502,35.765225339686424,30.0,4.358241910538685,4.115665861886264,1,0,0,5
3,6,72.39228140999998,18.06063262905308,18.03912887656605,72.35971944071693,32.03362218255116,27.959886492459493,5.112308244964565,4.358241910538685,2,0,0,6
3,7,43.86708490982981,18.065161057217612,18.05597738031734,67.61181945749844,31.57855164606743,25.377559558274285,5.275780035,5.112308244964565,3,0,0,7
3,8,18.65336260996998,18.15852636400082,18.121019749899073,63.775981048419766,35.46929499083572,26.55382495872718,4.389079756,5.275780035,4,0,0,8
3,9,8.087893074323091,18.113872122017938,18.08510389260135,74.49606348015257,31.929797814504514,27.62621569512222,4.156893335917718,4.389079756,4,0,0,9
4,0,195.50639026030422,21.0,21.0,40.0,31.365327650566044,22.007154082152155,6.769341992482144,5.273271777648426,0,0,0,0
4,1,195.50639026030422,19.22730655301132,19.040143081643045,49.607046711889275,31.365327650566044,22.007154082152155,6.769341992482144,6.769341992482144,0,0,0,1
4,2,187.49304911169162,18.104251489168337,18.078906797205487,59.675716691222405,31.633591567781178,24.30346387295844,7.224936543967067,6.769341992482144,0,0,0,2
4,3,187.49304911169162,16.912943705330157,16.772377459809466,71.42871682747575,36.35146392844239,28.94298127296512,6.859592786501511,7.224936543967067,0,1,1,3
4,4,134.5736335035991,18.360321592828946,18.138563401265216,68.99888856706754,41.51534535158693,28.31894209058969,6.614926951011565,6.859592786501511,1,1,1,4
4,5,88.79214002560508,19.640328631824747,19.600467074389417,65.75638970120758,35.319450745222504,30.0,5.722686684749252,6.614926951011565,2,1,1,5
4,6,48.3521170143924,20.99986296952093,20.729834225357003,61.67321923477422,37.37420676699273,23.27484619726643,5.055002876401586,5.722686684749252,3,1,1,6
4,7,15.57492443294124,22.06721751704559,21.857054520287086,58.21242852263234,39.33264963313126,24.77406863274712,4.097149072681395,5.055002876401586,4,0,1,7
4,8,6.775045916443153,20.592916749034284,23.467970712813553,70.30512040724344,38.29068417179338,28.890937409379404,2.9332928388326955,4.097149072681395,4,0,0,8
4,9,0.0,20.165994589189726,19.176640995071136,66.76434399424842,35.002111755189766,28.660241505949053,3.3875229582215765,2.9332928388326955,5,0,0,9
5,0,89.31333053568248,21.0,21.0,40.0,32.81367886473842,16.657447977782923,6.053035409,7.581990489683603,0,0,0,0
5,1,71.15422430868249,22.25627357729477,18.93314895955566,48.90480283165384,32.81367886473842,16.657447977782923,6.053035409,6.053035409,0,0,0,1
5,2,71.15422430868249,18.426190715182877,19.190289384252797,58.18749294771116,31.606218228676816,19.96428241608611,4.233234238138066,6.053035409,0,0,0,2
5,3,62.4517872676787,18.155384226873224,20.138614845162888,68.04928940948483,33.86182316647451,20.925934954490288,2.4661025689868654,4.233234238138066,0,0,0,3
5,4,57.6606780856787,21.328104104394487,20.489478937989066,78.55745253781963,35.28074154611529,23.09794250018918,0.798518197,2.4661025689868654,0,0,0,4
5,5,52.414472158547206,21.91306857683453,21.934828508741898,73.69741189507597,33.91224422051305,22.42086331979994,0.6557757408914365,0.798518197,1,0,0,5
5,6,43.040271345501296,22.935829205757347,22.846987326042864,68.7747942881088,30.050576373092493,25.934881365978743,1.1717751016307385,0.6557757408914365,2,0,0,6
5,7,28.144805725325895,23.674653019469314,23.691510561315688,63.46076083796737,27.15033819019525,26.66058708679685,1.8619332025219248,1.1717751016307385,3,0,0,7
5,8,8.70790114,24.326203949257746,24.200383375099978,58.46542998320365,30.809830415752774,24.771664835559893,2.429613073165737,1.8619332025219248,4,0,0,8
5,9,8.70790114,22.520343527051995,22.279838358461237,70.27040139514993,39.74787077635845,25.835303734454214,3.3176841873575342,2.429613073165737,4,0,0,9
6,0,275.93391839230003,21.0,21.0,40.0,29.01257819165574,17.67497995388691,7.267481148619879,2.2705577079860277,0,0,0,0
6,1,275.93391839230003,19.180251563833117,18.95349959907774,48.40376046619768,29.01257819165574,17.67497995388691,7.267481148619879,7.267481148619879,0,0,0,1
6,2,260.20954175353677,18.123463355067365,18.17608628463368,57.73349632378941,27.85689903172367,23.974966843785936,11.011881008803204,7.267481148619879,0,0,0,2
6,3,260.20954175353677,16.87364209983487,16.751883341968206,68.00556498806338,31.18282104234684,25.88422709250853,12.0,11.011881008803204,0,1,1,3
6,4,194.64126126336464,18.765670502338466,18.742250228336715,77.54140371591035,27.98713844472981,24.989743376642245,10.928046748362023,12.0,0,1,1,4
6,5,120.05208351162884,20.073305584344418,19.912077288304747,72.8269998816591,32.77745991641811,24.364741004408312,9.323647218966974,10.928046748362023,1,1,1,5
6,6,59.62535775934979,21.210824782333752,21.124619044867547,68.16439305801254,32.079336702378924,25.35062538847351,7.553340719034881,9.323647218966974,2,1,1,6
6,7,10.566778784079029,22.19296461703108,22.108684321044418,63.19344673073677,30.61203285489704,25.1049319935709,6.132322371908845,7.553340719034881,3,0,0,7
6,8,0.0,19.92486963349137,19.871392072630325,58.447753917795765,30.453227872145572,26.515145389293345,5.283389392039514,6.132322371908845,4,0,0,8
6,9,0.0,18.41659362906513,18.37784976935125,68.91671645358218,30.45012968760041,27.7107732889908,4.362409173376318,5.283389392039514,4,0,0,9
7,0,249.9543106442904,21.0,21.0,40.0,30.779173783334635,20.680614680722343,7.090128116,2.9956330997377263,0,0,0,0
7,1,249.9543106442904,19.215583475666694,19.013612293614447,49.262761923530256,30.779173783334635,20.680614680722343,7.090128116,7.090128116,0,0,0,1
7,2,239.49259697224875,18.048043958314004,17.994336970006405,58.11454585737656,31.01902742537257,18.15754998488469,9.193204237929365,7.090128116,0,0,1,2
7,3,210.56742447134553,16.801585521580595,19.584588802511576,68.31552102443551,34.16376251975196,22.508321741686643,9.64172416696774,9.193204237929365,0,1,1,3
7,4,160.43641360451218,20.647141970924064,19.567177798123595,79.84769515109312,38.16039673152284,25.90723730546388,8.355168477805561,9.64172416696774,0,1,1,4
7,5,99.66472695170553,21.21090441283532,21.29841599699874,75.92689694068889,36.68750221857296,24.863618834736847,7.596460831600832,8.355168477805561,1,1,1,5
7,6,47.26646455406125,22.45727678727262,22.272229609279595,72.36695919000292,35.74779326113881,27.808108123939096,6.549782799705535,7.596460831600832,2,0,0,6
7,7,36.112549765890094,20.366776849835954,20.279907182433288,69.10942189872846,36.17754748869626,29.05835644866782,5.576957394085579,6.549782799705535,3,0,0,7
7,8,23.790970589433453,18.45305902298267,18.277061816626144,66.3736770242022,39.11882801297138,29.015922684104915,6.160789588228319,5.576957394085579,4,0,0,8
7,9,11.973093098,18.04403032267533,18.097334950615817,78.14026879928726,35.36995430602813,30.0,6.022561510933938,6.160789588228319,4,0,0,9
8,0,132.58875048151614,21.0,21.0,40.0,32.21736375634937,19.458250283585784,6.485857822549366,7.7394799538568435,0,0,0,0
8,1,132.58875048151614,19.244347275126987,18.989165005671715,49.30161052718833,32.21736375634937,19.458250283585784,6.485857822549366,6.485857822549366,0,0,0,1
8,2,126.02509746794833,18.104628256338643,18.136556486327603,59.355382527134005,31.47616742569292,24.378121462894168,5.47268384,6.485857822549366,0,0,0,2
8,3,119.3235570290204,16.916223257985525,18.17459060606099,70.71475542908586,34.780299379992755,28.32732785307307,4.797076067101612,5.47268384,0,1,0,3
8,4,98.55594903255947,19.01969352981724,15.442596849177631,65.57108477163821,32.368354523625115,22.389030712776854,4.153521599292188,4.797076067101612,1,1,1,4
8,5,64.5396146749489,18.237189011940725,19.179027971707917,62.40379378499277,36.150887258824426,29.586385037589807,4.252041794701322,4.153521599292188,2,1,1,5
8,6,35.77511885754567,20.305566168618274,19.86773287092671,59.09212757334362,36.34963410056533,28.58555361249489,3.595561977175403,4.252041794701322,3,1,1,6
8,7,15.113207541004464,21.150251893745015,21.117851052823355,53.33264010251982,29.761861114551024,21.574319603094565,2.582738914567651,3.595561977175403,4,1,1,7
8,8,4.424374364351968,22.62009213756594,22.54097217364831,61.741893266619556,25.580041971796938,21.138031162090503,1.7814721961087492,2.582738914567651,4,0,0,8
8,9,4.424374364351968,20.81658467238661,20.770050331332317,71.88567914887919,29.933941262016344,26.420424750537165,1.6816855144504357,1.7814721961087492,4,0,0,9
9,0,190.36379084063964,21.0,21.0,40.0,33.24437219818739,19.98399187856279,6.830282956640339,5.773273185929288,0,0,0,0
9,1,190.36379084063964,19.26488744396375,18.999679837571257,49.581105533815034,33.24437219818739,19.98399187856279,6.830282956640339,6.830282956640339,0,0,0,1
9,2,182.55926009897883,18.059498444989558,18.011222433896705,58.08753008683389,27.85407359904675,19.40384058439131,6.654260394555777,6.830282956640339,0,0,0,2
9,3,182.55926009897883,16.632080386543578,16.635645403570017,66.99291484850224,25.01012455105857,24.464235235987815,6.685748167751662,6.654260394555777,0,1,1,3
9,4,140.45252116524188,18.724841754183725,18.577399159943774,77.57581240610489,33.056264888307936,25.737610431706766,7.017789822289494,6.685748167751662,0,1,1,4
9,5,85.4307013013529,19.967138029117457,19.949757367691184,73.91102780332514,33.02704542917933,29.946373444266555,6.8777274829861215,7.017789822289494,1,1,1,5
9,6,42.28945055155478,21.266704109440774,21.16521002777783,70.67140232414258,35.33541400454128,30.0,5.392656343724765,6.8777274829861215,2,1,1,6
9,7,12.688349071554782,22.388826841452676,22.192854958287974,67.43934224071302,38.349224682063095,27.028219298883776,3.700137685,5.392656343724765,3,0,0,7
9,8,7.0988670354592776,20.22744970982871,20.065045544307882,64.89148518041836,40.11917920538199,29.059392681869905,2.7947410180477528,3.700137685,4,0,0,8
9,9,7.0988670354592776,18.872446541118258,18.663278390877107,78.01248977949496,42.89446999487001,30.0,2.7207304042692377,2.7947410180477528,4,0,0,9
10,0,43.98647629063238,21.0,21.0,40.0,25.90433139596119,21.46027891507768,2.398807380861561,5.763960930748606,0,0,0,0
10,1,24.796017243739893,21.418086627919227,21.329205578301554,33.525629855987,25.90433139596119,21.46027891507768,2.398807380861561,2.398807380861561,1,0,0,1
10,2,15.93866840673794,21.890030440883518,21.731826924433378,27.83797104307545,30.489310191965156,21.24591862519289,1.1071686046252442,2.398807380861561,2,0,0,2
10,3,15.649484366737939,22.50969100509272,22.351224791892303,23.51786032649848,34.814540824005924,24.518177417233144,0.036148005,1.1071686046252442,3,0,0,3
10,4,14.444762738486386,23.33351389406782,23.157628472300175,20.496031898607043,38.858330954607,27.68706666821836,0.1505902035314441,0.036148005,4,0,0,4
10,5,13.64301054387144,24.885545559756178,24.738542518932007,32.16587966959523,37.41046049216204,27.422027124438983,0.1336253657691576,0.1505902035314441,4,0,0,5
10,6,8.069248296592495,26.36175062763641,26.18144367004335,43.69951491133878,37.64807241751762,26.427678925502114,0.9289603745464912,0.1336253657691576,4,0,0,6
10,7,8.069248296592495,24.57427030471789,24.458210843186777,55.02327966164998,35.70869080442363,27.201113363971903,1.7806302475231244,0.9289603745464912,4,0,0,7
10,8,4.180797673087338,22.931511131744195,25.774730534099252,67.54766558658852,39.57992180521409,30.0,1.296150207835052,1.7806302475231244,4,0,0,8
10,9,4.180797673087338,22.986107472735938,21.99862074096381,79.55835378617903,36.72604555328055,30.0,1.3059908441020889,1.296150207835052,4,0,0,9
11,0,204.2983842429609,21.0,21.0,40.0,34.82587986096777,15.596075442048257,7.139526913102904,2.097733795737998,0,0,0,0
11,1,204.2983842429609,19.296517597219356,18.911921508840965,49.07595195454289,34.82587986096777,15.596075442048257,7.139526913102904,7.139526913102904,0,0,0,1
11,2,192.6219533554448,18.03620491226305,18.077732590888132,58.27526444554273,31.8779489654034,19.22934265126242,9.815371048649055,7.139526913102904,0,0,0,2
11,3,192.6219533554448,16.834529326740572,16.53798873100067,67.77372495931408,33.48666984206323,19.282555234444267,10.078831281894056,9.815371048649055,0,1,1,3
11,4,138.85671515943875,18.732848108669245,18.563363492268845,77.4535413304281,33.34954868670936,20.42720893059076,8.960873032667674,10.078831281894056,0,1,1,4
11,5,79.31898593222918,19.85378411837565,19.816664109546725,71.61956964450617,27.660324605054164,23.26205491760185,7.442216153401197,8.960873032667674,1,1,1,5
11,6,38.94894800657835,20.8965505054986,20.886321651235235,64.53478840893945,22.52084021289357,21.452597367291343,5.046254740706354,7.442216153401197,2,1,1,6
11,7,14.69802777656004,21.890985530842254,21.722400995131945,57.84531090353846,27.3761145069524,18.79345490748656,3.0313650287522886,5.046254740706354,3,1,1,7
11,8,0.0,22.459919543643363,22.422932064676587,50.453852748402255,23.323909449951604,18.945767465958323,1.837253472070005,3.0313650287522886,4,0,0,8
11,9,0.0,20.52736588607717,20.526559401824944,58.056774081754384,21.41679412453456,20.82165772742172,1.546024985159424,1.837253472070005,4,0,0,9
12,0,229.98650468353694,21.0,21.0,40.0,26.68594523517113,17.989768671675385,7.893431988743194,5.510491875932469,0,0,0,0
12,1,229.98650468353694,19.133718904703425,18.959795373433508,48.041628503232374,26.68594523517113,17.989768671675385,7.893431988743194,7.893431988743194,0,0,0,1
12,2,215.7140346140299,18.123870502666335,18.151079147538958,57.11597892230178,26.19352513331667,24.21953275040224,9.722816005948197,7.893431988743194,0,0,0,2
12,3,215.7140346140299,16.89415516565903,16.73506916560462,67.62059750663646,32.9525812324119,25.406410902780777,10.191479956704192,9.722816005948197,0,1,1,3
12,4,162.25186689638485,18.843907061469007,18.819745685292602,78.52806337463066,32.095695704802225,28.501336895165583,8.910361286274178,10.191479956704192,0,1,1,4
12,5,104.30745768532393,20.085964255366324,20.035745027458773,73.77916790166276,29.91198137187892,27.03859933385496,7.243051151382616,8.910361286274178,1,1,1,5
12,6,51.76540524822974,21.170406696430998,21.236863887759394,68.658757968493,26.158520167291893,28.728091315098357,6.567756554636774,7.243051151382616,2,1,1,6
12,7,8.016785004071716,22.05212462055529,22.203252162090003,62.68956551073374,20.808959032893394,29.362193979555126,5.468577530519753,6.567756554636774,3,0,0,7
12,8,0.0,19.794408459126057,19.783262452845797,56.351360009428845,23.20573386964927,24.915346678656856,4.008392502035858,5.468577530519753,4,0,0,8
12,9,0.0,18.233885490402933,18.272788639854028,66.00098456439417,25.91552896350606,27.693496341856868,3.2483411032172773,4.008392502035858,4,0,0,9
13,0,255.39908975940725,21.0,21.0,40.0,29.72369114070828,15.898684800310212,4.917734207362141,2.2657112237249217,0,0,0,0
13,1,255.39908975940725,19.194473822814167,18.917973696006207,48.21202766938333,29.72369114070828,15.898684800310212,4.917734207362141,4.917734207362141,0,0,0,1
13,2,245.06330857703887,18.203772654289853,18.062559295309395,57.54065446355119,33.51982753892794,18.305876873115736,7.309474058084169,4.917734207362141,0,0,0,2
13,3,245.06330857703887,16.766372758110972,16.744850278713283,67.05306477284032,28.020524147543284,24.82619979295188,8.701565027637658,7.309474058084169,0,1,1,3
13,4,193.54297832433568,18.745783599603072,18.635275887699656,76.3730017906637,28.812825331466435,22.964602545330152,8.586721708783863,8.701565027637658,0,1,1,4
13,5,128.70751009191076,19.90822662710963,19.944339728099024,71.49082537076474,28.031045814821496,28.179085185739893,8.104433529053114,8.586721708783863,1,1,1,5
13,6,66.14353184960687,21.076201734229436,21.12518753323362,66.69754130074213,26.85649546185668,29.847481926906653,7.820497280287988,8.104433529053114,2,1,1,6
13,7,12.938406402825539,22.112128808718914,22.113571228627364,62.12889680078315,28.57253350987129,29.37944149035664,6.650640680847666,7.820497280287988,3,0,0,7
13,8,0.0,19.89236852047479,19.894053752132045,57.909835182115074,29.894102118510705,30.0,6.469203201412769,6.650640680847666,4,0,0,8
13,9,0.0,18.416535003376023,18.369831665137315,68.38580656024446,30.254864713342,27.944976276265702,6.462944993413989,6.469203201412769,4,0,0,9
14,0,76.92788356038369,21.0,21.0,40.0,26.261996141262443,21.0592616014806,4.478147900676209,7.277721786841092,0,0,0,0
14,1,50.05899615632643,22.12523992282525,22.021185232029612,48.517826393693746,26.261996141262443,21.0592616014806,4.478147900676209,4.478147900676209,0,0,0,1
14,2,50.05899615632643,20.270890894040452,20.0888198851944,58.53787142210776,33.165643814379706,22.501273010142626,2.4074503828876264,4.478147900676209,0,0,0,2
14,3,43.761323561192654,21.731850767461466,21.6033648485563,69.30984642409005,34.49983332225874,25.34447224430956,1.049612099188962,2.4074503828876264,0,0,0,3
14,4,39.02052437716763,23.231637273419697,23.212825013356255,80.62606874570497,32.86790178674952,30.0,0.7901331973375043,1.049612099188962,0,0,0,4
14,5,36.09653000407147,24.11983532481016,24.04184649293518,77.11236881290304,33.99720182290064,29.8155763281998,0.3654992966370204,0.7901331973375043,1,0,0,5
14,6,31.579317968247786,24.909508239614585,24.87391876977494,73.25358917367151,32.42248732052146,29.47318135041445,0.5646515044779603,0.3654992966370204,2,0,0,6
14,7,22.982510533457585,25.597768542427538,25.506417773748957,69.17681547358009,32.89298551828559,27.79160503676208,1.0746009293487748,0.5646515044779603,3,0,0,7
14,8,7.309036467934602,26.062204106525787,25.835008458173448,64.23912762521888,34.3158890617833,21.585845113987737,1.959184258190373,1.0746009293487748,4,0,0,8
14,9,7.309036467934602,23.90001538898537,23.754547351083044,74.43146228139557,33.65270902180258,22.97137240140121,3.2220152578563246,1.959184258190373,4,0,0,9
15,0,109.75183083909255,21.0,21.0,40.0,27.966960170684136,18.15766526431868,6.016773721870224,6.7515617982732055,0,0,0,0
15,1,109.75183083909255,19.159339203413683,18.963153305286376,48.302432578300504,27.966960170684136,18.15766526431868,6.016773721870224,6.016773721870224,0,0,0,1
15,2,103.43624555730774,18.223395597553655,18.066911763985942,57.72796742996174,33.754886275556096,18.60919623367299,4.453263300382446,6.016773721870224,0,0,0,2
15,3,93.52318484890772,18.09722105604536,18.177573154211007,67.71637343939324,31.09362215775104,24.397522339090624,3.6863793374208806,4.453263300382446,0,0,0,3
15,4,81.11071370889897,20.18611880789554,18.084527891165138,79.23990972417641,37.885175012142064,26.134471014431107,2.9855406321857028,3.6863793374208806,0,0,0,4
15,5,59.05857377653206,20.150351068830478,20.62704491423466,75.47554353974644,35.054679672512414,27.36550819176548,2.756517491545865,2.9855406321857028,1,0,0,5
15,6,40.34006350206276,21.64948950178634,21.38209750697376,70.66291915575974,31.40786162982004,25.18866957025388,2.3398137843086624,2.756517491545865,2,0,0,6
15,7,15.768806956796594,22.378579975729266,22.497681373673828,65.22472475980602,25.58847613483113,27.532666109870476,3.071407068158271,2.3398137843086624,3,0,0,7
15,8,8.881067626166583,20.12673099336913,20.169157495852197,60.32131246300813,26.092153906678394,30.0,3.443869665315005,3.071407068158271,4,0,0,8
15,9,8.881067626166583,18.73083645600031,18.585630245697207,71.44150778521775,34.2013879395368,27.577474961627782,4.130537653213358,3.443869665315005,4,0,0,9
16,0,32.93220833572912,21.0,21.0,40.0,34.62841056110579,15.575079902738878,2.747501458813862,5.740885074374117,0,0,0,0
16,1,16.447199582845947,22.292568211222118,21.91150159805478,49.036628283492036,34.62841056110579,15.575079902738878,2.747501458813862,2.747501458813862,0,0,0,1
16,2,13.663600819189138,19.59821416619066,22.373942355730204,43.701763295261685,35.31239211518222,18.38280239464918,0.5567197527313617,2.747501458813862,1,0,0,2
16,3,9.631851912244326,22.18737255313325,21.056043394995623,38.186730770487245,33.81239940752076,18.88186434373233,0.5039686133681017,0.5567197527313617,2,0,0,3
16,4,3.3549631234910873,22.320466064350448,22.446772744981924,32.751519105010004,31.89615815503073,21.24155481454018,0.7846110985941548,0.5039686133681017,3,0,0,4
16,5,2.856084440421516,23.355569364290826,23.054184182720718,27.05597490289695,32.433039984202544,19.258381115169357,0.0623598353836964,0.7846110985941548,4,0,0,5
16,6,2.0972653837782707,24.742326692831956,24.654166215177703,36.30540734419037,30.157268695613837,21.228467089349618,0.1264698427738742,0.0623598353836964,4,0,0,6
16,7,2.0972653837782707,26.087561309569804,25.935992753769483,46.037109589741036,31.48292371505573,22.58208876022572,0.0,0.1264698427738742,4,0,0,7
16,8,0.0,24.021823019543056,27.05794970076214,55.69558438981484,27.062693804896934,26.59549952884645,0.6990884612594235,0.0,4,0,0,8
16,9,0.0,23.81737020142825,22.904144677039582,64.11175103117796,23.437928671026736,23.31855266987953,1.2904280770404633,0.6990884612594235,4,0,0,9
17,0,253.50851556912602,21.0,21.0,40.0,25.81871451238587,16.634519240858396,5.629555566,2.810798798891432,0,0,0,0
17,1,253.50851556912602,19.11637429024772,18.93269038481717,47.64158207558397,25.81871451238587,16.634519240858396,5.629555566,5.629555566,0,0,0,1
17,2,242.94541014832836,18.09629706248961,18.127143157457486,56.28930012919906,26.516221983085657,21.52665609255376,7.024113614054433,5.629555566,0,0,0,2
17,3,242.94541014832836,16.748121629865327,16.63680288424542,65.01244674424899,26.782585747821816,21.67933989134448,7.040460804292091,7.024113614054433,0,1,1,3
17,4,201.6506198302128,18.67904325793348,18.482958980442046,73.38388655570697,28.990997005707317,17.517001946836952,6.882465053019259,7.040460804292091,0,1,1,4
17,5,152.06318007972914,19.83352026301484,19.714033443086304,67.53096001015075,29.866339952854123,20.95073479405577,6.1984299688104585,6.882465053019259,1,1,1,5
17,6,100.84991495623694,21.060865381559058,20.83468149638116,62.45569689219343,34.11946184014111,21.0179652823182,6.401658140436525,6.1984299688104585,2,1,1,6
17,7,50.137467224,21.941143659572923,21.84640041273323,56.42097206200833,28.96850244820124,20.838581828548215,6.339055966529619,6.401658140436525,3,1,1,7
17,8,0.0,22.683839172904925,22.606991258507207,51.290647189412965,30.047536454031103,24.783992031550195,6.267183403,6.339055966529619,4,0,0,8
17,9,0.0,20.747540074373504,20.71825208111504,59.29574186399632,23.54493328550933,20.92781490662042,4.462867536297095,6.267183403,4,0,0,9
18,0,176.3868158833785,21.0,21.0,40.0,34.443744382523725,18.677464581644607,5.635131593856222,3.710905355422147,0,0,0,0
18,1,176.3868158833785,19.288874887650476,18.973549291632892,49.5618176135503,34.443744382523725,18.677464581644607,5.635131593856222,5.635131593856222,0,0,0,1
18,2,168.76183892194777,18.077258998266558,18.18477441295021,59.78810178830429,32.17039161744754,24.64229824229684,6.489297640153488,5.635131593856222,0,0,0,2
18,3,168.76183892194777,16.987316807691055,16.651777636436822,70.4861729242241,37.29897793767242,22.13475059521549,6.462647732471483,6.489297640153488,0,1,1,3
18,4,126.77127714419619,18.143303416484127,18.02387768507605,65.44544607120515,33.166834700111565,22.16246056089426,5.248820222218948,6.462647732471483,1,1,1,4
18,5,90.60711502545934,19.427044551611488,19.302800037807273,60.29118868371181,31.351090865406764,23.34747920407466,4.520520264842107,5.248820222218948,2,1,1,5
18,6,57.34096485469811,20.58930747337148,20.529997118942077,54.853188840241856,28.975704260183488,24.14651883165008,4.158268771345154,4.520520264842107,3,1,1,6
18,7,28.771708067000777,21.745370638773213,21.547436743991533,50.65339631776001,35.39375135420171,24.60740129867693,3.5711570984621663,4.158268771345154,4,1,1,7
18,8,8.090828354513906,23.203274171531547,23.139620554073456,61.39901727818587,32.92479175960908,26.77310246497904,3.4468132854144784,3.5711570984621663,4,0,0,8
18,9,8.090828354513906,21.47360207498352,21.325675755880994,72.88376224819073,36.07762946962353,27.72650925262572,3.32116926890584,3.4468132854144784,4,0,0,9
19,0,96.32150704438475,21.0,21.0,40.0,27.195361581889124,23.8040828251533,2.267431907553209,4.022244520743904,0,0,0,0
19,1,82.71691559906549,22.143907231637783,22.076081656503067,49.17989999326764,27.195361581889124,23.8040828251533,2.267431907553209,2.267431907553209,0,0,0,1
19,2,73.64106972770333,19.551462326097315,22.50220692202259,44.44970500203058,30.267313050831127,26.78715922007411,1.8151691742724327,2.267431907553209,1,0,0,2
19,3,59.01617526319582,22.05966362209454,21.2444731533773,38.82090684113063,24.28029346821377,27.78193897123093,1.8281118080634384,1.8151691742724327,2,0,0,3
19,4,39.85665265067944,22.305594523936414,22.601845217582397,34.1556648638533,27.41532234845933,30.0,2.3949403265645466,1.8281118080634384,3,0,0,4
19,5,12.79477244819799,23.379531493391386,23.26620846983053,29.448370856923468,29.202045367427065,27.97965459407385,3.3827350253101818,2.3949403265645466,4,0,0,5
19,6,12.79477244819799,21.98313885041132,21.7945740736421,40.21729347130669,35.477716024779184,24.34963183290538,3.611356910114296,3.3827350253101818,4,0,0,6
19,7,12.79477244819799,20.536035956569165,20.427858972000724,49.924181373978286,31.08223794740131,22.84491706744089,4.170071902714403,3.611356910114296,4,0,0,7
19,8,12.79477244819799,19.194536237840648,19.052234220782104,60.66887481054219,34.2152484678489,25.47749284639502,4.555529319438115,4.170071902714403,4,0,0,8
19,9,9.086545011959481,18.050722021669966,18.041027960173164,70.04551389252937,28.50838907949843,23.58405026487481,4.559942761740891,4.555529319438115,4,0,0,9
20,0,181.00177924221816,21.0,21.0,40.0,34.03487760059643,23.695520081705304,5.530670999028015,3.018100944219988,0,0,0,0
20,1,181.00177924221816,19.28069755201193,19.07391040163411,50.39147158281431,34.03487760059643,23.695520081705304,5.530670999028015,5.530670999028015,0,0,0,1
20,2,173.9453897259486,18.08075621014012,18.14134428590606,60.58021625569502,32.24508737946167,24.35904969209785,6.680410704530024,5.530670999028015,0,0,0,2
20,3,173.9453897259486,16.78625546441766,16.696708122813746,70.19656629242833,28.496356407223654,24.927810463516977,6.678404481872221,6.680410704530024,0,1,1,3
20,4,127.6582481372245,18.11777567023182,18.060960187279033,66.52449218382688,33.55845294528952,29.37446867359129,5.785892698590509,6.678404481872221,1,1,1,4
20,5,86.71322132416292,19.413764709854572,19.431658556635288,62.31684936677297,29.957539905256056,30.0,5.1181283516326985,5.785892698590509,2,1,1,5
20,6,50.98714456637879,20.677302696231592,20.61244371823923,57.476638638442495,29.708907464702243,26.73436626679511,4.465759594723016,5.1181283516326985,3,1,1,6
20,7,21.608999476836892,21.75649688389414,21.570838087854952,52.20701565734592,32.15673728843194,21.90091281658705,3.672268136192737,4.465759594723016,4,1,1,7
20,8,5.297398884348695,23.17110562485713,23.047845391355906,61.55746976247089,30.44743043317154,21.49953681752274,2.718600098748033,3.672268136192737,4,0,0,8
20,9,5.297398884348695,21.309799292075017,21.1022090890924,70.56073373127677,31.12327340584094,18.89485975419172,2.270032877088619,2.718600098748033,4,0,0,9
21,0,179.20766416132574,21.0,21.0,40.0,34.599403986625305,23.335456982769287,4.635424999011551,7.291819783222505,0,0,0,0
21,1,151.39511416725642,22.29198807973251,22.066709139655387,50.428274974491025,34.599403986625305,23.335456982769287,4.635424999011551,4.635424999011551,0,0,0,1
21,2,151.39511416725642,20.43435533804549,20.329347836118625,62.36484783455082,37.47192643224938,28.842367234749485,2.740063549903083,4.635424999011551,0,0,0,2
21,3,133.1972840575079,22.140166357052635,21.8667124553504,75.90945320507352,45.24780761401495,30.0,3.032971684958091,2.740063549903083,0,0,0,3
21,4,111.98717589688388,23.10477683491245,19.77565608225587,74.30893930949911,47.49971781369669,26.941871655334356,4.242021632124803,3.032971684958091,1,0,0,4
21,5,101.0171545091169,19.1731103881974,19.852026775412316,71.43497538329842,41.67892950288291,25.687937573779973,5.485010693883489,4.242021632124803,2,0,0,5
21,6,86.57439323019595,18.027193061578252,18.113153929867337,68.29462081428133,36.89217430811269,28.99474475290343,5.777138797785983,5.485010693883489,3,0,0,6
21,7,60.13504727308075,18.09928261118195,18.09700495761329,64.86418009735128,34.2753293503886,30.0,4.989442179725419,5.777138797785983,4,0,0,7
21,8,49.910564695864196,18.055556643271874,18.131750179045316,76.18074060549844,32.86978060081759,30.0,4.716433036,4.989442179725419,4,0,0,8
21,9,22.753184478792228,17.96602115915137,18.035590794419083,70.82226478878053,26.599923791479128,26.96409944897689,4.566440939,4.716433036,5,1,0,9
22,0,107.45494990463277,21.0,21.0,40.0,28.166889866459577,18.23033519432189,2.3929586011749118,2.6222743122223973,0,0,0,0
22,1,93.0971982975833,22.16333779732919,21.96460670388644,48.35150051094067,28.166889866459577,18.23033519432189,2.3929586011749118,2.3929586011749118,0,0,0,1
22,2,87.5350454791087,19.36929593942902,19.30674234259159,40.96818635890426,24.211783810544198,18.10313756703134,2.781076409237303,2.3929586011749118,1,0,0,2
22,3,68.98984462094384,18.177439649257536,20.072509236386626,35.275498959921094,29.126588814660344,22.580703413210927,3.0945912617380373,2.781076409237303,2,0,0,3
22,4,49.19322421981344,20.465548498224745,18.133268717612474,29.85039517052708,28.80529816515105,24.38856967154888,3.130110453012193,3.0945912617380373,3,0,0,4
22,5,28.615890492240176,18.20798079809798,20.73150353299077,25.049414308141287,33.18678140820518,23.474436022984865,3.439924533274427,3.130110453012193,4,0,0,5
22,6,18.816168832108577,18.81162034935882,20.904952221311408,34.68874436235444,30.516199506748173,23.035634127769363,3.2665738867105327,3.439924533274427,4,0,0,6
22,7,0.0,22.144019894757932,21.32540489201988,45.84063785130118,35.74286794254805,26.212095884933824,3.136028138684763,3.2665738867105327,4,0,0,7
22,8,0.0,20.24221729984629,20.36042364595844,57.49337382101879,35.553164894724866,29.18425715926184,2.932838710040296,3.136028138684763,4,0,0,8
22,9,0.0,18.910887077798392,18.760752375382822,69.32542900825614,35.73363992909633,30.0,3.052730709227171,2.932838710040296,4,0,0,9
23,0,127.43446159361888,21.0,21.0,40.0,25.76796364159105,19.968384727961094,7.497149033777024,6.3965568804569015,0,0,0,0
23,1,127.43446159361888,19.11535927283182,18.999367694559222,48.23254270651938,25.76796364159105,19.968384727961094,7.497149033777024,7.497149033777024,0,0,0,1
23,2,117.93679320763579,18.12701013212991,18.175759593014977,57.81682514539924,29.54670338300439,23.69931016632816,6.688473521913769,7.497149033777024,0,0,0,2
23,3,117.93679320763579,16.68564574617078,16.760778119789673,66.45089693499445,21.739602451765208,26.227463045985957,5.281179815041523,6.688473521913769,0,1,1,3
23,4,91.36497051982255,18.608683803257545,18.660439470366107,75.28828131370287,22.69090546100109,26.405674420712387,4.428637114635541,5.281179815041523,0,1,1,4
23,5,60.45288550572132,19.86248515999874,19.776215944375252,69.38800096709252,27.045561924466508,23.508436149920485,3.864010626762654,4.428637114635541,1,1,1,5
23,6,40.53210010910097,20.95964784980413,21.019841406396058,64.32992532746489,26.75863675896801,28.47427635421184,2.4900981745775432,3.864010626762654,2,1,1,6
23,7,25.211002841732913,22.05514181558961,21.950023457000967,59.57385803593384,30.631875924912688,26.27886134435924,1.9151371584210075,2.4900981745775432,3,0,1,7
23,8,0.0,22.784792929686766,22.711458508185558,54.52959049917634,30.27656062484088,25.03306417095077,3.151375355216614,1.9151371584210075,4,0,0,8
23,9,0.0,20.991820360151685,20.876348433932467,64.49216476879262,31.11062373234024,24.237011098861345,4.057578277553961,3.151375355216614,4,0,0,9
24,0,80.48959575815299,21.0,21.0,40.0,28.419619496676518,21.42062755476349,2.5174397310238072,3.3401175408885475,0,0,0,0
24,1,65.38495737201015,22.168392389933533,22.028412551095272,48.971244469259204,28.419619496676518,21.42062755476349,2.5174397310238072,2.5174397310238072,0,0,0,1
24,2,61.80071370613968,19.535199243472075,19.538588276091353,44.609903892621446,30.516954707366715,28.586708755756867,1.7921218329352309,2.5174397310238072,1,0,0,2
24,3,51.8247718315545,20.341882818181652,20.331520899876985,39.44155021631012,27.543758889885048,27.076498463940936,1.246992734323148,1.7921218329352309,2,0,0,3
24,4,39.19922000931659,21.308497274750163,21.22838620001608,34.7502396033066,30.71573955284951,26.55475704157539,1.5781939777797382,1.246992734323148,3,0,0,4
24,5,16.47806803160611,22.3237619015134,22.15462613126153,29.738283983049712,32.573795038310955,22.91534040470633,2.8401439972138105,1.5781939777797382,4,0,0,5
24,6,3.0813207335611064,20.81499131606981,23.822259120352257,38.79859484537141,26.254353342943705,24.080707003287944,4.465582432681668,2.8401439972138105,4,0,0,6
24,7,3.0813207335611064,21.298909510509983,20.422478397506566,48.360665712876894,25.91757725826013,27.205038672325863,5.825903696137226,4.465582432681668,4,0,0,7
24,8,3.0813207335611064,19.266335634721948,19.489751838151523,57.55351914417935,26.523532237626466,24.547875714053824,6.642772180073447,5.825903696137226,4,0,0,8
24,9,0.0,18.107787064695014,18.01722450109423,66.66592217635606,29.81251653007518,20.81194475979547,7.381225544338564,6.642772180073447,4,0,0,9
25,0,131.8596809414193,21.0,21.0,40.0,32.18852103928587,21.555851194735737,3.915876833570394,2.3289170727994013,0,0,0,0
25,1,120.1120504407081,22.24377042078572,19.031117023894716,49.67398700212389,32.18852103928587,21.555851194735737,3.915876833570394,3.915876833570394,0,0,0,1
25,2,120.1120504407081,18.505679899605887,19.26619694036851,59.66298202960666,32.82918286729137,22.66523395205737,4.876859097871611,3.915876833570394,0,0,0,2
25,3,113.11836088382333,18.14099087756686,18.172992435575967,71.15376791631655,34.654980191227864,29.182719179382627,5.695417134415616,4.876859097871611,0,0,0,3
25,4,101.93262900423291,16.38684856920281,16.26474913139312,66.80619061559833,32.402537313734385,26.77758879338659,5.592865939795212,5.695417134415616,1,1,1,4
25,5,66.40428932740207,17.837514908081822,17.754354237106895,61.886379777845036,30.99528800863112,25.005762892739455,4.441042459603855,5.592865939795212,2,1,1,5
25,6,42.996613895432176,19.280350605958848,19.098277690044927,57.19989436585038,33.82417956350818,23.473123703188172,2.925959428996236,4.441042459603855,3,1,1,6
25,7,26.89173608105662,20.45441216669308,20.38545179500983,53.12308905392126,33.43176362829917,27.252651305427925,2.0131097267969444,2.925959428996236,4,1,1,7
25,8,14.317851530663185,22.180205566609445,21.947789187777527,63.80345198398577,35.995287064157075,23.34006254731237,2.095647425065572,2.0131097267969444,4,0,1,8
25,9,6.327347395169882,20.46231019134467,23.293793577058477,74.8403201587043,36.61400535039012,24.70192895360177,2.663501378497768,2.095647425065572,4,0,0,9
26,0,136.42996698883388,21.0,21.0,40.0,27.940953683034884,18.170431886567712,5.893436323864762,6.383964078185615,0,0,0,0
26,1,136.42996698883388,19.1588190736607,18.963408637731355,48.300049402528465,27.940953683034884,18.170431886567712,5.893436323864762,5.893436323864762,0,0,0,1
26,2,129.1266257776888,18.115620104819886,18.097661441938552,57.09171335809904,28.87827550665968,19.96430202428799,5.172941529936083,5.893436323864762,0,0,0,2
26,3,122.49129924714386,16.68228722092664,18.052579734262533,65.05447177606217,24.08547113150123,20.152075634960617,4.596461237272315,5.172941529936083,0,1,0,3
26,4,109.26593142280224,19.43214798771842,15.930492840363183,73.29712512213958,25.160444128521195,20.632074460797707,4.408455941447205,4.596461237272315,0,1,1,4
26,5,79.40020806285267,18.406991208756036,19.48077494216718,67.08093800336286,23.81730049550588,24.981659955734564,3.733215419993696,4.408455941447205,1,1,1,5
26,6,51.445377024646504,20.347806719952615,20.051990904044906,61.98821079686249,26.86221960127477,28.178184807056525,3.4943538797757703,3.733215419993696,2,1,1,6
26,7,23.367096308201525,21.245819577231217,21.319122306233012,57.06563522403589,28.3788960253002,27.606795236774268,3.5097850895556224,3.4943538797757703,3,1,1,7
26,8,0.0,22.198028831888916,22.115368225034267,53.04148771065957,32.005223833362955,28.97173442565745,2.9208870385251906,3.5097850895556224,4,0,0,8
26,9,0.0,20.506035919938263,20.460722668331147,64.4724906136312,33.50557168317574,30.0,3.101897138949565,2.9208870385251906,4,0,0,9
27,0,126.53172506384318,21.0,21.0,40.0,33.71081447619661,15.18451614086729,2.3233528208611207,2.345153248332065,0,0,0,0
27,1,112.59160813867646,22.274216289523935,21.903690322817347,48.8011595110715,33.71081447619661,15.18451614086729,2.3233528208611207,2.3233528208611207,0,0,0,1
27,2,101.62928648200688,19.504148437252066,22.436814050920752,43.39747011428719,31.118722750848004,22.19411393368359,2.192464331333918,2.3233528208611207,1,0,0,2
27,3,89.73632036528339,19.22120765562035,21.147470548389396,39.262469565799776,35.02898961023811,25.332118453720696,2.3785932233446974,2.192464331333918,2,0,0,3
27,4,67.31678075591607,21.435594714532463,20.821408971452854,34.52051751756394,29.40224952501167,27.586905762567007,2.802442451170915,2.3785932233446974,3,0,0,4
27,5,50.039455509747626,18.940131485026143,22.249756904427503,29.179091396540983,23.695129474110423,29.96361429798427,3.455465049233689,2.802442451170915,4,0,0,5
27,6,50.039455509747626,19.9625642605339,18.939005962343938,40.25512744786697,31.53353361847768,30.0,4.318957928282589,3.455465049233689,4,0,0,6
27,7,50.039455509747626,18.166656725819756,18.482506650693256,50.62618726154889,28.588938597036996,29.02806036786257,5.135739828252932,4.318957928282589,4,0,0,7
27,8,40.50759199192275,18.184550536434884,18.012883670661303,61.78488227443939,36.32487164849459,25.66787842311929,5.331252524896281,5.135739828252932,4,0,0,8
27,9,27.18466466706878,18.137874479123315,17.978293851573852,72.24732531044914,37.44505330735414,20.67963022603335,5.201435999053804,5.331252524896281,4,0,1,9
28,0,175.96157389603817,21.0,21.0,40.0,25.97211810438348,22.462361213165437,7.167555802871595,7.672630592867759,0,0,0,0
28,1,175.96157389603817,19.11944236208767,19.04924722426331,48.71820627715881,25.97211810438348,22.462361213165437,7.167555802871595,7.167555802871595,0,0,0,1
28,2,166.77658056941831,18.143171598554535,18.032351961516884,58.030117376247375,31.42300871233525,20.309830727045707,7.206989393791038,7.167555802871595,0,0,0,2
28,3,166.77658056941831,16.81309855653246,16.66939717679883,68.0195299092752,32.17204991842274,23.324686376176302,6.864731372099096,7.206989393791038,0,1,1,3
28,4,133.63123515034687,18.791911716738333,18.651645559152172,78.13463818268156,32.68193726934052,23.513108694028084,5.524224236511907,6.864731372099096,0,1,1,4
28,5,95.07509304834323,19.989419175158176,20.00661331358857,74.03742487706447,30.9076613166444,29.66337587437175,4.819517762750454,5.524224236511907,1,1,1,5
28,6,56.818279217552984,21.382540849342742,21.195635499171477,71.47314885484377,39.08735543210727,30.0,4.782101728848781,4.819517762750454,2,1,1,6
28,7,19.138397184261333,22.41267385355863,22.292323429575912,68.16620421046476,36.89126004702173,28.070158595317093,4.709985254161456,4.782101728848781,3,0,0,7
28,8,9.708879810526364,20.241367771768903,20.057858210222623,64.68006828537393,37.47332298216413,26.4925885451091,4.7147586868674844,4.709985254161456,4,0,0,8
28,9,9.708879810526364,18.737821737429197,18.64188020164016,76.34234705249149,36.17007890387185,28.620358691225714,4.957393087135706,4.7147586868674844,4,0,0,9
29,0,219.85904592817718,21.0,21.0,40.0,30.31986999720141,18.504111555298973,4.941945488069576,4.252747373704692,0,0,0,0
29,1,219.85904592817718,19.20639739994403,18.97008223110598,48.78831667945007,30.31986999720141,18.504111555298973,4.941945488069576,4.941945488069576,0,0,0,1
29,2,212.4482752276342,18.046323456034706,18.118490387741236,58.17599043357589,29.355941699133417,22.79780137934336,5.936607181998901,4.941945488069576,0,0,0,2
29,3,212.4482752276342,16.87024269700095,16.586045226905824,68.01628138377644,33.897826292914075,20.770456763755654,6.813720764,5.936607181998901,0,1,1,3
29,4,167.82624098375828,18.692484001599194,18.6487356008269,77.42263385234168,29.353947902146498,22.9035658121048,7.437005707312654,6.813720764,0,1,1,4
29,5,112.40329590973653,19.984154087737664,19.837131077009246,72.58162978578778,32.2231214224641,24.21574487445868,6.927868134252721,7.437005707312654,1,1,1,5
29,6,61.22056838911891,21.124774814865624,21.04250866218464,67.73477124479021,31.362497116938822,25.04384432196351,6.397840940077202,6.927868134252721,2,1,1,6
29,7,10.499886881315877,22.077589837069002,22.04437562941212,62.50877250938842,28.597354849302185,25.702652176243443,6.340085188475379,6.397840940077202,3,0,0,7
29,8,0.0,19.88375584253103,19.760492477856005,57.85039534474991,32.057420772528616,25.396039423924105,5.249943440657939,6.340085188475379,4,0,0,8
29,9,0.0,18.33272916748355,18.222458821420734,67.3973676193782,30.20060131615604,22.83813354288997,4.643374444303599,5.249943440657939,4,0,0,9
30,0,66.41345155495141,21.0,21.0,40.0,26.98377311064561,24.58554254525746,5.380253318,6.900144347563503,0,0,0,0
30,1,50.27269160095141,22.139675462212914,19.09171085090515,49.28247681806255,26.98377311064561,24.58554254525746,5.380253318,5.380253318,0,0,0,1
30,2,50.27269160095141,18.42668830436904,19.255798378604542,58.81931959819316,28.623212673727974,24.359247215886565,4.261016022,5.380253318,0,0,0,2
30,3,44.86751513245135,18.114839611624863,18.197596683045166,69.04710580835925,29.934077220474578,26.886957280448097,3.734951689440178,4.261016022,0,0,0,3
30,4,37.86319189925591,18.067943737568392,18.107485872566297,79.06314602271185,30.2506065420194,25.394061315495023,3.189679277797625,3.734951689440178,0,0,0,4
30,5,19.987128108114668,18.22613010943601,19.41571710262341,75.67360743879433,34.502563422680495,30.0,2.664689005748646,3.189679277797625,1,0,0,5
30,6,6.536111602851902,20.35442258824213,19.865944363507854,70.95794758686284,31.85766469186392,25.277558352961115,1.681377063157846,2.664689005748646,2,0,0,6
30,7,1.6766309045974055,21.158824550039895,21.17763487087106,65.43241829626183,29.51130285750289,23.12464552804701,0.6074350872818121,1.681377063157846,3,0,0,7
30,8,0.0,21.965489088428836,21.836638352357518,58.657552184335515,25.92778512908729,19.76740313798875,0.2095788630746757,0.6074350872818121,4,0,0,8
30,9,0.0,20.01700478093486,20.028229743522452,65.93612240370659,20.90400706520915,19.53249415351907,0.3546719944990188,0.2095788630746757,4,0,0,9
31,0,238.33918605930575,21.0,21.0,40.0,33.50093312201388,19.75388834365709,6.549074611397077,4.599278477463367,0,0,0,0
31,1,238.33918605930575,19.27001866244028,18.995077766873145,49.58586786382077,33.50093312201388,19.75388834365709,6.549074611397077,6.549074611397077,0,0,0,1
31,2,228.9037504332604,18.222919714340357,18.088114759540833,59.63520183260029,35.07472468689059,20.75490847299558,7.601466203172697,6.549074611397077,0,0,0,2
31,3,228.9037504332604,17.02734199626225,16.777075929965825,71.42427569984005,40.01511622740632,25.479738590592348,7.860661311606663,7.601466203172697,0,1,1,3
31,4,165.31329360801453,18.349695868338234,18.109947881800675,67.67659247901807,39.127130658378846,23.38574033705456,7.948807103155732,7.860661311606663,1,1,1,4
31,5,109.80915332792372,19.61948947198085,19.51579882352318,63.80238099280446,35.29534420432466,26.514591983377496,6.938017535011351,7.948807103155732,2,1,1,5
31,6,65.28897388221671,20.799431244155766,20.73305761093777,58.79894549506365,30.205255422380155,25.331214034615343,5.565022430713377,6.938017535011351,3,1,1,6
31,7,28.348769900198885,21.791254076107823,21.842281128087276,54.31891083693715,28.444251899297225,30.0,4.617525497752228,5.565022430713377,4,1,1,7
31,8,5.288055439849494,23.283126067939254,23.250515550116287,64.02135847583197,27.38380349710275,26.51868338564631,3.843452410058232,4.617525497752228,4,0,0,8
31,9,5.288055439849494,21.458054411730057,21.344811482073553,73.99334618343926,30.775617979549487,24.624313729379868,3.2801173257146914,3.843452410058232,4,0,0,9
32,0,203.91698246529157,21.0,21.0,40.0,31.66212388872196,21.294204847178563,5.2520712615241205,4.9164242102509,0,0,0,0
32,1,203.91698246529157,19.23324247777444,19.02588409694357,49.532139172462095,31.66212388872196,21.294204847178563,5.2520712615241205,5.2520712615241205,0,0,0,1
32,2,197.8830160950999,18.177703518349226,18.13450039276712,60.17379471395684,33.58600460806516,25.53430395579454,5.104904316,5.2520712615241205,0,0,0,2
32,3,189.36196528834404,16.789131124974034,18.085424191172503,69.15806533636521,27.39124660607387,22.521367962861547,6.171411245944386,5.104904316,0,1,0,3
32,4,168.20927120387057,19.571585476506534,16.088175457552698,78.94332391248663,29.544326299916992,24.818221345202023,7.050898028157826,6.171411245944386,0,1,1,4
32,5,115.51454833904748,18.657545315501768,19.52156597381271,72.94257018081238,29.522964985285064,20.472847616524625,6.586840358102887,7.050898028157826,1,1,1,5
32,6,71.54741180511257,20.506561255626597,20.070505845434987,67.08537264691934,29.81790383442188,20.97544319950564,5.495892066741863,6.586840358102887,2,1,1,6
32,7,35.70610388632743,21.264835791367048,21.38303989935304,61.473318575176606,26.392940455279607,25.76231470170524,4.480163489848142,5.495892066741863,3,1,1,7
32,8,0.0,22.1924965043491,22.078644162037314,56.39709970819689,29.52583645073378,25.606280954934427,4.463262985790929,4.480163489848142,4,0,0,8
32,9,0.0,20.39214308544707,20.287125251565904,65.58296711320841,28.995636761621714,22.036959932886727,5.421904745512226,4.463262985790929,4,0,0,9
33,0,226.95910164189462,21.0,21.0,40.0,26.00162013788841,16.797779870414136,7.793234250311443,6.069136932602557,0,0,0,0
33,1,226.95910164189462,19.12003240275777,18.935955597408284,47.70389200149446,26.00162013788841,16.797779870414136,7.793234250311443,7.793234250311443,0,0,0,1
33,2,213.84485037216672,18.113089573248825,17.964739165941083,55.04100001855842,25.654478662441235,15.107232543469667,8.756754433038273,7.793234250311443,0,0,1,2
33,3,188.30832050410737,16.72980338032593,19.57242042586967,64.19929325650526,30.48690535495586,20.3925015225266,8.512176622686447,8.756754433038273,0,1,1,3
33,4,139.64764218010737,20.494720531811986,19.430657420708947,73.8109902293846,31.98110819399595,21.417208322000366,8.110113054,8.512176622686447,0,1,1,4
33,5,85.03945011572826,20.974477944969916,21.260885307258917,69.76500631439981,31.24811173442331,29.60753318232789,6.826024008047389,8.110113054,1,1,1,5
33,6,35.33322729625115,22.143752426645577,22.151091884678806,64.51216277326571,24.74389293996263,29.406976275959007,6.213277852434638,6.826024008047389,2,0,0,6
33,7,24.88725747878723,20.0662566817783,19.994028508265743,59.49779879230988,29.48853623324298,25.987219428113484,5.222984908731959,6.213277852434638,3,0,0,7
33,8,12.956312158398656,18.11097530003115,18.293726601070656,55.54426004605378,31.79577150725637,29.57345768020978,5.103819230963974,5.222984908731959,4,0,0,8
33,9,0.0,18.10816285974422,18.041651150191765,65.91180617549742,30.16282877349672,27.434649723412427,5.355966205113231,5.103819230963974,4,0,0,9
34,0,212.91968750061227,21.0,21.0,40.0,28.28820844287196,17.71995470429493,5.2969265193636375,4.118736003062949,0,0,0,0
34,1,212.91968750061227,19.16576416885744,18.9543990940859,48.28146936649004,28.28820844287196,17.71995470429493,5.2969265193636375,5.2969265193636375,0,0,0,1
34,2,204.61430394715924,18.12628896539206,18.111278439222215,57.87470865429316,30.23951126885254,23.056262552275875,6.157083578200977,5.2969265193636375,0,0,0,2
34,3,204.61430394715924,16.88979878857997,16.772854797251,68.98298671902101,33.892506687075425,27.820149228079316,6.825420201567432,6.157083578200977,0,1,1,3
34,4,163.26101149923727,18.880449724927765,18.85844081063577,80.29681572423722,32.85460558453446,30.0,6.892215407986995,6.825420201567432,0,1,1,4
34,5,112.64456197657343,20.10556961773395,20.126818967850397,75.93460788680696,29.18325577808365,29.91558956952605,6.327056190332981,6.892215407986995,1,1,1,5
34,6,64.81800345116801,21.336967277517434,21.238218902612697,71.42893596474495,31.460250574350667,26.841572080860384,5.978319815675677,6.327056190332981,2,1,1,6
34,7,19.83554933119366,22.29686014863436,22.169588755811606,65.99927627607984,30.50667627495129,22.661881010242528,5.622806764996793,5.978319815675677,3,0,0,7
34,8,9.678156103239768,20.097702207842662,19.948251559487623,62.165932286415355,35.70929057264517,26.327687262552125,5.078696613976946,5.622806764996793,4,0,0,8
34,9,9.678156103239768,18.679392245335716,18.482117494372343,73.91598619803729,38.6917872801413,26.5862900066472,4.716536043130282,5.078696613976946,4,0,0,9
35,0,354.0866558679934,21.0,21.0,40.0,33.91127088394596,20.42283520936855,7.586468305,2.128247833012694,0,0,0,0
35,1,354.0866558679934,19.27822541767892,19.008456704187374,49.78013909679661,33.91127088394596,20.42283520936855,7.586468305,7.586468305,0,0,0,1
35,2,342.212359736614,18.09154933943868,18.113636004323205,60.183734345406805,32.48061004231343,25.317141338854327,11.02916842047861,7.586468305,0,0,0,2
35,3,342.212359736614,16.854367216725226,16.68410888604792,70.43670975551856,32.57129553060911,24.38967897001181,11.652346146318983,11.02916842047861,0,1,1,3
35,4,252.003340046265,18.156851326019392,18.09605664904217,66.9825333289854,34.86853655302945,29.27492774400851,11.276127461293624,11.652346146318983,1,1,1,4
35,5,172.3338116496069,19.566144960641978,19.437859915193876,63.60133084388471,35.9375237549187,28.61135132785524,9.958691049582262,11.276127461293624,2,1,1,5
35,6,106.67804321456701,20.80711522379917,20.771044950943352,60.072332922296965,33.72778932451251,30.0,8.206971054379984,9.958691049582262,3,1,1,6
35,7,48.71269965584921,21.95213832797167,21.847132786862144,56.713983770762155,35.233584597671275,29.44225344935753,7.245667944839726,8.206971054379984,4,1,1,7
35,8,9.773368956327076,23.616723113432954,23.372583769331218,69.17495791586106,41.50484223058399,27.72279190885437,6.489888449920356,7.245667944839726,4,0,0,8
35,9,9.773368956327076,21.81488097206391,21.679824186296724,81.68261036034174,39.950943737389096,29.536014287503573,5.354143166994714,6.489888449920356,4,0,0,9
36,0,79.21942224291678,21.0,21.0,40.0,27.685076794675016,24.52235008408805,2.7904907897140183,4.960442241307833,0,0,0,0
36,1,62.47647750463267,22.1537015358935,22.090447001681763,49.39733683817735,27.685076794675016,24.52235008408805,2.7904907897140183,2.7904907897140183,0,0,0,1
36,2,59.31283653213838,19.553631872257775,19.452158340575316,44.04053736894024,29.797915439657466,23.7754208423586,1.5818204862471457,2.7904907897140183,1,0,0,2
36,3,47.60418735230138,20.383985766946147,20.16723291929429,38.323296590780835,31.96531496180538,19.60556960397569,1.463581147479624,1.5818204862471457,2,0,0,3
36,4,33.699282830126535,21.252366623074177,21.032975705225088,32.35781441730196,32.20630215506365,17.985463547831475,1.7381130652718553,1.463581147479624,3,0,0,4
36,5,10.765131062671035,22.15995845274213,22.000171043377122,26.519015253526455,31.087897218617087,19.807662982630116,2.866768970931938,1.7381130652718553,4,0,0,5
36,6,1.2091856463766997,20.872909419139372,23.578912458182508,36.48836323085743,36.2409628645229,19.144303676204725,3.1853151387647785,2.866768970931938,4,0,0,6
36,7,1.2091856463766997,21.309183719923944,20.279836017932684,46.36109189563514,32.86291604800712,21.985576534091265,2.933271851544377,3.1853151387647785,4,0,0,7
36,8,1.2091856463766997,19.20920045229284,19.49855880719135,56.191173584729476,27.79193136217813,26.81963357723485,2.6673414910542466,2.933271851544377,4,0,0,8
36,9,0.0,18.17850478264726,18.00827831775819,65.89600194630302,31.89864748896018,22.017065630892795,2.6465244550822216,2.6673414910542466,4,0,0,9
37,0,55.73443532169759,21.0,21.0,40.0,33.93792267834392,22.819069160221524,3.2843431330791875,7.220572235164975,0,0,0,0
37,1,29.459690257064086,21.57875845356688,21.356381383204432,35.21625853094178,33.93792267834392,22.819069160221524,3.2843431330791875,3.2843431330791875,1,0,0,1
37,2,25.326537186550524,18.982575337076455,18.834586743335116,29.764776346422963,31.89120346981068,21.156117727307,2.06657653525678,3.2843431330791875,2,0,0,2
37,3,16.47011695436122,19.888456035874455,19.629896762108892,24.37963044656408,34.281824353146646,19.13403175874846,1.107052529023663,2.06657653525678,3,0,0,3
37,4,15.68578909836122,20.750669870258267,20.674642411068028,19.040091545210913,30.674495195905592,22.994733129910152,0.098040982,1.107052529023663,4,0,0,4
37,5,14.843386437175123,22.460408215419356,22.272374130896303,27.721411413684145,29.385835469428915,18.843719355422373,0.1404004435310161,0.098040982,4,0,0,5
37,6,13.251427966639636,24.03982115227325,23.917608457898464,37.60274090007276,31.91371045548319,22.982564468898016,0.2653264117559145,0.1404004435310161,4,0,0,6
37,7,7.049004846018749,25.41000744371015,25.364668374298166,47.750951650132016,30.239546248830663,26.139402362609644,1.033737186770148,0.2653264117559145,4,0,0,7
37,8,0.0,26.618849704564457,26.4716679368399,58.62204452727913,34.21706742800142,26.177893000593663,1.1748341410031249,1.033737186770148,4,0,0,8
37,9,0.0,24.5062682948537,24.338882561644507,69.86390111001246,36.51588598464552,25.938872808317434,2.007588224141956,1.1748341410031249,4,0,0,9
38,0,89.13586672207946,21.0,21.0,40.0,27.41719516140864,24.44350780714981,2.575014029021886,4.983665124764339,0,0,0,0
38,1,73.68578254794814,22.148343903228174,22.088870156143,49.33492653434052,27.41719516140864,24.44350780714981,2.575014029021886,2.575014029021886,0,0,0,1
38,2,67.82730136352818,19.513826154714632,22.55031080482766,44.55941705893938,27.93529941864322,28.867425718017135,1.1716962368839925,2.575014029021886,1,0,0,2
38,3,60.37715449059335,22.165906084706982,21.21149108335395,39.505173968819925,28.713842685424147,26.54036236946776,0.9312683591168536,1.1716962368839925,2,0,0,3
38,4,51.85549038213307,22.3465312182644,22.57247577234308,34.35062805336893,28.85798222637257,25.83898491001079,1.0652080135575348,0.9312683591168536,3,0,0,4
38,5,41.20628688086174,23.382901926436087,23.253289190921514,29.46369971604203,29.637599961921737,26.54613149737328,1.3311504376589165,1.0652080135575348,4,0,0,5
38,6,27.191923671141502,24.961989582830853,24.905727913138108,41.120009129166064,34.75727451735574,30.0,2.33572720162004,1.3311504376589165,4,0,0,6
38,7,8.410822072,26.457465797126975,26.259410336125747,53.27469084146726,39.13635380411853,28.389655708665888,3.130183599856917,2.33572720162004,4,0,0,7
38,8,8.410822072,24.637146866493268,24.40857588058562,66.0108071162055,42.57779136836207,28.178410157961466,3.884326373605131,3.130183599856917,4,0,0,8
38,9,8.410822072,22.731661711814137,22.5985465503176,78.38101899367686,39.40386109136349,29.319538227921853,4.123240467148195,3.884326373605131,4,0,0,9
39,0,232.25565319971577,21.0,21.0,40.0,26.884939390196006,24.75378607633906,6.144777674852652,3.0368237570879333,0,0,0,0
39,1,232.25565319971577,19.13769878780392,19.095075721526783,49.29497058397631,26.884939390196006,24.75378607633906,6.144777674852652,6.144777674852652,0,0,0,1
39,2,223.2994351937799,18.048178100828096,17.94760051370509,57.18624997270672,25.67244403654346,18.167997011958807,7.495477395861172,6.144777674852652,0,0,1,2
39,3,199.60919784647086,16.6450484963412,19.52292516688766,65.80089793367236,27.73699280911009,20.12216252958788,7.896745782436351,7.495477395861172,0,1,1,3
39,4,151.77726145304723,20.360516543378267,19.347965109003415,74.54795436332901,28.02708980154136,20.56766814099561,7.971989398903939,7.896745782436351,0,1,1,4
39,5,92.94658128122958,20.763006828184565,21.026634641818628,68.24733443944139,25.1683850728276,23.161504238907817,7.353835021477204,7.971989398903939,1,1,1,5
39,6,45.791436138577595,21.987793223403852,21.79841243919335,62.02708949579029,27.145519492865287,21.63089748685088,5.894393142831498,7.353835021477204,2,1,1,6
39,7,6.969724712610496,22.83000506325934,22.78474167035666,57.12285246167224,30.595726720484485,25.491845312192996,4.852713928245888,5.894393142831498,3,0,0,7
39,8,0.0,20.522800367586076,20.419144247208635,52.052213682910335,30.51243740408976,24.650680491677463,3.484862356305248,4.852713928245888,4,0,0,8
39,9,0.0,18.917144085597894,18.87516773353781,62.22196044491922,30.076126265468627,26.42246685680295,2.1439163266950447,3.484862356305248,4,0,0,9
40,0,74.36168280403868,21.0,21.0,40.0,26.13526509433376,24.3194108763197,2.160940524443446,5.837801084,0,0,0,0
40,1,57.07415860849111,21.422705301886676,21.386388217526395,34.08184167471762,26.13526509433376,24.3194108763197,2.160940524443446,2.160940524443446,1,0,0,1
40,2,53.54773236849111,21.831729293338025,21.88923974083672,28.78559724466917,25.789493528433376,28.120259637964104,0.44080328,2.160940524443446,2,0,0,2
40,3,46.89874151070847,22.428962466159746,22.434777208095298,23.688096905773797,26.93024659843937,28.08364040769745,0.8311238572228303,0.44080328,3,0,0,3
40,4,37.83876396717781,23.235903402158186,23.180515740436924,19.970886058039177,32.6821619570299,30.0,1.132497192941332,0.8311238572228303,4,0,0,4
40,5,27.981063069148036,24.690614605470454,24.738401861738474,30.49034743827442,28.441452112418013,30.0,1.6429501496716297,1.132497192941332,4,0,0,5
40,6,11.317974782020977,26.17246308492656,26.126799044998247,41.408673223205334,31.111879312116848,29.545486159721573,2.7771813811878427,1.6429501496716297,4,0,0,6
40,7,11.317974782020977,24.480142112904872,24.384222662767897,53.19524118224461,35.48093310577375,30.0,4.2769412997169525,2.7771813811878427,4,0,0,7
40,8,11.317974782020977,22.7967733063562,22.66820373037593,64.90998806025964,36.474598825575775,28.607328274507715,4.827782430960498,4.2769412997169525,4,0,0,8
40,9,11.317974782020977,20.971276545573545,20.915252980788523,75.29113156961273,31.2013706876807,26.47164880872539,5.245410445267625,4.827782430960498,4,0,0,9
41,0,231.12596069972557,21.0,21.0,40.0,26.44633370645822,20.839991102824285,7.741069094668894,2.8196600559436518,0,0,0,0
41,1,231.12596069972557,19.128926674129165,19.016799822056488,48.51153846567085,26.44633370645822,20.839991102824285,7.741069094668894,7.741069094668894,0,0,0,1
41,2,218.42292255655101,17.926734790602605,18.123659278046066,56.28762674921613,20.533088878220013,22.667401585920437,9.475349362,7.741069094668894,0,1,0,2
41,3,189.2704240030323,19.788457056619222,16.576130419849616,66.22941385100614,31.44730754616413,23.784843019335973,9.717499517839574,9.475349362,0,1,1,3
41,4,135.20442380747295,19.513098417447267,20.42978872260065,75.49354778241509,26.90889751196228,24.558513218087423,9.011000032593229,9.717499517839574,0,1,1,4
41,5,74.05172899190097,21.152944636766655,20.81468954677784,68.89617783030266,24.92183898297999,21.75943906083988,7.644086851946499,9.011000032593229,1,1,1,5
41,6,27.781376285550113,22.002372537685496,21.97583327925129,62.96219329602333,28.383770929439788,21.982981657897223,5.783794088293858,7.644086851946499,2,0,1,6
41,7,11.639467265463733,19.85080341936058,22.788786754358878,56.72634597268575,26.094329609583674,22.595407482985337,3.228381804017276,5.783794088293858,3,0,0,7
41,8,0.0,22.53046809037019,21.597137310887664,50.425422407254075,25.46249568170993,22.865706732558507,1.4549334081829666,3.228381804017276,4,0,0,8
41,9,0.0,20.18195665024818,20.45369792454247,60.381401599806026,27.86194674585024,27.449048768327252,1.643142602749059,1.4549334081829666,4,0,0,9
42,0,130.8444452528566,21.0,21.0,40.0,29.987010434134508,19.76712411690996,3.491291263362929,5.576542457704608,0,0,0,0
42,1,109.89669767267903,22.19974020868269,21.995342482338202,48.955744219188006,29.987010434134508,19.76712411690996,3.491291263362929,3.491291263362929,0,0,0,1
42,2,109.89669767267903,20.280409106410616,20.110634775789897,58.86366113134814,33.29933263576874,21.74465020956532,2.112009550046224,3.491291263362929,0,0,0,2
42,3,96.63301333121412,21.658307131906895,21.57949083599179,68.50507916623688,30.025431641112768,23.53800188604692,2.210614056910818,2.112009550046224,0,0,0,3
42,4,79.97284478852228,23.151380898109323,22.998083282822808,77.95540148502197,30.67445793148462,21.82733272843251,2.7766947571153064,2.210614056910818,0,0,0,4
42,5,63.055582622033846,20.97166772075454,23.829685152036753,73.58822570496861,34.23491916577876,24.83632650059146,3.3834524332976885,2.7766947571153064,1,0,0,5
42,6,43.10365312018318,20.845618012486337,22.752439089506655,68.27978135329604,32.8153302518961,21.026645572145227,3.990385900370133,3.3834524332976885,2,0,0,6
42,7,32.87578619333785,20.19270723637508,19.29511322702774,63.757211228153466,37.24266403063518,20.96527971857273,5.113933463422666,3.990385900370133,3,0,0,7
42,8,16.754947666756316,18.062065736894663,18.140480925094156,58.83529865961974,31.470264915144558,24.51910970411249,5.844461020534741,5.113933463422666,4,0,0,8
42,9,0.0,18.210776225367574,18.10588686276095,69.65944981789158,34.829675058591924,25.30449804291834,6.166486720011398,5.844461020534741,4,0,0,9
43,0,91.36167497173938,21.0,21.0,40.0,29.811094768392017,22.949714610376667,3.286918212,6.568422984102493,0,0,0,0
43,1,71.64016569973938,22.19622189536784,22.058994292207533,49.496945688178364,29.811094768392017,22.949714610376667,3.286918212,3.286918212,0,0,0,1
43,2,69.72914856863572,19.702858525300062,19.514877147489848,45.95800739355175,37.56502398388372,26.107541045968468,0.9555085655518278,3.286918212,1,0,0,2
43,3,61.45321062266483,20.553541296864914,20.43972894538073,42.50247239378896,36.323127454673454,27.81278921331106,1.0344922432463612,0.9555085655518278,2,0,0,3
43,4,51.5639739490659,21.511486474355383,21.452844840313965,39.06727349399868,34.444080987749395,29.80481401341568,1.2361545841998662,1.0344922432463612,3,0,0,4
43,5,34.57688986025221,22.595814988524147,22.459423941375885,35.784648444652504,36.39785218583333,28.698675317799022,2.1233855111017106,1.2361545841998662,4,0,0,5
43,6,10.723276053838639,24.276825758270196,24.099757750698146,46.82646469317733,36.121344844371016,25.22207875854469,3.975602301068928,2.1233855111017106,4,0,0,6
43,7,10.723276053838639,22.644456162080434,22.62792398186262,58.05886779639652,32.942434293400204,29.45980516892865,4.715582084674133,3.975602301068928,4,0,0,7
43,8,10.723276053838639,21.09165249333228,20.925304932008423,67.83651368889944,31.44280786390493,22.87744709444464,5.393763310810511,4.715582084674133,4,0,0,8
43,9,10.723276053838639,19.45744613973277,19.31722968345491,78.1399327219536,33.37362654202585,23.867590308275037,5.049292147680222,5.393763310810511,4,0,0,9
44,0,345.9653566191799,21.0,21.0,40.0,25.90418423101937,18.722284496043383,7.387351990978872,2.421659745766675,0,0,0,0
44,1,345.9653566191799,19.118083684620387,18.97444568992087,48.0327643708713,25.90418423101937,18.722284496043383,7.387351990978872,7.387351990978872,0,0,0,1
44,2,332.5285695899801,18.094277491728228,18.07286721894245,56.24820061192786,25.941797518713987,19.69951493160024,9.225697097092793,7.387351990978872,0,0,0,2
44,3,332.5285695899801,16.722494106536548,16.585578604405885,64.73567462360201,27.15978129825489,19.992852099934836,10.252409363366697,9.225697097092793,0,1,1,3
44,4,268.9591857649924,18.61573874549336,18.475462950097857,73.09240915566457,27.74691262881912,18.67939032708398,10.594897304164617,10.252409363366697,0,1,1,4
44,5,193.8029469697508,19.72150820615635,19.6250522177697,66.00402746708542,25.440185706857164,18.513249356592056,9.394529849405204,10.594897304164617,1,1,1,5
44,6,121.94587113953284,20.835596892903045,20.716147842018263,59.46259064757618,27.205655019715987,19.786362649677116,8.982134478777244,9.394529849405204,2,1,1,6
44,7,59.08128565944754,21.851952701490088,21.733606710820133,54.394801235880834,31.443991504786457,23.7349562080172,7.858073185010663,8.982134478777244,3,1,1,7
44,8,0.0,22.61956985704438,22.560372339114195,49.90255799197047,31.555746089639232,26.82068033308093,7.385160707430942,7.858073185010663,4,0,0,8
44,9,0.0,20.843515659545393,20.844313219442537,60.80417788360208,30.70631986380228,29.85823508970669,7.388889470064255,7.385160707430942,4,0,0,9
45,0,100.54558682796647,21.0,21.0,40.0,30.254637820087137,24.15019091140085,4.706471405544279,4.186657216829217,0,0,0,0
45,1,100.54558682796647,19.205092756401744,19.08300381822802,49.79286917166784,30.254637820087137,24.15019091140085,4.706471405544279,4.706471405544279,0,0,0,1
45,2,95.38860388228338,18.11182993219434,18.101718576613052,59.21313093549671,29.105258078665106,23.22952949816192,4.322788377059762,4.706471405544279,0,0,0,2
45,3,85.91589817628727,18.120796174907518,18.08149919690627,69.4489344949381,31.93629455773724,24.92928077249275,3.563578461605607,4.322788377059762,0,0,0,3
45,4,71.03729221828931,20.121983475540816,18.120507465212953,80.89909339347224,37.20700033061553,26.404993550129674,3.5401861496586355,3.563578461605607,0,0,0,4
45,5,47.730073055503176,18.142786940578596,20.65204742320086,77.93353353100517,36.858000764071846,30.0,3.914533397439822,3.5401861496586355,1,0,0,5
45,6,38.98587555130895,18.186503954778196,18.155099554221966,75.10548829916208,37.621970934205024,30.0,3.042716073903034,3.914533397439822,2,0,0,6
45,7,21.760203474393975,19.58741243808957,19.501137337445993,71.7667560864561,34.784821040522374,30.0,2.153209009614372,3.042716073903034,3,0,0,7
45,8,7.393883275567168,20.697479770440257,20.587525649389804,68.6458599134639,36.39342691166532,29.601594349489066,1.7957900248533507,2.153209009614372,4,0,0,8
45,9,7.393883275567168,19.175452454891065,19.00910837538872,79.56705525498317,35.31991162187953,25.353395831005383,2.6657300580809933,1.7957900248533507,4,0,0,9
46,0,181.09795985361046,21.0,21.0,40.0,29.4495500706672,18.6187221624415,5.635608556225983,5.565058434578892,0,0,0,0
46,1,181.09795985361046,19.188991001413346,18.97237444324883,48.652289001959566,29.4495500706672,18.6187221624415,5.635608556225983,5.635608556225983,0,0,0,1
46,2,173.59296392470867,18.23628344048455,18.058097187701087,58.98074213288544,36.822589690922285,20.557705480888096,5.831586942675515,5.635608556225983,0,0,0,2
46,3,173.59296392470867,16.877467538810034,16.850064548692714,70.21273960173126,33.221464617825134,29.178521320207217,6.267322567,5.831586942675515,0,1,1,3
46,4,121.89234966642343,18.215356644744716,18.172059047350583,66.43777915219192,32.46862777867955,29.89270305721302,6.462576782285655,6.267322567,1,1,1,4
46,5,76.3958897723665,19.588053929873915,19.44011511792186,62.184541706757244,33.87532048638328,25.828915927868483,5.687057486757116,6.462576782285655,2,1,1,5
46,6,40.3628523083665,20.780801904451856,20.616604807516318,56.83303282732503,32.01583273682822,21.586895710770563,4.504129683,5.687057486757116,3,1,1,6
46,7,12.328342432926847,21.792881088360918,21.6907467622989,52.097997346696445,32.298626710154295,24.728953953020262,3.504313734429956,4.504129683,4,1,1,7
46,8,2.6649933619164856,23.271632590509096,23.119533019975222,61.73241048108606,31.33075541544981,22.19376199782585,1.610558178501727,3.504313734429956,4,0,0,8
46,9,2.6649933619164856,21.374343488693853,21.273906006525312,71.4669062627603,30.691949893423917,23.388582226988508,0.8803954859311962,1.610558178501727,4,0,0,9
47,0,97.01465964719735,21.0,21.0,40.0,29.243793583307443,15.3766626812058,2.378815055016228,4.777329732,0,0,0,0
47,1,82.74176931709998,22.18487587166615,21.907533253624116,48.031682127612385,29.243793583307443,15.3766626812058,2.378815055016228,2.378815055016228,0,0,0,1
47,2,74.24180279483595,19.513988604646737,22.249365724225846,41.722048942239184,32.835549464245176,15.444266172570392,1.6999933044528066,2.378815055016228,1,0,0,2
47,3,54.1999251475004,22.06187574336426,21.01375404301901,36.38823872544537,32.53824128736074,21.16281306378475,2.505234705916943,1.6999933044528066,2,0,0,3
47,4,39.70095670637446,22.313245101098648,19.415411014238718,31.964850724152434,34.68624269827398,24.072712850098597,2.899793688225188,2.505234705916943,3,0,0,4
47,5,21.37497112622791,18.52907207923347,22.26214806042405,27.315025677212738,32.15734210240793,25.3436298590382,3.665197116029311,2.899793688225188,4,0,0,5
47,6,21.37497112622791,19.877977261559046,18.638388822768153,38.15343730493163,33.09834007672874,27.11505785504288,3.83180229053476,3.665197116029311,4,0,0,6
47,7,20.95831037617792,18.08778349931083,18.254650337446144,47.97951149367323,29.907189280175064,24.682111768389365,4.145542206926265,3.83180229053476,4,0,0,7
47,8,11.591633655399004,18.104826338785216,18.15623845473137,58.4811288579364,32.179978856086194,26.16233983426476,4.256385115332762,4.145542206926265,4,0,0,8
47,9,0.0,18.153257571290037,18.073355722846433,69.24847569432065,33.283976898865824,26.534616636602195,4.491674244651945,4.256385115332762,4,0,0,9
48,0,187.54133606837016,21.0,21.0,40.0,32.077185826254336,16.38042125620044,6.6251186068522285,7.473919274,0,0,0,0
48,1,187.54133606837016,19.241543716525086,18.92760842512401,48.72236927484186,32.077185826254336,16.38042125620044,6.6251186068522285,6.6251186068522285,0,0,0,1
48,2,179.94181263290696,18.26252228323544,18.247401307615327,60.288923274639885,37.868272213754224,26.39036111845704,5.5964268643967054,6.6251186068522285,0,0,0,2
48,3,172.89372206990117,17.014031057265193,18.103862181344816,71.65513787772619,33.97693430189244,29.16870238192036,5.965579643828574,5.5964268643967054,0,1,0,3
48,4,147.0142424849012,19.042144245727766,15.583812871227003,67.7651249279533,34.14562607144157,27.576524207597902,5.175895917,5.965579643828574,1,1,1,4
48,5,105.58845542580616,18.3043874280998,19.24313550711725,64.45388692794833,34.93756666663909,30.0,5.178223382386878,5.175895917,2,1,1,5
48,6,68.26055763003487,20.344137507485666,19.93675589590126,61.04699178317257,35.346998739268926,29.05913934531021,4.6659872244714125,5.178223382386878,3,1,1,6
48,7,34.31161253213815,21.32469823825539,21.330214371574264,57.89727693458062,35.834917507822496,30.0,4.243618137237089,4.6659872244714125,4,1,1,7
48,8,7.381396307945292,22.950543136545424,22.81173636074688,68.58430850096644,33.11499719058823,26.257400400444176,4.488369370698809,4.243618137237089,4,0,0,8
48,9,7.381396307945292,21.056714111136742,20.99347570784938,78.03024471339863,28.860722601873697,23.61670080052735,4.351844173529709,4.488369370698809,4,0,0,9
49,0,100.01740613876532,21.0,21.0,40.0,34.66788230859014,19.37149424433721,3.935726773728825,7.358534679,0,0,0,0
49,1,76.40304549639238,22.293357646171803,21.987429884886744,49.727087779526926,34.66788230859014,19.37149424433721,3.935726773728825,3.935726773728825,0,0,0,1
49,2,76.40304549639238,20.37635369628029,20.188453127442244,60.504661961080224,36.92967849045933,22.945733629281232,1.9630760674647807,3.935726773728825,0,0,0,2
49,3,70.69492810856288,21.9227524097114,21.641106637425896,71.6731498827881,39.473976133722616,22.573178986876645,0.9513528979715836,1.9630760674647807,0,0,0,3
49,4,61.006104810627974,22.731374049930572,22.56281324785723,68.38488551144147,38.858962312456505,26.206235624506657,1.2111029122418622,0.9513528979715836,1,0,0,4
49,5,44.365903409780145,23.664811588858562,23.46537108213229,64.9049206686532,38.25031634262834,25.74987897521464,2.080025175105979,1.2111029122418622,2,0,0,5
49,6,17.088938882623278,24.486147444108507,24.397460008749754,61.302908109351634,35.37406590857813,27.9480865397465,3.409620565894609,2.080025175105979,3,0,0,6
49,7,8.724417189982507,22.213243365830788,22.153631567402517,57.87887037067473,34.310901451794976,30.0,4.182260846320386,3.409620565894609,4,0,0,7
49,8,8.724417189982507,20.70654013618948,20.658229916768676,69.12142211848368,32.88415438431264,29.574466436848137,4.249714388,4.182260846320386,4,0,0,8
49,9,8.724417189982507,19.175728703283003,19.0761076411958,80.00200355945657,33.0766905338719,27.37098413819972,4.513349779310955,4.249714388,4,0,0,9
50,0,47.00723120192455,21.0,21.0,40.0,29.218066717050583,15.959486398172444,2.0654438238572403,2.993402286830668,0,0,0,0
50,1,34.614568258781105,22.184361334341013,21.91918972796345,48.13195956074014,29.218066717050583,15.959486398172444,2.0654438238572403,2.0654438238572403,0,0,0,1
50,2,25.6437857111871,22.38330657785957,22.330763539507924,41.288518782006115,25.95947195458388,19.354745941338184,1.121347818449251,2.0654438238572403,1,0,0,2
50,3,15.746672500266975,22.875937162305764,22.716252604172627,34.70295049925963,27.759608177781093,18.98723469584954,1.2371391513650158,1.121347818449251,2,0,0,3
50,4,11.590455364274073,23.434756275060845,23.425612281085137,29.080838626473763,27.475923277652807,24.62345520687017,0.5195271419991128,1.2371391513650158,3,0,0,4
50,5,10.023200579136335,24.296541041807885,23.99964999625326,23.408880894616928,33.40208461630324,18.420372428936545,0.1959068481422173,0.5195271419991128,4,0,0,5
50,6,8.039605407845649,25.62455868189592,25.501787961178334,32.946853273989895,31.79031858007983,21.198416860881103,0.3305991952151142,0.1959068481422173,4,0,0,6
50,7,0.0,26.88358712295096,26.71965054741329,42.88389272874197,32.62208216813495,22.58369258048766,1.3399342346409415,0.3305991952151142,4,0,0,7
50,8,0.0,24.904008927987856,24.71199548078353,53.573015508109314,35.721868217105595,23.662147223824093,2.3570083858961146,1.3399342346409415,4,0,0,8
50,9,0.0,22.82107518626325,22.84052614426498,64.30648354143993,30.769015885463187,28.861362077484664,2.969739150353873,2.3570083858961146,4,0,0,9
51,0,75.19661950647854,21.0,21.0,40.0,30.64393802657934,20.32068332507236,3.015526451626599,6.171850198506405,0,0,0,0
51,1,57.10346079671895,22.212878760531588,22.006413666501448,49.17363184329731,30.64393802657934,20.32068332507236,3.015526451626599,3.015526451626599,0,0,0,1
51,2,55.33572127316262,19.488444493709334,19.444704888546873,43.36439939426033,28.17188819807372,22.88793152949864,0.8838697617781637,3.015526451626599,1,0,0,2
51,3,47.31257211345225,20.284326527648766,20.163220215987486,37.30250186033605,28.18376723601623,21.472357575515527,1.0028936449637966,0.8838697617781637,2,0,0,3
51,4,40.58011484287932,21.202120139607416,21.100557826531293,32.33278316250609,31.30924767039048,24.41453734166527,0.8415571588216164,1.0028936449637966,3,0,0,4
51,5,30.77772358392211,22.166623041575818,22.098029416620165,27.294271990921658,30.14736027311659,25.19424432919215,1.2252989073696512,0.8415571588216164,4,0,0,5
51,6,20.76719655474632,23.731179873648276,23.730121664462345,36.5023009225298,26.11876556017168,25.03695072654021,1.6684211715292987,1.2252989073696512,4,0,0,6
51,7,0.0,25.145504788599577,25.14553808620241,46.316452567426936,27.268636475760243,27.254428218112764,3.4611994257910537,1.6684211715292987,4,0,0,7
51,8,0.0,23.210763708009942,23.277523838668245,55.68490143200977,24.35421606980689,27.6927220667644,4.843064963661915,3.4611994257910537,4,0,0,8
51,9,0.0,21.313269628019725,21.328772102441533,64.57683964769254,23.81156553641412,25.58809121737903,5.062932254006196,4.843064963661915,4,0,0,9
52,0,189.2721075068241,21.0,21.0,40.0,26.97908180760525,21.78795921492037,5.487051280769098,5.792119723600514,0,0,0,0
52,1,172.81095366451683,22.139581636152105,19.03575918429841,48.77806738405461,26.97908180760525,21.78795921492037,5.487051280769098,5.487051280769098,0,0,0,1
52,2,172.81095366451683,18.402261972379872,19.295674509116385,58.90792684149646,29.081853463384,27.19514352240409,5.474302849034235,5.487051280769098,0,0,0,2
52,3,166.08051420830412,18.055797899639238,18.15632991921934,69.09421805826933,27.508896327301755,29.081610432547564,5.031784312788423,5.474302849034235,0,0,0,3
52,4,155.30875390804906,18.14315386730169,18.01709473365465,79.71334180498685,32.88090113399442,26.11423079221399,4.887322591539923,5.031784312788423,0,0,0,4
52,5,137.69189225944598,16.542975453233986,18.02871273640792,75.63159575635507,37.35336772691018,23.303598669579863,4.724393558605451,4.887322591539923,1,1,0,5
52,6,100.12573829951339,19.148699227061474,18.13399141321119,72.3691193477669,38.4289474623262,26.779516934406207,4.901636775385383,4.724393558605451,2,1,0,6
52,7,67.31533244500143,19.91224363131207,18.02294372426819,68.35947471385508,37.22669584772122,23.830833963879797,5.401596740240587,4.901636775385383,3,1,0,7
52,8,36.95237593222335,19.97399705503563,18.106148621871583,65.39989355374281,39.69263163843063,27.198584138723422,5.221270872074358,5.401596740240587,4,1,0,8
52,9,22.547466489048205,20.537368573689818,18.094687297298496,77.60205693291513,38.70926911843311,29.08052743252425,4.516298223514285,5.221270872074358,4,1,0,9
53,0,136.2765555355294,21.0,21.0,40.0,32.15040635947739,16.98588571567614,5.906667666199581,6.967597182107072,0,0,0,0
53,1,136.2765555355294,19.243008127189547,18.939717714313524,48.84453257352764,32.15040635947739,16.98588571567614,5.906667666199581,5.906667666199581,0,0,0,1
53,2,129.73601863678832,17.946337381806238,18.059140119875057,57.019560790902105,25.609719925201645,19.8071035046565,5.369467027425401,5.906667666199581,0,1,0,2
53,3,110.20523738391464,19.661145250352067,18.115885593650287,66.31541134258637,26.723253109882407,24.9203610661413,4.316539115878264,5.369467027425401,0,1,0,3
53,4,98.93482620411277,20.446119363551677,18.05019562064846,75.45780786772124,29.276966697170145,21.514125109134675,3.4196748616774157,4.316539115878264,0,1,0,4
53,5,71.14373393189811,20.105736838756314,20.695958568691193,70.08422339310297,29.95392794946264,23.526158302658114,3.473886534026832,3.4196748616774157,1,1,0,5
53,6,35.706522024503016,21.663406547928506,21.377013715461505,65.15427296328825,30.705517754344644,25.239202080017986,4.429651488424386,3.473886534026832,2,1,0,6
53,7,13.582192063524092,22.41421353946423,19.534224992588193,60.294123848676264,27.31391237481465,29.01859254400765,4.424865992195785,4.429651488424386,3,0,0,7
53,8,5.4128894807543855,18.299155875940844,19.25005962794172,54.38601950436998,23.082586011808587,27.427945408712063,4.084651291384853,4.424865992195785,4,0,0,8
53,9,0.0,18.07413911033521,18.15216175745445,63.98473298760358,25.170508358217145,28.15567765974726,3.490175091142972,4.084651291384853,4,0,0,9
54,0,107.13573999514605,21.0,21.0,40.0,33.19546111629865,19.02161508290255,4.268166451987251,7.251146528503431,0,0,0,0
54,1,81.52674128322255,22.263909222325974,21.980432301658052,49.39907371585622,33.19546111629865,19.02161508290255,4.268166451987251,4.268166451987251,0,0,0,1
54,2,81.52674128322255,20.26740045700825,20.172558318727646,59.34822812283336,32.133670381405466,23.139409657356428,2.6890425279620382,4.268166451987251,0,0,0,2
54,3,73.57483185792502,21.68183408108055,21.589378201939674,68.8941643561793,29.539202552698423,23.493776521445675,1.325318237549589,2.6890425279620382,0,0,0,3
54,4,66.14408035926913,23.1245554322724,23.078571242174107,78.55679316410934,28.6836594235974,24.997611731569428,1.2384585831093164,1.325318237549589,0,0,0,4
54,5,51.65113855259054,23.91231481206001,23.853240369683775,73.43277196716197,29.25501693806712,25.61153196778081,1.8116177258348232,1.2384585831093164,1,0,0,5
54,6,28.261479743108012,24.671108663427333,24.669583341426232,68.79800303871937,29.27349989995337,28.311117164254465,2.923707351185316,1.8116177258348232,2,0,0,6
54,7,19.13361955931203,22.311389757115975,22.320261599419386,64.05456823859902,28.280102745977533,28.7008150311316,4.563930091897991,2.923707351185316,3,0,0,7
54,8,8.610229334551637,20.162708187217714,19.97166779062814,59.678884281650554,34.22146010594014,24.802517911012835,5.261695112380197,4.563930091897991,4,0,0,8
54,9,8.610229334551637,18.62272427748601,18.51647178099127,70.51189515701944,34.18081226281503,26.002581489234323,4.767790069613863,5.261695112380197,4,0,0,9
55,0,90.58285989133957,21.0,21.0,40.0,28.997468520857502,17.531056450986682,3.4418711599988705,5.760294626200038,0,0,0,0
55,1,69.93163293134634,22.17994937041715,21.950621129019734,48.375134494931956,28.997468520857502,17.531056450986682,3.4418711599988705,3.4418711599988705,0,0,0,1
55,2,69.93163293134634,20.084016654802014,19.974373789042254,55.81171921371631,25.11821322887552,16.196146319926427,2.330840189993881,3.4418711599988705,0,0,0,2
55,3,62.127453655541956,21.413830079795396,21.345796708926514,63.84408948669963,24.83529541209621,19.7889838822556,1.3006965459673971,2.330840189993881,0,0,0,3
55,4,53.83765679554195,22.914519597381105,22.836980545145032,73.58592201116268,29.509372488704827,24.611919313867688,1.38163281,1.3006965459673971,0,0,0,4
55,5,41.1929553681008,23.73328446758366,23.5561746383299,67.83521104029828,30.70175814849115,20.68318090226213,1.5805876784301445,1.38163281,1,0,0,5
55,6,28.253078346363832,24.475542685017437,24.31881253581601,62.139789269899495,31.09262808722004,20.599473188342312,1.617484627717121,1.5805876784301445,2,0,0,6
55,7,19.866979168452087,25.037953837121428,25.049634947301143,56.92511927132696,28.064920590705103,26.29802386166976,1.0482623972389682,1.617484627717121,3,0,0,7
55,8,0.0,25.55244256442061,25.530092183276377,52.88977107715232,30.928517329550584,29.986214925034695,2.483372396056511,1.0482623972389682,4,0,0,8
55,9,0.0,23.537174335006146,23.361931518872165,62.88188407533622,32.30456770133104,23.207171177468403,3.4207754607158347,2.483372396056511,4,0,0,9
56,0,257.85296183754986,21.0,21.0,40.0,26.619574452116694,15.038631154240514,7.728012001146649,4.456424009021792,0,0,0,0
56,1,257.85296183754986,19.132391489042334,18.900772623084812,47.498477009144295,26.619574452116694,15.038631154240514,7.728012001146649,7.728012001146649,0,0,0,1
56,2,244.169373894334,18.113168847973228,18.037248171687732,55.639999136544205,27.628218140827848,17.6024603447272,9.11409239217624,7.728012001146649,0,0,0,2
56,3,244.169373894334,16.752433717815784,16.574195654750845,64.42997740001478,29.44196293618293,19.39124963865361,9.658710879041282,9.11409239217624,0,1,1,3
56,4,188.4803625826563,18.73896281603385,18.585692606652284,74.73748651677562,33.800510476306364,23.46342906125385,9.281501885279614,9.658710879041282,0,1,1,4
56,5,121.06147753335466,19.89936910871983,19.849300804467852,69.37711504208232,29.17798008029097,24.37551172696851,8.427360631162706,9.281501885279614,1,1,1,5
56,6,59.93955000520309,21.15154516870872,21.04396541212737,65.37248397278688,33.60769767060292,27.47768527775572,7.640240941018946,8.427360631162706,2,1,1,6
56,7,10.30598866043139,22.107347136539875,22.10199058868764,60.70419602543747,29.63996201691753,27.758438275585707,6.204195168096462,7.640240941018946,3,0,0,7
56,8,0.0,19.98425348320469,19.82605426852263,56.8326384470157,34.90749453588269,26.917185583996357,5.152994330215695,6.204195168096462,4,0,0,8
56,9,0.0,18.4422049332072,18.36188185101741,67.27461848567069,32.20007127223505,25.810928942514856,4.441829557691886,5.152994330215695,4,0,0,9
57,0,214.9493252536608,21.0,21.0,40.0,31.569373378022984,21.37348539219084,7.598820827,6.0967536474952775,0,0,0,0
57,1,214.9493252536608,19.23138746756046,19.027469707843817,49.52971457863849,31.569373378022984,21.37348539219084,7.598820827,7.598820827,0,0,0,1
57,2,205.26009089615954,18.178762425234684,18.036404337331625,58.99671951399151,33.931903163682385,18.662568699389933,7.96998135,7.598820827,0,0,0,2
57,3,205.26009089615954,16.945032748971883,16.72656941971504,70.36698002501147,38.11332586574945,25.05478808436148,7.719059936407361,7.96998135,0,1,1,3
57,4,151.70930123530138,18.350405334782263,18.154169350890925,68.09948286008137,41.91243799745935,28.823688864040044,6.693848707607271,7.719059936407361,1,1,1,4
57,5,105.00500341719103,19.628682055975826,19.52710536563197,64.04582293097403,34.41768733470548,26.39531305914268,5.838037227263794,6.693848707607271,2,1,1,5
57,6,63.45120280143323,20.915247111441058,20.8193583099998,60.69539360891858,35.51896376345633,29.200873336235624,5.194225076969724,5.838037227263794,3,1,1,6
57,7,25.011682300022123,22.10619769646213,21.914038301241916,58.05852190495935,39.86517393587248,28.818872153242918,4.804940062676389,5.194225076969724,4,0,1,7
57,8,10.228545341631797,20.70344135992815,23.530635206562337,70.93260765234623,41.52269859659381,30.0,4.927712319463442,4.804940062676389,4,0,0,8
57,9,0.0,20.38470423207375,19.212000858179376,68.27562504567614,42.39978992351935,26.17252892831344,5.1142726708158985,4.927712319463442,5,0,0,9
58,0,213.4809967187198,21.0,21.0,40.0,25.37415128584443,15.58139350111973,6.931968185400623,4.269489586438487,0,0,0,0
58,1,213.4809967187198,19.10748302571689,18.911627870022397,47.37199806165355,25.37415128584443,15.58139350111973,6.931968185400623,6.931968185400623,0,0,0,1
58,2,201.94297901091443,18.156336980079974,17.990661841447764,55.1639269229165,28.15605093014989,15.1324427435332,7.446575945898799,6.931968185400623,0,0,1,2
58,3,180.71965076669716,16.635936121490175,19.534825264115533,62.57878070861791,24.36715104550054,16.826481097285097,7.074442748072419,7.446575945898799,0,1,1,3
58,4,140.67385558869017,20.414223765698686,19.329017272807242,71.6160910621403,30.4921336234914,19.715146118299657,6.674299196334497,7.074442748072419,0,1,1,4
58,5,87.27537478869016,20.90950887796188,20.998628553454065,66.10038376336107,32.25631431277226,20.434200694009803,6.6748101,6.674299196334497,1,1,1,5
58,6,35.83874422604963,22.13437548623476,21.909719246410077,61.24132316269544,33.11728453868787,23.22126767983641,6.429578820330066,6.6748101,2,0,1,6
58,7,11.08301335063086,20.01564432197527,22.866374471086072,56.653633196199564,34.339751497315454,23.50641535548529,4.951146175083752,6.429578820330066,3,0,0,7
58,8,2.44622074663086,19.784872697170833,18.76198178234908,52.1622795184572,33.382480980706234,24.99888747628065,4.318396302,4.951146175083752,4,0,0,8
58,9,0.0,18.190582683575453,18.102444591229265,62.81659382483774,34.874615162463826,24.31601987298364,4.060415708,4.318396302,4,0,0,9
59,0,226.02495540226005,21.0,21.0,40.0,26.483845303341628,21.9133357931149,7.0424736869756295,2.341308708694496,0,0,0,0
59,1,226.02495540226005,19.129676906066834,19.0382667158623,48.711492597362174,26.483845303341628,21.9133357931149,7.0424736869756295,7.0424736869756295,0,0,0,1
59,2,213.81235083053645,18.112976876449657,18.122597817430545,58.20483748574591,30.00638194150466,22.73442299396057,9.287013822977675,7.0424736869756295,0,0,0,2
59,3,213.81235083053645,16.78734358375301,16.706848153028865,67.81309986597785,28.629846433613373,24.74938901211956,10.440992996153298,9.287013822977675,0,1,1,3
59,4,156.594246704168,18.73344662947877,18.62690351004698,77.0846062841517,29.021478211153376,22.48689077870142,9.536350687728076,10.440992996153298,0,1,1,4
59,5,93.63629028874942,19.936217602087687,19.79802293697819,71.30524323596127,29.86682044516908,21.3589403982174,7.8697445519273215,9.536350687728076,1,1,1,5
59,6,44.95938387476678,21.04913462495785,20.99216511355361,66.0295925161308,29.47277910723153,24.55138356037698,6.084613301747831,7.8697445519273215,2,1,1,6
59,7,7.989514121729184,22.03593460120533,22.028201642789483,61.30359906051655,29.159502363666185,27.918311771810146,4.621233719129699,6.084613301747831,3,0,0,7
59,8,0.0,19.79228812357739,19.753185104726217,56.22466276926629,28.59408296148077,26.522937642684443,3.994757060864592,4.621233719129699,4,0,0,8
59,9,0.0,18.333274334150055,18.199506483670802,66.37004875001952,31.81909662767957,24.544158820949477,3.153054951332821,3.994757060864592,4,0,0,9
60,0,248.46870072382123,21.0,21.0,40.0,28.238716441256617,21.80676443699532,5.895737675284039,6.303220308711328,0,0,0,0
60,1,248.46870072382123,19.164774328825132,19.036135288739906,49.00818655808535,28.238716441256617,21.80676443699532,5.895737675284039,5.895737675284039,0,0,0,1
60,2,242.0237786097962,18.093538691512048,18.080370960091496,58.46772491462403,29.14870320294833,23.404287666710992,5.250696485511845,5.895737675284039,0,0,0,2
60,3,233.84600297965525,16.865485169922735,18.128087617411207,68.62479738434843,34.0953042363352,22.33287615102256,5.474109280589384,5.250696485511845,0,1,0,3
60,4,216.60487142066097,19.703220388947546,16.15676535934161,79.24803777192119,33.70085846057591,25.31714369260612,5.747043852998098,5.474109280589384,0,1,1,4
60,5,169.62044796007166,18.745891513859178,19.76818930195264,74.64018878346063,29.90805416287307,27.826118123457118,5.873052932573664,5.747043852998098,1,1,1,5
60,6,121.03152066762647,20.62614052852238,20.312136160382078,69.32062437552506,27.072974659652346,26.707223074038943,6.073615911555651,5.873052932573664,2,1,1,6
60,7,65.60757348163378,21.475901744013466,21.548126261513197,64.16814347551414,27.903639545750966,26.80479989863286,6.927993398249087,6.073615911555651,3,1,1,7
60,8,11.561554851894591,22.372842324729096,22.342684023174524,60.04456199225601,30.42454731523256,30.0,6.755752328717398,6.927993398249087,4,0,0,8
60,9,11.561554851894591,20.60949127073091,20.633805503477333,70.70716131173559,29.236662885997664,30.0,5.925602710703807,6.755752328717398,4,0,0,9
61,0,74.62756522450381,21.0,21.0,40.0,34.80509278865018,22.839674169226885,5.284903714037762,7.108807753091166,0,0,0,0
61,1,58.77285408239052,22.296101855773006,19.05679348338454,50.376058052417875,34.80509278865018,22.839674169226885,5.284903714037762,5.284903714037762,0,0,0,1
61,2,58.77285408239052,18.65687915529114,19.412977266726784,62.41500537302776,38.833880342049866,28.04916032800504,3.560243604240781,5.284903714037762,0,0,0,2
61,3,51.71523460014145,18.114102925047746,20.463846601372552,73.73343941951991,35.95363782256288,26.92655132461576,2.176339627650459,3.560243604240781,0,0,0,3
61,4,49.75254688333898,20.821054486143673,19.97565089073226,70.35370487777418,35.790527474666575,28.766502848968244,0.2453359646003092,2.176339627650459,1,0,0,4
61,5,43.05713803533898,21.346741750525783,21.628033057218367,65.90467282515172,28.616488596541927,30.0,0.836926106,0.2453359646003092,2,0,0,5
61,6,32.50848176352434,22.649930988131306,22.496454967480982,62.32647048293467,33.45443143212744,30.0,1.3185820339768304,0.836926106,3,0,0,6
61,7,9.832967522896618,23.560757428693062,23.472750239533067,59.17362148688558,36.26000267262987,29.557502904875232,2.834439280078465,1.3185820339768304,4,0,0,7
61,8,9.832967522896618,22.00496540129825,21.866891820815297,71.38023260365115,38.01914653290039,29.79535967135276,3.795817377692595,2.834439280078465,4,0,0,8
61,9,0.0,19.68458906367932,19.570341688711057,68.58125764566951,37.78347245565754,30.0,4.916483761448309,3.795817377692595,5,0,0,9
62,0,132.05443458506267,21.0,21.0,40.0,26.99117210300796,17.055563209259258,4.462930448893935,6.577737058525979,0,0,0,0
62,1,105.27685189169907,22.13982344206016,21.941111264185185,47.9284123562081,26.99117210300796,17.055563209259258,4.462930448893935,4.462930448893935,0,0,0,1
62,2,105.27685189169907,20.12824986374404,20.01224191925877,56.5059590522708,28.21705854636809,19.43597865398028,3.788765335727567,4.462930448893935,0,0,0,2
62,3,105.27685189169907,18.641245187257468,18.44503856520028,66.81322115169249,34.40650874457375,22.85605847443565,3.004737383167191,3.788765335727567,0,0,0,3
62,4,88.52089859805689,20.50026192023139,20.293862642048868,77.89275204768235,37.40800633107499,24.14494309109093,2.792658882273697,3.004737383167191,0,0,0,4
62,5,65.39726114306556,21.53534877304273,21.343598240624107,72.60217444658909,33.312375671575445,20.62885987790645,2.890454681873916,2.792658882273697,1,0,0,5
62,6,35.09898690306556,22.420284465132283,22.403778742033733,66.89927250038184,27.67604444225004,23.974500301043022,3.78728428,2.890454681873916,2,0,0,6
62,7,24.871810076542197,20.32092946185641,20.264243458002472,62.32222503144229,30.49358893919986,27.41170290002481,5.113588413261682,3.78728428,3,0,0,7
62,8,13.639127038148192,18.310740006629562,18.19575107635033,58.072052357779654,33.160499747933585,26.560763176162883,5.616341519197003,5.113588413261682,4,0,0,8
62,9,0.0,18.122535502350157,18.095836585889952,68.76321323880433,32.751633619812885,26.643704608101917,5.779208970750829,5.616341519197003,4,0,0,9
63,0,218.76254596208705,21.0,21.0,40.0,28.010417639701927,24.12407232294737,3.960863727164933,3.6580867185612154,0,0,0,0
63,1,206.87995478059224,22.16020835279404,19.08248144645895,49.384208193276876,28.010417639701927,24.12407232294737,3.960863727164933,3.960863727164933,0,0,0,1
63,2,206.87995478059224,18.55349764375509,19.26064831687776,60.01442623464805,34.9325684176997,24.12419847880682,3.888757863,3.960863727164933,0,0,0,2
63,3,202.22030207627006,18.027608409565573,18.06989000937611,70.14102512497406,30.46723001799835,25.791652706035077,4.141915000459443,3.888757863,0,0,0,3
63,4,193.76976402877662,16.22650349689768,16.135960424491113,64.94477145442086,29.17909350449297,25.286163881322544,4.225269023746716,4.141915000459443,1,1,1,4
63,5,160.7366830921614,17.692723298849934,17.649262959688347,60.11799824839143,30.024544838673823,26.49338179449605,4.129135117076903,4.225269023746716,2,1,1,5
63,6,119.19127505216139,19.0783345660885,19.04499513074977,55.15787682577576,29.04799003102562,26.72911317666512,5.193176005,4.129135117076903,3,1,1,6
63,7,71.10541405216138,20.354285284144925,20.297298631025313,51.45446974829319,33.05413687780154,29.704712691739772,6.010732625,5.193176005,4,1,1,7
63,8,31.695601238059364,22.137405160221338,21.994465858107038,63.69478743074487,38.001764902509294,30.0,6.568302135683668,6.010732625,4,0,1,8
63,9,11.414338764852936,20.530879124757814,23.388077755252432,76.16593587200191,39.28415800698361,30.0,6.760420824402143,6.568302135683668,4,0,0,9
64,0,305.68916729023243,21.0,21.0,40.0,34.4068780681242,19.315241752097823,5.533428652391688,2.363734999653362,0,0,0,0
64,1,305.68916729023243,19.288137561362486,18.986304835041956,49.669981567639965,34.4068780681242,19.315241752097823,5.533428652391688,5.533428652391688,0,0,0,1
64,2,296.35320156465167,18.035918926329884,18.125210832646165,58.9116145419689,29.559765129886983,21.78264028305155,7.961128980729184,5.533428652391688,0,0,0,2
64,3,296.35320156465167,16.822089992757,16.70116432928369,69.3844441622538,31.444645679141026,26.737741100219523,9.481031155821697,7.961128980729184,0,1,1,3
64,4,239.6311957254,18.814444025853636,18.717606312897914,79.96584543286346,32.72066660719193,26.06489600730617,9.453667639875276,9.481031155821697,0,1,1,4
64,5,167.012812932,20.036097462094155,19.915384998621718,74.75088806579403,30.92476841434141,23.436579546384007,9.077297849175002,9.453667639875276,1,1,1,5
64,6,90.832407356,21.11677933318936,21.086467195359866,69.17309889093849,27.83595476940409,24.50966092584292,9.522550697,9.077297849175002,2,1,1,6
64,7,16.18036618,22.033413202737716,22.046351258981325,63.27599039553641,25.189699362625134,25.3819201073633,9.331505147,9.522550697,3,0,0,7
64,8,0.0,19.7878734786783,19.826658397649513,58.691993372937745,27.866683207785176,30.0,8.09018309,9.331505147,4,0,0,8
64,9,0.0,18.327518564957675,18.32801650818935,69.38279260263042,29.39332905384817,30.0,6.518653081586344,8.09018309,4,0,0,9
65,0,145.43332996861966,21.0,21.0,40.0,34.33634858119019,18.15807638443375,5.179411705528362,4.370684638871349,0,0,0,0
65,1,145.43332996861966,19.286726971623803,18.963161527688676,49.44899649381231,34.33634858119019,18.15807638443375,5.179411705528362,5.179411705528362,0,0,0,1
65,2,139.22974951822462,18.192508085323023,18.083175874246226,59.64379805237667,35.27061671220827,21.3671697242604,5.154878306542354,5.179411705528362,0,0,0,2
65,3,133.525155925629,16.818713572712163,18.114558065136553,69.876799888758,30.188036044000228,26.661974158118323,4.277698521681051,5.154878306542354,0,1,0,3
65,4,122.11918873342046,19.54284579613926,16.153408207435213,79.51489388472899,26.78958934655997,26.75537729772327,3.801989064069521,4.277698521681051,0,1,1,4
65,5,94.96914131348693,18.77228449065504,19.643939849377553,75.35256374644435,33.73403645198226,26.475240557547476,3.393755927491692,3.801989064069521,1,1,1,5
65,6,63.96604995396059,20.701921552063258,20.27759506775963,71.19679617058634,34.19361476201069,26.052120927667072,3.875386419940792,3.393755927491692,2,1,1,6
65,7,33.21877665064527,21.56927436719054,21.53602142204214,66.44168188349035,32.471788130164946,24.444243608190643,3.843409162914415,3.875386419940792,3,1,1,7
65,8,5.175037578645266,22.52360176430766,22.38697375200726,63.41527386791516,36.92507513063641,29.59488033839036,3.505467384,3.843409162914415,4,0,0,8
65,9,5.175037578645266,20.72797334094918,20.612660909643918,73.37401221072687,31.570682938250407,23.75564118848134,2.6741063870713115,3.505467384,4,0,0,9
66,0,94.08645659603722,21.0,21.0,40.0,29.31504360639344,20.614515398284745,3.9894221197129087,6.489086375840484,0,0,0,0
66,1,70.14992387775978,22.18630087212787,22.012290307965696,48.98732062084207,29.31504360639344,20.614515398284745,3.9894221197129087,3.9894221197129087,0,0,0,1
66,2,70.14992387775978,20.312913450973454,20.164392481822073,59.643177226868644,34.61770514340814,24.58149822340617,2.2523552981377137,3.9894221197129087,0,0,0,2
66,3,69.75421751775977,21.781832271508506,21.55724247734843,69.49736368056205,34.10139227178551,20.64408802651121,0.06595106,2.2523552981377137,0,0,0,3
66,4,63.42488250457346,23.185190222883108,23.114454341178043,79.4789675217465,31.179497835450704,24.27385683779628,1.0548891688643838,0.06595106,0,0,0,4
66,5,47.641433884774045,23.993693268762122,23.92242655674015,74.92823321274687,31.33792494389403,26.713551117219197,1.9729310774749265,1.0548891688643838,1,0,0,5
66,6,30.3843525355168,24.833489700723412,24.77294392827932,71.46556528720303,34.096289302534245,30.0,2.157135168657155,1.9729310774749265,2,0,0,6
66,7,12.154167746009428,25.517150610184526,25.452791312894803,67.61423843037014,33.03161223437124,28.905460783223774,2.2787730986884216,2.157135168657155,3,0,0,7
66,8,3.1375042766203727,23.06355930418305,25.93883285829164,64.71054654607507,37.20171175391626,30.0,1.8033326938778111,2.2787730986884216,4,0,0,8
66,9,3.1375042766203727,23.06857206390945,22.058776820210216,75.60600175673177,33.945482799601685,26.58482392626893,1.7641524261652677,1.8033326938778111,4,0,0,9
67,0,299.30658721849846,21.0,21.0,40.0,25.590782627592905,16.699253631893868,6.449083289865628,2.143775095255414,0,0,0,0
67,1,299.30658721849846,19.111815652551858,18.933985072637878,47.61220652670762,25.590782627592905,16.699253631893868,6.449083289865628,6.449083289865628,0,0,0,1
67,2,285.73490915191894,18.11491089563567,18.028038698694324,55.20075787778387,25.824466749817184,16.334151867273114,8.790136138905629,6.449083289865628,0,0,0,2
67,3,285.73490915191894,16.68189721197778,16.60748458767161,63.715994130180164,26.165291119148453,21.141576949719823,9.678176844432295,8.790136138905629,0,1,1,3
67,4,230.28738068098647,18.66404712061353,18.57218123527764,73.52936498641594,30.11410530523745,24.404621673850244,9.241254745155414,9.678176844432295,0,1,1,4
67,5,159.86609190150264,19.893342111722724,19.75986610644773,68.02609749760681,30.40570680297966,22.353918259191868,8.802661097435477,9.241254745155414,1,1,1,5
67,6,91.88147852760741,21.028670235939384,20.91570976499892,62.53453093887087,30.237396927696437,22.58723330154833,8.498076671736904,8.802661097435477,2,1,1,6
67,7,31.374430823607415,22.078797749432592,21.859302999338702,57.459267900587534,33.90328606694702,21.234141498145576,7.563380963,8.498076671736904,3,0,1,7
67,8,0.0,19.743596571264163,22.732296992724716,52.775002141815264,30.583517425933955,26.72611724755344,6.274886164721483,7.563380963,4,0,0,8
67,9,0.0,20.093863562839637,19.06828245745372,62.84827022577024,31.205574706902144,24.757025759514413,4.399162376309752,6.274886164721483,4,0,0,9
68,0,189.97966050058957,21.0,21.0,40.0,28.73783201908008,24.222883992666183,3.645018368703425,2.812360978347176,0,0,0,0
68,1,179.0446053944793,22.174756640381602,19.084457679853326,49.53292888211433,28.73783201908008,24.222883992666183,3.645018368703425,3.645018368703425,0,0,0,1
68,2,179.0446053944793,18.4686970903184,19.29232768133619,59.55120760272748,30.415029430220592,25.242074573185807,4.793976726399702,3.645018368703425,0,0,0,2
68,3,172.04528575067525,18.034156218033992,17.98938537787129,68.78697020650077,29.82783072068763,21.48196152249732,5.843315242677816,4.793976726399702,0,0,1,3
68,4,152.3519506175002,16.822587354662573,19.697410778734223,77.00757471061443,26.300208210855885,19.369816811997826,6.564445044391689,5.843315242677816,0,1,1,4
68,5,100.9198579321694,19.904772636483184,18.873993663754945,69.43579476261881,24.842243226569572,16.425645951232532,6.429011585666349,6.564445044391689,1,1,1,5
68,6,58.831434259584796,20.426579994281507,20.618238852609718,62.93115735271098,26.5376002541792,20.65885857966617,5.261052959073077,6.429011585666349,2,1,1,6
68,7,26.32476968060127,21.57525546059318,21.370818527759965,56.21409881844562,26.68165262152072,19.334688854782826,4.063333072372941,5.261052959073077,3,1,1,7
68,8,0.0,22.21515920481599,22.031365147324536,48.50092691242515,26.36931758347845,14.113060716407826,3.290596210075159,4.063333072372941,4,0,0,8
68,9,0.0,20.31396274111661,20.227557754042994,56.646455886148054,26.16504947947876,19.08788926342626,2.510986303985067,3.290596210075159,4,0,0,9
69,0,140.37187126879016,21.0,21.0,40.0,34.47897559257653,17.000405795484077,6.261618261169179,5.722465966572539,0,0,0,0
69,1,140.37187126879016,19.28957951185153,18.940008115909684,49.26628864985091,34.47897559257653,17.000405795484077,6.261618261169179,6.261618261169179,0,0,0,1
69,2,133.47423773227754,18.14446524470424,17.973192560481117,58.2284788646824,34.40811370256054,15.38183193539219,5.7449628941737485,6.261618261169179,0,0,1,2
69,3,116.38550649233179,16.791857256737007,19.625992768862655,68.1047926427027,32.86536226747748,22.00304761041306,5.696243746648586,5.7449628941737485,0,1,1,3
69,4,88.0462468157499,20.461001776803837,19.51269842221815,77.21481745691858,27.75719200763277,22.85405696023317,4.723209946096983,5.696243746648586,0,1,1,4
69,5,60.18204261187269,20.9484533358184,21.15075266380213,71.55200807180054,27.99143255669372,23.881848637094976,3.4830255254846505,4.723209946096983,1,1,1,5
69,6,30.902050078626313,22.116695457501226,22.010517740468472,65.89335825660153,27.08539292372149,24.810996991839588,3.659999066655797,3.4830255254846505,2,0,0,6
69,7,21.76044018610075,19.947672061770803,19.98637381479155,61.100652472483375,28.18238409634329,28.52480599188921,4.570804946262781,3.659999066655797,3,0,0,7
69,8,11.252384379402685,18.13904979891897,18.1796362213616,56.84869122243775,29.87014367652861,29.84118271210683,4.381262811052578,4.570804946262781,4,0,0,8
69,9,0.0,18.06936059554761,18.055330135581084,67.12057300915733,29.82276590175704,27.243244024462804,4.533662657154436,4.381262811052578,4,0,0,9
70,0,243.71325546780682,21.0,21.0,40.0,33.24299805047452,19.67141175253978,5.6491956551756255,6.636559600443364,0,0,0,0
70,1,226.76566850227994,22.264859961009492,18.993428235050796,49.52459376454257,33.24299805047452,19.67141175253978,5.6491956551756255,5.6491956551756255,0,0,0,1
70,2,226.76566850227994,18.49760952894965,19.32975824691393,60.1474611288512,33.23998489644054,25.77594490527406,5.122465904731769,5.6491956551756255,0,0,0,2
70,3,220.76393509666713,18.04333140052845,18.11482347726472,70.13306281287635,28.694622394176463,26.78094251707436,5.0459210274491255,5.122465904731769,0,0,0,3
70,4,209.97840227175885,16.280743813023758,16.19303000728239,65.44728091588226,30.307260409695303,26.993951273670845,5.392766412454131,5.0459210274491255,1,1,1,4
70,5,162.6424005804589,17.73576399300786,17.678415805562008,60.36863938890659,29.650887320940804,25.46777086252769,5.917000211412492,5.392766412454131,2,1,1,5
70,6,113.14888496598691,19.190009940125154,19.1098397611908,56.412430332334225,33.111562944279505,28.242831185874,6.186689451809002,5.917000211412492,3,1,1,6
70,7,65.7641371015726,20.309661226928068,20.373312672974286,51.56172108117147,27.20246449317786,29.182484111473507,5.9230934830517885,6.186689451809002,4,1,1,7
70,8,33.52518798980248,21.90417133349197,21.96084621464342,61.1460986555562,24.72901316582481,28.51752891409037,5.3731581852950185,5.9230934830517885,4,1,1,8
70,9,6.816080150628423,23.15369036429679,23.232401010019927,70.98297065413472,24.93181668878156,29.71747219221017,4.451517973195677,5.3731581852950185,4,0,0,9
71,0,181.08601640369372,21.0,21.0,40.0,28.72181787013057,20.095375539056203,6.471504129448637,4.702982681900373,0,0,0,0
71,1,181.08601640369372,19.174436357402612,19.001907510781127,48.78709481365362,28.72181787013057,20.095375539056203,6.471504129448637,6.471504129448637,0,0,0,1
71,2,172.0970429481037,18.113886531913025,18.12418961318142,57.85328595502475,26.29672270524913,24.071005857923826,6.6220906550843415,6.471504129448637,0,0,0,2
71,3,172.0970429481037,16.696572434759773,16.62573619768378,65.89433864137644,24.029890279474827,20.642624644701154,6.404925180137017,6.6220906550843415,0,1,1,3
71,4,135.61139158234903,18.636102243399634,18.617477427761123,75.59716398940579,27.94918480244765,25.955400464382063,6.080941894292447,6.404925180137017,0,1,1,4
71,5,87.53605693704478,19.93564393820236,19.854580398577717,71.18649591439966,31.581085510665662,27.24853629485583,6.009416830663033,6.080941894292447,1,1,1,5
71,6,41.00949223713079,21.149852740516113,21.016869464964888,66.58617863581003,32.82056599543873,24.95544912350779,5.815820587489249,6.009416830663033,2,1,1,6
71,7,7.790557407165698,22.012703744324757,22.122495105271117,61.483826648152046,25.7460572439253,29.240876157974792,4.152366853745637,5.815820587489249,3,0,0,7
71,8,0.0,19.75395787811743,19.811233586945214,56.006747382364495,24.19722966724224,28.70788552282689,3.895278703582849,4.152366853745637,4,0,0,8
71,9,0.0,18.330519404573202,18.2208668408636,66.15986449391303,30.514849364166583,25.89135681110311,4.046631321752656,3.895278703582849,4,0,0,9
72,0,63.9230769965899,21.0,21.0,40.0,33.43253265588527,20.77564676857712,3.277939134256048,6.752898896,0,0,0,0
72,1,44.25544219105361,22.268650653117707,22.015512935371543,49.75747229640323,33.43253265588527,20.77564676857712,3.277939134256048,3.277939134256048,0,0,0,1
72,2,41.87346648241392,19.556952157596303,19.384870675399487,43.50084449622711,30.487714937527382,18.08657506149419,1.1909878543198462,3.277939134256048,1,0,0,2
72,3,40.17886643278408,20.34352932112238,20.10706628479679,37.39613177185844,31.91131834581384,17.506944296582464,0.2118250062037292,1.1909878543198462,2,0,0,3
72,4,37.27986862060368,21.228449642402143,21.084615905870237,32.495205528739874,33.42229884374357,22.68366647226437,0.3623747265225507,0.2118250062037292,3,0,0,4
72,5,30.77622644332546,22.25653192400267,22.0259303134563,27.53284295523958,34.72611947236998,21.038532897072848,0.8129552721597773,0.3623747265225507,4,0,0,5
72,6,24.349611156262217,23.78628157298123,23.797244879405277,37.69663690330053,29.68819038533247,26.77733154833945,1.0711025478438736,0.8129552721597773,4,0,0,6
72,7,13.324939915886219,25.350248249977515,25.253647505922807,49.33644267244799,34.66558760637477,30.0,1.837445206729333,1.0711025478438736,4,0,0,7
72,8,6.663430421232712,23.411923883567763,26.438640404219235,59.431273870113635,28.0977903354171,27.98460520716984,2.2205031648845024,1.837445206729333,4,0,0,8
72,9,6.663430421232712,23.433981785682747,22.452053488155727,70.28471237320991,31.9962738196679,28.300606753089177,2.793687986024838,2.2205031648845024,4,0,0,9
73,0,165.40093276296312,21.0,21.0,40.0,25.474168939060327,20.465489228499244,3.635294543,5.709522278,0,0,0,0
73,1,143.58916550496312,22.109483378781206,22.009309784569986,48.269138470160726,25.474168939060327,20.465489228499244,3.635294543,3.635294543,0,0,0,1
73,2,143.58916550496312,20.136658967124646,20.109186318998894,57.48821319175268,27.046659053039008,24.17042273358294,2.6504879990323245,3.635294543,0,0,0,2
73,3,126.66761110284412,21.698581210430483,21.49077500653989,67.8697640965101,34.238841360311966,23.436441443895887,2.8202590670198324,2.6504879990323245,0,0,0,3
73,4,116.79550959656956,23.090211258661025,20.043560157471102,77.57122971461449,29.673339664773003,24.22369154691809,3.290700502091522,2.8202590670198324,0,0,0,4
73,5,95.36868813340355,19.125672795849265,22.899654548554857,72.64693557395661,31.488411272790582,24.4877323902212,4.285364292633201,3.290700502091522,1,0,0,5
73,6,85.38348029494011,19.820042749198127,18.44261673910698,68.80571947902918,37.127409065521626,24.86583485154816,4.992603919231721,4.285364292633201,2,0,0,6
73,7,66.91728939022263,18.101046361476115,18.190253567420974,65.30521672433268,36.61674376091208,27.26935204632958,5.288483573577294,4.992603919231721,3,0,0,7
73,8,33.43205346875271,18.059092354213416,18.02682008042987,61.066184411401906,33.6214063436187,26.16174747343252,6.152355495634294,5.288483573577294,4,0,0,8
73,9,14.13507337015805,18.093050725403046,18.02326075256162,71.01470786177424,31.339245037803185,23.930329686487603,7.097063738,6.152355495634294,4,0,0,9
74,0,162.26665468271264,21.0,21.0,40.0,27.61324893252996,23.59697709440789,6.327921876227935,5.401997669740535,0,0,0,0
74,1,162.26665468271264,19.1522649786506,19.07193954188816,49.21784068484881,27.61324893252996,23.59697709440789,6.327921876227935,6.327921876227935,0,0,0,1
74,2,153.26016476336514,18.136125554962284,18.195286976032797,59.4207810643405,28.16021775687547,28.522784351411705,7.028749972938243,6.327921876227935,0,0,0,2
74,3,153.26016476336514,16.72224464655088,16.7764518406356,68.2932997175834,22.84699463775018,26.444775658043657,7.245431212902815,7.028749972938243,0,1,1,3
74,4,117.32009134965912,18.64966441803991,18.68153890317273,77.26599629266197,23.72074106904016,26.127573236951893,5.9900122356176695,7.245431212902815,0,1,1,4
74,5,77.4097430669909,19.861701440588977,19.81494804605372,71.2044030009991,25.758683748044064,23.89913129827333,4.988793535333528,5.9900122356176695,1,1,1,5
74,6,46.27693261015694,21.005216272899712,20.943122951260023,65.55859517663089,27.886850654539508,24.08088365452599,3.891601307104245,4.988793535333528,2,1,1,6
74,7,19.913789638934347,21.957657053476563,21.928155826096493,59.98067160746983,27.375665126907545,24.969203933308822,3.295392871402824,3.891601307104245,3,1,1,7
74,8,0.0,22.77220446650725,22.654284329636134,55.27529467859381,31.76543782469518,25.426912570438063,2.4892237048667933,3.295392871402824,4,0,0,8
74,9,0.0,20.88434505687983,20.849132982027513,64.59072954962318,27.640910872922845,24.11150507724029,2.8693953134373538,2.4892237048667933,4,0,0,9
75,0,155.87105579607473,21.0,21.0,40.0,28.476900101995167,21.864983821136708,4.384479734241937,3.786440956371011,0,0,0,0
75,1,142.7176165933489,22.169538002039904,19.037299676422734,49.061539106163735,28.476900101995167,21.864983821136708,4.384479734241937,4.384479734241937,0,0,0,1
75,2,142.7176165933489,18.567459702576905,19.187034599611376,59.445294399935655,36.84617972118896,20.84134968865505,4.522328400487565,4.384479734241937,0,0,0,2
75,3,137.36852142524663,18.055822587761558,18.166641335923373,69.70407010597029,33.35517542493694,23.638022941922184,4.149914079872511,4.522328400487565,0,0,0,3
75,4,128.69450531497625,18.06731002139228,18.13592468554469,80.14253308556499,30.82881828472181,27.16264271302652,3.841837875999029,4.149914079872511,0,0,0,4
75,5,98.58530789415673,18.141446807855026,19.359494260196417,75.72653483768478,32.01872256474113,26.78128716925768,4.523196449779826,3.841837875999029,1,0,0,5
75,6,82.73548168035562,17.95317351603937,18.203714588861477,70.51062947030641,25.79242610977573,28.5636551825667,3.848054361168289,4.523196449779826,2,1,0,6
75,7,56.964114765800765,19.466100778137502,18.00075796991817,65.31493824687918,30.76074358481608,23.70763850725488,3.817481683667972,3.848054361168289,3,1,0,7
75,8,31.88795503519001,19.709980308142963,18.027518465670443,60.35801400100358,33.84950972191625,21.945355578774866,4.1000791853602685,3.817481683667972,4,1,0,8
75,9,18.359940674700702,20.39352037917255,18.08306550036289,71.33294627633965,37.836015281993966,23.13583069209533,3.888689910765792,4.1000791853602685,4,1,0,9
76,0,331.70707715045404,21.0,21.0,40.0,33.50485911613399,19.047745093036703,6.663612885840164,4.563244356244908,0,0,0,0
76,1,331.70707715045404,19.270097182322683,18.980954901860734,49.459468757650725,33.50485911613399,19.047745093036703,6.663612885840164,6.663612885840164,0,0,0,1
76,2,322.539113497356,18.199439859247324,18.11593573270819,60.35841048385528,37.44561764597466,23.10405861071733,7.877303764,6.663612885840164,0,0,0,2
76,3,322.539113497356,16.85290123181907,16.845149800956737,71.15501925362258,30.810646636622188,29.17051319541834,8.386627783419202,7.877303764,0,1,1,3
76,4,252.84233151335604,18.143621633810092,18.098524172610393,66.31142637629819,29.39781426889224,27.026669745972203,8.712097748,8.386627783419202,1,1,1,4
76,5,182.76169556235746,19.422156218008794,19.421851323266168,61.577421446142196,28.86250629935225,28.170799644225564,8.760079493874821,8.712097748,2,1,1,5
76,6,114.49115432235746,20.643178219675896,20.624938366034904,56.55400963321222,28.171028015677887,27.254461912488868,8.533817655,8.760079493874821,3,1,1,6
76,7,50.90124274567144,21.758362760618407,21.711400680970794,52.74144449363281,32.3870588391105,29.765357052115,7.948738947085753,8.533817655,4,1,1,7
76,8,9.904035362537687,23.29571677717973,23.26114295897477,63.97940647252605,32.43312210496244,30.0,6.832867897188958,7.948738947085753,4,0,0,8
76,9,9.904035362537687,21.558180620629294,21.398774288217894,75.150128558924,35.274245520149904,26.785321626505382,5.805902652947137,6.832867897188958,4,0,0,9
77,0,155.90113134341942,21.0,21.0,40.0,28.620354843606734,16.604283629544724,4.358596106030133,2.6426070858766666,0,0,0,0
77,1,155.90113134341942,19.172407096872135,18.932085672590897,48.14043492516726,28.620354843606734,16.604283629544724,4.358596106030133,4.358596106030133,0,0,0,1
77,2,148.8044008226256,18.10083506580264,18.135022397258673,57.521325793350556,29.906747967338028,22.209312411458072,5.124352194955377,4.358596106030133,0,0,0,2
77,3,148.8044008226256,16.849295232220605,16.75102713942369,68.0824734569773,31.53681862185452,27.13622395384961,5.535129941013032,5.124352194955377,0,1,1,3
77,4,116.22368347073893,18.952029829460777,18.824890498309944,80.24345342697028,37.69599389139493,29.865005941899373,5.430119558647781,5.535129941013032,0,1,1,4
77,5,77.70974411272562,20.315692084699496,20.161390145481935,77.77544707403557,39.62218692814047,30.0,4.814242419751664,5.430119558647781,1,1,1,5
77,6,46.109375319807604,21.51286463512491,21.43783229446428,74.66735337586864,36.06614612129484,30.0,3.950046099114752,4.814242419751664,2,1,1,6
77,7,21.118336656209788,22.60865059440283,22.481773567726716,71.8118339357374,37.46933644371529,30.0,3.123879832949727,3.950046099114752,3,0,0,7
77,8,5.621414708090627,20.337567591498168,23.3024275252722,68.27066250379661,33.66015871144008,30.0,3.099384389623832,3.123879832949727,4,0,0,8
77,9,5.621414708090627,20.62666047391511,19.700563714168077,79.40041152032998,31.83193898074097,30.0,2.872550832225003,3.099384389623832,4,0,0,9
78,0,124.83357577368407,21.0,21.0,40.0,33.4912242231306,22.07624053967252,5.978618560808513,7.151510518360688,0,0,0,0
78,1,106.89772009125853,22.269824484462614,19.04152481079345,50.00214365730456,33.4912242231306,22.07624053967252,5.978618560808513,5.978618560808513,0,0,0,1
78,2,106.89772009125853,18.663824317082938,19.245774444590186,60.93529499041327,40.03335917902833,20.706370449353376,5.433251308,5.978618560808513,0,0,0,2
78,3,101.86359614438472,18.153076414131373,18.043172021820748,72.00947219632718,39.99732777369208,21.52587892582965,4.875402238,5.433251308,0,0,0,3
78,4,88.33322428200191,18.131095162899268,16.20880549285522,68.15168727572014,36.336047909632015,25.56514697588437,3.617898391540053,4.875402238,1,0,1,4
78,5,62.23943804963153,18.378198023394567,18.69864549371079,62.92139184843228,33.54405402495851,20.732082490108937,3.2617232790462976,3.617898391540053,2,0,1,5
78,6,39.98904980484836,19.946125422795127,19.681117056268878,57.44414167145493,30.673935977514184,22.230229705945003,2.7812985305978963,3.2617232790462976,3,0,1,6
78,7,22.512319706486373,21.066080947722014,20.926467113183765,53.627718369563766,36.54339944048313,25.58758221567705,2.184591262295248,2.7812985305978963,4,0,1,7
78,8,7.530380449444963,22.626811895739216,22.48987708578822,63.86958814034913,32.92011225999333,23.979164244369805,2.4969898761735685,2.184591262295248,4,0,0,8
78,9,7.530380449444963,20.781455265913564,20.76169262133786,73.98143014486448,29.60952720156772,26.56737282351751,2.93188576008116,2.4969898761735685,4,0,0,9
79,0,89.98446880454473,21.0,21.0,40.0,30.807503813548443,18.64224440194048,3.6273035798374194,6.196018325853443,0,0,0,0
79,1,68.22064732552022,22.21615007627097,21.97284488803881,48.900954678788004,30.807503813548443,18.64224440194048,3.6273035798374194,3.6273035798374194,0,0,0,1
79,2,68.22064732552022,20.12524137605749,20.072273775633676,57.116423602724,25.969725933269896,19.67176808859674,2.6849557474450427,3.6273035798374194,0,0,0,2
79,3,60.245423280520214,18.455657398294754,21.514965336607627,65.92084725777174,23.371290920489397,25.542173829775805,2.658408015,2.6849557474450427,0,0,0,3
79,4,53.62219226671237,22.088820578412026,18.123691390169125,75.4027190526681,27.52195293232688,25.15511259487516,2.207743671269281,2.658408015,0,0,0,4
79,5,35.957326290712366,20.561828714257636,21.77409510978273,69.93599475389937,25.913130416003447,27.049512368614696,2.208108247,2.207743671269281,1,0,0,5
79,6,22.802141319203024,22.41999619935179,22.031237912452934,65.27611878541488,29.34952596024305,28.09560754817648,1.6443981214386678,2.208108247,2,0,0,6
79,7,9.209589946032406,22.984227886448586,23.08629688995092,59.08715369776745,24.83905904294019,24.11113491457406,1.6990689216463275,1.6443981214386678,3,0,0,7
79,8,0.0,23.67357427814659,23.62344387835723,53.52037464784107,26.69113399644885,25.71564905951573,1.1511987432540507,1.6990689216463275,4,0,0,8
79,9,0.0,21.812757322864865,21.753368515278613,64.17835189307617,31.466190535951757,27.744794159798808,0.9304819900810778,1.1511987432540507,4,0,0,9
80,0,218.14378731739944,21.0,21.0,40.0,26.668875993709456,19.651798152097108,6.424478732307885,3.1904456542051083,0,0,0,0
80,1,218.14378731739944,19.13337751987419,18.993035963041944,48.33772134624518,26.668875993709456,19.651798152097108,6.424478732307885,6.424478732307885,0,0,0,1
80,2,206.30048525967777,18.056067555733836,18.029491218417085,55.151539950461896,22.803377786691687,15.051170014512271,7.894977424338023,6.424478732307885,0,0,0,2
80,3,206.30048525967777,16.624882502160865,16.517088578959598,62.80494537954829,24.153630135147267,18.365288915332712,8.022512928951674,7.894977424338023,0,1,1,3
80,4,158.82919204611457,18.501142468211697,18.383934142145588,70.65197734606336,25.53597359375954,18.058648442435253,7.911882202260536,8.022512928951674,0,1,1,4
80,5,104.01968467011457,19.699152037781666,19.592300092736874,64.73723420721149,28.78718568591612,21.686463542684567,6.851188422,7.911882202260536,1,1,1,5
80,6,58.50475071563689,20.934223184980336,20.771943186358413,60.03196929206007,33.4548759001857,23.738096793417515,5.689366744309711,6.851188422,2,1,1,6
80,7,25.18315011834099,21.854167239624363,21.897755706995692,55.210636434171974,28.401463700136645,28.14668708937397,4.165200074661987,5.689366744309711,3,1,1,7
80,8,0.0,22.629632185206617,22.635287366975177,50.13564476656093,27.101174540470343,28.03776063946832,3.1478937647926237,4.165200074661987,4,0,0,8
80,9,0.0,20.916786688848536,20.74522329472128,60.11657801564148,31.971485570696498,23.47814359086209,2.891563854731685,3.1478937647926237,4,0,0,9
81,0,106.69631076445263,21.0,21.0,40.0,32.4798363971435,15.52353309201925,5.891490264543936,6.472981752872061,0,0,0,0
81,1,106.69631076445263,19.249596727942873,18.910470661840385,48.640606508049295,32.4798363971435,15.52353309201925,5.891490264543936,5.891490264543936,0,0,0,1
81,2,100.57511446212004,18.1281461213027,18.115940702084895,58.56006221066407,32.14212797589164,22.96595926085714,4.769981565596694,5.891490264543936,0,0,0,2
81,3,90.39433240604683,18.017024036923004,18.018951025920504,67.85108133448428,30.19706997924777,21.41970293086449,3.962362554902545,4.769981565596694,0,0,0,3
81,4,77.79431888264097,19.924281045329,18.159408083516908,78.06525726480456,30.754906019365556,25.99051581574712,2.909266697265241,3.962362554902545,0,0,0,4
81,5,60.83734833823836,19.98594709328909,20.5242127752328,73.410122368225,28.51564156338798,28.95583123339225,2.119621318050327,2.909266697265241,1,0,0,5
81,6,41.20013778401176,21.48616239157473,21.318574641042108,68.72046072674918,28.79252992241598,28.487127624940552,2.454651319278325,2.119621318050327,2,0,0,6
81,7,14.130959334963102,22.445488146693503,22.283685366883603,63.79596061512203,33.289477314166845,22.685522065682303,3.3836473061310826,2.454651319278325,3,0,0,7
81,8,5.555277038382666,20.220681626586252,19.979936532644828,59.22652681860242,36.20594320677768,21.741646812557875,4.287841148290218,3.3836473061310826,4,0,0,8
81,9,5.555277038382666,18.67015725664981,18.560136713132398,70.34285722649524,35.43479736997602,26.322593784984075,3.9744948078670768,4.287841148290218,4,0,0,9
82,0,302.98758977913957,21.0,21.0,40.0,32.118625764341864,20.045580003349063,7.573231765605503,3.035752208542616,0,0,0,0
82,1,302.98758977913957,19.24237251528684,19.00091160006698,49.389557038184364,32.118625764341864,20.045580003349063,7.573231765605503,7.573231765605503,0,0,0,1
82,2,291.2728015714333,18.159677317816453,18.141792843621047,60.277818292394954,35.79955243282704,24.69078786834289,10.115367987554286,7.573231765605503,0,0,0,2
82,3,291.2728015714333,16.94413121447883,16.718543689903623,70.86867589381804,35.1928705636875,23.64522722199628,10.33958047570259,10.115367987554286,0,1,1,3
82,4,210.73366466513068,18.132474153751957,18.041194546735174,65.6953357030796,31.270173857682444,23.32238063821515,10.067392113287829,10.33958047570259,1,1,1,4
82,5,138.50566901813872,19.41023007673097,19.38344725294253,61.06302342657061,30.15330021258947,27.44496491791611,9.028499455873993,10.067392113287829,2,1,1,5
82,6,76.49109775171532,20.748093766985587,20.625594679865628,57.3974330778762,34.74781961003898,28.221122897214283,7.751821408302924,9.028499455873993,3,1,1,6
82,7,31.251394984988508,21.8654957517472,21.779239762463526,54.30448451665313,36.15028577098298,30.0,5.654962845840851,7.751821408302924,4,1,1,7
82,8,4.861266054244576,23.493915555697587,23.30800415606231,66.33071248776061,38.70089371914127,28.111483898122447,4.398354821790655,5.654962845840851,4,0,0,8
82,9,4.861266054244576,21.601919057665974,21.576237736599076,77.5072657405156,33.08234978158966,29.00961273371587,3.079235623343481,4.398354821790655,4,0,0,9
83,0,230.42348811136364,21.0,21.0,40.0,30.29744152613354,20.98275176836561,4.247883074612051,2.888479401241957,0,0,0,0
83,1,230.42348811136364,19.205948830522672,19.019655035367315,49.23043479300985,30.29744152613354,20.98275176836561,4.247883074612051,4.247883074612051,0,0,0,1
83,2,224.3140949793464,17.9626571902232,18.13988973922793,57.458463284257284,22.034785744944717,23.67648365087439,4.807940176849033,4.247883074612051,0,1,0,2
83,3,199.05593527144217,19.79362498066793,18.17804731174661,67.85731806731748,30.67995391883464,27.09146154261088,5.601271316312742,4.807940176849033,0,1,0,3
83,4,181.12558648448461,20.54064791693475,18.124745969099216,78.68456050368275,30.15134686869589,30.0,5.779412730689313,5.601271316312742,0,1,0,4
83,5,150.9222056363255,20.196387408826524,18.10694035363118,74.6343236894495,30.83201769870422,30.0,5.805637585810726,5.779412730689313,1,1,0,5
83,6,118.32340569687315,20.222479189628196,18.092552294139196,71.12588228900569,34.9699377400764,28.87205447968017,6.0759748517792485,5.805637585810726,2,1,0,6
83,7,85.03102238614113,20.114762304227334,18.11500344258004,67.37392094189156,32.4891036271437,30.0,6.152671514563528,6.0759748517792485,3,1,0,7
83,8,51.432268442283075,20.085145428886317,18.08699345072624,64.87500710571001,39.45047868788029,30.0,6.009510818743253,6.152671514563528,4,1,0,8
83,9,32.438927555,20.40864691683689,18.02699171564018,75.50929124187101,31.18061580238675,27.898740509618836,6.157599233055826,6.009510818743253,4,1,0,9
84,0,237.7971042181652,21.0,21.0,40.0,33.42525817019494,23.205074348317183,4.847267611431168,5.258178004627418,0,0,0,0
84,1,223.2553013838717,22.2685051634039,19.064101486966344,50.19345985333218,33.42525817019494,23.205074348317183,4.847267611431168,4.847267611431168,0,0,0,1
84,2,223.2553013838717,18.583345829850924,19.372887076014692,61.374133907748444,35.35192434812153,26.762931509746625,4.457872366427597,4.847267611431168,0,0,0,2
84,3,217.73456500818807,18.170472167432866,18.099675213781296,72.79824371388847,35.93110764562279,27.53616905515513,5.3829205372674505,4.457872366427597,0,0,0,3
84,4,204.81398636997932,16.40758204254081,16.324890962906597,69.53361520545565,35.196508286484296,30.0,6.460289319104372,5.3829205372674505,1,1,1,4
84,5,153.23137379679412,17.972260365205294,17.884721612708947,66.3447298929351,35.61730381933035,30.0,6.447826571648151,6.460289319104372,2,1,1,5
84,6,98.95582719731554,19.458509256643666,19.334598705729654,63.24114753318962,36.799908972835375,29.291300139689685,6.784443324934822,6.447826571648151,3,1,1,6
84,7,48.946951902039515,20.6189507725781,20.544791693159603,58.721963459980316,31.896683691736225,26.330071457100964,6.251109411909503,6.784443324934822,4,1,1,7
84,8,12.049976172243545,22.304753656277704,22.12096543183309,69.45842951087735,34.97441551480144,24.672618101293164,6.149495954965994,6.251109411909503,4,0,0,8
84,9,12.049976172243545,20.538404087334698,20.50575820137735,80.67625726521308,33.355191483200976,28.966073818664164,5.638351813642405,6.149495954965994,4,0,0,9
85,0,252.01625717388274,21.0,21.0,40.0,32.71446738656055,22.068956455189312,5.913198822623208,2.419124038747968,0,0,0,0
85,1,252.01625717388274,19.254289347731213,19.041379129103788,49.86101629151497,32.71446738656055,22.068956455189312,5.913198822623208,5.913198822623208,0,0,0,1
85,2,243.82418700494284,18.21461826498244,18.060281711810013,60.82484854131957,37.541562901541525,23.36861626403956,7.613413010358632,5.913198822623208,0,0,0,2
85,3,243.82418700494284,17.008038964830106,16.716530802943986,72.18797840889226,40.0094778280926,23.119021436200143,7.694488460032919,7.613413010358632,0,1,1,3
85,4,185.28872195287062,18.24657982897435,18.14035079248812,68.43264711345965,36.07722797232219,26.39315371971887,7.316933131509027,7.694488460032919,1,1,1,4
85,5,129.78200530889234,19.606584444349796,19.427398485074455,64.23566367480714,35.28474609260663,24.73201258154608,6.938339580497287,7.316933131509027,2,1,1,5
85,6,82.92348139599713,20.832154979608113,20.792170212132216,60.87932867213365,34.68702776292505,30.0,5.857315489111903,6.938339580497287,3,1,1,6
85,7,39.45992761199714,21.948422709572235,21.879649149717018,57.40624958301552,34.03844950489925,30.0,5.432944223,5.857315489111903,4,1,1,7
85,8,8.288890970344086,23.49349101512311,23.425653468970932,69.00247610999423,34.42348070543724,30.0,5.195172773608842,5.432944223,4,0,0,8
85,9,8.288890970344086,21.750543845093432,21.63108555145266,81.06076212737206,36.99047787432122,30.0,4.914102238100115,5.195172773608842,4,0,0,9
86,0,121.53115865601876,21.0,21.0,40.0,28.11959436668013,18.532111711560244,3.1314226891323096,6.118588394934509,0,0,0,0
86,1,102.7426225212249,22.162391887333605,21.970642234231207,48.39730709408327,28.11959436668013,18.532111711560244,3.1314226891323096,3.1314226891323096,0,0,0,1
86,2,102.7426225212249,20.106237267452073,20.02549387160607,56.474002730556286,25.89197295128752,18.97855836245149,2.658266097458461,3.1314226891323096,0,0,0,2
86,3,94.88076175877366,18.479031013354085,21.403655826768606,65.01985383491424,26.228430423365204,21.24852015640127,2.620620254150414,2.658266097458461,0,0,0,3
86,4,86.883760700639,21.999214848704085,18.12558927138743,73.88877010624319,26.030347516210725,23.24140954672781,2.613791426700345,2.620620254150414,0,0,0,4
86,5,69.37105383616174,20.650001601349157,21.7683054174005,69.8739281326241,31.608924279649404,29.419731422466786,2.1890883580596587,2.613791426700345,1,0,0,5
86,6,42.53978739780716,22.61779528283156,22.10779474197035,67.015951503969,38.09057759932536,29.365107797035236,3.353908304794323,2.1890883580596587,2,0,0,6
86,7,34.438268544886604,20.37859474352019,20.345720690602526,64.48881944055327,39.29371075880148,30.0,4.050759426460276,3.353908304794323,3,0,0,7
86,8,26.526699562065804,18.422631992169187,18.323578151605357,61.26906394850543,35.44580282195648,30.0,3.955784491410399,4.050759426460276,4,0,0,8
86,9,19.860604751262112,17.92598217805743,18.1011503904455,71.7588320037647,28.63926629506424,29.63722290082053,3.374513679525193,3.955784491410399,4,1,0,9
87,0,108.46477559264264,21.0,21.0,40.0,28.89998725413445,17.394499605093863,5.585876845274029,6.115968445105075,0,0,0,0
87,1,108.46477559264264,19.17799974508269,18.947889992101878,48.333007634661094,28.89998725413445,17.394499605093863,5.585876845274029,5.585876845274029,0,0,0,1
87,2,100.86615292564785,18.13246979954659,18.123236469986054,57.34172391359977,29.504415487248508,20.544008284633048,5.325463386587771,5.585876845274029,0,0,0,2
87,3,94.78952384007293,16.81484837112638,18.033139492466617,66.56828548866812,29.693532379162782,21.56514303788363,4.409460844345565,5.325463386587771,0,1,0,3
87,4,84.26893854177094,19.481196137652702,16.104104349289187,75.8985964064171,26.20764162611661,25.627419028044372,3.5068617661006662,4.409460844345565,0,1,1,4
87,5,57.55943483228741,18.546838256509098,19.51820937349855,69.47439936263187,24.865585366364343,22.777764390384416,3.338687963685441,3.5068617661006662,1,1,1,5
87,6,31.727487292408068,20.39477089368976,20.05371637549914,63.38389898226998,25.98968963189492,23.507530477205744,3.2289934424849176,3.338687963685441,2,1,1,6
87,7,12.000184026265767,21.287756122825265,21.263273005557096,57.94172248765642,29.719496555318408,23.37952291905067,2.4659129082677875,3.2289934424849176,3,1,1,7
87,8,0.0,22.201161757477536,22.099671908624053,53.91719777304888,33.20830094916067,27.766561747464124,1.500023003283221,2.4659129082677875,4,0,0,8
87,9,0.0,20.421355160955613,20.440618429837834,64.50689916439174,29.695429342520125,29.13624505382905,1.5245973850857035,1.500023003283221,4,0,0,9
88,0,235.7916955713181,21.0,21.0,40.0,33.9930016225108,23.28203541412352,6.497727972973101,5.696390751651309,0,0,0,0
88,1,235.7916955713181,19.279860032450216,19.065640708282473,50.309506666594174,33.9930016225108,23.28203541412352,6.497727972973101,6.497727972973101,0,0,0,1
88,2,229.07478730034506,18.00335120698838,18.155073816307635,60.56529586491822,29.56054408436665,27.41606257298917,6.761858263957461,6.497727972973101,0,0,0,2
88,3,229.07478730034506,16.730746286231998,16.681401874951305,70.06007839649496,26.470086633169405,26.27870520892363,6.897318008279126,6.761858263957461,0,1,1,3
88,4,173.27668405232282,18.068249524730536,18.000165223560852,65.96871925590798,32.37397077888328,28.22958955118908,6.974762906002781,6.897318008279126,1,1,1,4
88,5,116.53608791632283,19.408572270077542,19.30471193535145,61.46542587398393,32.26465901046929,26.05037775661933,7.092574517,6.974762906002781,2,1,1,5
88,6,66.95492234765365,20.594891014966134,20.595072221045758,56.79749293411609,29.474608636600063,27.925763919689707,6.197645696083647,7.092574517,3,1,1,6
88,7,25.38687481980776,21.76968855167625,21.589183237737302,52.619945057517015,34.57364081232357,25.551093206570474,5.196005940980736,6.197645696083647,4,1,1,7
88,8,2.5311963864118647,23.202666816340656,23.221086196416874,63.558168908460296,31.2772604941457,29.490649788872524,3.809279738899316,5.196005940980736,4,0,0,8
88,9,2.5311963864118647,21.44583692647857,21.36895713620454,74.52760783889698,32.25451310193657,28.686814289378347,2.498019401498973,3.809279738899316,4,0,0,9
89,0,251.3992038615512,21.0,21.0,40.0,25.451274024758565,22.90210619952161,4.661039615902083,2.9972505039013466,0,0,0,0
89,1,251.3992038615512,19.109025480495173,19.058042123990433,48.70360844037043,25.451274024758565,22.90210619952161,4.661039615902083,4.661039615902083,0,0,0,1
89,2,242.92980290488407,18.17287035744652,18.08612661618507,58.29476353961411,29.74789561369203,23.536299382106197,6.375820927301481,4.661039615902083,0,0,0,2
89,3,242.92980290488407,16.864924864718617,16.668570843135633,68.06704119351122,32.70464430430528,21.585787106234186,7.201787180292011,6.375820927301481,0,1,1,3
89,4,197.33834774689836,18.77059904918005,18.703357381311246,78.0426420646887,30.863699278529857,24.556305561345123,7.598575859664281,7.201787180292011,0,1,1,4
89,5,131.99989859140726,20.049134286334418,19.93321732135139,73.57606767725679,32.661752224058645,25.857278956875135,8.167306144436386,7.598575859664281,1,1,1,5
89,6,68.92151192127203,21.112738815121013,21.08225570559663,67.67397034146055,26.90340682049278,23.64049686952814,7.884798333766904,8.167306144436386,2,1,1,6
89,7,12.005380900834442,22.061383255462733,22.078623544883595,62.38588415713984,26.775154462798177,27.179922290975707,7.114516377554699,7.884798333766904,3,0,0,7
89,8,0.0,19.807148014239992,19.853122115055204,57.72556846836662,27.442690617926555,30.0,6.002690450417221,7.114516377554699,4,0,0,8
89,9,0.0,18.35223992867922,18.281077355966598,67.84592775251262,29.546367684329223,26.67785056092639,4.9913483036184445,6.002690450417221,4,0,0,9
90,0,152.1156249290458,21.0,21.0,40.0,28.98970170703149,22.45824879712918,4.602837564512955,5.999467881936184,0,0,0,0
90,1,138.30711223550693,22.17979403414063,19.049164975942585,49.26063109074892,28.98970170703149,22.45824879712918,4.602837564512955,4.602837564512955,0,0,0,1
90,2,138.30711223550693,18.43458462635289,19.250570073161295,58.84114717432724,29.69262644288172,23.53246291033116,3.920945036,4.602837564512955,0,0,0,2
90,3,133.79135300208904,18.053945015628788,18.111475099965578,68.63091836241225,29.19788334720543,25.18973436437796,3.353854236427508,3.920945036,0,0,0,3
90,4,117.67307443009445,19.951302014657667,18.17083108501304,78.95485121239454,28.776417583859995,28.57876491604169,3.8008164152501633,3.353854236427508,0,0,0,4
90,5,94.01040732071375,18.0590771483271,20.564735632611,74.64467688823399,29.38792042133023,30.0,3.917190322985927,3.8008164152501633,1,0,0,5
90,6,82.45141287775216,18.202706077048273,18.079127235026178,71.14057408001429,36.46004152857455,27.406053981315985,3.7984524976281984,3.917190322985927,2,0,0,6
90,7,59.39009541115938,18.148540515451057,18.0346971098398,66.80834659405615,33.09977791155359,26.16562494423448,4.385223467890149,3.7984524976281984,3,0,0,7
90,8,29.39819668530074,18.11482048590317,18.070583021814635,62.12894122555427,31.810792574570463,25.525844267085763,5.272515943030613,4.385223467890149,4,0,0,8
90,9,13.202640364915986,18.143216684906164,18.11611764646359,73.26895351390657,33.332479299534256,28.55647785797851,6.134442882265449,5.272515943030613,4,0,0,9
91,0,110.83882626055207,21.0,21.0,40.0,34.971743829866924,22.02957570915735,4.008022018649581,5.627254834601294,0,0,0,0
91,1,86.79069414865458,22.29943487659734,22.04059151418315,50.260237517024365,34.971743829866924,22.02957570915735,4.008022018649581,4.008022018649581,0,0,0,1
91,2,86.79069414865458,20.253223338509816,20.262481426600246,60.11605840731774,29.087153266660543,25.66740723496929,2.932646486745111,4.008022018649581,0,0,0,2
91,3,80.42033936514477,18.83916613715109,21.63327549859587,70.8595163012736,34.920768897524106,24.765108291119624,2.123451594503272,2.932646486745111,0,0,0,3
91,4,66.12638672780247,21.698286776949153,20.678427635320155,66.35447699252228,33.693326916690914,24.61201025691284,1.7867440796677885,2.123451594503272,1,0,0,4
91,5,47.9975406926589,22.04264873953833,22.22604054392299,60.75260203466807,29.170051347450265,23.041754442248557,2.266105754392947,1.7867440796677885,2,0,0,5
91,6,24.518090179040183,23.084801067298713,22.987694746835924,55.02868116584307,26.81910595417078,24.714666996801395,2.9349313142023394,2.266105754392947,3,0,0,6
91,7,7.161754443438425,23.79421667353761,20.86279329347609,49.985863004851055,26.6727203466978,28.6449565366799,3.471267147120351,2.9349313142023394,4,0,0,7
91,8,7.161754443438425,20.444451233453012,21.228073090477878,61.64810941779337,34.790257849679534,30.0,3.749236389605119,3.471267147120351,4,0,0,8
91,9,7.161754443438425,19.530234046364356,19.141034143369893,73.81076787118609,37.637996017710336,29.932328723360296,3.9668120745158246,3.749236389605119,4,0,0,9
92,0,206.55310410216254,21.0,21.0,40.0,27.065947488318407,17.376935257325343,6.102571632378794,2.12326619575354,0,0,0,0
92,1,206.55310410216254,19.14131894976637,18.94753870514651,47.999718894215874,27.065947488318407,17.376935257325343,6.102571632378794,6.102571632378794,0,0,0,1
92,2,194.5031529958222,18.089982907095063,18.05373885045545,56.284248755851024,29.494278177715454,16.530887720257606,8.434462045118662,6.102571632378794,0,0,0,2
92,3,194.5031529958222,16.726690291304074,16.59611478644897,65.09403998909401,28.00786036073844,20.935424268389266,8.861088397779568,8.434462045118662,0,1,1,3
92,4,144.5947977412883,18.701326768239763,18.581712698014563,75.05798228595853,31.6472855333335,23.70794944924712,8.318059209088986,8.861088397779568,0,1,1,4
92,5,92.72670980929949,19.836247516837755,19.875578171597997,69.70310203559552,26.705838462230226,26.878160146864204,6.483510991498598,8.318059209088986,1,1,1,5
92,6,54.75418176431273,21.130588137023583,20.89977482056297,64.51058057754489,32.71834895067292,21.76764294904577,4.746566005623345,6.483510991498598,2,1,1,6
92,7,24.517594852773886,21.98717161726801,21.901846256634958,58.297109716595784,28.2712592755334,20.542791496971606,3.779573363942356,4.746566005623345,3,1,1,7
92,8,0.0,22.741005976931614,22.551911200523122,52.363627765449664,30.552081972887542,19.81746274296733,3.0646993565967358,3.779573363942356,4,0,0,8
92,9,0.0,20.819720398377044,20.737213056703286,61.17209149341395,27.948849164808426,20.987060434993165,3.005376219331403,3.0646993565967358,4,0,0,9
93,0,57.85878547198486,21.0,21.0,40.0,28.27672314685522,22.63261691160744,3.143835890702841,7.072668928105348,0,0,0,0
93,1,32.70809834636213,21.465534462937107,21.35265233823215,34.16368121052328,28.27672314685522,22.63261691160744,3.143835890702841,3.143835890702841,1,0,0,1
93,2,31.825200751218645,18.800605444275668,18.766745841137308,27.4112214593938,24.6029400383865,21.2167280108942,0.4414487975717424,3.143835890702841,2,0,0,2
93,3,31.825200751218645,19.599632212708652,19.53152102849438,20.564746988000707,24.6054086528025,20.69195539501366,0.0,0.4414487975717424,3,0,0,3
93,4,27.02294588544442,20.437375264811863,20.529849635723345,14.238738069448253,22.293394279507464,25.89544506186779,0.6002818582217777,0.0,4,0,0,4
93,5,12.187657954808,22.28125539188111,22.184772367385033,24.22977443888368,29.47139663455322,26.034360973421364,2.4725479884394037,0.6002818582217777,4,0,0,5
93,6,0.8187257157860236,20.903136651592835,23.798066849561422,33.96578109921623,30.394830679874104,23.694095210862294,3.789644079673992,2.4725479884394037,4,0,0,6
93,7,0.8187257157860236,21.487459790226687,20.411781711140076,44.6105144825429,34.74867933497493,24.388728350173245,4.306063195587853,3.789644079673992,4,0,0,7
93,8,0.8187257157860236,19.443827719377598,19.5883648159794,54.84769937006037,32.890782865653094,23.98246650944396,4.552591167102747,4.306063195587853,4,0,0,8
93,9,0.0,18.16185774236471,18.176212316020663,65.75711901127801,33.41978176381356,27.18810513184,4.489877429685743,4.552591167102747,4,0,0,9
94,0,370.65678220406085,21.0,21.0,40.0,29.554693354139125,18.02535461582833,7.406259817,4.270221716340168,0,0,0,0
94,1,370.65678220406085,19.191093867082785,18.96050709231657,48.564408634594145,29.554693354139125,18.02535461582833,7.406259817,7.406259817,0,0,0,1
94,2,358.6767705573517,18.118413640659288,18.0883233625013,57.730642144286875,29.99998355987032,20.923535938422617,8.958786726692955,7.406259817,0,0,0,2
94,3,358.6767705573517,16.77463718681926,16.68688506843984,67.27846448564271,28.9412087716588,24.102248680318056,9.176924472210986,8.958786726692955,0,1,1,3
94,4,299.18675708769166,18.764563461587024,18.637405095542654,77.18915946258642,31.36680830824302,23.692608230333143,9.91500224494334,9.176924472210986,0,1,1,4
94,5,216.53488308457003,19.824680159235832,19.86793001554021,70.69801395319566,23.508148256082208,23.76326558063576,10.331484250390202,9.91500224494334,1,1,1,5
94,6,137.39772496618812,20.98826427998362,20.90376694676126,64.41615257821366,26.005111144437336,22.42899232788485,9.892144764797736,10.331484250390202,2,1,1,6
94,7,63.06738692320215,21.94201040305674,21.88262613022108,58.74373667145582,28.028292634620712,23.791618994502397,9.291292255373246,9.892144764797736,3,1,1,7
94,8,0.0,22.653255776203025,22.569964425457133,52.70447079722216,27.41859394204349,22.36326231221393,7.883423365400269,9.291292255373246,4,0,0,8
94,9,0.0,20.85236558681645,20.718829819432873,62.20583758964352,30.355764849687365,22.42960621932021,6.452270354918949,7.883423365400269,4,0,0,9
95,0,153.3303459407984,21.0,21.0,40.0,32.571571039308665,22.40559973019679,5.367180878111128,7.515389393,0,0,0,0
95,1,137.228803306465,22.251431420786176,19.048111994603936,49.895890738510985,32.571571039308665,22.40559973019679,5.367180878111128,5.367180878111128,0,0,0,1
95,2,137.228803306465,18.49278585095558,19.245087272718784,59.37913895654508,31.559716313492576,21.124996008919044,3.204682637650718,5.367180878111128,0,0,0,2
95,3,118.11396379046502,20.53688167096822,20.264551415359023,68.58395620135263,26.734932518137946,24.40294106412629,3.185806586,3.204682637650718,0,0,0,3
95,4,106.78394980995033,21.943928102344305,18.976995660699835,77.71197029987451,26.571382676297155,24.13980675993552,3.776671326838233,3.185806586,0,0,0,4
95,5,85.21337738387979,18.086587154553097,21.837550908290673,71.7412611766075,28.393214574878197,21.76951251808285,4.308391272,3.776671326838233,1,0,0,5
95,6,74.2880937740573,18.72265332811531,18.031736623933377,65.85098484663857,29.70733183874901,20.90224410586804,4.185172068648779,4.308391272,2,0,0,6
95,7,54.10816352172415,18.125582617514254,18.05871045362449,59.8660236374394,30.286281314144414,19.79726752363799,4.021299507924048,4.185172068648779,3,0,0,7
95,8,30.085281424283796,18.10501519109628,18.01116459834765,53.998512197417085,31.99471994760506,18.741327607826527,4.1777582127254895,4.021299507924048,4,0,0,8
95,9,16.88315120962021,18.078993477557514,17.989970390599524,62.37198129146621,29.710029860088312,16.80924288462907,4.682558248197385,4.1777582127254895,4,0,1,9
96,0,155.05141827006747,21.0,21.0,40.0,30.951060259904587,16.20258696163729,4.098079703346385,3.1145352940634696,0,0,0,0
96,1,142.75717916002833,22.219021205198093,18.92405173923275,48.48765649987754,30.951060259904587,16.20258696163729,4.098079703346385,4.098079703346385,0,0,0,1
96,2,142.75717916002833,18.43141572971038,19.117687734091394,57.53938859382839,32.69917114618926,17.58822937575991,4.508671965013072,4.098079703346385,0,0,0,2
96,3,137.06366955097414,18.013926189546982,18.158044689731778,66.832558346962,29.51185402832009,22.116866822422164,3.719756460272961,4.508671965013072,0,0,0,3
96,4,120.02112918605155,19.91275011550738,18.04062923092045,75.30274909752096,26.05201732458676,21.00459795629633,3.989299819349728,3.719756460272961,0,0,0,4
96,5,101.13514045174566,18.190355646780784,18.12110124924858,70.07512359462623,29.51778233903909,24.77318708932355,4.742618555000527,3.989299819349728,1,0,0,5
96,6,71.34680332830969,18.15503727485748,18.096967469474464,65.25855500352473,31.799020835715226,24.775598102609774,5.684578934815219,4.742618555000527,2,0,0,6
96,7,40.117472753245856,18.169677376953118,18.055995620552793,60.74862295681078,34.18837897981699,24.08977631621657,5.839555206841875,5.684578934815219,3,0,0,7
96,8,10.961645497485678,18.05340620286742,18.062537727636293,55.569717562215345,31.67229611085739,22.889340585834667,5.172962555863445,5.839555206841875,4,0,0,8
96,9,0.0,18.0795854044962,18.109788257820895,65.44003932371817,28.469086418503974,26.36603447873395,3.9519484502017344,5.172962555863445,4,0,0,9
97,0,78.57141779125689,21.0,21.0,40.0,25.74624457539805,23.994707833016637,2.946959183963936,4.984230543366618,0,0,0,0
97,1,60.889662687473276,22.11492489150796,22.079894156660334,48.95337143351465,25.74624457539805,23.994707833016637,2.946959183963936,2.946959183963936,0,0,0,1
97,2,57.349179799389375,19.484659976972736,19.42221194902335,43.10587624694095,27.24755569183167,23.5996932716478,1.7702414440419505,2.946959183963936,1,0,0,2
97,3,49.03874239103578,20.23178200813558,20.22796158632971,37.36659776618497,26.28809719711157,25.1603556875774,1.0388046760441996,1.7702414440419505,2,0,0,3
97,4,38.73258136195069,21.221528220586688,21.106053686442408,32.52222004465327,31.125578401785297,25.294545367483057,1.2882701286356366,1.0388046760441996,3,0,0,4
97,5,28.816136743812297,22.29080094468428,22.133303879671796,28.71705824729755,35.900258416517154,26.29328715372887,1.239555577267299,1.2882701286356366,4,0,0,5
97,6,20.8812847098123,23.831074428150792,23.859155779643253,38.69388104015976,28.19259084712164,27.2342024465573,1.322475339,1.239555577267299,4,0,0,6
97,7,14.558632127396505,25.26628285110361,25.299096489095938,49.1227386491992,27.938097827996906,30.0,1.053775430402632,1.322475339,4,0,0,7
97,8,4.952932162322046,26.44997809278332,26.430103868559407,59.79521187604266,29.896512284109445,29.39500564279867,1.6009499941790766,1.053775430402632,4,0,0,8
97,9,4.952932162322046,24.32741638640596,24.306312917925332,70.83880349777291,31.353286787390346,30.0,1.8567033471551009,1.6009499941790766,4,0,0,9
98,0,236.45080033758921,21.0,21.0,40.0,32.36557186423817,17.598937635510342,5.544229310768006,5.539910512101999,0,0,0,0
98,1,236.45080033758921,19.247311437284765,18.951978752710207,48.993611709954735,32.36557186423817,17.598937635510342,5.544229310768006,5.544229310768006,0,0,0,1
98,2,229.17535083346573,18.287131784515356,18.1197578584002,59.573524310075825,36.255569754784936,22.52172246811,5.4400243317361925,5.544229310768006,0,0,0,2
98,3,221.14338572305303,16.98936970653517,18.170500826007178,70.93260073629412,36.20402772264635,26.90195242301085,6.098865858018704,5.4400243317361925,0,1,0,3
98,4,186.2464025264991,19.139008517418507,15.600104461182159,67.72097446048238,37.35960057705839,28.131364557320808,6.979396639310782,6.098865858018704,1,1,1,4
98,5,134.94420935505485,18.305758142486923,19.209626824632554,63.203932268267565,33.06439061197947,25.174263875715987,6.412774146430532,6.979396639310782,2,1,1,5
98,6,92.1149848985559,20.23184251685539,19.850988307235735,58.2747914514199,30.71694896648893,25.2322687176907,5.3536530570623695,6.412774146430532,3,1,1,6
98,7,50.04473232147225,21.155926558536752,21.153416901489393,53.61926114689234,31.65378604131045,25.815490044647596,5.258781572135456,5.3536530570623695,4,1,1,7
98,8,14.351315484513464,22.83606158066671,22.60363532819423,64.20215953080431,35.2264186949781,23.567461215643934,5.948902806159799,5.258781572135456,4,0,0,8
98,9,14.351315484513464,21.006746171501877,20.927374543942836,75.21639277765783,34.322579934890555,26.86760476985126,6.851766520649955,5.948902806159799,4,0,0,9
99,0,229.54765129864617,21.0,21.0,40.0,30.8160831342532,21.123359991682484,5.025377196,4.810805480371773,0,0,0,0
99,1,229.54765129864617,19.216321662685065,19.022467199833653,49.34909976266842,30.8160831342532,21.123359991682484,5.025377196,5.025377196,0,0,0,1
99,2,224.086400265478,18.06636323538667,18.10497312165794,59.07921261437672,30.55420238786085,23.50198012162969,4.705083320026059,5.025377196,0,0,0,2
99,3,218.68893100936754,16.861880669232626,18.11113234195752,69.84462293434213,33.584646196717216,26.223188914201728,3.833256217835444,4.705083320026059,0,1,0,3
99,4,201.29126850258262,19.634833669093,18.11340953678121,80.48594276962378,30.84424824181074,28.27419528753179,3.547103092373995,3.833256217835444,0,1,0,4
99,5,169.52861225111957,19.93845034215034,20.316941445103183,76.25500711769973,31.86247105206172,27.96566421502689,3.9703320314328834,3.547103092373995,1,1,0,5
99,6,146.83390738100394,21.39789146980577,18.18432102591849,71.62624610246453,31.30957500493805,26.30841935486638,4.5389409740231255,3.9703320314328834,2,1,0,6
99,7,117.25600520883496,20.448640485127616,18.423597960727545,67.09177913016971,28.798766516115133,29.343083637802536,5.915580434433794,4.5389409740231255,3,1,0,7
99,8,78.35354072826867,20.245636468459132,18.09705470161648,63.155510399233194,33.209022408591885,28.25615130842749,7.281065810187256,5.915580434433794,4,1,0,8
99,9,56.29617010790292,20.482001749404187,17.98876097231942,73.19539190827632,32.13915431045234,23.637965184231728,7.274358210990655,7.281065810187256,4,1,1,9
