day,hour,cost_to_go,T1,T2,H,Occ1,Occ2,price_t,price_previous,vent_counter,low_override_r1,low_override_r2,current_time
0,0,177.6726759800097,21.0,21.0,40.0,32.969097664154,15.4710408718597,4.311188506349689,5.831303587171684,0,0,0,0
0,1,177.6726759800097,19.259381953283082,18.909420817437194,48.71922493648246,32.969097664154,15.4710408718597,4.311188506349689,4.311188506349689,0,0,0,1
0,2,177.6726759800097,17.56274080967607,17.374090213668598,58.35209347337499,34.098941577065816,19.416994739003783,3.524664059340214,4.311188506349689,0,1,1,2
0,3,159.50936821024877,19.272911408778356,19.07237404525661,68.14002304022256,33.61700679934285,20.76037968314361,3.027217961626824,3.524664059340214,0,1,1,3
0,4,141.01400980420135,21.02690597664489,20.87471425928213,78.98910121625781,35.44515142724666,24.827505106282526,3.082559734341235,3.027217961626824,0,1,1,4
0,5,114.54706697859253,22.025669071430876,22.02126296208406,75.23967383725861,32.503181227782214,30.0,3.3083678532011027,3.082559734341235,1,0,0,5
0,6,106.16246468918128,20.0253547643662,20.016462668766533,71.03588126398216,30.24481328432489,29.73411686413934,4.192301144705626,3.3083678532011027,2,0,0,6
0,7,95.22162864244665,18.052032438742266,18.156427944342802,65.80461173374793,24.59216549300006,29.67855933903202,5.470418023367315,4.192301144705626,3,0,0,7
0,8,82.55994887632511,16.21603590837599,16.179629849714775,60.00838268395103,25.69321559175705,25.438845242704595,6.3308398830607695,5.470418023367315,4,1,1,8
0,9,40.27398163141378,18.070992284355196,17.941275223925427,69.38258938756617,29.555435016300837,22.523491114894377,7.047661207485221,6.3308398830607695,4,1,1,9
1,0,196.89593140936492,21.0,21.0,40.0,25.7342414983848,16.144992366405123,7.3321530013852945,5.157535487108307,0,0,0,0
1,1,196.89593140936492,19.114684829967697,18.922899847328104,47.53826209566218,25.7342414983848,16.144992366405123,7.3321530013852945,7.3321530013852945,0,0,0,1
1,2,196.89593140936492,17.302330971862702,17.296435778180683,55.19141872958136,22.844535639400757,19.67300121570576,8.648140847410337,7.3321530013852945,0,1,1,2
1,3,149.588372402295,19.04789028395751,18.90608432835929,64.19587133470586,28.60173119013869,21.42300550499739,7.884593167844987,8.648140847410337,0,1,1,3
1,4,113.01281202704956,20.637725397590426,20.663470416990094,72.81074753653974,24.350130853755847,23.510292489765718,6.095926729207571,7.884593167844987,0,1,1,4
1,5,73.65675037003601,21.821641522020062,21.566179012282593,67.9927544775367,34.47682771181968,22.089877515941293,4.919507707126695,6.095926729207571,1,1,1,5
1,6,36.90068174970399,22.730457068696058,22.59525996204609,62.68286142636451,32.21286023602414,21.62106725746368,4.594508577541502,4.919507707126695,2,0,0,6
1,7,28.179680174209892,20.659410869241853,20.397331246654456,58.28654075079517,37.02063365464495,21.88869592552539,4.360500787747049,4.594508577541502,3,0,0,7
1,8,21.033945455942845,18.544228919034364,18.329877070535787,53.52519174854169,35.76509059783254,21.116303834092516,3.572867359133523,4.360500787747049,4,0,0,8
1,9,21.033945455942845,17.27543173215104,17.012585289491955,65.10577819743516,40.34709562158727,23.989495761154217,3.301405384378153,3.572867359133523,4,1,1,9
2,0,257.93169717442123,21.0,21.0,40.0,27.721293233033787,22.818338600598924,7.647974385457378,7.199748919103557,0,0,0,0
2,1,257.93169717442123,19.154425864660677,19.05636677201198,49.09713373005388,27.721293233033787,22.818338600598924,7.647974385457378,7.647974385457378,0,0,0,1
2,2,257.93169717442123,17.465241147270408,17.4829168738033,58.49182733229344,26.389921148875032,25.80282108578918,8.017705861,7.647974385457378,0,1,1,2
2,3,208.27972679811566,19.18276864088928,19.107127418149584,67.68950366257089,27.307563536933053,23.790638297941637,8.275328396050925,8.017705861,0,1,1,3
2,4,158.46220133263859,20.90562790065472,20.80022912963293,77.22536708732025,29.69078795928531,23.286231067100054,8.302920910912846,8.275328396050925,0,1,1,4
2,5,97.22814179578839,21.853278905746336,21.758750128071885,71.14749467672955,27.937397972883996,21.629977523834345,7.654257442106276,8.302920910912846,1,1,1,5
2,6,47.885089382521514,22.83323900157819,22.706613241387224,65.94872968949066,31.100262650557788,23.35104297589282,6.167881551658359,7.654257442106276,2,0,0,6
2,7,35.40296660702757,20.5172968835056,20.499877741311153,59.46180637519686,25.032606994366216,22.26226348177931,6.241061387746969,6.167881551658359,3,0,0,7
2,8,25.735193522238713,18.377139313497146,18.300769438583234,53.25517891327986,26.46592526731451,22.386144388702185,4.8338865423944295,6.241061387746969,4,0,0,8
2,9,25.735193522238713,16.919516816798332,16.802172264667856,61.3280115242492,25.930922895586534,18.918147165354213,4.217550966233871,4.8338865423944295,4,1,1,9
3,0,167.1300450229765,21.0,21.0,40.0,32.26903443186937,16.978933102062314,3.304801234021085,4.054780927602364,0,0,0,0
3,1,167.1300450229765,19.24538068863739,18.93957866204125,48.864634156107705,32.26903443186937,16.978933102062314,3.304801234021085,3.304801234021085,0,0,0,1
3,2,167.1300450229765,17.5616743986562,17.420512610182083,58.77483826478002,33.350904657636065,21.70578483498792,3.382099322077719,3.304801234021085,0,1,1,2
3,3,146.40719884035485,19.240563436160016,19.17787910299573,68.85379811521634,30.62293243831953,25.37128895299335,3.4538076971036067,3.382099322077719,0,1,1,3
3,4,121.71320366903728,21.04804103108651,20.921672917762535,79.72314731807145,33.82197200642916,26.56330134276599,4.115665861886264,3.4538076971036067,0,1,1,4
3,5,86.84726838472781,22.125425665089686,22.048031592293153,76.56088787921502,35.765225339686424,30.0,4.358241910538685,4.115665861886264,1,0,0,5
3,6,76.62265189479868,20.107119098553824,20.048862606590948,72.35971944071693,32.03362218255116,27.959886492459493,5.112308244964565,4.358241910538685,2,0,0,6
3,7,66.07109182479867,18.235729424754552,18.12918653058755,67.61181945749844,31.57855164606743,25.377559558274285,5.275780035,5.112308244964565,3,0,0,7
3,8,57.29293231279867,16.45032174390809,16.303975211516025,63.775981048419766,35.46929499083572,26.55382495872718,4.389079756,5.275780035,4,1,1,8
3,9,32.351572297292364,18.263372508059646,18.221204825389623,74.49606348015257,31.929797814504514,27.62621569512222,4.156893335917718,4.389079756,4,1,1,9
4,0,218.18282748163176,21.0,21.0,40.0,31.365327650566044,22.007154082152155,6.769341992482144,5.273271777648426,0,0,0,0
4,1,218.18282748163176,19.22730655301132,19.040143081643045,49.607046711889275,31.365327650566044,22.007154082152155,6.769341992482144,6.769341992482144,0,0,0,1
4,2,218.18282748163176,17.582244547932362,17.491791035446393,59.675716691222405,31.633591567781178,24.30346387295844,7.224936543967067,6.769341992482144,0,1,1,2
4,3,177.0252707626227,19.40407216590391,19.283038566540153,71.42871682747575,36.35146392844239,28.94298127296512,6.859592786501511,7.224936543967067,0,1,1,3
4,4,124.10585515453018,20.614056795039488,20.38643880962867,68.99888856706754,41.51534535158693,28.31894209058969,6.614926951011565,6.859592786501511,1,1,1,4
4,5,78.32436167653616,21.665174437505982,21.627070818224784,65.75638970120758,35.319450745222504,30.0,5.722686684749252,6.614926951011565,2,1,1,5
4,6,37.88433866532347,22.82327895752652,22.552722831916352,61.67321923477422,37.37420676699273,23.27484619726643,5.055002876401586,5.722686684749252,3,0,0,6
4,7,29.690040519960682,20.707975477382877,20.497970695058246,58.21242852263234,39.33264963313126,24.77406863274712,4.097149072681395,5.055002876401586,4,0,0,7
4,8,29.690040519960682,19.369693841998167,19.244700341447274,70.30512040724344,38.29068417179338,28.890937409379404,2.9332928388326955,4.097149072681395,4,0,0,8
4,9,22.91499460351753,17.265065494259122,17.175726139439583,66.76434399424842,35.002111755189766,28.660241505949053,3.3875229582215765,2.9332928388326955,5,1,1,9
5,0,94.0136082667269,21.0,21.0,40.0,32.81367886473842,16.657447977782923,6.053035409,7.581990489683603,0,0,0,0
5,1,94.0136082667269,19.25627357729477,18.93314895955566,48.90480283165384,32.81367886473842,16.657447977782923,6.053035409,6.053035409,0,0,0,1
5,2,94.0136082667269,17.526190715182874,17.3902893842528,58.18749294771116,31.606218228676816,19.96428241608611,4.233234238138066,6.053035409,0,1,1,2
5,3,79.21699285280572,19.276562210123547,19.058614845162886,68.04928940948483,33.86182316647451,20.925934954490288,2.4661025689868654,4.233234238138066,0,1,1,3
5,4,74.42588367080572,21.016457499369583,20.838185727939262,78.55745253781963,35.28074154611529,23.09794250018918,0.798518197,2.4661025689868654,0,1,1,4
5,5,69.17967774367422,22.028798669297178,21.85245258271201,73.69741189507597,33.91224422051305,22.42086331979994,0.6557757408914365,0.798518197,1,0,1,5
5,6,63.32080223552053,19.921122677878213,22.891712603711486,68.7747942881088,30.050576373092493,25.934881365978743,1.1717751016307385,0.6557757408914365,2,0,0,6
5,7,59.59693583047668,19.797076227706746,18.896104227888795,63.46076083796737,27.15033819019525,26.66058708679685,1.8619332025219248,1.1717751016307385,3,0,0,7
5,8,54.73770968414521,17.28568711167284,17.43521540001437,58.46542998320365,30.809830415752774,24.771664835559893,2.429613073165737,1.8619332025219248,4,1,1,8
5,9,34.83160456,19.34908769072516,19.025977863384615,70.27040139514993,39.74787077635845,25.835303734454214,3.3176841873575342,2.429613073165737,4,1,1,9
6,0,315.6157898295848,21.0,21.0,40.0,29.01257819165574,17.67497995388691,7.267481148619879,2.2705577079860277,0,0,0,0
6,1,315.6157898295848,19.180251563833117,18.95349959907774,48.40376046619768,29.01257819165574,17.67497995388691,7.267481148619879,7.267481148619879,0,0,0,1
6,2,315.6157898295848,17.440608110918568,17.430995056586426,57.73349632378941,27.85689903172367,23.974966843785936,11.011881008803204,7.267481148619879,0,1,1,2
6,3,243.6157898295848,19.221730789761878,19.118642827064754,68.00556498806338,31.18282104234684,25.88422709250853,12.0,11.011881008803204,0,1,1,3
6,4,178.04750933941267,20.890152800374498,20.86113128782188,77.54140371591035,27.98713844472981,24.989743376642245,10.928046748362023,12.0,0,1,1,4
6,5,103.45833158767687,21.981978909446322,21.822430984971916,72.8269998816591,32.77745991641811,24.364741004408312,9.323647218966974,10.928046748362023,1,1,1,5
6,6,43.03160583539781,22.929638997864625,22.84292914892884,68.16439305801254,32.079336702378924,25.35062538847351,7.553340719034881,9.323647218966974,2,0,0,6
6,7,30.76696109158012,20.739594944127116,20.65546588158133,63.19344673073677,30.61203285489704,25.1049319935709,6.132322371908845,7.553340719034881,3,0,0,7
6,8,20.20018230750109,18.616927667942328,18.56340473704902,58.447753917795765,30.453227872145572,26.515145389293345,5.283389392039514,6.132322371908845,4,0,0,8
6,9,20.20018230750109,17.239418638051635,17.200688389347434,68.91671645358218,30.45012968760041,27.7107732889908,4.362409173376318,5.283389392039514,4,1,1,9
7,0,309.00519194220556,21.0,21.0,40.0,30.779173783334635,20.680614680722343,7.090128116,2.9956330997377263,0,0,0,0
7,1,309.00519194220556,19.215583475666694,19.013612293614447,49.262761923530256,30.779173783334635,20.680614680722343,7.090128116,7.090128116,0,0,0,1
7,2,309.00519194220556,17.550517869063643,17.35387967486956,58.11454585737656,31.01902742537257,18.15754998488469,9.193204237929365,7.090128116,0,1,1,2
7,3,251.15484694039912,19.268053317723382,19.093935960420303,68.31552102443551,34.16376251975196,22.508321741686643,9.64172416696774,9.193204237929365,0,1,1,3
7,4,201.02383607356577,21.09269060451214,20.899862623181882,79.84769515109312,38.16039673152284,25.90723730546388,8.355168477805561,9.64172416696774,0,1,1,4
7,5,140.2521494207591,22.144179897946714,21.96555062466907,75.92689694068889,36.68750221857296,24.863618834736847,7.596460831600832,8.355168477805561,1,0,1,5
7,6,107.50323542223143,20.137540209408233,23.032335288647534,72.36695919000292,35.74779326113881,27.808108123939096,6.549782799705535,7.596460831600832,2,0,0,6
7,7,96.34932063406026,20.1269192840974,19.11609693952504,69.10942189872846,36.17754748869626,29.05835644866782,5.576957394085579,6.549782799705535,3,0,0,7
7,8,84.02774145760363,17.682815607516158,17.784004204310538,66.3736770242022,39.11882801297138,29.015922684104915,6.160789588228319,5.576957394085579,4,1,1,8
7,9,47.892372392,19.58994119264925,19.45218552749037,78.14026879928726,35.36995430602813,30.0,6.022561510933938,6.160789588228319,4,1,1,9
8,0,147.65443465850416,21.0,21.0,40.0,32.21736375634937,19.458250283585784,6.485857822549366,7.7394799538568435,0,0,0,0
8,1,147.65443465850416,19.244347275126987,18.989165005671715,49.30161052718833,32.21736375634937,19.458250283585784,6.485857822549366,6.485857822549366,0,0,0,1
8,2,147.65443465850416,17.5536214361425,17.488215197723108,59.355382527134005,31.47616742569292,24.378121462894168,5.47268384,6.485857822549366,0,1,1,2
8,3,118.87197825589448,19.361916438763984,19.252478879751408,70.71475542908586,34.780299379992755,28.32732785307307,4.797076067101612,5.47268384,0,1,1,3
8,4,85.64380546155698,20.400134448265028,20.233379239751837,65.57108477163821,32.368354523625115,22.389030712776854,4.153521599292188,4.797076067101612,1,1,1,4
8,5,51.6274711039464,21.525790721819583,21.44452723994885,62.40379378499277,36.150887258824426,29.586385037589807,4.252041794701322,4.153521599292188,2,1,1,5
8,6,22.862975286543175,22.651446242526493,22.520543677326305,59.09212757334362,36.34963410056533,28.58555361249489,3.595561977175403,4.252041794701322,3,0,0,6
8,7,17.697497457407874,20.445702399757238,20.321222339088166,53.33264010251982,29.761861114551024,21.574319603094565,2.582738914567651,3.595561977175403,4,0,0,7
8,8,17.697497457407874,18.930750061128492,18.879253863135087,61.741893266619556,25.580041971796938,21.138031162090503,1.7814721961087492,2.582738914567651,4,0,0,8
8,9,17.697497457407874,17.51275106314744,17.45792959231588,71.88567914887919,29.933941262016344,26.420424750537165,1.6816855144504357,1.7814721961087492,4,1,1,9
9,0,221.76952410186664,21.0,21.0,40.0,33.24437219818739,19.98399187856279,6.830282956640339,5.773273185929288,0,0,0,0
9,1,221.76952410186664,19.26488744396375,18.999679837571257,49.581105533815034,33.24437219818739,19.98399187856279,6.830282956640339,6.830282956640339,0,0,0,1
9,2,221.76952410186664,17.49365050940033,17.404208131024973,58.08753008683389,27.85407359904675,19.40384058439131,6.654260394555777,6.830282956640339,0,1,1,2
9,3,181.65503509535665,19.09811742414377,19.11403235135496,66.99291484850224,25.01012455105857,24.464235235987815,6.685748167751662,6.654260394555777,0,1,1,3
9,4,139.5482961616197,20.95168503413475,20.80053746683937,77.57581240610489,33.056264888307936,25.737610431706766,7.017789822289494,6.685748167751662,0,1,1,4
9,5,84.52647629773074,21.96907399724012,21.95280482773048,73.91102780332514,33.02704542917933,29.946373444266555,6.8777274829861215,7.017789822289494,1,1,1,5
9,6,41.38522554793262,23.06911337590115,22.96728584666322,70.67140232414258,35.33541400454128,30.0,5.392656343724765,6.8777274829861215,2,0,0,6
9,7,33.98495017793262,21.010795112722022,20.814923263829815,67.43934224071302,38.349224682063095,27.028219298883776,3.700137685,5.392656343724765,3,0,0,7
9,8,28.39546814183711,18.987281174534623,18.824846998732042,64.89148518041836,40.11917920538199,29.059392681869905,2.7947410180477528,3.700137685,4,0,0,8
9,9,28.39546814183711,17.756276853184524,17.547117706027905,78.01248977949496,42.89446999487001,30.0,2.7207304042692377,2.7947410180477528,4,1,1,9
10,0,34.76004959411315,21.0,21.0,40.0,25.90433139596119,21.46027891507768,2.398807380861561,5.763960930748606,0,0,0,0
10,1,34.76004959411315,19.118086627919226,19.029205578301553,48.525629855987,25.90433139596119,21.46027891507768,2.398807380861561,2.398807380861561,0,0,0,1
10,2,34.76004959411315,17.520030440883517,17.361826924433377,57.83797104307545,30.489310191965156,21.24591862519289,1.1071686046252442,2.398807380861561,0,1,1,2
10,3,34.54316156411315,19.276691005092715,19.118224791892303,68.51786032649848,34.814540824005924,24.518177417233144,0.036148005,1.1071686046252442,0,1,1,3
10,4,33.63962034292448,21.12381389406782,20.94792847230017,80.49603189860704,38.858330954607,27.68706666821836,0.1505902035314441,0.036148005,0,1,1,4
10,5,32.57061741677122,22.196815559756175,22.049812518932008,77.16587966959523,37.41046049216204,27.422027124438983,0.1336253657691576,0.1505902035314441,1,0,0,5
10,6,30.712696667678237,20.241893627636408,20.06158667004335,73.69951491133878,37.64807241751762,26.427678925502114,0.9289603745464912,0.1336253657691576,2,0,0,6
10,7,27.15143617263199,18.36639900471789,18.250339543186772,70.02327966164998,35.70869080442363,27.201113363971903,1.7806302475231244,0.9289603745464912,3,0,0,7
10,8,24.559135756961886,16.644426961744195,16.487646364099252,67.54766558658852,39.57992180521409,30.0,1.296150207835052,1.7806302475231244,4,1,1,8
10,9,16.723190692349352,18.527731719735936,18.44024498796381,79.55835378617903,36.72604555328055,30.0,1.3059908441020889,1.296150207835052,4,1,1,9
11,0,229.69316636302352,21.0,21.0,40.0,34.82587986096777,15.596075442048257,7.139526913102904,2.097733795737998,0,0,0,0
11,1,229.69316636302352,19.296517597219356,18.911921508840965,49.07595195454289,34.82587986096777,15.596075442048257,7.139526913102904,7.139526913102904,0,0,0,1
11,2,229.69316636302352,17.53096206546597,17.393368765696664,58.27526444554273,31.8779489654034,19.22934265126242,9.815371048649055,7.139526913102904,0,1,1,2
11,3,169.2201786716592,19.272338177586565,19.029533875364987,67.77372495931408,33.48666984206323,19.282555234444267,10.078831281894056,9.815371048649055,0,1,1,3
11,4,115.45494047565316,20.95911785054163,20.773512346085738,77.4535413304281,33.34954868670936,20.42720893059076,8.960873032667674,10.078831281894056,0,1,1,4
11,5,55.91721124844359,21.8477543532275,21.815470610815222,71.61956964450617,27.660324605054164,23.26205491760185,7.442216153401197,8.960873032667674,1,1,1,5
11,6,15.547173322792762,22.694025476715254,22.68234574252689,64.53478840893945,22.52084021289357,21.452597367291343,5.046254740706354,7.442216153401197,2,0,0,6
11,7,9.484443265288185,20.507842476982244,20.33969320524944,57.84531090353846,27.3761145069524,18.79345490748656,3.0313650287522886,5.046254740706354,3,0,0,7
11,8,5.809936321148175,18.215351953555857,18.178233895395827,50.453852748402255,23.323909449951604,18.945767465958323,1.837253472070005,3.0313650287522886,4,0,0,8
11,9,5.809936321148175,16.707176707482464,16.706409396988214,58.056774081754384,21.41679412453456,20.82165772742172,1.546024985159424,1.837253472070005,4,1,1,9
12,0,257.1063300493217,21.0,21.0,40.0,26.68594523517113,17.989768671675385,7.893431988743194,5.510491875932469,0,0,0,0
12,1,257.1063300493217,19.133718904703425,18.959795373433508,48.041628503232374,26.68594523517113,17.989768671675385,7.893431988743194,7.893431988743194,0,0,0,1
12,2,257.1063300493217,17.39715829982498,17.40985551154767,57.11597892230178,26.19352513331667,24.21953275040224,9.722816005948197,7.893431988743194,0,1,1,2
12,3,195.95745030909654,19.231407323211847,19.076674753102424,67.62059750663646,32.9525812324119,25.406410902780777,10.191479956704192,9.722816005948197,0,1,1,3
12,4,142.49528259145148,20.950046061233536,20.92457865607363,78.52806337463066,32.095695704802225,28.501336895165583,8.910361286274178,10.191479956704192,0,1,1,4
12,5,84.55087338039054,21.980705737764303,21.930878318551795,73.77916790166276,29.91198137187892,27.03859933385496,7.243051151382616,8.910361286274178,1,1,1,5
12,6,32.00882094329635,22.875909115806206,22.942248764526088,68.658757968493,26.158520167291893,28.728091315098357,6.567756554636774,7.243051151382616,2,0,0,6
12,7,21.071665882256845,20.587006272427864,20.738169076745137,62.68956551073374,20.808959032893394,29.362193979555126,5.468577530519753,6.567756554636774,3,0,0,7
12,8,13.05488087818513,18.47582310348091,18.46466651836588,56.351360009428845,23.20573386964927,24.915346678656856,4.008392502035858,5.468577530519753,4,0,0,8
12,9,13.05488087818513,17.047152323021436,17.086058646122964,66.00098456439417,25.91552896350606,27.693496341856868,3.2483411032172773,4.008392502035858,4,1,1,9
13,0,295.9847807977788,21.0,21.0,40.0,29.72369114070828,15.898684800310212,4.917734207362141,2.2657112237249217,0,0,0,0
13,1,295.9847807977788,19.194473822814167,18.917973696006207,48.21202766938333,29.72369114070828,15.898684800310212,4.917734207362141,4.917734207362141,0,0,0,1
13,2,295.9847807977788,17.536817816914052,17.315488841640192,57.54065446355119,33.51982753892794,18.305876873115736,7.309474058084169,4.917734207362141,0,1,1,2
13,3,243.77539063195286,19.11804403469671,19.120556240187042,67.05306477284032,28.020524147543284,24.82619979295188,8.701565027637658,7.309474058084169,0,1,1,3
13,4,192.2550603792497,20.876708559463047,20.75899044209323,76.3730017906637,28.812825331466435,22.964602545330152,8.586721708783863,8.701565027637658,0,1,1,4
13,5,127.41959214682477,21.821732847703768,21.86000907033308,71.49082537076474,28.031045814821496,28.179085185739893,8.104433529053114,8.586721708783863,1,1,1,5
13,6,64.85561390452087,22.799655205748113,22.84799206826032,66.69754130074213,26.85649546185668,29.847481926906653,7.820497280287988,8.104433529053114,2,0,0,6
13,7,51.554332542825534,20.662847571190536,20.66448467204658,62.12889680078315,28.57253350987129,29.37944149035664,6.650640680847666,7.820497280287988,3,0,0,7
13,8,38.61592614,18.588132215267805,18.589759042640782,57.909835182115074,29.894102118510705,30.0,6.469203201412769,6.650640680847666,4,0,0,8
13,9,38.61592614,17.242687286119168,17.196001469165743,68.38580656024446,30.254864713342,27.944976276265702,6.462944993413989,6.469203201412769,4,1,1,9
14,0,69.72757695516555,21.0,21.0,40.0,26.261996141262443,21.0592616014806,4.478147900676209,7.277721786841092,0,0,0,0
14,1,69.72757695516555,19.12523992282525,19.021185232029612,48.517826393693746,26.261996141262443,21.0592616014806,4.478147900676209,4.478147900676209,0,0,0,1
14,2,69.72757695516555,17.570890894040453,17.3888198851944,58.53787142210776,33.165643814379706,22.501273010142626,2.4074503828876264,4.478147900676209,0,1,1,2
14,3,63.42990436003177,19.301850767461467,19.1733648485563,69.30984642409005,34.49983332225874,25.34447224430956,1.049612099188962,2.4074503828876264,0,1,1,3
14,4,58.68910517600674,21.044637273419696,21.025825013356254,80.62606874570497,32.86790178674952,30.0,0.7901331973375043,1.049612099188962,0,1,1,4
14,5,55.76511080291058,22.151535324810162,22.073546492935172,77.11236881290304,33.99720182290064,29.8155763281998,0.3654992966370204,0.7901331973375043,1,0,0,5
14,6,54.635807793954655,20.13803823961458,20.102448769774938,73.25358917367151,32.42248732052146,29.47318135041445,0.5646515044779603,0.3654992966370204,2,0,0,6
14,7,52.4866059352571,18.303445542427536,18.212094773748955,69.17681547358009,32.89298551828559,27.79160503676208,1.0746009293487748,0.5646515044779603,3,0,0,7
14,8,48.56823741887636,16.497313406525787,16.27011775817345,64.23912762521888,34.3158890617833,21.585845113987737,1.959184258190373,1.0746009293487748,4,1,1,8
14,9,29.236145871738408,18.291613758985374,18.146145721083045,74.43146228139557,33.65270902180258,22.97137240140121,3.2220152578563246,1.959184258190373,4,1,1,9
15,0,147.12077856244275,21.0,21.0,40.0,27.966960170684136,18.15766526431868,6.016773721870224,6.7515617982732055,0,0,0,0
15,1,147.12077856244275,19.159339203413683,18.963153305286376,48.302432578300504,27.966960170684136,18.15766526431868,6.016773721870224,6.016773721870224,0,0,0,1
15,2,147.12077856244275,17.558086371394566,17.3140283399951,57.72796742996174,33.754886275556096,18.60919623367299,4.453263300382446,6.016773721870224,0,1,1,2
15,3,125.00250253791748,19.185010260257965,19.1243056733046,67.71637343939324,31.09362215775104,24.397522339090624,3.6863793374208806,4.453263300382446,0,1,1,3
15,4,107.08925874480326,21.080495080615474,20.863692376747267,79.23990972417641,37.885175012142064,26.134471014431107,2.9855406321857028,3.6863793374208806,0,1,1,4
15,5,85.03711881243635,22.086162641995735,21.99742002354126,75.47554353974644,35.054679672512414,27.36550819176548,2.756517491545865,2.9855406321857028,1,0,1,5
15,6,73.33804989089303,20.052458039319877,22.954696983664896,70.66291915575974,31.40786162982004,25.18866957025388,2.3398137843086624,2.756517491545865,2,0,0,6
15,7,67.19523575457649,19.843030223004007,19.01124233920129,65.22472475980602,25.58847613483113,27.532666109870476,3.071407068158271,2.3398137843086624,3,0,0,7
15,8,60.30749642394648,17.274202646868027,17.60189593387528,60.32131246300813,26.092153906678394,30.0,3.443869665315005,3.071407068158271,4,1,1,8
15,9,35.52427050466633,19.334721014863828,19.103934769203473,71.44150778521775,34.2013879395368,27.577474961627782,4.130537653213358,3.443869665315005,4,1,1,9
16,0,20.207550747093883,21.0,21.0,40.0,34.62841056110579,15.575079902738878,2.747501458813862,5.740885074374117,0,0,0,0
16,1,20.207550747093883,19.292568211222118,18.91150159805478,49.036628283492036,34.62841056110579,15.575079902738878,2.747501458813862,2.747501458813862,0,0,0,1
16,2,20.207550747093883,17.59821416619066,17.373942355730204,58.701763295261685,35.31239211518222,18.38280239464918,0.5567197527313617,2.747501458813862,0,1,1,2
16,3,17.183739066885273,19.287372553133252,19.05604339499562,68.18673077048724,33.81239940752076,18.88186434373233,0.5039686133681017,0.5567197527313617,0,1,1,3
16,4,12.476072475320343,20.950466064350444,20.806772744981924,77.75151910501,31.89615815503073,21.24155481454018,0.7846110985941548,0.5039686133681017,0,1,1,4
16,5,11.977193792250771,21.960569364290823,21.740184182720718,72.05597490289695,32.433039984202544,19.258381115169357,0.0623598353836964,0.7846110985941548,1,1,1,5
16,6,10.965435050059778,22.835426692831955,22.7229662151777,66.30540734419037,30.157268695613837,21.228467089349618,0.1264698427738742,0.0623598353836964,2,0,0,6
16,7,10.965435050059778,20.656771309569802,20.512492753769482,61.037109589741036,31.48292371505573,22.58208876022572,0.0,0.1264698427738742,3,0,0,7
16,8,9.567258127540931,18.438486019543056,18.472425700762138,55.69558438981484,27.062693804896934,26.59549952884645,0.6990884612594235,0.0,4,0,0,8
16,9,9.567258127540931,16.99105470142825,16.97848527703958,64.11175103117796,23.437928671026736,23.31855266987953,1.2904280770404633,0.6990884612594235,4,1,1,9
17,0,232.71404052013747,21.0,21.0,40.0,25.81871451238587,16.634519240858396,5.629555566,2.810798798891432,0,0,0,0
17,1,232.71404052013747,19.11637429024772,18.93269038481717,47.64158207558397,25.81871451238587,16.634519240858396,5.629555566,5.629555566,0,0,0,1
17,2,232.71404052013747,17.382145859313844,17.337459713132375,56.28930012919906,26.516221983085657,21.52665609255376,7.024113614054433,5.629555566,0,1,1,2
17,3,190.47127569438493,19.06006620231753,18.971407129042426,65.01244674424899,26.782585747821816,21.67933989134448,7.040460804292091,7.024113614054433,0,1,1,3
17,4,149.17648537626937,20.773389176547344,20.57050699735247,73.38388655570697,28.990997005707317,17.517001946836952,6.882465053019259,7.040460804292091,0,1,1,4
17,5,99.5890456257857,21.714352848745254,21.59690539932775,67.53096001015075,29.866339952854123,20.95073479405577,6.1984299688104585,6.882465053019259,1,1,1,5
17,6,48.375780502293495,22.75483833102305,22.528042634691843,62.45569689219343,34.11946184014111,21.0179652823182,6.401658140436525,6.1984299688104585,2,0,0,6
17,7,35.69766856923426,20.465352227398533,20.370792523904832,56.42097206200833,28.96850244820124,20.838581828548215,6.339055966529619,6.401658140436525,3,0,0,7
17,8,23.16330176323426,18.355737009955565,18.27883403255406,51.290647189412965,30.047536454031103,24.783992031550195,6.267183403,6.339055966529619,4,0,0,8
17,9,23.16330176323426,16.85221508991681,16.822943615559478,59.29574186399632,23.54493328550933,20.92781490662042,4.462867536297095,6.267183403,4,1,1,9
18,0,189.70238807705852,21.0,21.0,40.0,34.443744382523725,18.677464581644607,5.635131593856222,3.710905355422147,0,0,0,0
18,1,189.70238807705852,19.288874887650476,18.973549291632892,49.5618176135503,34.443744382523725,18.677464581644607,5.635131593856222,5.635131593856222,0,0,0,1
18,2,189.70238807705852,17.571494775311347,17.515530586613608,59.78810178830429,32.17039161744754,24.64229824229684,6.489297640153488,5.635131593856222,0,1,1,2
18,3,150.92650168222963,19.434041245002533,19.147545954762716,70.4861729242241,37.29897793767242,22.13475059521549,6.462647732471483,6.489297640153488,0,1,1,3
18,4,108.93593990447805,20.374781738673107,20.240642842960703,65.44544607120515,33.166834700111565,22.16246056089426,5.248820222218948,6.462647732471483,1,1,1,4
18,5,72.7717777857412,21.426547142998977,21.306716578486053,60.29118868371181,31.351090865406764,23.34747920407466,4.520520264842107,5.248820222218948,2,1,1,5
18,6,39.50562761497996,22.391508175194996,22.330873635978204,54.853188840241856,28.975704260183488,24.14651883165008,4.158268771345154,4.520520264842107,3,0,0,6
18,7,32.363313418055625,20.36655675954194,20.169020120196482,50.65339631776001,35.39375135420171,24.60740129867693,3.5711570984621663,4.158268771345154,4,0,0,7
18,8,32.363313418055625,18.962580033485136,18.898807239396174,61.39901727818587,32.92479175960908,26.77310246497904,3.4468132854144784,3.5711570984621663,4,0,0,8
18,9,32.363313418055625,17.656905844763234,17.50901527864996,72.88376224819073,36.07762946962353,27.72650925262572,3.32116926890584,3.4468132854144784,4,1,1,9
19,0,135.0884307833067,21.0,21.0,40.0,27.195361581889124,23.8040828251533,2.267431907553209,4.022244520743904,0,0,0,0
19,1,135.0884307833067,19.143907231637783,19.076081656503067,49.17989999326764,27.195361581889124,23.8040828251533,2.267431907553209,2.267431907553209,0,0,0,1
19,2,135.0884307833067,17.551462326097315,17.50220692202259,59.44970500203058,30.267313050831127,26.78715922007411,1.8151691742724327,2.267431907553209,0,1,1,2
19,3,124.11975993492607,19.159663622094538,19.2444731533773,68.82090684113064,24.28029346821377,27.78193897123093,1.8281118080634384,1.8151691742724327,0,1,1,3
19,4,109.75011797553879,20.93559452393641,20.9618452175824,79.15566486385332,27.41532234845933,30.0,2.3949403265645466,1.8281118080634384,0,1,1,4
19,5,82.68823777305732,21.984531493391387,21.95220846983053,74.44837085692348,29.202045367427065,27.97965459407385,3.3827350253101818,2.3949403265645466,1,1,1,5
19,6,53.79738249214296,23.07623885041132,22.8633740736421,70.2172934713067,35.477716024779184,24.34963183290538,3.611356910114296,3.3827350253101818,2,0,0,6
19,7,45.457238686714156,20.805245956569166,20.704358972000723,64.9241813739783,31.08223794740131,22.84491706744089,4.170071902714403,3.611356910114296,3,0,0,7
19,8,36.346180047837926,18.741199237840647,18.596710220782104,60.668874810542206,34.2152484678489,25.47749284639502,4.555529319438115,4.170071902714403,4,0,0,8
19,9,36.346180047837926,17.25784858709894,17.20270851592403,70.04551389252939,28.50838907949843,23.58405026487481,4.559942761740891,4.555529319438115,4,1,1,9
20,0,191.56280386058336,21.0,21.0,40.0,34.03487760059643,23.695520081705304,5.530670999028015,3.018100944219988,0,0,0,0
20,1,191.56280386058336,19.28069755201193,19.07391040163411,50.39147158281431,34.03487760059643,23.695520081705304,5.530670999028015,5.530670999028015,0,0,0,1
20,2,191.56280386058336,17.630752155860794,17.535067547226863,60.58021625569502,32.24508737946167,24.35904969209785,6.680410704530024,5.530670999028015,0,1,1,2
20,3,151.49237696935003,19.287488204926348,19.24482266864239,70.19656629242833,28.496356407223654,24.927810463516977,6.678404481872221,6.680410704530024,0,1,1,3
20,4,105.20523538062596,20.397014219881612,20.326134195332838,66.52449218382688,33.55845294528952,29.37446867359129,5.785892698590509,6.678404481872221,1,1,1,4
20,5,64.26020856756438,21.456640679581792,21.478753888841304,62.31684936677297,29.957539905256056,30.0,5.1181283516326985,5.785892698590509,2,1,1,5
20,6,28.534131809780256,22.518422686473365,22.45229789973737,57.476638638442495,29.708907464702243,26.73436626679511,4.465759594723016,5.1181283516326985,3,0,0,6
20,7,21.18959553739478,20.412745389865552,20.227466336449456,52.20701565734592,32.15673728843194,21.90091281658705,3.672268136192737,4.465759594723016,4,0,0,7
20,8,21.18959553739478,18.961957125805256,18.83858296951711,61.55746976247089,30.44743043317154,21.49953681752274,2.718600098748033,3.672268136192737,4,0,0,8
20,9,21.18959553739478,17.521497289256175,17.313941263109637,70.56073373127677,31.12327340584094,18.89485975419172,2.270032877088619,2.718600098748033,4,1,1,9
21,0,180.4166441102632,21.0,21.0,40.0,34.599403986625305,23.335456982769287,4.635424999011551,7.291819783222505,0,0,0,0
21,1,180.4166441102632,19.29198807973251,19.066709139655387,50.428274974491025,34.599403986625305,23.335456982769287,4.635424999011551,4.635424999011551,0,0,0,1
21,2,180.4166441102632,17.73435533804549,17.629347836118626,62.36484783455082,37.47192643224938,28.842367234749485,2.740063549903083,4.635424999011551,0,1,1,2
21,3,162.21881400051467,19.710166357052636,19.4367124553504,75.90945320507352,45.24780761401495,30.0,3.032971684958091,2.740063549903083,0,1,1,3
21,4,128.28264094351624,20.91777683491245,20.58865608225587,74.30893930949911,47.49971781369669,26.941871655334356,4.242021632124803,3.032971684958091,1,1,1,4
21,5,84.40255539244832,22.004810388197402,21.783726775412312,71.43497538329842,41.67892950288291,25.687937573779973,5.485010693883489,4.242021632124803,2,0,1,5
21,6,55.516861403518405,20.00952266786886,22.917899160600204,68.29462081428133,36.89217430811269,28.99474475290343,5.777138797785983,5.485010693883489,3,0,0,6
21,7,45.53797704406757,19.981807982041037,19.023788447213864,64.86418009735128,34.2753293503886,30.0,4.989442179725419,5.777138797785983,4,0,0,7
21,8,45.53797704406757,18.158916173269468,18.388926421701267,76.18074060549844,32.86978060081759,30.0,4.716433036,4.989442179725419,4,0,0,8
21,9,36.40509516606757,16.2203240825187,16.158604521139114,70.82226478878053,26.599923791479128,26.96409944897689,4.566440939,4.716433036,5,1,1,9
22,0,129.83985332157027,21.0,21.0,40.0,28.166889866459577,18.23033519432189,2.3929586011749118,2.6222743122223973,0,0,0,0
22,1,129.83985332157027,19.16333779732919,18.96460670388644,48.35150051094067,28.166889866459577,18.23033519432189,2.3929586011749118,2.3929586011749118,0,0,0,1
22,2,129.83985332157027,17.36929593942902,17.306742342591587,55.96818635890426,24.211783810544198,18.10313756703134,2.781076409237303,2.3929586011749118,0,1,1,2
22,3,111.27230575114204,19.08466086536438,18.97250923638662,65.2754989599211,29.126588814660344,22.580703413210927,3.0945912617380373,2.781076409237303,0,1,1,3
22,4,92.49164303306888,20.777714863056794,20.72302578187808,74.85039517052708,28.80529816515105,24.38856967154888,3.130110453012193,3.0945912617380373,0,1,1,4
22,5,64.97224676687347,21.873570654520474,21.695730471169682,70.04941430814128,33.18678140820518,23.474436022984865,3.439924533274427,3.130110453012193,1,1,1,5
22,6,38.83965567318921,22.789833469192914,22.693574216618575,64.68874436235444,30.516199506748173,23.035634127769363,3.2665738867105327,3.439924533274427,2,0,0,6
22,7,32.567599395819684,20.710657027892466,20.548919362512482,60.84063785130118,35.74286794254805,26.212095884933824,3.136028138684763,3.2665738867105327,3,0,0,7
22,8,26.70192197573909,18.646317122082213,18.567460266986945,57.49337382101879,35.553164894724866,29.18425715926184,2.932838710040296,3.136028138684763,4,0,0,8
22,9,26.70192197573909,17.356338997086272,17.26532325503293,69.32542900825614,35.73363992909633,30.0,3.052730709227171,2.932838710040296,4,1,1,9
23,0,148.08555772507208,21.0,21.0,40.0,25.76796364159105,19.968384727961094,7.497149033777024,6.3965568804569015,0,0,0,0
23,1,148.08555772507208,19.11535927283182,18.999367694559222,48.23254270651938,25.76796364159105,19.968384727961094,7.497149033777024,7.497149033777024,0,0,0,1
23,2,148.08555772507208,17.482457367932682,17.400306977080938,57.81682514539924,29.54670338300439,23.69931016632816,6.688473521913769,7.497149033777024,0,1,1,2
23,3,116.39847883482292,19.027008347351188,19.141410676491127,66.45089693499445,21.739602451765208,26.227463045985957,5.281179815041523,6.688473521913769,0,1,1,3
23,4,89.82665614700969,20.739472117632538,20.779446798084784,75.28828131370287,22.69090546100109,26.405674420712387,4.428637114635541,5.281179815041523,0,1,1,4
23,5,58.91457113290845,21.773126050942444,21.690391131315852,69.38800096709252,27.045561924466508,23.508436149920485,3.864010626762654,4.428637114635541,1,1,1,5
23,6,38.9937857362881,22.681345229251605,22.74047849704446,64.32992532746489,26.75863675896801,28.47427635421184,2.4900981745775432,3.864010626762654,2,0,0,6
23,7,35.16351141944609,20.604033283812896,20.49923301186397,59.57385803593384,30.631875924912688,26.27886134435924,1.9151371584210075,2.4900981745775432,3,0,0,7
23,8,28.86076070901286,18.478986103071556,18.405556255578425,54.52959049917634,30.27656062484088,25.03306417095077,3.151375355216614,1.9151371584210075,4,0,0,8
23,9,28.86076070901286,17.11653696060284,17.001093662181205,64.49216476879262,31.11062373234024,24.237011098861345,4.057578277553961,3.151375355216614,4,1,1,9
24,0,178.46457783542326,21.0,21.0,40.0,28.419619496676518,21.42062755476349,2.5174397310238072,3.3401175408885475,0,0,0,0
24,1,178.46457783542326,19.168392389933533,19.028412551095272,48.971244469259204,28.419619496676518,21.42062755476349,2.5174397310238072,2.5174397310238072,0,0,0,1
24,2,178.46457783542326,17.53519924347207,17.538588276091353,59.609903892621446,30.516954707366715,28.586708755756867,1.7921218329352309,2.5174397310238072,0,1,1,2
24,3,170.98262142948437,19.241882818181647,19.231520899876983,69.44155021631012,27.543758889885048,27.076498463940936,1.246992734323148,1.7921218329352309,0,1,1,3
24,4,161.51345756280594,21.01849727475016,20.938386200016076,79.7502396033066,30.71573955284951,26.55475704157539,1.5781939777797382,1.246992734323148,0,1,1,4
24,5,138.79230558509545,22.062761901513397,21.893626131261527,74.73828398304971,32.573795038310955,22.91534040470633,2.8401439972138105,1.5781939777797382,1,0,1,5
24,6,116.46439342168712,19.880091316069812,22.887359120352254,68.79859484537141,26.254353342943705,24.080707003287944,4.465582432681668,2.8401439972138105,2,0,0,6
24,7,104.81258602941267,19.757499510509984,18.881068397506564,63.360665712876894,25.91757725826013,27.205038672325863,5.825903696137226,4.465582432681668,3,0,0,7
24,8,91.52704166926578,17.17906663472195,17.40248283815152,57.55351914417935,26.523532237626466,24.547875714053824,6.642772180073447,5.825903696137226,4,1,1,8
24,9,47.239688403234396,19.098754925596513,18.85171862916205,66.66592217635606,29.81251653007518,20.81194475979547,7.381225544338564,6.642772180073447,4,1,1,9
25,0,167.18705446792956,21.0,21.0,40.0,32.18852103928587,21.555851194735737,3.915876833570394,2.3289170727994013,0,0,0,0
25,1,167.18705446792956,19.24377042078572,19.031117023894716,49.67398700212389,32.18852103928587,21.555851194735737,3.915876833570394,3.915876833570394,0,0,0,1
25,2,167.18705446792956,17.60567989960589,17.46619694036851,59.66298202960666,32.82918286729137,22.66523395205737,4.876859097871611,3.915876833570394,0,1,1,2
25,3,133.01455166143586,19.361816639614943,19.294216307149252,71.15376791631655,34.654980191227864,29.182719179382627,5.695417134415616,4.876859097871611,0,1,1,3
25,4,88.27162414307415,20.425830620761207,20.333611750093958,66.80619061559833,32.402537313734385,26.77758879338659,5.592865939795212,5.695417134415616,1,1,1,4
25,5,52.74328446624331,21.490527094769842,21.398402253652183,61.886379777845036,30.99528800863112,25.005762892739455,4.441042459603855,5.592865939795212,2,1,1,5
25,6,29.335609034273418,22.562683071892426,22.383299407021326,57.19989436585038,33.82417956350818,23.473123703188172,2.925959428996236,4.441042459603855,3,0,0,6
25,7,25.30938958067953,20.410124936658992,20.340357789662896,53.12308905392126,33.43176362829917,27.252651305427925,2.0131097267969444,2.925959428996236,4,0,0,7
25,8,25.30938958067953,19.139862994391063,18.907688648152995,63.80345198398577,35.995287064157075,23.34006254731237,2.095647425065572,2.0131097267969444,4,0,0,8
25,9,25.30938958067953,17.726147095904434,17.557557871840086,74.8403201587043,36.61400535039012,24.70192895360177,2.663501378497768,2.095647425065572,4,1,1,9
26,0,146.51263420606205,21.0,21.0,40.0,27.940953683034884,18.170431886567712,5.893436323864762,6.383964078185615,0,0,0,0
26,1,146.51263420606205,19.1588190736607,18.963408637731355,48.300049402528465,27.940953683034884,18.170431886567712,5.893436323864762,5.893436323864762,0,0,0,1
26,2,146.51263420606205,17.46055131655773,17.3408949776891,57.09171335809904,28.87827550665968,19.96430202428799,5.172941529936083,5.893436323864762,0,1,1,2
26,3,118.93386678242814,19.03170670589832,18.988935697628094,65.05447177606217,24.08547113150123,20.152075634960617,4.596461237272315,5.172941529936083,0,1,1,3
26,4,92.4831311337449,20.698787411229258,20.621051320355857,73.29712512213958,25.160444128521195,20.632074460797707,4.408455941447205,4.596461237272315,0,1,1,4
26,5,62.617407773795335,21.60131812380489,21.647926140271487,67.08093800336286,23.81730049550588,24.981659955734564,3.733215419993696,4.408455941447205,1,1,1,5
26,6,34.66257673558917,22.606395513329858,22.618732412505512,61.98821079686249,26.86221960127477,28.178184807056525,3.4943538797757703,3.733215419993696,2,0,0,6
26,7,27.64300655647792,20.463441120320752,20.44429803479754,57.06563522403589,28.3788960253002,27.606795236774268,3.5097850895556224,3.4943538797757703,3,0,0,7
26,8,21.80123247942754,18.43842073195449,18.38349386945735,53.04148771065957,32.005223833362955,28.97173442565745,2.9208870385251906,3.5097850895556224,4,0,0,8
26,9,21.80123247942754,17.13902887661179,17.085395501697416,64.4724906136312,33.50557168317574,30.0,3.101897138949565,2.9208870385251906,4,1,1,9
27,0,175.96278825030743,21.0,21.0,40.0,33.71081447619661,15.18451614086729,2.3233528208611207,2.345153248332065,0,0,0,0
27,1,175.96278825030743,19.274216289523935,18.903690322817347,48.8011595110715,33.71081447619661,15.18451614086729,2.3233528208611207,2.3233528208611207,0,0,0,1
27,2,175.96278825030743,17.504148437252063,17.436814050920752,58.39747011428719,31.118722750848004,22.19411393368359,2.192464331333918,2.3233528208611207,0,1,1,2
27,3,161.69122891023923,19.32120765562035,19.147470548389393,69.26246956579978,35.02898961023811,25.332118453720696,2.3785932233446974,2.192464331333918,0,1,1,3
27,4,144.87657420321375,20.965594714532457,20.98140897145285,79.52051751756395,29.40224952501167,27.586905762567007,2.802442451170915,2.3785932233446974,0,1,1,4
27,5,117.23285380934423,21.895131485026138,22.0157569044275,74.179091396541,23.695129474110423,29.96361429798427,3.455465049233689,2.802442451170915,1,1,0,5
27,6,95.63806416793129,23.008664260533894,19.941805962343935,70.25512744786698,31.53353361847768,30.0,4.318957928282589,3.455465049233689,2,0,0,6
27,7,85.36658451142543,18.982166725819752,19.911006650693256,65.6261872615489,28.588938597036996,29.02806036786257,5.135739828252932,4.318957928282589,3,0,0,7
27,8,74.70407946163287,17.760456539444256,17.268664697474698,61.78488227443941,36.32487164849459,25.66787842311929,5.331252524896281,5.135739828252932,4,1,1,8
27,9,43.495463467310046,19.345531748152695,19.157760839117145,72.24732531044916,37.44505330735414,20.67963022603335,5.201435999053804,5.331252524896281,4,1,1,9
28,0,208.83169670862324,21.0,21.0,40.0,25.97211810438348,22.462361213165437,7.167555802871595,7.672630592867759,0,0,0,0
28,1,208.83169670862324,19.11944236208767,19.04924722426331,48.71820627715881,25.97211810438348,22.462361213165437,7.167555802871595,7.167555802871595,0,0,0,1
28,2,208.83169670862324,17.551136119118507,17.349931100760028,58.030117376247375,31.42300871233525,20.309830727045707,7.206989393791038,7.167555802871595,0,1,1,2
28,3,167.64330847602866,19.22603539624754,19.109449630910156,68.0195299092752,32.17204991842274,23.324686376176302,6.864731372099096,7.206989393791038,0,1,1,3
28,4,134.49796305695722,20.97982424111965,20.831423399214618,78.13463818268156,32.68193726934052,23.513108694028084,5.524224236511907,6.864731372099096,0,1,1,4
28,5,95.94182095495358,21.95365963651004,21.973294180236095,74.03742487706447,30.9076613166444,29.66337587437175,4.819517762750454,5.524224236511907,1,1,1,5
28,6,57.685007124163334,23.15182150773682,22.964184035976853,71.47314885484377,39.08735543210727,30.0,4.782101728848781,4.819517762750454,2,0,0,6
28,7,48.26503661584042,21.004587173160076,20.884456385653976,68.16620421046476,36.89126004702173,28.070158595317093,4.709985254161456,4.782101728848781,3,0,0,7
28,8,38.835519242105455,18.974221541296178,18.790646088806906,64.68006828537393,37.47332298216413,26.4925885451091,4.7147586868674844,4.709985254161456,4,0,0,8
28,9,38.835519242105455,17.597350595437945,17.50142882693181,76.34234705249149,36.17007890387185,28.620358691225714,4.957393087135706,4.7147586868674844,4,1,1,9
29,0,242.37662608697644,21.0,21.0,40.0,30.31986999720141,18.504111555298973,4.941945488069576,4.252747373704692,0,0,0,0
29,1,242.37662608697644,19.20639739994403,18.97008223110598,48.78831667945007,30.31986999720141,18.504111555298973,4.941945488069576,4.941945488069576,0,0,0,1
29,2,242.37662608697644,17.48838229431698,17.4281140385726,58.17599043357589,29.355941699133417,22.79780137934336,5.936607181998901,4.941945488069576,0,1,1,2
29,3,201.49430150297644,19.28863453898445,19.044167625124594,68.01628138377644,33.897826292914075,20.770456763755654,6.813720764,5.936607181998901,0,1,1,3
29,4,156.8722672591005,20.892874993125506,20.837207425482628,77.42263385234168,29.353947902146498,22.9035658121048,7.437005707312654,6.813720764,0,1,1,4
29,5,101.44932218507873,21.957354479988993,21.813907219321752,72.58162978578778,32.2231214224641,24.21574487445868,6.927868134252721,7.437005707312654,1,1,1,5
29,6,50.26659466446111,22.902800617928527,22.81946174022919,67.73477124479021,31.362497116938822,25.04384432196351,6.397840940077202,6.927868134252721,2,0,0,6
29,7,37.586424287510354,20.6771694248146,20.644277034663226,62.50877250938842,28.597354849302185,25.702652176243443,6.340085188475379,6.397840940077202,3,0,0,7
29,8,27.086537406194473,18.623570562005373,18.500210652078696,57.85039534474991,32.057420772528616,25.396039423924105,5.249943440657939,6.340085188475379,4,0,0,8
29,9,27.086537406194473,17.198504487859466,17.088263105372146,67.3973676193782,30.20060131615604,22.83813354288997,4.643374444303599,5.249943440657939,4,1,1,9
30,0,71.12279731558075,21.0,21.0,40.0,26.98377311064561,24.58554254525746,5.380253318,6.900144347563503,0,0,0,0
30,1,71.12279731558075,19.139675462212914,19.09171085090515,49.28247681806255,26.98377311064561,24.58554254525746,5.380253318,5.380253318,0,0,0,1
30,2,71.12279731558075,17.526688304369042,17.45579837860454,58.81931959819316,28.623212673727974,24.359247215886565,4.261016022,5.380253318,0,1,1,2
30,3,48.71308717893969,19.237461964570443,19.197786543499266,69.04710580835925,29.934077220474578,26.886957280448097,3.734951689440178,4.261016022,0,1,1,3
30,4,29.575011512153935,20.987627744623566,20.902399466414433,79.06314602271185,30.2506065420194,25.394061315495023,3.189679277797625,3.734951689440178,0,1,1,4
30,5,8.257499466164765,22.07048437000182,22.006001585010956,75.67360743879433,34.502563422680495,30.0,2.664689005748646,3.189679277797625,1,0,0,5
30,6,4.894745339849073,20.061899555844402,19.949642264563604,70.95794758686284,31.85766469186392,25.277558352961115,1.681377063157846,2.664689005748646,2,0,0,6
30,7,3.679875165285449,18.12128638095403,18.027230421749145,65.43241829626183,29.51130285750289,23.12464552804701,0.6074350872818121,1.681377063157846,3,0,0,7
30,8,3.2607174391360974,16.163984968229926,16.068994116169424,58.657552184335515,25.92778512908729,19.76740313798875,0.2095788630746757,0.6074350872818121,4,1,1,8
30,9,1.1326854721419846,17.81596700316233,17.817034000546677,65.93612240370659,20.90400706520915,19.53249415351907,0.3546719944990188,0.2095788630746757,4,1,1,9
31,0,241.1660171755861,21.0,21.0,40.0,33.50093312201388,19.75388834365709,6.549074611397077,4.599278477463367,0,0,0,0
31,1,241.1660171755861,19.27001866244028,18.995077766873145,49.58586786382077,33.50093312201388,19.75388834365709,6.549074611397077,6.549074611397077,0,0,0,1
31,2,241.1660171755861,17.636841654281298,17.43292759867354,59.63520183260029,35.07472468689059,20.75490847299558,7.601466203172697,6.549074611397077,0,1,1,2
31,3,194.00204930594612,19.45840628172416,19.228872945670204,71.42427569984005,40.01511622740632,25.479738590592348,7.860661311606663,7.601466203172697,0,1,1,3
31,4,130.41159248070025,20.550093363399434,20.304125557789135,67.67659247901807,39.127130658378846,23.38574033705456,7.948807103155732,7.860661311606663,1,1,1,4
31,5,74.90745220060944,21.59611532609229,21.494290623356438,63.80238099280446,35.29534420432466,26.514591983377496,6.938017535011351,7.948807103155732,2,1,1,5
31,6,30.387272754902433,22.57951408028915,22.512580663354612,58.79894549506365,30.205255422380155,25.331214034615343,5.565022430713377,6.938017535011351,3,0,0,6
31,7,21.152221759397975,20.39299275839794,20.44418774549236,54.31891083693715,28.444251899297225,30.0,4.617525497752228,5.565022430713377,4,0,0,7
31,8,21.152221759397975,19.02479164306934,18.992130744711883,64.02135847583197,27.38380349710275,26.51868338564631,3.843452410058232,4.617525497752228,4,0,0,8
31,9,21.152221759397975,17.62552320102644,17.51229538553028,73.99334618343926,30.775617979549487,24.624313729379868,3.2801173257146914,3.843452410058232,4,1,1,9
32,0,228.2688561871201,21.0,21.0,40.0,31.66212388872196,21.294204847178563,5.2520712615241205,4.9164242102509,0,0,0,0
32,1,228.2688561871201,19.23324247777444,19.02588409694357,49.532139172462095,31.66212388872196,21.294204847178563,5.2520712615241205,5.2520712615241205,0,0,0,1
32,2,228.2688561871201,17.614518195347294,17.515691696551144,60.17379471395684,33.58600460806516,25.53430395579454,5.104904316,5.2520712615241205,0,1,1,2
32,3,191.2403887114538,19.24889031034387,19.181140687118464,69.15806533636521,27.39124660607387,22.521367962861547,6.171411245944386,5.104904316,0,1,1,3
32,4,148.93500054250683,20.966943129685063,20.892745917558386,78.94332391248663,29.544326299916992,24.818221345202023,7.050898028157826,6.171411245944386,0,1,1,4
32,5,96.24027767768374,21.95889488745874,21.800151703721532,72.94257018081238,29.522964985285064,20.472847616524625,6.586840358102887,7.050898028157826,1,1,1,5
32,6,52.27314114374883,22.86411756515898,22.73489130758182,67.08537264691934,29.81790383442188,20.97544319950564,5.495892066741863,6.586840358102887,2,0,0,6
32,7,43.31281416405255,20.57073396151486,20.59688932371652,61.473318575176606,26.392940455279607,25.76231470170524,4.480163489848142,5.495892066741863,3,0,0,7
32,8,34.38628819247069,18.512575610011535,18.426337891435047,56.39709970819689,29.52583645073378,25.606280954934427,4.463262985790929,4.480163489848142,4,0,0,8
32,9,34.38628819247069,17.09678305478444,16.983480833782686,65.58296711320841,28.995636761621714,22.036959932886727,5.421904745512226,4.463262985790929,4,1,1,9
33,0,251.91524623336676,21.0,21.0,40.0,26.00162013788841,16.797779870414136,7.793234250311443,6.069136932602557,0,0,0,0
33,1,251.91524623336676,19.12003240275777,18.935955597408284,47.70389200149446,26.00162013788841,16.797779870414136,7.793234250311443,7.793234250311443,0,0,0,1
33,2,251.91524623336676,17.36796755420864,17.212245673434058,55.04100001855842,25.654478662441235,15.107232543469667,8.756754433038273,7.793234250311443,0,1,1,2
33,3,200.84218649724806,19.05477067910966,18.89959916669345,64.19929325650526,30.48690535495586,20.3925015225266,8.512176622686447,8.756754433038273,0,1,1,3
33,4,152.18150817324806,20.78851796594137,20.62379142222632,73.8109902293846,31.98110819399595,21.417208322000366,8.110113054,8.512176622686447,0,1,1,4
33,5,97.57331610886897,21.778497576119154,21.79510396819176,69.76500631439981,31.24811173442331,29.60753318232789,6.826024008047389,8.110113054,1,1,1,5
33,6,47.86709328939187,22.705489512550056,22.7937692616482,64.51216277326571,24.74389293996263,29.406976275959007,6.213277852434638,6.826024008047389,2,0,0,6
33,7,37.42112347192795,20.620384233731283,20.52387397289925,59.49779879230988,29.48853623324298,25.987219428113484,5.222984908731959,6.213277852434638,3,0,0,7
33,8,27.21348501,18.52906018231655,18.513566984025225,55.54426004605378,31.79577150725637,29.57345768020978,5.103819230963974,5.222984908731959,4,0,0,8
33,9,27.21348501,17.17740972226755,17.127494100753257,65.91180617549742,30.16282877349672,27.434649723412427,5.355966205113231,5.103819230963974,4,1,1,9
34,0,233.29375024103,21.0,21.0,40.0,28.28820844287196,17.71995470429493,5.2969265193636375,4.118736003062949,0,0,0,0
34,1,233.29375024103,19.16576416885744,18.9543990940859,48.28146936649004,28.28820844287196,17.71995470429493,5.2969265193636375,5.2969265193636375,0,0,0,1
34,2,233.29375024103,17.48445383417334,17.404198382273265,57.87470865429316,30.23951126885254,23.056262552275875,6.157083578200977,5.2969265193636375,0,1,1,2
34,3,192.34122903162543,19.273000215044984,19.175629701435085,68.98298671902101,33.892506687075425,27.820149228079316,6.825420201567432,6.157083578200977,0,1,1,3
34,4,150.98793658370346,21.03707509537772,21.009194137770002,80.29681572423722,32.85460558453446,30.0,6.892215407986995,6.825420201567432,0,1,1,4
34,5,100.3714870610396,22.043009225149472,22.06602018826064,75.93460788680696,29.18325577808365,29.91558956952605,6.327056190332981,6.892215407986995,1,0,0,5
34,6,88.41484742968825,20.081719891988243,19.98244303318508,71.42893596474495,31.460250574350667,26.841572080860384,5.978319815675677,6.327056190332981,2,0,0,6
34,7,77.16923389969466,18.166820411319033,18.039707563665804,65.99927627607984,30.50667627495129,22.661881010242528,5.622806764996793,5.978319815675677,3,0,0,7
34,8,67.01184067174077,16.38076157136058,16.23126335945469,62.165932286415355,35.70929057264517,26.327687262552125,5.078696613976946,5.622806764996793,4,1,1,8
34,9,38.71262441295907,18.33411713437133,18.136856652473213,73.91598619803729,38.6917872801413,26.5862900066472,4.716536043130282,5.078696613976946,4,1,1,9
35,0,344.373151680458,21.0,21.0,40.0,33.91127088394596,20.42283520936855,7.586468305,2.128247833012694,0,0,0,0
35,1,344.373151680458,19.27822541767892,19.008456704187374,49.78013909679661,33.91127088394596,20.42283520936855,7.586468305,7.586468305,0,0,0,1
35,2,344.373151680458,17.595448750349885,17.533109990328168,60.183734345406805,32.48061004231343,25.317141338854327,11.02916842047861,7.586468305,0,1,1,2
35,3,274.45907480254414,19.357221431601566,19.21229072839613,70.43670975551856,32.57129553060911,24.38967897001181,11.652346146318983,11.02916842047861,0,1,1,3
35,4,184.25005511219513,20.42461669589122,20.356223730672433,66.9825333289854,34.86853655302945,29.27492774400851,11.276127461293624,11.652346146318983,1,1,1,4
35,5,104.58052671553702,21.602574820581683,21.476569261606052,63.60133084388471,35.9375237549187,28.61135132785524,9.958691049582262,11.276127461293624,2,1,1,5
35,6,38.924758280497144,22.64126978962839,22.604515670830825,60.072332922296965,33.72778932451251,30.0,8.206971054379984,9.958691049582262,3,0,0,6
35,7,24.43342239081769,20.602467129652922,20.49766674232592,56.713983770762155,35.233584597671275,29.44225344935753,7.245667944839726,8.206971054379984,4,0,0,7
35,8,24.43342239081769,19.40214212721559,19.157941236979102,69.17495791586106,41.50484223058399,27.72279190885437,6.489888449920356,7.245667944839726,4,0,0,8
35,9,24.43342239081769,18.021721156787436,17.886682834860668,81.68261036034174,39.950943737389096,29.536014287503573,5.354143166994714,6.489888449920356,4,0,1,9
36,0,97.21095013466882,21.0,21.0,40.0,27.685076794675016,24.52235008408805,2.7904907897140183,4.960442241307833,0,0,0,0
36,1,97.21095013466882,19.1537015358935,19.090447001681763,49.39733683817735,27.685076794675016,24.52235008408805,2.7904907897140183,2.7904907897140183,0,0,0,1
36,2,97.21095013466882,17.553631872257775,17.452158340575316,59.04053736894024,29.797915439657466,23.7754208423586,1.5818204862471457,2.7904907897140183,0,1,1,2
36,3,88.42946324979107,19.283985766946145,19.06723291929429,68.32329659078084,31.96531496180538,19.60556960397569,1.463581147479624,1.5818204862471457,0,1,1,3
36,4,78.00078485815993,20.96236662307418,20.742975705225085,77.35781441730197,32.20630215506365,17.985463547831475,1.7381130652718553,1.463581147479624,0,1,1,4
36,5,55.06663309070442,21.89895845274213,21.739171043377123,71.51901525352646,31.087897218617087,19.807662982630116,2.866768970931938,1.7381130652718553,1,1,1,5
36,6,29.584111980586194,22.93800941913937,22.64401245818251,66.48836323085743,36.2409628645229,19.144303676204725,3.1853151387647785,2.866768970931938,2,0,0,6
36,7,23.71756827749744,20.667773719923943,20.538426017932686,61.36109189563514,32.86291604800712,21.985576534091265,2.933271851544377,3.1853151387647785,3,0,0,7
36,8,18.382885295388945,18.471931452292843,18.491289807191354,56.19117358472948,27.79193136217813,26.81963357723485,2.6673414910542466,2.933271851544377,4,0,0,8
36,9,18.382885295388945,17.181621171469384,16.978182027838486,65.89600194630302,31.89864748896018,22.017065630892795,2.6465244550822216,2.6673414910542466,4,1,1,9
37,0,30.75986771472367,21.0,21.0,40.0,33.93792267834392,22.819069160221524,3.2843431330791875,7.220572235164975,0,0,0,0
37,1,30.75986771472367,19.27875845356688,19.05638138320443,50.21625853094178,33.93792267834392,22.819069160221524,3.2843431330791875,3.2843431330791875,0,0,0,1
37,2,30.75986771472367,17.612575337076454,17.46458674333511,59.76477634642296,31.89120346981068,21.156117727307,2.06657653525678,3.2843431330791875,0,1,1,2
37,3,24.11755254058169,19.35545603587445,19.09689676210889,69.37963044656408,34.281824353146646,19.13403175874846,1.107052529023663,2.06657653525678,0,1,1,3
37,4,23.52930664858169,20.970969870258266,20.894942411068023,79.04009154521091,30.674495195905592,22.994733129910152,0.098040982,1.107052529023663,0,1,1,4
37,5,22.406103100333564,21.958678215419358,21.770644130896297,72.72141141368414,29.385835469428915,18.843719355422373,0.1404004435310161,0.098040982,1,1,1,5
37,6,20.283491806286246,22.88826415227325,22.766051457898463,67.60274090007275,31.91371045548319,22.982564468898016,0.2653264117559145,0.1404004435310161,2,0,0,6
37,7,18.21601743274595,20.67360614371015,20.628267074298165,62.750951650131995,30.239546248830663,26.139402362609644,1.033737186770148,0.2653264117559145,3,0,0,7
37,8,15.8663491507397,18.656088534564457,18.5089067668399,58.622044527279115,34.21706742800142,26.177893000593663,1.1748341410031249,1.033737186770148,4,0,0,8
37,9,15.8663491507397,17.339783241853702,17.172397508644508,69.86390111001245,36.51588598464552,25.938872808317434,2.007588224141956,1.1748341410031249,4,1,1,9
38,0,88.98618758520209,21.0,21.0,40.0,27.41719516140864,24.44350780714981,2.575014029021886,4.983665124764339,0,0,0,0
38,1,88.98618758520209,19.148343903228174,19.088870156143,49.33492653434052,27.41719516140864,24.44350780714981,2.575014029021886,2.575014029021886,0,0,0,1
38,2,88.98618758520209,17.513826154714632,17.55031080482766,59.55941705893938,27.93529941864322,28.867425718017135,1.1716962368839925,2.575014029021886,0,1,1,2
38,3,83.39857743050096,19.265906084706984,19.21149108335395,69.50517396881992,28.713842685424147,26.54036236946776,0.9312683591168536,1.1716962368839925,0,1,1,3
38,4,77.00732934915575,20.976531218264398,20.93247577234308,79.35062805336892,28.85798222637257,25.83898491001079,1.0652080135575348,0.9312683591168536,0,1,1,4
38,5,66.35812584788442,21.987901926436084,21.939289190921514,74.46369971604203,29.637599961921737,26.54613149737328,1.3311504376589165,1.0652080135575348,1,1,1,5
38,6,47.672308234924095,23.05508958283085,22.974527913138107,71.12000912916606,34.75727451735574,30.0,2.33572720162004,1.3311504376589165,2,0,0,6
38,7,41.41194103521026,21.026675797126973,20.835910336125743,68.27469084146726,39.13635380411853,28.389655708665888,3.130183599856917,2.33572720162004,3,0,0,7
38,8,33.643288288,19.053809866493268,18.82305188058562,66.0108071162055,42.57779136836207,28.178410157961466,3.884326373605131,3.130183599856917,4,0,0,8
38,9,33.643288288,17.705346211814135,17.5728871503176,78.38101899367686,39.40386109136349,29.319538227921853,4.123240467148195,3.884326373605131,4,1,1,9
39,0,227.26520871514919,21.0,21.0,40.0,26.884939390196006,24.75378607633906,6.144777674852652,3.0368237570879333,0,0,0,0
39,1,227.26520871514919,19.13769878780392,19.095075721526783,49.29497058397631,26.884939390196006,24.75378607633906,6.144777674852652,6.144777674852652,0,0,0,1
39,2,227.26520871514919,17.469098851675632,17.331796831067077,57.18624997270672,25.67244403654346,18.167997011958807,7.495477395861172,6.144777674852652,0,1,1,2
39,3,179.88473402053108,19.101842512012656,18.990736512604776,65.80089793367236,27.73699280911009,20.12216252958788,7.896745782436351,7.495477395861172,0,1,1,3
39,4,132.05279762710745,20.77824155550997,20.662384922121422,74.54795436332901,28.02708980154136,20.56766814099561,7.971989398903939,7.896745782436351,0,1,1,4
39,5,73.2221174552898,21.676976219694883,21.67159559303305,68.24733443944139,25.1683850728276,23.161504238907817,7.353835021477204,7.971989398903939,1,1,1,5
39,6,26.06697231263783,22.6489606115856,22.540282359463866,62.02708949579029,27.145519492865287,21.63089748685088,5.894393142831498,7.353835021477204,2,0,0,6
39,7,16.361544456146053,20.473477231876174,20.404003079346865,57.12285246167224,30.595726720484485,25.491845312192996,4.852713928245888,5.894393142831498,3,0,0,7
39,8,9.391819743535557,18.38739886356525,18.291005971075798,52.052213682910335,30.51243740408976,24.650680491677463,3.484862356305248,4.852713928245888,4,0,0,8
39,9,9.391819743535557,16.99964066871194,16.955485348285464,62.22196044491922,30.076126265468627,26.42246685680295,2.1439163266950447,3.484862356305248,4,1,1,9
40,0,125.43349952177824,21.0,21.0,40.0,26.13526509433376,24.3194108763197,2.160940524443446,5.837801084,0,0,0,0
40,1,125.43349952177824,19.122705301886675,19.086388217526395,49.08184167471762,26.13526509433376,24.3194108763197,2.160940524443446,2.160940524443446,0,0,0,1
40,2,125.43349952177824,17.461729293338024,17.51923974083672,58.78559724466917,25.789493528433376,28.120259637964104,0.44080328,2.160940524443446,0,1,1,2
40,3,120.44675637844126,19.195962466159745,19.201777208095297,68.68809690577379,26.93024659843937,28.08364040769745,0.8311238572228303,0.44080328,0,1,1,3
40,4,113.65177322079327,21.02620340215819,20.970815740436922,79.97088605803917,32.6821619570299,30.0,1.132497192941332,0.8311238572228303,0,1,1,4
40,5,100.50817202342024,22.001884605470455,22.049671861738478,75.49034743827441,28.441452112418013,30.0,1.6429501496716297,1.132497192941332,1,0,0,5
40,6,94.95380926104455,20.052606084926563,20.006942044998247,71.40867322320533,31.111879312116848,29.545486159721573,2.7771813811878427,1.6429501496716297,2,0,0,6
40,7,86.39992666161065,18.27227081290488,18.176351362767896,68.1952411822446,35.48093310577375,30.0,4.2769412997169525,2.7771813811878427,3,0,0,7
40,8,76.74436179968966,16.5096891363562,16.381119560375936,64.90998806025962,36.474598825575775,28.607328274507715,4.827782430960498,4.2769412997169525,4,1,1,8
40,9,45.27189912808391,18.31290079257355,18.256877227788525,75.29113156961272,31.2013706876807,26.47164880872539,5.245410445267625,4.827782430960498,4,1,1,9
41,0,242.74607297312437,21.0,21.0,40.0,26.44633370645822,20.839991102824285,7.741069094668894,2.8196600559436518,0,0,0,0
41,1,242.74607297312437,19.128926674129165,19.016799822056488,48.51153846567085,26.44633370645822,20.839991102824285,7.741069094668894,7.741069094668894,0,0,0,1
41,2,242.74607297312437,17.316714574724557,17.39303888450037,56.28762674921613,20.533088878220013,22.667401585920437,9.475349362,7.741069094668894,0,1,1,2
41,3,184.44107586608692,19.167078755728387,18.990932172259082,66.22941385100614,31.44730754616413,23.784843019335973,9.717499517839574,9.475349362,0,1,1,3
41,4,130.37507567052756,20.775565978625696,20.781402267788987,75.49354778241509,26.90889751196228,24.558513218087423,9.011000032593229,9.717499517839574,0,1,1,4
41,5,69.22238085495557,21.742653032233182,21.677654147041398,68.89617783030266,24.92183898297999,21.75943906083988,7.644086851946499,9.011000032593229,1,1,1,5
41,6,22.952028148604715,22.69706381648359,22.588547696610274,62.96219329602333,28.383770929439788,21.982981657897223,5.783794088293858,7.644086851946499,2,0,0,6
41,7,16.49526454057016,20.4268394534154,20.389415846845427,56.72634597268575,26.094329609583674,22.595407482985337,3.228381804017276,5.783794088293858,3,0,0,7
41,8,13.585397724204228,18.263656356078563,18.222947659066524,50.425422407254075,25.46249568170993,22.865706732558507,1.4549334081829666,3.228381804017276,4,0,0,8
41,9,13.585397724204228,16.877399338868006,16.881353988421154,60.381401599806026,27.86194674585024,27.449048768327252,1.643142602749059,1.4549334081829666,4,1,1,9
42,0,170.55463020442645,21.0,21.0,40.0,29.987010434134508,19.76712411690996,3.491291263362929,5.576542457704608,0,0,0,0
42,1,170.55463020442645,19.19974020868269,18.995342482338202,48.955744219188006,29.987010434134508,19.76712411690996,3.491291263362929,3.491291263362929,0,0,0,1
42,2,170.55463020442645,17.580409106410617,17.410634775789898,58.86366113134814,33.29933263576874,21.74465020956532,2.112009550046224,3.491291263362929,0,1,1,2
42,3,157.29094586296154,19.228307131906895,19.149490835991795,68.50507916623688,30.025431641112768,23.53800188604692,2.210614056910818,2.112009550046224,0,1,1,3
42,4,140.6307773202697,20.964380898109322,20.811083282822814,77.95540148502197,30.67445793148462,21.82733272843251,2.7766947571153064,2.210614056910818,0,1,1,4
42,5,113.56315785388819,22.003367720754547,21.861385152036753,73.58822570496861,34.23491916577876,24.83632650059146,3.3834524332976885,2.7766947571153064,1,0,1,5
42,6,93.61122835203753,19.97414801248634,22.78096908950666,68.27978135329604,32.8153302518961,21.026645572145227,3.990385900370133,3.3834524332976885,2,0,0,6
42,7,83.38336142519219,19.948384236375084,18.78079022702774,63.757211228153466,37.24266403063518,20.96527971857273,5.113933463422666,3.990385900370133,3,0,0,7
42,8,71.69443938412272,17.275099803744546,17.48635490232811,58.83529865961974,31.470264915144558,24.51910970411249,5.844461020534741,5.113933463422666,4,1,1,8
42,9,34.69551906405433,19.278231285379587,19.024351215491045,69.65944981789158,34.829675058591924,25.30449804291834,6.166486720011398,5.844461020534741,4,1,1,9
43,0,117.21236101514504,21.0,21.0,40.0,29.811094768392017,22.949714610376667,3.286918212,6.568422984102493,0,0,0,0
43,1,117.21236101514504,19.19622189536784,19.058994292207533,49.496945688178364,29.811094768392017,22.949714610376667,3.286918212,3.286918212,0,0,0,1
43,2,117.21236101514504,17.702858525300062,17.514877147489848,60.95800739355175,37.56502398388372,26.107541045968468,0.9555085655518278,3.286918212,0,1,1,2
43,3,111.00540755566686,19.453541296864913,19.339728945380728,72.50247239378896,36.323127454673454,27.81278921331106,1.0344922432463612,0.9555085655518278,0,1,1,3
43,4,101.11617088206793,20.52148647435538,20.462844840313966,69.06727349399867,34.444080987749395,29.80481401341568,1.2361545841998662,1.0344922432463612,1,1,1,4
43,5,84.12908679325425,21.70481498852415,21.568423941375883,65.78464844465249,36.39785218583333,28.698675317799022,2.1233855111017106,1.2361545841998662,2,1,1,5
43,6,52.32426838470282,22.774925758270196,22.59785775069815,61.826464693177314,36.121344844371016,25.22207875854469,3.975602301068928,2.1233855111017106,3,0,0,6
43,7,42.893104215354555,20.59274616208044,20.57621398186262,58.05886779639651,32.942434293400204,29.45980516892865,4.715582084674133,3.975602301068928,4,0,0,7
43,8,42.893104215354555,19.245113493332283,19.078765932008427,67.83651368889943,31.44280786390493,22.87744709444464,5.393763310810511,4.715582084674133,4,0,0,8
43,9,42.893104215354555,17.795561039732775,17.655344583454912,78.13993272195358,33.37362654202585,23.867590308275037,5.049292147680222,5.393763310810511,4,1,1,9
44,0,343.45607128220126,21.0,21.0,40.0,25.90418423101937,18.722284496043383,7.387351990978872,2.421659745766675,0,0,0,0
44,1,343.45607128220126,19.118083684620387,18.97444568992087,48.0327643708713,25.90418423101937,18.722284496043383,7.387351990978872,7.387351990978872,0,0,0,1
44,2,343.45607128220126,17.39622337140043,17.314469118068015,56.24820061192786,25.941797518713987,19.69951493160024,9.225697097092793,7.387351990978872,0,1,1,2
44,3,281.9416151020011,19.058039009913553,18.939226701946875,64.73567462360201,27.15978129825489,19.992852099934836,10.252409363366697,9.225697097092793,0,1,1,3
44,4,218.37223127701338,20.72859107503106,20.58288432138636,73.09240915566457,27.74691262881912,18.67939032708398,10.594897304164617,10.252409363366697,0,1,1,4
44,5,143.21599248177176,21.619816727790763,21.524990026878868,66.00402746708542,25.440185706857164,18.513249356592056,9.394529849405204,10.594897304164617,1,1,1,5
44,6,71.3589166515538,22.54505213485887,22.42511429773166,59.46259064757618,27.205655019715987,19.786362649677116,8.982134478777244,9.394529849405204,2,0,0,6
44,7,55.64277028153247,20.39016914750487,20.27196979270765,54.394801235880834,31.443991504786457,23.7349562080172,7.858073185010663,8.982134478777244,3,0,0,7
44,8,40.87244886667059,18.304052639981325,18.24481113128932,49.90255799197047,31.555746089639232,26.82068033308093,7.385160707430942,7.858073185010663,4,0,0,8
44,9,40.87244886667059,16.95952376973155,16.960334526857245,60.80417788360208,30.70631986380228,29.85823508970669,7.388889470064255,7.385160707430942,4,1,1,9
45,0,133.49219851460018,21.0,21.0,40.0,30.254637820087137,24.15019091140085,4.706471405544279,4.186657216829217,0,0,0,0
45,1,133.49219851460018,19.205092756401744,19.08300381822802,49.79286917166784,30.254637820087137,24.15019091140085,4.706471405544279,4.706471405544279,0,0,0,1
45,2,133.49219851460018,17.55073018111815,17.469842290960205,59.21313093549671,29.105258078665106,23.22952949816192,4.322788377059762,4.706471405544279,0,1,1,2
45,3,112.11072774496652,19.29314522175383,19.17727131309632,69.4489344949381,31.93629455773724,24.92928077249275,3.563578461605607,4.322788377059762,0,1,1,3
45,4,90.86961084701471,21.131151459308736,20.94987349629627,80.89909339347224,37.20700033061553,26.404993550129674,3.5401861496586355,3.563578461605607,0,1,1,4
45,5,59.553343667496144,22.189134649164306,22.10635802278661,77.93353353100517,36.858000764071846,30.0,3.914533397439822,3.5401861496586355,1,0,0,5
45,6,53.46791151969008,20.272994627105362,20.145388196334565,75.10548829916208,37.621970934205024,30.0,3.042716073903034,3.914533397439822,2,0,0,6
45,7,49.16149350046133,18.407532825055277,18.350118333476072,71.7667560864561,34.784821040522374,30.0,2.153209009614372,3.042716073903034,3,0,0,7
45,8,45.56991345075463,16.652904484148017,16.534292180378255,68.6458599134639,36.39342691166532,29.601594349489066,1.7957900248533507,2.153209009614372,4,1,1,8
45,9,29.575533102268672,18.53013978759646,18.36639316290991,79.56705525498317,35.31991162187953,25.353395831005383,2.6657300580809933,1.7957900248533507,4,1,1,9
46,0,188.502647934868,21.0,21.0,40.0,29.4495500706672,18.6187221624415,5.635608556225983,5.565058434578892,0,0,0,0
46,1,188.502647934868,19.188991001413346,18.97237444324883,48.652289001959566,29.4495500706672,18.6187221624415,5.635608556225983,5.635608556225983,0,0,0,1
46,2,188.502647934868,17.633868661879266,17.373555945127933,58.98074213288544,36.822589690922285,20.557705480888096,5.831586942675515,5.635608556225983,0,1,1,2
46,3,150.89871253286802,19.286018359684558,19.283253308757597,70.21273960173126,33.221464617825134,29.178521320207217,6.267322567,5.831586942675515,0,1,1,3
46,4,99.19809827458278,20.397835147046003,20.34714616789476,66.43777915219192,32.46862777867955,29.89270305721302,6.462576782285655,6.267322567,1,1,1,4
46,5,53.70163838052586,21.54784975289081,21.402128355465884,62.184541706757244,33.87532048638328,25.828915927868483,5.687057486757116,6.462576782285655,2,1,1,5
46,6,17.668600916525854,22.545948593883338,22.381086272589663,56.83303282732503,32.01583273682822,21.586895710770563,4.504129683,5.687057486757116,3,0,0,6
46,7,10.659973447665942,20.38111397423437,20.27917921547979,52.097997346696445,32.298626710154295,24.728953953020262,3.504313734429956,4.504129683,4,0,0,7
46,8,10.659973447665942,19.001161928179666,18.849002487453557,61.73241048108606,31.33075541544981,22.19376199782585,1.610558178501727,3.504313734429956,4,0,0,8
46,9,10.659973447665942,17.530883970482027,17.430464449371154,71.4669062627603,30.691949893423917,23.388582226988508,0.8803954859311962,1.610558178501727,4,1,1,9
47,0,138.60008079988341,21.0,21.0,40.0,29.243793583307443,15.3766626812058,2.378815055016228,4.777329732,0,0,0,0
47,1,138.60008079988341,19.18487587166615,18.907533253624116,48.031682127612385,29.243793583307443,15.3766626812058,2.378815055016228,2.378815055016228,0,0,0,1
47,2,138.60008079988341,17.513988604646734,17.249365724225846,56.722048942239184,32.835549464245176,15.444266172570392,1.6999933044528066,2.378815055016228,0,1,1,2
47,3,123.56867256438176,19.161875743364256,19.013754043019006,66.38823872544538,32.53824128736074,21.16281306378475,2.505234705916943,1.6999933044528066,0,1,1,3
47,4,106.16991043503063,20.943245101098647,20.77541101423871,76.96485072415244,34.68624269827398,24.072712850098597,2.899793688225188,2.505234705916943,0,1,1,4
47,5,76.84833350679614,21.934072079233463,21.848148060424048,72.31502567721274,32.15734210240793,25.3436298590382,3.665197116029311,2.899793688225188,1,1,1,5
47,6,46.193915182518055,22.951077261559043,22.857188822768155,68.15343730493164,33.09834007672874,27.11505785504288,3.83180229053476,3.665197116029311,2,0,0,6
47,7,37.902830768665524,20.74048535604459,20.664150337446145,62.97951149367324,29.907189280175064,24.682111768389365,4.145542206926265,3.83180229053476,3,0,0,7
47,8,29.390060538,18.65694048471527,18.55948820985838,58.48112885793641,32.179978856086194,26.16233983426476,4.256385115332762,4.145542206926265,4,0,0,8
47,9,29.390060538,17.305749510994442,17.199997988206235,69.24847569432066,33.283976898865824,26.534616636602195,4.491674244651945,4.256385115332762,4,1,1,9
48,0,193.9671515600931,21.0,21.0,40.0,32.077185826254336,16.38042125620044,6.6251186068522285,7.473919274,0,0,0,0
48,1,193.9671515600931,19.241543716525086,18.92760842512401,48.72236927484186,32.077185826254336,16.38042125620044,6.6251186068522285,6.6251186068522285,0,0,0,1
48,2,193.9671515600931,17.64368851599453,17.508310881508912,60.288923274639885,37.868272213754224,26.39036111845704,5.5964268643967054,6.6251186068522285,0,1,1,2
48,3,158.17367369712167,19.384926671429067,19.329375323375316,71.65513787772619,33.97693430189244,29.16870238192036,5.965579643828574,5.5964268643967054,0,1,1,3
48,4,116.76650636112169,20.488720815195226,20.374004182334478,67.7651249279533,34.14562607144157,27.576524207597902,5.175895917,5.965579643828574,1,1,1,4
48,5,75.34071930202666,21.612475185604524,21.548138842129962,64.45388692794833,34.93756666663909,30.0,5.178223382386878,5.175895917,2,1,1,5
48,6,38.01282150625535,22.71956583574471,22.61310955090791,61.04699178317257,35.346998739268926,29.05913934531021,4.6659872244714125,5.178223382386878,3,0,0,6
48,7,29.525585231781168,20.64313892973709,20.558377465031686,57.89727693458062,35.834917507822496,30.0,4.243618137237089,4.6659872244714125,4,0,0,7
48,8,29.525585231781168,19.282973200064387,19.17124970367313,68.58430850096644,33.11499719058823,26.257400400444176,4.488369370698809,4.243618137237089,4,0,0,8
48,9,29.525585231781168,17.772151135948185,17.700787748838632,78.03024471339863,28.860722601873697,23.61670080052735,4.351844173529709,4.488369370698809,4,1,1,9
49,0,102.5762970663399,21.0,21.0,40.0,34.66788230859014,19.37149424433721,3.935726773728825,7.358534679,0,0,0,0
49,1,102.5762970663399,19.293357646171803,18.987429884886744,49.727087779526926,34.66788230859014,19.37149424433721,3.935726773728825,3.935726773728825,0,0,0,1
49,2,102.5762970663399,17.67635369628029,17.488453127442245,60.504661961080224,36.92967849045933,22.945733629281232,1.9630760674647807,3.935726773728825,0,1,1,2
49,3,96.8681796785104,19.4927524097114,19.211106637425896,71.6731498827881,39.473976133722616,22.573178986876645,0.9513528979715836,1.9630760674647807,0,1,1,3
49,4,87.1793563805755,20.544374049930575,20.375813247857224,68.38488551144147,38.858962312456505,26.206235624506657,1.2111029122418622,0.9513528979715836,1,1,1,4
49,5,70.53915497972767,21.69651158885856,21.49707108213229,64.9049206686532,38.25031634262834,25.74987897521464,2.080025175105979,1.2111029122418622,2,1,1,5
49,6,43.2621904525708,22.714677444108506,22.625990008749753,61.302908109351634,35.37406590857813,27.9480865397465,3.409620565894609,2.080025175105979,3,0,0,6
49,7,34.89766875993003,20.618920365830785,20.559308567402518,57.87887037067473,34.310901451794976,30.0,4.182260846320386,3.409620565894609,4,0,0,7
49,8,34.89766875993003,19.271649436189485,19.22333921676867,69.12142211848368,32.88415438431264,29.574466436848137,4.249714388,4.182260846320386,4,0,0,8
49,9,34.89766875993003,17.884327073283,17.7847060111958,80.00200355945657,33.0766905338719,27.37098413819972,4.513349779310955,4.249714388,4,1,1,9
50,0,43.19133688588765,21.0,21.0,40.0,29.218066717050583,15.959486398172444,2.0654438238572403,2.993402286830668,0,0,0,0
50,1,43.19133688588765,19.184361334341013,18.91918972796345,48.13195956074014,29.218066717050583,15.959486398172444,2.0654438238572403,2.0654438238572403,0,0,0,1
50,2,43.19133688588765,17.383306577859564,17.330763539507924,56.288518782006115,25.95947195458388,19.354745941338184,1.121347818449251,2.0654438238572403,0,1,1,2
50,3,35.768501977697554,19.07593716230576,18.91625260417262,64.70295049925963,27.759608177781093,18.98723469584954,1.2371391513650158,1.121347818449251,0,1,1,3
50,4,32.651339125702876,20.714756275060843,20.705612281085127,74.08083862647376,27.475923277652807,24.62345520687017,0.5195271419991128,1.2371391513650158,0,1,1,4
50,5,31.084084340565134,21.848541041807877,21.551649996253257,68.40888089461693,33.40208461630324,18.420372428936545,0.1959068481422173,0.5195271419991128,1,1,1,5
50,6,28.43929077884422,22.721358681895914,22.598587961178325,62.9468532739899,31.79031858007983,21.198416860881103,0.3305991952151142,0.1959068481422173,2,0,0,6
50,7,25.75942230956234,20.570707122950957,20.406770547413284,57.88389272874197,32.62208216813495,22.58369258048766,1.3399342346409415,0.3305991952151142,3,0,0,7
50,8,21.04540553777011,18.52241692798785,18.330403480783527,53.57301550810931,35.721868217105595,23.662147223824093,2.3570083858961146,1.3399342346409415,4,0,0,8
50,9,21.04540553777011,17.07764238626325,17.097093344264977,64.30648354143992,30.769015885463187,28.861362077484664,2.969739150353873,2.3570083858961146,4,1,1,9
51,0,77.90893785974762,21.0,21.0,40.0,30.64393802657934,20.32068332507236,3.015526451626599,6.171850198506405,0,0,0,0
51,1,77.90893785974762,19.212878760531588,19.006413666501448,49.17363184329731,30.64393802657934,20.32068332507236,3.015526451626599,3.015526451626599,0,0,0,1
51,2,77.90893785974762,17.488444493709334,17.444704888546873,58.36439939426033,28.17188819807372,22.88793152949864,0.8838697617781637,3.015526451626599,0,1,1,2
51,3,71.89157598996485,19.184326527648764,19.063220215987485,67.30250186033605,28.18376723601623,21.472357575515527,1.0028936449637966,0.8838697617781637,0,1,1,3
51,4,66.84223303703514,20.912120139607413,20.81055782653129,77.33278316250609,31.30924767039048,24.41453734166527,0.8415571588216164,1.0028936449637966,0,1,1,4
51,5,57.03984177807793,21.905623041575815,21.83702941662016,72.29427199092166,30.14736027311659,25.19424432919215,1.2252989073696512,0.8415571588216164,1,1,1,5
51,6,43.69247240584354,22.796279873648277,22.795221664462343,66.5023009225298,26.11876556017168,25.03695072654021,1.6684211715292987,1.2252989073696512,2,0,0,6
51,7,36.77007355426143,20.604094788599575,20.60412808620241,61.316452567426936,27.268636475760243,27.254428218112764,3.4611994257910537,1.6684211715292987,3,0,0,7
51,8,27.083943626937597,18.423494708009944,18.490254838668243,55.68490143200977,24.35421606980689,27.6927220667644,4.843064963661915,3.4611994257910537,4,0,0,8
51,9,27.083943626937597,17.004727528019725,17.020230002441536,64.57683964769254,23.81156553641412,25.58809121737903,5.062932254006196,4.843064963661915,4,1,1,9
52,0,206.2374447199333,21.0,21.0,40.0,26.97908180760525,21.78795921492037,5.487051280769098,5.792119723600514,0,0,0,0
52,1,206.2374447199333,19.139581636152105,19.03575918429841,48.77806738405461,26.97908180760525,21.78795921492037,5.487051280769098,5.487051280769098,0,0,0,1
52,2,206.2374447199333,17.502261972379873,17.495674509116384,58.90792684149646,29.081853463384,27.19514352240409,5.474302849034235,5.487051280769098,0,1,1,2
52,3,176.04673884320277,19.205556125417342,19.238986646501306,69.09421805826933,27.508896327301755,29.081610432547564,5.031784312788423,5.474302849034235,0,1,1,3
52,4,146.72280329396324,21.055381946518356,20.910019383357564,79.71334180498685,32.88090113399442,26.11423079221399,4.887322591539923,5.031784312788423,0,1,1,4
52,5,108.92765482511965,22.152398666820734,21.915012054622363,75.63159575635507,37.35336772691018,23.303598669579863,4.724393558605451,4.887322591539923,1,0,1,5
52,6,84.41947094819272,20.163305782066164,23.001533155167273,72.3691193477669,38.4289474623262,26.779516934406207,4.901636775385383,4.724393558605451,2,0,0,6
52,7,73.61627746771156,20.137150642987123,19.01776519337996,68.35947471385508,37.22669584772122,23.830833963879797,5.401596740240587,4.901636775385383,3,0,0,7
52,8,63.17373572356284,17.63836204000521,17.724296724893218,65.39989355374281,39.69263163843063,27.198584138723422,5.221270872074358,5.401596740240587,4,1,1,8
52,9,36.07594638247713,19.607566930993674,19.38921169180909,77.60205693291513,38.70926911843311,29.08052743252425,4.516298223514285,5.221270872074358,4,1,1,9
53,0,147.80342836430611,21.0,21.0,40.0,32.15040635947739,16.98588571567614,5.906667666199581,6.967597182107072,0,0,0,0
53,1,147.80342836430611,19.243008127189547,18.939717714313524,48.84453257352764,32.15040635947739,16.98588571567614,5.906667666199581,5.906667666199581,0,0,0,1
53,2,147.80342836430611,17.40622236693653,17.38115716238843,57.019560790902105,25.609719925201645,19.8071035046565,5.369467027425401,5.906667666199581,0,1,1,2
53,3,121.90419366903652,19.092320971399182,19.063782691888786,66.31541134258637,26.723253109882407,24.9203610661413,4.316539115878264,5.369467027425401,0,1,1,3
53,4,101.38614449897203,20.84421033880891,20.697514990901322,75.45780786772124,29.276966697170145,21.514125109134675,3.4196748616774157,4.316539115878264,0,1,1,4
53,5,73.59505222675737,21.813555753485204,21.72900896492139,70.08422339310297,29.95392794946264,23.526158302658114,3.473886534026832,3.4196748616774157,1,1,1,5
53,6,38.157840319362286,22.79558246008529,22.7116201831679,65.15427296328825,30.705517754344644,25.239202080017986,4.429651488424386,3.473886534026832,2,0,0,6
53,7,29.308108334970715,20.5546301937351,20.61391248019418,60.294123848676264,27.31391237481465,29.01859254400765,4.424865992195785,4.429651488424386,3,0,0,7
53,8,21.13880575220101,18.389093364785694,18.45821586678604,54.38601950436998,23.082586011808587,27.427945408712063,4.084651291384853,4.424865992195785,4,0,0,8
53,9,21.13880575220101,17.00236259835919,17.04132923378969,63.98473298760358,25.170508358217145,28.15567765974726,3.490175091142972,4.084651291384853,4,1,1,9
54,0,107.35742928687746,21.0,21.0,40.0,33.19546111629865,19.02161508290255,4.268166451987251,7.251146528503431,0,0,0,0
54,1,107.35742928687746,19.263909222325974,18.980432301658052,49.39907371585622,33.19546111629865,19.02161508290255,4.268166451987251,4.268166451987251,0,0,0,1
54,2,107.35742928687746,17.567400457008247,17.472558318727646,59.34822812283336,32.133670381405466,23.139409657356428,2.6890425279620382,4.268166451987251,0,1,1,2
54,3,99.40551986157993,19.251834081080546,19.159378201939674,68.8941643561793,29.539202552698423,23.493776521445675,1.325318237549589,2.6890425279620382,0,1,1,3
54,4,91.97476836292404,20.9375554322724,20.891571242174106,78.55679316410934,28.6836594235974,24.997611731569428,1.2384585831093164,1.325318237549589,0,1,1,4
54,5,77.48182655624545,21.94401481206001,21.884940369683775,73.43277196716197,29.25501693806712,25.61153196778081,1.8116177258348232,1.2384585831093164,1,1,1,5
54,6,54.09216774676292,22.899638663427336,22.89811334142623,68.79800303871937,29.27349989995337,28.311117164254465,2.923707351185316,1.8116177258348232,2,0,0,6
54,7,44.96430756296694,20.717066757115976,20.725938599419386,64.05456823859902,28.280102745977533,28.7008150311316,4.563930091897991,2.923707351185316,3,0,0,7
54,8,34.440917338206546,18.727817487217713,18.536777090628142,59.678884281650554,34.22146010594014,24.802517911012835,5.261695112380197,4.563930091897991,4,0,0,8
54,9,34.440917338206546,17.331322647486015,17.22507015099127,70.51189515701944,34.18081226281503,26.002581489234323,4.767790069613863,5.261695112380197,4,1,1,9
55,0,78.84221504483291,21.0,21.0,40.0,28.997468520857502,17.531056450986682,3.4418711599988705,5.760294626200038,0,0,0,0
55,1,78.84221504483291,19.17994937041715,18.950621129019734,48.375134494931956,28.997468520857502,17.531056450986682,3.4418711599988705,3.4418711599988705,0,0,0,1
55,2,78.84221504483291,17.384016654802014,17.274373789042254,55.81171921371631,25.11821322887552,16.196146319926427,2.330840189993881,3.4418711599988705,0,1,1,2
55,3,71.03803576902853,18.983830079795396,18.915796708926514,63.84408948669963,24.83529541209621,19.7889838822556,1.3006965459673971,2.330840189993881,0,1,1,3
55,4,62.74823890902852,20.727519597381107,20.64998054514503,73.58592201116268,29.509372488704827,24.611919313867688,1.38163281,1.3006965459673971,0,1,1,4
55,5,50.10353748158737,21.76498446758366,21.5878746383299,67.83521104029828,30.70175814849115,20.68318090226213,1.5805876784301445,1.38163281,1,1,1,5
55,6,37.1636604598504,22.70407268501744,22.547342535816014,62.139789269899495,31.09262808722004,20.599473188342312,1.617484627717121,1.5805876784301445,2,0,0,6
55,7,35.06713566537246,20.443630837121432,20.455311947301144,56.92511927132696,28.064920590705103,26.29802386166976,1.0482623972389682,1.617484627717121,3,0,0,7
55,8,30.10039087325944,18.41755186442061,18.39520148327638,52.88977107715232,30.928517329550584,29.986214925034695,2.483372396056511,1.0482623972389682,4,0,0,8
55,9,30.10039087325944,17.115772705006144,16.940529888872167,62.88188407533622,32.30456770133104,23.207171177468403,3.4207754607158347,2.483372396056511,4,1,1,9
56,0,285.82724502351215,21.0,21.0,40.0,26.619574452116694,15.038631154240514,7.728012001146649,4.456424009021792,0,0,0,0
56,1,285.82724502351215,19.132391489042334,18.900772623084812,47.498477009144295,26.619574452116694,15.038631154240514,7.728012001146649,7.728012001146649,0,0,0,1
56,2,285.82724502351215,17.390040285067663,17.259010788932905,55.639999136544205,27.628218140827848,17.6024603447272,9.11409239217624,7.728012001146649,0,1,1,2
56,3,227.87497974926447,19.06855271929122,18.90684730218106,64.42997740001478,29.44196293618293,19.39124963865361,9.658710879041282,9.11409239217624,0,1,1,3
56,4,172.18596843758678,20.833389504934612,20.675159501766608,74.73748651677562,33.800510476306364,23.46342906125385,9.281501885279614,9.658710879041282,0,1,1,4
56,5,104.76708338828513,21.78137725245865,21.73279688634261,69.37711504208232,29.17798008029097,24.37551172696851,8.427360631162706,9.281501885279614,1,1,1,5
56,6,43.64515586013356,22.846245260955218,22.73821912293309,65.37248397278688,33.60769767060292,27.47768527775572,7.640240941018946,8.427360631162706,2,0,0,6
56,7,31.23676552394064,20.632309390697255,20.627086757277258,60.70419602543747,29.63996201691753,27.758438275585707,6.204195168096462,7.640240941018946,3,0,0,7
56,8,20.93077686350925,18.656799860605673,18.498560471593944,56.8326384470157,34.90749453588269,26.917185583996357,5.152994330215695,6.204195168096462,4,0,0,8
56,9,20.93077686350925,17.247472568270283,17.1671615383794,67.27461848567069,32.20007127223505,25.810928942514856,4.441829557691886,5.152994330215695,4,1,1,9
57,0,244.7303815751356,21.0,21.0,40.0,31.569373378022984,21.37348539219084,7.598820827,6.0967536474952775,0,0,0,0
57,1,244.7303815751356,19.23138746756046,19.027469707843817,49.52971457863849,31.569373378022984,21.37348539219084,7.598820827,7.598820827,0,0,0,1
57,2,244.7303815751356,17.621831029935592,17.377619668564737,58.99671951399151,33.931903163682385,18.662568699389933,7.96998135,7.598820827,0,1,1,2
57,3,198.41602195669142,19.382682529122025,19.194775181905516,70.36698002501147,38.11332586574945,25.05478808436148,7.719059936407361,7.96998135,0,1,1,3
57,4,144.86523229583327,20.56262372614159,20.357220947638154,68.09948286008137,41.91243799745935,28.823688864040044,6.693848707607271,7.719059936407361,1,1,1,4
57,5,98.1609344777229,21.614178531431964,21.515351879471737,64.04582293097403,34.41768733470548,26.39531305914268,5.838037227263794,6.693848707607271,2,1,1,5
57,6,56.60713386196511,22.703843962381757,22.607130149425412,60.69539360891858,35.51896376345633,29.200873336235624,5.194225076969724,5.838037227263794,3,0,0,6
57,7,46.997253736612336,20.71543985539971,20.52352796363402,58.05852190495935,39.86517393587248,28.818872153242918,4.804940062676389,5.194225076969724,4,0,0,7
57,8,46.997253736612336,19.451907805044687,19.279027400642516,70.93260765234623,41.52269859659381,30.0,4.927712319463442,4.804940062676389,4,0,0,8
57,9,36.768708394980536,17.458279482056817,17.18559838347335,68.27562504567614,42.39978992351935,26.17252892831344,5.1142726708158985,4.927712319463442,5,1,1,9
58,0,228.67838614863976,21.0,21.0,40.0,25.37415128584443,15.58139350111973,6.931968185400623,4.269489586438487,0,0,0,0
58,1,228.67838614863976,19.10748302571689,18.911627870022397,47.37199806165355,25.37415128584443,15.58139350111973,6.931968185400623,6.931968185400623,0,0,0,1
58,2,228.67838614863976,17.39963755001902,17.19792193299503,55.1639269229165,28.15605093014989,15.1324427435332,7.446575945898799,6.931968185400623,0,1,1,2
58,3,186.23172966020525,18.93328234740025,18.842983633543138,62.57878070861791,24.36715104550054,16.826481097285097,7.074442748072419,7.446575945898799,0,1,1,3
58,4,146.18593448219826,20.68832265512827,20.499872519181572,71.6160910621403,30.4921336234914,19.715146118299657,6.674299196334497,7.074442748072419,0,1,1,4
58,5,92.78745368219828,21.694251692615353,21.514344461024116,66.10038376336107,32.25631431277226,20.434200694009803,6.6748101,6.674299196334497,1,1,1,5
58,6,41.350823119557745,22.679227875172835,22.535279707473173,61.24132316269544,33.11728453868787,23.22126767983641,6.429578820330066,6.6748101,2,0,0,6
58,7,31.448530769390242,20.554436315294552,20.380954042767844,56.653633196199564,34.339751497315454,23.50641535548529,4.951146175083752,6.429578820330066,3,0,0,7
58,8,22.811738165390242,18.455258038175682,18.339630849845182,52.1622795184572,33.382480980706234,24.99888747628065,4.318396302,4.951146175083752,4,0,0,8
58,9,22.811738165390242,17.145143126296606,16.96865937700615,62.81659382483774,34.874615162463826,24.31601987298364,4.060415708,4.318396302,4,1,1,9
59,0,266.0307929705983,21.0,21.0,40.0,26.483845303341628,21.9133357931149,7.0424736869756295,2.341308708694496,0,0,0,0
59,1,266.0307929705983,19.129676906066834,19.0382667158623,48.711492597362174,26.483845303341628,21.9133357931149,7.0424736869756295,7.0424736869756295,0,0,0,1
59,2,266.0307929705983,17.519285641855035,17.401269519965517,58.20483748574591,30.00638194150466,22.73442299396057,9.287013822977675,7.0424736869756295,0,1,1,2
59,3,203.38483499367857,19.176439234895607,19.13423492303258,67.81309986597785,28.629846433613373,24.74938901211956,10.440992996153298,9.287013822977675,0,1,1,3
59,4,146.1667308673101,20.90660738682378,20.78857693173365,77.0846062841517,29.021478211153376,22.48689077870142,9.536350687728076,10.440992996153298,0,1,1,4
59,5,83.20877445189153,21.88516988230319,21.750421417891197,71.30524323596127,29.86682044516908,21.3589403982174,7.8697445519273215,9.536350687728076,1,1,1,5
59,6,34.53186803790888,22.805259397570307,22.747256025956816,66.0295925161308,29.47277910723153,24.55138356037698,6.084613301747831,7.8697445519273215,2,0,0,6
59,7,25.289400599649483,20.61582658043099,20.608403780077918,61.30359906051655,29.159502363666185,27.918311771810146,4.621233719129699,6.084613301747831,3,0,0,7
59,8,17.2998864779203,18.51437699971815,18.475180933448144,56.22466276926629,28.59408296148077,26.522937642684443,3.994757060864592,4.621233719129699,4,0,0,8
59,9,17.2998864779203,17.183098494225437,17.049358557971836,66.37004875001952,31.81909662767957,24.544158820949477,3.153054951332821,3.994757060864592,4,1,1,9
60,0,236.51398041607075,21.0,21.0,40.0,28.238716441256617,21.80676443699532,5.895737675284039,6.303220308711328,0,0,0,0
60,1,236.51398041607075,19.164774328825132,19.036135288739906,49.00818655808535,28.238716441256617,21.80676443699532,5.895737675284039,5.895737675284039,0,0,0,1
60,2,236.51398041607075,17.511382437637966,17.435085838938786,58.46772491462403,29.14870320294833,23.404287666710992,5.250696485511845,5.895737675284039,0,1,1,2
60,3,203.66932473253445,19.303667221068885,19.09130763897238,68.62479738434843,34.0953042363352,22.33287615102256,5.474109280589384,5.250696485511845,0,1,1,3
60,4,169.18706161454585,21.012607017228095,20.908640596497655,79.24803777192119,33.70085846057591,25.31714369260612,5.747043852998098,5.474109280589384,0,1,1,4
60,5,122.20263815395654,21.98983264463697,21.979383850067784,74.64018878346063,29.90805416287307,27.826118123457118,5.873052932573664,5.747043852998098,1,1,1,5
60,6,73.61371086151134,22.926039596624804,22.921859203283297,69.32062437552506,27.072974659652346,26.707223074038943,6.073615911555651,5.873052932573664,2,0,0,6
60,7,59.757724065013164,20.731705290184927,20.710982615245015,64.16814347551414,27.903639545750966,26.80479989863286,6.927993398249087,6.073615911555651,3,0,0,7
60,8,46.246219407578366,18.647297200819626,18.645023056996944,60.04456199225601,30.42454731523256,30.0,6.755752328717398,6.927993398249087,4,0,0,8
60,9,46.246219407578366,17.273231153851523,17.28918013927838,70.70716131173559,29.236662885997664,30.0,5.925602710703807,6.755752328717398,4,1,1,9
61,0,80.77231473232082,21.0,21.0,40.0,34.80509278865018,22.839674169226885,5.284903714037762,7.108807753091166,0,0,0,0
61,1,80.77231473232082,19.296101855773006,19.05679348338454,50.376058052417875,34.80509278865018,22.839674169226885,5.284903714037762,5.284903714037762,0,0,0,1
61,2,80.77231473232082,17.75687915529114,17.61297726672678,62.41500537302776,38.833880342049866,28.04916032800504,3.560243604240781,5.284903714037762,0,1,1,2
61,3,67.71427696641807,19.52121776476218,19.38384660137255,73.73343941951991,35.95363782256288,26.92655132461576,2.176339627650459,3.560243604240781,0,1,1,3
61,4,65.75158924961559,20.595188938058,20.495919794560923,70.35370487777418,35.790527474666575,28.766502848968244,0.2453359646003092,2.176339627650459,1,1,1,4
61,5,59.0561804016156,21.591143428397277,21.648594399515563,65.90467282515172,28.616488596541927,30.0,0.836926106,0.2453359646003092,2,1,1,5
61,6,48.507524129800956,22.735588296871068,22.64926437689304,62.32647048293467,33.45443143212744,30.0,1.3185820339768304,0.836926106,3,0,0,6
61,7,42.83864556964402,20.678140266962224,20.569987447600543,59.17362148688558,36.26000267262987,29.557502904875232,2.834439280078465,1.3185820339768304,4,0,0,7
61,8,42.83864556964402,19.398522577619485,19.26649268619704,71.38023260365115,38.01914653290039,29.79535967135276,3.795817377692595,2.834439280078465,4,0,0,8
61,9,33.005678046747406,17.342416735804736,17.226356254118322,68.58125764566951,37.78347245565754,30.0,4.916483761448309,3.795817377692595,5,1,1,9
62,0,141.69993947184088,21.0,21.0,40.0,26.99117210300796,17.055563209259258,4.462930448893935,6.577737058525979,0,0,0,0
62,1,141.69993947184088,19.13982344206016,18.941111264185185,47.9284123562081,26.99117210300796,17.055563209259258,4.462930448893935,4.462930448893935,0,0,0,1
62,2,141.69993947184088,17.428249863744036,17.31224191925877,56.5059590522708,28.21705854636809,19.43597865398028,3.788765335727567,4.462930448893935,0,1,1,2
62,3,123.67151517283773,19.211245187257465,19.015038565200282,66.81322115169249,34.40650874457375,22.85605847443565,3.004737383167191,3.788765335727567,0,1,1,3
62,4,106.91556187919555,21.013261920231393,20.806862642048866,77.89275204768235,37.40800633107499,24.14494309109093,2.792658882273697,3.004737383167191,0,1,1,4
62,5,83.79192442420423,21.997048773042728,21.80529824062411,72.60217444658909,33.312375671575445,20.62885987790645,2.890454681873916,2.792658882273697,1,1,1,5
62,6,53.49365018420422,22.835814465132284,22.819308742033733,66.89927250038184,27.67604444225004,23.974500301043022,3.78728428,2.890454681873916,2,0,0,6
62,7,43.26647335768086,20.69490646185641,20.638220458002472,62.32222503144229,30.49358893919986,27.41170290002481,5.113588413261682,3.78728428,3,0,0,7
62,8,32.03379031928685,18.647319306629562,18.53233037635033,58.072052357779654,33.160499747933585,26.560763176162883,5.616341519197003,5.113588413261682,4,0,0,8
62,9,32.03379031928685,17.275921591882838,17.18825969073239,68.76321323880433,32.751633619812885,26.643704608101917,5.779208970750829,5.616341519197003,4,1,1,9
63,0,190.91095147875734,21.0,21.0,40.0,28.010417639701927,24.12407232294737,3.960863727164933,3.6580867185612154,0,0,0,0
63,1,190.91095147875734,19.16020835279404,19.08248144645895,49.384208193276876,28.010417639701927,24.12407232294737,3.960863727164933,3.960863727164933,0,0,0,1
63,2,190.91095147875734,17.653497643755088,17.460648316877762,60.01442623464805,34.9325684176997,24.12419847880682,3.888757863,3.960863727164933,0,1,1,2
63,3,166.05946147600068,19.289077785300666,19.2534210371246,70.14102512497406,30.46723001799835,25.791652706035077,4.141915000459443,3.888757863,0,1,1,3
63,4,132.25730928602695,20.315062926267302,20.247901358256716,64.94477145442086,29.17909350449297,25.286163881322544,4.225269023746716,4.141915000459443,1,1,1,4
63,5,99.22422834941173,21.38645568792018,21.335980897439804,60.11799824839143,30.024544838673823,26.49338179449605,4.129135117076903,4.225269023746716,2,1,1,5
63,6,57.67882030941174,22.39848504546045,22.36724994551735,55.15787682577576,29.04799003102562,26.72911317666512,5.193176005,4.129135117076903,3,0,0,6
63,7,45.65735505941174,20.34368331681706,20.286065363078755,51.45446974829319,33.05413687780154,29.704712691739772,6.010732625,5.193176005,4,0,0,7
63,8,45.65735505941174,19.127484609255042,18.98473469732635,63.69478743074487,38.001764902509294,30.0,6.568302135683668,6.010732625,4,0,0,8
63,9,45.65735505941174,17.82206426299951,17.679206076438447,76.16593587200191,39.28415800698361,30.0,6.760420824402143,6.568302135683668,4,1,1,9
64,0,335.8357296054618,21.0,21.0,40.0,34.4068780681242,19.315241752097823,5.533428652391688,2.363734999653362,0,0,0,0
64,1,335.8357296054618,19.288137561362486,18.986304835041956,49.669981567639965,34.4068780681242,19.315241752097823,5.533428652391688,5.533428652391688,0,0,0,1
64,2,335.8357296054618,17.526714373719173,17.461721694678626,58.9116145419689,29.559765129886983,21.78264028305155,7.961128980729184,5.533428652391688,0,1,1,2
64,3,278.9495426705316,19.271235144193263,19.196594856327,69.3844441622538,31.444645679141026,26.737741100219523,9.481031155821697,7.961128980729184,0,1,1,3
64,4,222.22753683127996,21.0464458875105,20.935722561872666,79.96584543286346,32.72066660719193,26.06489600730617,9.453667639875276,9.481031155821697,0,1,1,4
64,5,149.60915403787993,22.036567769976063,21.920020990308267,74.75088806579403,30.92476841434141,23.436579546384007,9.077297849175002,9.453667639875276,1,0,1,5
64,6,101.99640055287995,19.91970202056586,22.888140177594977,69.17309889093849,27.83595476940409,24.50966092584292,9.522550697,9.077297849175002,2,0,0,6
64,7,83.33339025887994,19.755293798291735,18.868606766077757,63.27599039553641,25.189699362625134,25.3819201073633,9.331505147,9.522550697,3,0,0,7
64,8,67.15302407887994,17.19779096160236,17.506463407110854,58.691993372937745,27.866683207785176,30.0,8.09018309,9.331505147,4,1,1,8
64,9,28.04110558936187,19.158376815511698,19.077908500782193,69.38279260263042,29.39332905384817,30.0,6.518653081586344,8.09018309,4,1,1,9
65,0,146.44764676497869,21.0,21.0,40.0,34.33634858119019,18.15807638443375,5.179411705528362,4.370684638871349,0,0,0,0
65,1,146.44764676497869,19.286726971623803,18.963161527688676,49.44899649381231,34.33634858119019,18.15807638443375,5.179411705528362,5.179411705528362,0,0,0,1
65,2,146.44764676497869,17.626622244032028,17.44562293745361,59.64379805237667,35.27061671220827,21.3671697242604,5.154878306542354,5.179411705528362,0,1,1,2
65,3,120.78145563489238,19.266416058249295,19.25019461250518,69.876799888758,30.188036044000228,26.661974158118323,4.277698521681051,5.154878306542354,0,1,1,3
65,4,97.96952125047525,20.95853847022158,20.962720662968078,79.51489388472899,26.78958934655997,26.75537729772327,3.801989064069521,4.277698521681051,0,1,1,4
65,5,70.81947383054172,22.08257976619945,21.936149190486805,75.35256374644435,33.73403645198226,26.475240557547476,3.393755927491692,3.801989064069521,1,0,1,5
65,6,51.44254173083776,20.07033573939213,22.951435035419056,71.19679617058634,34.19361476201069,26.052120927667072,3.875386419940792,3.393755927491692,2,0,0,6
65,7,43.75572340500893,19.98410260398486,18.959221924737292,66.44168188349035,32.471788130164946,24.444243608190643,3.843409162914415,3.875386419940792,3,0,0,7
65,8,36.74478863700893,17.501970536963046,17.662830844892397,63.41527386791516,36.92507513063641,29.59488033839036,3.505467384,3.843409162914415,4,1,1,8
65,9,20.700150314581062,19.386998228476877,19.18243930110269,73.37401221072687,31.570682938250407,23.75564118848134,2.6741063870713115,3.505467384,4,1,1,9
66,0,64.59330908487705,21.0,21.0,40.0,29.31504360639344,20.614515398284745,3.9894221197129087,6.489086375840484,0,0,0,0
66,1,64.59330908487705,19.18630087212787,19.012290307965696,48.98732062084207,29.31504360639344,20.614515398284745,3.9894221197129087,3.9894221197129087,0,0,0,1
66,2,64.59330908487705,17.612913450973455,17.464392481822074,59.643177226868644,34.61770514340814,24.58149822340617,2.2523552981377137,3.9894221197129087,0,1,1,2
66,3,64.19760272487704,19.351832271508506,19.12724247734843,69.49736368056205,34.10139227178551,20.64408802651121,0.06595106,2.2523552981377137,0,1,1,3
66,4,57.86826771169075,20.99819022288311,20.927454341178045,79.4789675217465,31.179497835450704,24.27385683779628,1.0548891688643838,0.06595106,0,1,1,4
66,5,42.08481909189134,22.025393268762123,21.95412655674015,74.92823321274687,31.33792494389403,26.713551117219197,1.9729310774749265,1.0548891688643838,1,0,1,5
66,6,31.299143248605564,20.06201970072341,23.00147392827932,71.46556528720303,34.096289302534245,30.0,2.157135168657155,1.9729310774749265,2,0,0,6
66,7,26.74159705122872,20.022827610184525,19.058468312894806,67.61423843037014,33.03161223437124,28.905460783223774,2.2787730986884216,2.157135168657155,3,0,0,7
66,8,23.134931663473097,17.57866860418305,17.723942158291646,64.71054654607507,37.20171175391626,30.0,1.8033326938778111,2.2787730986884216,4,1,1,8
66,9,12.55001710648149,19.494170433909453,19.303375190210218,75.60600175673177,33.945482799601685,26.58482392626893,1.7641524261652677,1.8033326938778111,4,1,1,9
67,0,299.1562436751144,21.0,21.0,40.0,25.590782627592905,16.699253631893868,6.449083289865628,2.143775095255414,0,0,0,0
67,1,299.1562436751144,19.111815652551858,18.933985072637878,47.61220652670762,25.590782627592905,16.699253631893868,6.449083289865628,6.449083289865628,0,0,0,1
67,2,299.1562436751144,17.36771997603214,17.231262852355457,55.20075787778387,25.824466749817184,16.334151867273114,8.790136138905629,6.449083289865628,0,1,1,2
67,3,241.0871826085206,18.9796744282934,18.920137282007836,63.715994130180164,26.165291119148453,21.141576949719823,9.678176844432295,8.790136138905629,0,1,1,3
67,4,185.6396541375881,20.740971902109955,20.64464337336788,73.52936498641594,30.11410530523745,24.404621673850244,9.241254745155414,9.678176844432295,0,1,1,4
67,5,115.2183653581043,21.759896829025795,21.62775961677266,68.02609749760681,30.40570680297966,22.353918259191868,8.802661097435477,9.241254745155414,1,1,1,5
67,6,47.233751984209064,22.709372757325266,22.59601064847824,62.53453093887087,30.237396927696437,22.58723330154833,8.498076671736904,8.802661097435477,2,0,0,6
67,7,32.106990058209064,20.59118903593595,20.371814777214027,57.459267900587534,33.90328606694702,21.234141498145576,7.563380963,8.498076671736904,3,0,0,7
67,8,19.557217728766094,18.404821023940364,18.393485297989333,52.775002141815264,30.583517425933955,26.72611724755344,6.274886164721483,7.563380963,4,0,0,8
67,9,19.557217728766094,17.088943881801267,16.963373620638823,62.84827022577024,31.205574706902144,24.757025759514413,4.399162376309752,6.274886164721483,4,1,1,9
68,0,196.95888553922862,21.0,21.0,40.0,28.73783201908008,24.222883992666183,3.645018368703425,2.812360978347176,0,0,0,0
68,1,196.95888553922862,19.174756640381602,19.084457679853326,49.53292888211433,28.73783201908008,24.222883992666183,3.645018368703425,3.645018368703425,0,0,0,1
68,2,196.95888553922862,17.568697090318402,17.492327681336192,59.55120760272748,30.415029430220592,25.242074573185807,4.793976726399702,3.645018368703425,0,1,1,2
68,3,161.89899408316174,19.269857251998506,19.12585069072936,68.78697020650077,29.82783072068763,21.48196152249732,5.843315242677816,4.793976726399702,0,1,1,3
68,4,122.5123238168116,20.87517685256677,20.779770992970352,77.00757471061443,26.300208210855885,19.369816811997826,6.564445044391689,5.843315242677816,0,1,1,4
68,5,71.08023113148082,21.769965614396117,21.6302554267683,69.43579476261881,24.842243226569572,16.425645951232532,6.429011585666349,6.564445044391689,1,1,1,5
68,6,28.991807458896197,22.6398949454634,22.564233168261485,62.93115735271098,26.5376002541792,20.65885857966617,5.261052959073077,6.429011585666349,2,0,0,6
68,7,20.865141314150314,20.406846535338808,20.28260579316463,56.21409881844562,26.68165262152072,19.334688854782826,4.063333072372941,5.261052959073077,3,0,0,7
68,8,14.283948893999998,18.211708886482473,18.003855971793314,48.50092691242515,26.36931758347845,14.113060716407826,3.290596210075159,4.063333072372941,4,0,0,8
68,9,14.283948893999998,16.69642214029782,16.617234810383522,56.646455886148054,26.16504947947876,19.08788926342626,2.510986303985067,3.290596210075159,4,1,1,9
69,0,167.93243725905987,21.0,21.0,40.0,34.47897559257653,17.000405795484077,6.261618261169179,5.722465966572539,0,0,0,0
69,1,167.93243725905987,19.28957951185153,18.940008115909684,49.26628864985091,34.47897559257653,17.000405795484077,6.261618261169179,6.261618261169179,0,0,0,1
69,2,167.93243725905987,17.596335898839996,17.320681682279186,58.2284788646824,34.40811370256054,15.38183193539219,5.7449628941737485,6.261618261169179,0,1,1,2
69,3,133.75497477916835,19.235911926056573,19.101361897883532,68.1047926427027,32.86536226747748,22.00304761041306,5.696243746648586,5.7449628941737485,0,1,1,3
69,4,105.41571510258646,20.87943965501223,20.821741962516153,77.21481745691858,27.75719200763277,22.85405696023317,4.723209946096983,5.696243746648586,0,1,1,4
69,5,77.55151089870925,21.85941082345972,21.794528452816568,71.55200807180054,27.99143255669372,23.881848637094976,3.4830255254846505,4.723209946096983,1,1,1,5
69,6,48.27151836546288,22.776248177202284,22.750224969757593,65.89335825660153,27.08539292372149,24.810996991839588,3.659999066655797,3.4830255254846505,2,0,0,6
69,7,39.12990847293732,20.589362215254592,20.60401761539892,61.100652472483375,28.18238409634329,28.52480599188921,4.570804946262781,3.659999066655797,3,0,0,7
69,8,30.36738285083217,18.529327205658788,18.524351366327053,56.84869122243775,29.87014367652861,29.84118271210683,4.381262811052578,4.570804946262781,4,0,0,8
69,9,30.36738285083217,17.177159201216522,17.127061515470164,67.12057300915733,29.82276590175704,27.243244024462804,4.533662657154436,4.381262811052578,4,1,1,9
70,0,209.357682338717,21.0,21.0,40.0,33.24299805047452,19.67141175253978,5.6491956551756255,6.636559600443364,0,0,0,0
70,1,209.357682338717,19.264859961009492,18.993428235050796,49.52459376454257,33.24299805047452,19.67141175253978,5.6491956551756255,5.6491956551756255,0,0,0,1
70,2,209.357682338717,17.59760952894965,17.52975824691393,60.1474611288512,33.23998489644054,25.77594490527406,5.122465904731769,5.6491956551756255,0,1,1,2
70,3,179.08215617402226,19.278325156404296,19.260406943472972,70.13306281287635,28.694622394176463,26.78094251707436,5.0459210274491255,5.122465904731769,0,1,1,3
70,4,135.94002487438922,20.33859201951146,20.277701300670373,65.44728091588226,30.307260409695303,26.993951273670845,5.392766412454131,5.0459210274491255,1,1,1,4
70,5,88.60402318308928,21.403921230986963,21.338526117471027,60.36863938890659,29.650887320940804,25.46777086252769,5.917000211412492,5.392766412454131,2,1,1,5
70,6,39.110507568617265,22.4865232986643,22.408767197550965,56.412430332334225,33.111562944279505,28.242831185874,6.186689451809002,5.917000211412492,3,0,0,6
70,7,27.264320602513692,20.27797169630591,20.340898919005824,51.56172108117147,27.20246449317786,29.182484111473507,5.9230934830517885,6.186689451809002,4,0,0,7
70,8,27.264320602513692,18.875216221924248,18.932108370079586,61.1460986555562,24.72901316582481,28.51752891409037,5.3731581852950185,5.9230934830517885,4,0,0,8
70,9,27.264320602513692,17.427761124088175,17.506406589710146,70.98297065413472,24.93181668878156,29.71747219221017,4.451517973195677,5.3731581852950185,4,1,1,9
71,0,211.90730696087942,21.0,21.0,40.0,28.72181787013057,20.095375539056203,6.471504129448637,4.702982681900373,0,0,0,0
71,1,211.90730696087942,19.174436357402612,19.001907510781127,48.78709481365362,28.72181787013057,20.095375539056203,6.471504129448637,6.471504129448637,0,0,0,1
71,2,211.90730696087942,17.43670476948196,17.443949086521894,57.85328595502475,26.29672270524913,24.071005857923826,6.6220906550843415,6.471504129448637,0,1,1,2
71,3,173.47775588005732,19.08527359003474,19.015354982227283,65.89433864137644,24.029890279474827,20.642624644701154,6.404925180137017,6.6220906550843415,0,1,1,3
71,4,136.99210451430264,20.786483860708227,20.767583756289156,75.59716398940579,27.94918480244765,25.955400464382063,6.080941894292447,6.404925180137017,0,1,1,4
71,5,88.91676986899836,21.870822220511762,21.789841267521282,71.18649591439966,31.581085510665662,27.24853629485583,6.009416830663033,6.080941894292447,1,1,1,5
71,6,42.39020516908436,22.891562746575072,22.758554695033595,66.58617863581003,32.82056599543873,24.95544912350779,5.815820587489249,6.009416830663033,2,0,0,6
71,7,34.08547146159309,20.58022788418367,20.690026677927104,61.483826648152046,25.7460572439253,29.240876157974792,4.152366853745637,5.815820587489249,3,0,0,7
71,8,26.29491405442739,18.464734063668693,18.522007542657356,56.006747382364495,24.19722966724224,28.70788552282689,3.895278703582849,4.152366853745637,4,0,0,8
71,9,26.29491405442739,17.170216633665866,17.060564738908003,66.15986449391303,30.514849364166583,25.89135681110311,4.046631321752656,3.895278703582849,4,1,1,9
72,0,53.28727938454541,21.0,21.0,40.0,33.43253265588527,20.77564676857712,3.277939134256048,6.752898896,0,0,0,0
72,1,53.28727938454541,19.268650653117707,19.015512935371543,49.75747229640323,33.43253265588527,20.77564676857712,3.277939134256048,3.277939134256048,0,0,0,1
72,2,53.28727938454541,17.556952157596303,17.384870675399487,58.50084449622711,30.487714937527382,18.08657506149419,1.1909878543198462,3.277939134256048,0,1,1,2
72,3,52.01632934732303,19.243529321122377,19.007066284796792,67.39613177185845,31.91131834581384,17.506944296582464,0.2118250062037292,1.1909878543198462,0,1,1,3
72,4,49.842080988187725,20.938449642402144,20.794615905870234,77.49520552873987,33.42229884374357,22.68366647226437,0.3623747265225507,0.2118250062037292,0,1,1,4
72,5,43.33843881090951,21.995531924002666,21.7649303134563,72.53284295523959,34.72611947236998,21.038532897072848,0.8129552721597773,0.3623747265225507,1,1,1,5
72,6,34.76961842815852,22.851381572981232,22.862344879405278,67.69663690330053,29.68819038533247,26.77733154833945,1.0711025478438736,0.8129552721597773,2,0,0,6
72,7,31.094728014699854,20.808838249977516,20.712237505922808,64.33644267244799,34.66558760637477,30.0,1.837445206729333,1.0711025478438736,3,0,0,7
72,8,26.653721684930847,18.624654883567764,18.651371404219237,59.43127387011364,28.0977903354171,27.98460520716984,2.2205031648845024,1.837445206729333,4,0,0,8
72,9,26.653721684930847,17.325439685682746,17.243511388155728,70.28471237320991,31.9962738196679,28.300606753089177,2.793687986024838,2.2205031648845024,4,1,1,9
73,0,190.31147472864288,21.0,21.0,40.0,25.474168939060327,20.465489228499244,3.635294543,5.709522278,0,0,0,0
73,1,190.31147472864288,19.109483378781206,19.009309784569986,48.269138470160726,25.474168939060327,20.465489228499244,3.635294543,3.635294543,0,0,0,1
73,2,190.31147472864288,17.436658967124647,17.409186318998895,57.48821319175268,27.046659053039008,24.17042273358294,2.6504879990323245,3.635294543,0,1,1,2
73,3,173.38992032652388,19.268581210430483,19.06077500653989,67.8697640965101,34.238841360311966,23.436441443895887,2.8202590670198324,2.6504879990323245,0,1,1,3
73,4,153.64571731397476,20.903211258661024,20.856560157471105,77.57122971461449,29.673339664773003,24.22369154691809,3.290700502091522,2.8202590670198324,0,1,1,4
73,5,119.36280297290915,21.95737279584927,21.831354548554852,72.64693557395661,31.488411272790582,24.4877323902212,4.285364292633201,3.290700502091522,1,1,1,5
73,6,79.42197161905538,23.028572749198126,22.821146739106982,68.80571947902918,37.127409065521626,24.86583485154816,4.992603919231721,4.285364292633201,2,0,0,6
73,7,68.8450044719008,20.876299841754356,20.751579810490046,65.30521672433268,36.61674376091208,27.26935204632958,5.288483573577294,4.992603919231721,3,0,0,7
73,8,56.5402934806322,18.778971064005198,18.667193895980763,61.066184411401906,33.6214063436187,26.16174747343252,6.152355495634294,5.288483573577294,4,0,0,8
73,9,56.5402934806322,17.368087459233596,17.253442302614616,71.01470786177424,31.339245037803185,23.930329686487603,7.097063738,6.152355495634294,4,1,1,9
74,0,174.7090298964567,21.0,21.0,40.0,27.61324893252996,23.59697709440789,6.327921876227935,5.401997669740535,0,0,0,0
74,1,174.7090298964567,19.1522649786506,19.07193954188816,49.21784068484881,27.61324893252996,23.59697709440789,6.327921876227935,6.327921876227935,0,0,0,1
74,2,174.7090298964567,17.509342475553098,17.540691438472557,59.4207810643405,28.16021775687547,28.522784351411705,7.028749972938243,6.327921876227935,0,1,1,2
74,3,131.23644261903982,19.14145240019198,19.204003331722014,68.2932997175834,22.84699463775018,26.444775658043657,7.245431212902815,7.028749972938243,0,1,1,3
74,4,95.2963692053338,20.831957638784093,20.861329002683313,77.26599629266197,23.72074106904016,26.127573236951893,5.9900122356176695,7.245431212902815,0,1,1,4
74,5,55.38602092266559,21.82426346651858,21.7782610083534,71.2044030009991,25.758683748044064,23.89913129827333,4.988793535333528,5.9900122356176695,1,1,1,5
74,6,24.25321046583163,22.771972658058406,22.709654055507688,65.55859517663089,27.886850654539508,24.08088365452599,3.891601307104245,4.988793535333528,2,0,0,6
74,7,17.66242472302598,20.54760263157277,20.51816898846601,59.98067160746983,27.375665126907545,24.969203933308822,3.295392871402824,3.891601307104245,3,0,0,7
74,8,12.683977313292393,18.503196037357824,18.38525562520471,55.27529467859381,31.76543782469518,25.426912570438063,2.4892237048667933,3.295392871402824,4,0,0,8
74,9,12.683977313292393,17.042225305476148,17.00701931320843,64.59072954962318,27.640910872922845,24.11150507724029,2.8693953134373538,2.4892237048667933,4,1,1,9
75,0,171.91952142148165,21.0,21.0,40.0,28.476900101995167,21.864983821136708,4.384479734241937,3.786440956371011,0,0,0,0
75,1,171.91952142148165,19.169538002039904,19.037299676422734,49.061539106163735,28.476900101995167,21.864983821136708,4.384479734241937,4.384479734241937,0,0,0,1
75,2,171.91952142148165,17.667459702576906,17.387034599611376,59.445294399935655,36.84617972118896,20.84134968865505,4.522328400487565,4.384479734241937,0,1,1,2
75,3,147.02003694224658,19.30685708072615,19.196641561955516,69.70407010597029,33.35517542493694,23.638022941922184,4.149914079872511,4.522328400487565,0,1,1,3
75,4,123.96900968625242,21.019323525398075,20.97906466959536,80.14253308556499,30.82881828472181,27.16264271302652,3.841837875999029,4.149914079872511,0,1,1,4
75,5,87.78343808801381,22.076315408983945,21.98364435781509,75.72653483768478,32.01872256474113,26.78128716925768,4.523196449779826,3.841837875999029,1,0,1,5
75,6,68.54316628217236,19.928929759579756,23.012155656386227,70.51062947030641,25.79242610977573,28.5636551825667,3.848054361168289,4.523196449779826,2,0,0,6
75,7,60.908202914836416,19.94389229171447,18.877862421121304,65.31493824687918,30.76074358481608,23.70763850725488,3.817481683667972,3.848054361168289,3,0,0,7
75,8,52.70804454411588,17.37958043293793,17.461306311253054,60.35801400100358,33.84950972191625,21.945355578774866,4.1000791853602685,3.817481683667972,4,1,1,8
75,9,29.37590507952112,19.35467312396061,19.036151668668097,71.33294627633965,37.836015281993966,23.13583069209533,3.888689910765792,4.1000791853602685,4,1,1,9
76,0,313.881345219836,21.0,21.0,40.0,33.50485911613399,19.047745093036703,6.663612885840164,4.563244356244908,0,0,0,0
76,1,313.881345219836,19.270097182322683,18.980954901860734,49.459468757650725,33.50485911613399,19.047745093036703,6.663612885840164,6.663612885840164,0,0,0,1
76,2,313.881345219836,17.675809350420256,17.475720853853694,60.35841048385528,37.44561764597466,23.10405861071733,7.877303764,6.663612885840164,0,1,1,2
76,3,263.5615785193208,19.311683151858254,19.338907032004144,71.15501925362258,30.810646636622188,29.17051319541834,8.386627783419202,7.877303764,0,1,1,3
76,4,193.8647965353208,20.377510548450296,20.321920493948124,66.31142637629819,29.39781426889224,27.026669745972203,8.712097748,8.386627783419202,1,1,1,4
76,5,123.78416058432225,21.426360685203495,21.429203568451612,61.577421446142196,28.86250629935225,28.170799644225564,8.760079493874821,8.712097748,2,1,1,5
76,6,55.51361934432225,22.448850906945573,22.429666719907356,56.55400963321222,28.171028015677887,27.254461912488868,8.533817655,8.760079493874821,3,0,0,6
76,7,39.61614145015075,20.38290157912278,20.336222799494337,52.74144449363281,32.3870588391105,29.765357052115,7.948738947085753,8.533817655,4,0,0,7
76,8,39.61614145015075,19.057971693845168,19.023312885634457,63.97940647252605,32.43312210496244,30.0,6.832867897188958,7.948738947085753,4,0,0,8
76,9,39.61614145015075,17.744159051624738,17.58477821621506,75.150128558924,35.274245520149904,26.785321626505382,5.805902652947137,6.832867897188958,4,1,1,9
77,0,164.37302082506733,21.0,21.0,40.0,28.620354843606734,16.604283629544724,4.358596106030133,2.6426070858766666,0,0,0,0
77,1,164.37302082506733,19.172407096872135,18.932085672590897,48.14043492516726,28.620354843606734,16.604283629544724,4.358596106030133,4.358596106030133,0,0,0,1
77,2,164.37302082506733,17.466403393650456,17.384551109817227,57.521325793350556,29.906747967338028,22.209312411458072,5.124352194955377,4.358596106030133,0,1,1,2
77,3,131.16224117898915,19.20868295811008,19.145226749899948,68.0824734569773,31.53681862185452,27.13622395384961,5.535129941013032,5.124352194955377,0,1,1,3
77,4,98.58152382710246,21.096365913513377,20.958783016986505,80.24345342697028,37.69599389139493,29.865005941899373,5.430119558647781,5.535129941013032,0,1,1,4
77,5,60.06758446908915,22.23932842112121,22.088159551516465,77.77544707403557,39.62218692814047,30.0,4.814242419751664,5.430119558647781,1,0,0,5
77,6,52.16749227085965,20.24601717967214,20.17004491812767,74.66735337586864,36.06614612129484,30.0,3.950046099114752,4.814242419751664,2,0,0,6
77,7,45.919732604960195,18.467923931965032,18.341328881554073,71.8118339357374,37.46933644371529,30.0,3.123879832949727,3.950046099114752,3,0,0,7
77,8,39.72096382571253,16.611082781063242,16.575858121957726,68.27066250379661,33.66015871144008,30.0,3.099384389623832,3.123879832949727,4,1,1,8
77,9,22.485658832362507,18.472773388795943,18.44670200691278,79.40041152032998,31.83193898074097,30.0,2.872550832225003,3.099384389623832,4,1,1,9
78,0,141.03047935984432,21.0,21.0,40.0,33.4912242231306,22.07624053967252,5.978618560808513,7.151510518360688,0,0,0,0
78,1,141.03047935984432,19.269824484462614,19.04152481079345,50.00214365730456,33.4912242231306,22.07624053967252,5.978618560808513,5.978618560808513,0,0,0,1
78,2,141.03047935984432,17.76382431708294,17.44577444459019,60.93529499041327,40.03335917902833,20.706370449353376,5.433251308,5.978618560808513,0,1,1,2
78,3,111.77806593184431,19.503853419040354,19.229839403830926,72.00947219632718,39.99732777369208,21.52587892582965,4.875402238,5.433251308,0,1,1,3
78,4,82.83487879952389,20.508485724515786,20.37527191040366,68.15168727572014,36.336047909632015,25.56514697588437,3.617898391540053,4.875402238,1,1,1,4
78,5,56.741092567153515,21.59129504240859,21.375019755945235,62.92139184843228,33.54405402495851,20.732082490108937,3.2617232790462976,3.617898391540053,2,1,1,5
78,6,34.49070432237035,22.51587908584,22.411887546347625,57.44414167145493,30.673935977514184,22.230229705945003,2.7812985305978963,3.2617232790462976,3,0,0,6
78,7,30.121521797779852,20.475469340682725,20.287550458034314,53.627718369563766,36.54339944048313,25.58758221567705,2.184591262295248,2.7812985305978963,4,0,0,7
78,8,30.121521797779852,19.066278420537756,18.94383512501981,63.86958814034913,32.92011225999333,23.979164244369805,2.4969898761735685,2.184591262295248,4,0,0,8
78,9,30.121521797779852,17.585670046892083,17.561559947986463,73.98143014486448,29.60952720156772,26.56737282351751,2.93188576008116,2.4969898761735685,4,1,1,9
79,0,76.22424306940756,21.0,21.0,40.0,30.807503813548443,18.64224440194048,3.6273035798374194,6.196018325853443,0,0,0,0
79,1,76.22424306940756,19.21615007627097,18.97284488803881,48.900954678788004,30.807503813548443,18.64224440194048,3.6273035798374194,3.6273035798374194,0,0,0,1
79,2,76.22424306940756,17.425241376057492,17.372273775633676,57.116423602724,25.969725933269896,19.67176808859674,2.6849557474450427,3.6273035798374194,0,1,1,2
79,3,60.27379497940756,19.025657398294754,19.084965336607628,65.92084725777174,23.371290920489397,25.542173829775805,2.658408015,2.6849557474450427,0,1,1,3
79,4,47.02733295179188,20.801820578412027,20.736691390169128,75.4027190526681,27.52195293232688,25.15511259487516,2.207743671269281,2.658408015,0,1,1,4
79,5,29.36246697579187,21.74352871425764,21.78579510978273,69.93599475389937,25.913130416003447,27.049512368614696,2.208108247,2.207743671269281,1,1,1,5
79,6,16.20728200428253,22.78152619935179,22.74376791245293,65.27611878541488,29.34952596024305,28.09560754817648,1.6443981214386678,2.208108247,2,0,0,6
79,7,12.809144160989874,20.520204886448585,20.516973889950922,59.08715369776745,24.83905904294019,24.11113491457406,1.6990689216463275,1.6443981214386678,3,0,0,7
79,8,10.506746674481771,18.392773578146592,18.374233178357226,53.52037464784107,26.69113399644885,25.71564905951573,1.1511987432540507,1.6990689216463275,4,0,0,8
79,9,10.506746674481771,17.078990692864863,17.010124885278614,64.17835189307617,31.466190535951757,27.744794159798808,0.9304819900810778,1.1511987432540507,4,1,1,9
80,0,230.67354603407196,21.0,21.0,40.0,26.668875993709456,19.651798152097108,6.424478732307885,3.1904456542051083,0,0,0,0
80,1,230.67354603407196,19.13337751987419,18.993035963041944,48.33772134624518,26.668875993709456,19.651798152097108,6.424478732307885,6.424478732307885,0,0,0,1
80,2,230.67354603407196,17.349197291208775,17.236255602814857,55.151539950461896,22.803377786691687,15.051170014512271,7.894977424338023,6.424478732307885,0,1,1,2
80,3,182.5384684603619,18.93688005344201,18.854995735563893,62.80494537954829,24.153630135147267,18.365288915332712,8.022512928951674,7.894977424338023,0,1,1,3
80,4,135.0671752467987,20.597486027558613,20.472504819895565,70.65197734606336,25.53597359375954,18.058648442435253,7.911882202260536,8.022512928951674,0,1,1,4
80,5,80.25766787079871,21.58119751223573,21.476677431670016,64.73723420721149,28.78718568591612,21.686463542684567,6.851188422,7.911882202260536,1,1,1,5
80,6,34.742733916321015,22.629463230676443,22.466483672710794,60.03196929206007,33.4548759001857,23.738096793417515,5.689366744309711,6.851188422,2,0,0,6
80,7,26.412333766997044,20.379463545144628,20.423261880319068,55.210636434171974,28.401463700136645,28.14668708937397,4.165200074661987,5.689366744309711,3,0,0,7
80,8,20.116546237411796,18.30252478085672,18.308117002284348,50.13564476656093,27.101174540470343,28.03776063946832,3.1478937647926237,4.165200074661987,4,0,0,8
80,9,20.116546237411796,17.022352248729067,16.850807742704095,60.11657801564148,31.971485570696498,23.47814359086209,2.891563854731685,3.1478937647926237,4,1,1,9
81,0,115.38804167400919,21.0,21.0,40.0,32.4798363971435,15.52353309201925,5.891490264543936,6.472981752872061,0,0,0,0
81,1,115.38804167400919,19.249596727942873,18.910470661840385,48.640606508049295,32.4798363971435,15.52353309201925,5.891490264543936,5.891490264543936,0,0,0,1
81,2,115.38804167400919,17.52129887669244,17.439513322222496,58.56006221066407,32.14212797589164,22.96595926085714,4.769981565596694,5.891490264543936,0,1,1,2
81,3,91.61386634459392,19.2313339576137,19.08032228298702,67.85108133448428,30.19706997924777,21.41970293086449,3.962362554902545,4.769981565596694,0,1,1,3
81,4,74.15826616100247,20.925396775776118,20.87541247409175,78.06525726480456,30.754906019365556,25.99051581574712,2.909266697265241,3.962362554902545,0,1,1,4
81,5,57.201295616599865,21.91588444676813,21.939683530673527,73.410122368225,28.51564156338798,28.95583123339225,2.119621318050327,2.909266697265241,1,1,1,5
81,6,37.564085062373266,22.914426050882874,22.901178279761748,68.72046072674918,28.79252992241598,28.487127624940552,2.454651319278325,2.119621318050327,2,0,0,6
81,7,30.7967904501111,20.82352942771773,20.61542465408438,63.79596061512203,33.289477314166845,22.685522065682303,3.3836473061310826,2.454651319278325,3,0,0,7
81,8,22.221108153530665,18.73313758321399,18.506283087419593,59.22652681860242,36.20594320677768,21.741646812557875,4.287841148290218,3.3836473061310826,4,0,0,8
81,9,22.221108153530665,17.339701976502987,17.22551425354147,70.34285722649524,35.43479736997602,26.322593784984075,3.9744948078670768,4.287841148290218,4,1,1,9
82,0,307.5741765825935,21.0,21.0,40.0,32.118625764341864,20.045580003349063,7.573231765605503,3.035752208542616,0,0,0,0
82,1,307.5741765825935,19.24237251528684,19.00091160006698,49.389557038184364,32.118625764341864,20.045580003349063,7.573231765605503,7.573231765605503,0,0,0,1
82,2,307.5741765825935,17.646544664970296,17.49680764824657,60.277818292394954,35.79955243282704,24.69078786834289,10.115367987554286,7.573231765605503,0,1,1,2
82,3,245.536693728378,19.403200301400297,19.217168539583586,70.86867589381804,35.1928705636875,23.64522722199628,10.33958047570259,10.115367987554286,0,1,1,3
82,4,164.99755682207535,20.369369789636373,20.266223453792044,65.6953357030796,31.270173857682444,23.32238063821515,10.067392113287829,10.33958047570259,1,1,1,4
82,5,92.7695611750834,21.416316111730413,21.39309330659024,61.06302342657061,30.15330021258947,27.44496491791611,9.028499455873993,10.067392113287829,2,1,1,5
82,6,30.754989908660004,22.555707209674047,22.43214011695961,57.3974330778762,34.74781961003898,28.221122897214283,7.751821408302924,9.028499455873993,3,0,0,6
82,7,19.445064216978302,20.491707046810124,20.405771459204797,54.30448451665313,36.15028577098298,30.0,5.654962845840851,7.751821408302924,4,0,0,7
82,8,19.445064216978302,19.257697962261222,19.07169044212245,66.33071248776061,38.70089371914127,28.111483898122447,4.398354821790655,5.654962845840851,4,0,0,8
82,9,19.445064216978302,17.789265551271146,17.7636130663553,77.5072657405156,33.08234978158966,29.00961273371587,3.079235623343481,4.398354821790655,4,1,1,9
83,0,258.2813233803429,21.0,21.0,40.0,30.29744152613354,20.98275176836561,4.247883074612051,2.888479401241957,0,0,0,0
83,1,258.2813233803429,19.205948830522672,19.019655035367315,49.23043479300985,30.29744152613354,20.98275176836561,4.247883074612051,4.247883074612051,0,0,0,1
83,2,258.2813233803429,17.3715682869636,17.4602903836288,57.458463284257284,22.034785744944717,23.67648365087439,4.807940176849033,4.247883074612051,0,1,1,2
83,3,224.67369548246643,19.20853869633057,19.110152219806533,67.85731806731748,30.67995391883464,27.09146154261088,5.601271316312742,4.807940176849033,0,1,1,3
83,4,189.99721909833056,20.924384976469494,20.950873982052787,78.68456050368275,30.15134686869589,30.0,5.779412730689313,5.601271316312742,0,1,1,4
83,5,143.55211841184476,22.00718533445909,21.982598278810016,74.6343236894495,30.83201769870422,30.0,5.805637585810726,5.779412730689313,1,0,1,5
83,6,113.17224415294852,20.09111332242527,22.97653177391206,71.12588228900569,34.9699377400764,28.87205447968017,6.0759748517792485,5.805637585810726,2,0,0,6
83,7,100.86690112382146,20.005740231930176,19.09033262394127,67.37392094189156,32.4891036271437,30.0,6.152671514563528,6.0759748517792485,3,0,0,7
83,8,88.84787948633496,17.637636316013907,17.723249024652972,64.87500710571001,39.45047868788029,30.0,6.009510818743253,6.152671514563528,4,1,1,8
83,9,51.902284088,19.456147527331204,19.36482620888413,75.50929124187101,31.18061580238675,27.898740509618836,6.157599233055826,6.009510818743253,4,1,1,9
84,0,250.54012046189666,21.0,21.0,40.0,33.42525817019494,23.205074348317183,4.847267611431168,5.258178004627418,0,0,0,0
84,1,250.54012046189666,19.2685051634039,19.064101486966344,50.19345985333218,33.42525817019494,23.205074348317183,4.847267611431168,4.847267611431168,0,0,0,1
84,2,250.54012046189666,17.683345829850925,17.57288707601469,61.374133907748444,35.35192434812153,26.762931509746625,4.457872366427597,4.847267611431168,0,1,1,2
84,3,218.24259723829195,19.474653049164065,19.33989190350558,72.79824371388847,35.93110764562279,27.53616905515513,5.3829205372674505,4.457872366427597,0,1,1,3
84,4,166.56028268545697,20.542966320894738,20.4794644988626,69.53361520545565,35.196508286484296,30.0,6.460289319104372,5.3829205372674505,1,1,1,4
84,5,114.97767011227177,21.70561977028507,21.61232424050811,66.3447298929351,35.61730381933035,30.0,6.447826571648151,6.460289319104372,2,1,1,5
84,6,60.702123512793186,22.815078654847095,22.69289513711727,63.24114753318962,36.799908972835375,29.291300139689685,6.784443324934822,6.447826571648151,3,0,0,6
84,7,48.19990468897418,20.6408994508717,20.56622226149794,58.721963459980316,31.896683691736225,26.330071457100964,6.251109411909503,6.784443324934822,4,0,0,7
84,8,48.19990468897418,19.324196600768786,19.140563809310752,69.45842951087735,34.97441551480144,24.672618101293164,6.149495954965994,6.251109411909503,4,0,0,8
84,9,48.19990468897418,17.85599599716862,17.823303481315296,80.67625726521308,33.355191483200976,28.966073818664164,5.638351813642405,6.149495954965994,4,1,1,9
85,0,251.08908869651958,21.0,21.0,40.0,32.71446738656055,22.068956455189312,5.913198822623208,2.419124038747968,0,0,0,0
85,1,251.08908869651958,19.254289347731213,19.041379129103788,49.86101629151497,32.71446738656055,22.068956455189312,5.913198822623208,5.913198822623208,0,0,0,1
85,2,251.08908869651958,17.709240441499983,17.48965457433817,60.82484854131957,37.541562901541525,23.36861626403956,7.613413010358632,5.913198822623208,0,1,1,2
85,3,204.92215793632207,19.514049335302264,19.24211596761296,72.18797840889226,40.0094778280926,23.119021436200143,7.694488460032919,7.613413010358632,0,1,1,3
85,4,146.38669288424984,20.513734038917384,20.40163256417211,68.43264711345965,36.07722797232219,26.39315371971887,7.316933131509027,7.694488460032919,1,1,1,4
85,5,90.87997624027156,21.643499770343098,21.46607554254547,64.23566367480714,35.28474609260663,24.73201258154608,6.938339580497287,7.316933131509027,2,1,1,5
85,6,44.021452327376345,22.666435811888714,22.625922524969504,60.87932867213365,34.68702776292505,30.0,5.857315489111903,6.938339580497287,3,0,0,6
85,7,33.155563881376345,20.59895834695879,20.530343342936565,57.40624958301552,34.03844950489925,30.0,5.432944223,5.857315489111903,4,0,0,7
85,8,33.155563881376345,19.279068222270805,19.211183109368726,69.00247610999423,34.42348070543724,30.0,5.195172773608842,5.432944223,4,0,0,8
85,9,33.155563881376345,17.957534791476416,17.838090767860617,81.06076212737206,36.99047787432122,30.0,4.914102238100115,5.195172773608842,4,1,1,9
86,0,123.54049882569713,21.0,21.0,40.0,28.11959436668013,18.532111711560244,3.1314226891323096,6.118588394934509,0,0,0,0
86,1,123.54049882569713,19.162391887333605,18.970642234231207,48.39730709408327,28.11959436668013,18.532111711560244,3.1314226891323096,3.1314226891323096,0,0,0,1
86,2,123.54049882569713,17.406237267452074,17.325493871606067,56.474002730556286,25.89197295128752,18.97855836245149,2.658266097458461,3.1314226891323096,0,1,1,2
86,3,107.81677730079464,19.049031013354085,18.973655826768603,65.01985383491424,26.228430423365204,21.24852015640127,2.620620254150414,2.658266097458461,0,1,1,3
86,4,92.13402874059257,20.712214848704086,20.679048645290074,73.88877010624319,26.030347516210725,23.24140954672781,2.613791426700345,2.620620254150414,0,1,1,4
86,5,74.6213218761153,21.79597722569074,21.762143229571294,69.8739281326241,31.608924279649404,29.419731422466786,2.1890883580596587,2.613791426700345,1,1,1,5
86,6,47.79005543776073,22.957890657436508,22.79353146022654,67.015951503969,38.09057759932536,29.365107797035236,3.353908304794323,2.1890883580596587,2,0,0,6
86,7,39.68853658484018,20.89206538685539,20.755498930842354,64.48881944055327,39.29371075880148,30.0,4.050759426460276,3.353908304794323,3,0,0,7
86,8,31.77696760201938,18.82254012931364,18.754594009678428,61.26906394850543,35.44580282195648,30.0,3.955784491410399,4.050759426460276,4,0,0,8
86,9,31.77696760201938,17.37959867218995,17.419941640195642,71.7588320037647,28.63926629506424,29.63722290082053,3.374513679525193,3.955784491410399,4,1,1,9
87,0,120.21022337803791,21.0,21.0,40.0,28.89998725413445,17.394499605093863,5.585876845274029,6.115968445105075,0,0,0,0
87,1,120.21022337803791,19.17799974508269,18.947889992101878,48.333007634661094,28.89998725413445,17.394499605093863,5.585876845274029,5.585876845274029,0,0,0,1
87,2,120.21022337803791,17.46951713021842,17.35934191206035,57.34172391359977,29.504415487248508,20.544008284633048,5.325463386587771,5.585876845274029,0,1,1,2
87,3,93.75345831196452,19.15762583557251,19.028110614194343,66.56828548866812,29.693532379162782,21.56514303788363,4.409460844345565,5.325463386587771,0,1,1,3
87,4,72.71228771536052,20.781012050023175,20.80826216447518,75.8985964064171,26.20764162611661,25.627419028044372,3.5068617661006662,4.409460844345565,0,1,1,4
87,5,46.00278400587699,21.759277719331834,21.70934626547663,69.47439936263187,24.865585366364343,22.777764390384416,3.338687963685441,3.5068617661006662,1,1,1,5
87,6,20.170836465997645,22.673184867723425,22.638521120786205,63.38389898226998,25.98968963189492,23.507530477205744,3.2289934424849176,3.338687963685441,2,0,0,6
87,7,15.23901064946207,20.5221631622076,20.405762813563417,57.94172248765642,29.719496555318408,23.37952291905067,2.4659129082677875,3.2289934424849176,3,0,0,7
87,8,12.238964642895628,18.45697775409603,18.38306307465535,53.91719777304888,33.20830094916067,27.766561747464124,1.500023003283221,2.4659129082677875,4,0,0,8
87,9,12.238964642895628,17.068134659559938,17.079125377618322,64.50689916439174,29.695429342520125,29.13624505382905,1.5245973850857035,1.500023003283221,4,1,1,9
88,0,224.02057042997512,21.0,21.0,40.0,33.9930016225108,23.28203541412352,6.497727972973101,5.696390751651309,0,0,0,0
88,1,224.02057042997512,19.279860032450216,19.065640708282473,50.309506666594174,33.9930016225108,23.28203541412352,6.497727972973101,6.497727972973101,0,0,0,1
88,2,224.02057042997512,17.571848218079396,17.59322438510217,60.56529586491822,29.56054408436665,27.41606257298917,6.761858263957461,6.497727972973101,0,1,1,2
88,3,182.63666238030035,19.264185730836026,19.253945252244275,70.06007839649496,26.470086633169405,26.27870520892363,6.897318008279126,6.761858263957461,0,1,1,3
88,4,126.8385591322781,20.371807384487525,20.29199190351116,65.96871925590798,32.37397077888328,28.22958955118908,6.974762906002781,6.897318008279126,1,1,1,4
88,5,70.09796299627811,21.474735635974824,21.374394655190734,61.46542587398393,32.26465901046929,26.05037775661933,7.092574517,6.974762906002781,2,1,1,5
88,6,20.51679742760893,22.456549656638888,22.455675056535913,56.79749293411609,29.474608636600063,27.925763919689707,6.197645696083647,7.092574517,3,0,0,6
88,7,10.124785545647459,20.44454784547217,20.264359273388003,52.619945057517015,34.57364081232357,25.551093206570474,5.196005940980736,6.197645696083647,4,0,0,7
88,8,10.124785545647459,19.010230225869854,19.028554583389635,63.558168908460296,31.2772604941457,29.490649788872524,3.809279738899316,5.196005940980736,4,0,0,8
88,9,10.124785545647459,17.672586981520986,17.595735698013886,74.52760783889698,32.25451310193657,28.686814289378347,2.498019401498973,3.809279738899316,4,1,1,9
89,0,262.608688777864,21.0,21.0,40.0,25.451274024758565,22.90210619952161,4.661039615902083,2.9972505039013466,0,0,0,0
89,1,262.608688777864,19.109025480495173,19.058042123990433,48.70360844037043,25.451274024758565,22.90210619952161,4.661039615902083,4.661039615902083,0,0,0,1
89,2,262.608688777864,17.519785732504168,17.410848814823872,58.29476353961411,29.74789561369203,23.536299382106197,6.375820927301481,4.661039615902083,0,1,1,2
89,3,219.39796569611195,19.263832796419194,19.07413672776186,68.06704119351122,32.70464430430528,21.585787106234186,7.201787180292011,6.375820927301481,0,1,1,3
89,4,173.80651053812628,20.933610959465955,20.864371905719462,78.0426420646887,30.863699278529857,24.556305561345123,7.598575859664281,7.201787180292011,0,1,1,4
89,5,108.46806138263518,21.994646574065122,21.8793288248454,73.57606767725679,32.661752224058645,25.857278956875135,8.167306144436386,7.598575859664281,1,1,1,5
89,6,45.389674712499954,22.864059403536633,22.833396529283256,67.67397034146055,26.90340682049278,23.64049686952814,7.884798333766904,8.167306144436386,2,0,0,6
89,7,31.16064195739056,20.63746392619939,20.654758145038958,62.38588415713984,26.775154462798177,27.179922290975707,7.114516377554699,7.884798333766904,3,0,0,7
89,8,19.155261056556117,18.52565297555421,18.571610897543806,57.72556846836662,27.442690617926555,30.0,6.002690450417221,7.114516377554699,4,0,0,8
89,9,19.155261056556117,17.198884686566647,17.12772696750171,67.84592775251262,29.546367684329223,26.67785056092639,4.9913483036184445,6.002690450417221,4,1,1,9
90,0,176.7792067564845,21.0,21.0,40.0,28.98970170703149,22.45824879712918,4.602837564512955,5.999467881936184,0,0,0,0
90,1,176.7792067564845,19.17979403414063,19.049164975942585,49.26063109074892,28.98970170703149,22.45824879712918,4.602837564512955,4.602837564512955,0,0,0,1
90,2,176.7792067564845,17.534584626352892,17.450570073161295,58.84114717432724,29.69262644288172,23.53246291033116,3.920945036,4.602837564512955,0,1,1,2
90,3,156.65608133791946,19.22197000043427,19.1670113867352,68.63091836241225,29.19788334720543,25.18973436437796,3.353854236427508,3.920945036,0,1,1,3
90,4,133.85118284641848,20.935031282161084,20.94756581291444,78.95485121239454,28.776417583859995,28.57876491604169,3.8008164152501633,3.353854236427508,0,1,1,4
90,5,102.51366026253106,21.97951237913608,21.987993611483468,74.64467688823399,29.38792042133023,30.0,3.917190322985927,3.8008164152501633,1,1,1,5
90,6,72.12604028150547,23.11585071120239,22.93222659055301,71.14057408001429,36.46004152857455,27.406053981315985,3.7984524976281984,3.917190322985927,2,0,0,6
90,7,63.35559334572517,20.898791824236085,20.81519600108451,66.80834659405615,33.09977791155359,26.16562494423448,4.385223467890149,3.7984524976281984,3,0,0,7
90,8,52.810561459663944,18.787676097725427,18.687055878521203,62.12894122555427,31.810792574570463,25.525844267085763,5.272515943030613,4.385223467890149,4,0,0,8
90,9,52.810561459663944,17.422480844108552,17.3571468810387,73.26895351390657,33.332479299534256,28.55647785797851,6.134442882265449,5.272515943030613,4,1,1,9
91,0,104.23251082111862,21.0,21.0,40.0,34.971743829866924,22.02957570915735,4.008022018649581,5.627254834601294,0,0,0,0
91,1,104.23251082111862,19.29943487659734,19.04059151418315,50.260237517024365,34.971743829866924,22.02957570915735,4.008022018649581,4.008022018649581,0,0,0,1
91,2,104.23251082111862,17.553223338509817,17.562481426600247,60.11605840731774,29.087153266660543,25.66740723496929,2.932646486745111,4.008022018649581,0,1,1,2
91,3,91.49180125409899,19.40916613715109,19.203275498595872,70.8595163012736,34.920768897524106,24.765108291119624,2.123451594503272,2.932646486745111,0,1,1,3
91,4,77.19784861675669,20.411286776949154,20.291427635320154,66.35447699252228,33.693326916690914,24.61201025691284,1.7867440796677885,2.123451594503272,1,1,1,4
91,5,59.06900258161312,21.42434873953833,21.337740543922994,60.75260203466807,29.170051347450265,23.041754442248557,2.266105754392947,1.7867440796677885,2,1,1,5
91,6,35.589552067994404,22.366331067298713,22.350224746835924,55.02868116584307,26.81910595417078,24.714666996801395,2.9349313142023394,2.266105754392947,3,0,0,6
91,7,28.6470177737537,20.196193673537607,20.24047029347609,49.985863004851055,26.6727203466978,28.6449565366799,3.471267147120351,2.9349313142023394,4,0,0,7
91,8,28.6470177737537,18.99165053345301,18.882562390477876,61.64810941779337,34.790257849679534,30.0,3.749236389605119,3.471267147120351,4,0,0,8
91,9,28.6470177737537,17.687087416364353,17.565700513369894,73.81076787118609,37.637996017710336,29.932328723360296,3.9668120745158246,3.749236389605119,4,1,1,9
92,0,229.57052129698832,21.0,21.0,40.0,27.065947488318407,17.376935257325343,6.102571632378794,2.12326619575354,0,0,0,0
92,1,229.57052129698832,19.14131894976637,18.94753870514651,47.999718894215874,27.065947488318407,17.376935257325343,6.102571632378794,6.102571632378794,0,0,0,1
92,2,229.57052129698832,17.45809937325964,17.256965637496442,56.284248755851024,29.494278177715454,16.530887720257606,8.434462045118662,6.102571632378794,0,1,1,2
92,3,176.4039909103109,19.05906130337804,18.977952702260016,65.09403998909401,28.00786036073844,20.935424268389266,8.861088397779568,8.434462045118662,0,1,1,3
92,4,126.495635655777,20.83014082134858,20.695686680002257,75.05798228595853,31.6472855333335,23.70794944924712,8.318059209088986,8.861088397779568,0,1,1,4
92,5,74.62754772378821,21.743276121963017,21.787058798059594,69.70310203559552,26.705838462230226,26.878160146864204,6.483510991498598,8.318059209088986,1,1,1,5
92,6,36.65501967880145,22.849585094438122,22.617436171576607,64.51058057754489,32.71834895067292,21.76764294904577,4.746566005623345,6.483510991498598,2,0,0,6
92,7,29.095872950916743,20.533467515100558,20.448542836387773,58.297109716595784,28.2712592755334,20.542791496971606,3.779573363942356,4.746566005623345,3,0,0,7
92,8,22.966474237723272,18.432912694133066,18.2436977131485,52.363627765449664,30.552081972887542,19.81746274296733,3.0646993565967358,3.779573363942356,4,0,0,8
92,9,22.966474237723272,16.942364321112702,16.85989304081177,61.17209149341395,27.948849164808426,20.987060434993165,3.005376219331403,3.0646993565967358,4,1,1,9
93,0,96.95024273059293,21.0,21.0,40.0,28.27672314685522,22.63261691160744,3.143835890702841,7.072668928105348,0,0,0,0
93,1,96.95024273059293,19.165534462937106,19.05265233823215,49.16368121052328,28.27672314685522,22.63261691160744,3.143835890702841,3.143835890702841,0,0,0,1
93,2,96.95024273059293,17.430605444275667,17.396745841137307,57.4112214593938,24.6029400383865,21.2167280108942,0.4414487975717424,3.143835890702841,0,1,1,2
93,3,96.95024273059293,19.06663221270865,18.99852102849438,65.5647469880007,24.6054086528025,20.69195539501366,0.0,0.4414487975717424,0,1,1,3
93,4,93.34855158126227,20.65767526481186,20.750149635723343,74.23873806944826,22.293394279507464,25.89544506186779,0.6002818582217777,0.0,0,1,1,4
93,5,73.56816767374704,21.779525391881112,21.68304236738503,69.22977443888368,29.47139663455322,26.034360973421364,2.4725479884394037,0.6002818582217777,1,1,1,5
93,6,43.25101503635511,22.751579651592834,22.646509849561426,63.96578109921623,30.394830679874104,23.694095210862294,3.789644079673992,2.4725479884394037,2,0,0,6
93,7,34.63888864517941,20.65105849022669,20.47538041114008,59.6105144825429,34.74867933497493,24.388728350173245,4.306063195587853,3.789644079673992,3,0,0,7
93,8,25.53370631097391,18.5310665493776,18.405603645979404,54.84769937006037,32.890782865653094,23.98246650944396,4.552591167102747,4.306063195587853,4,0,0,8
93,9,25.53370631097391,17.17837268936471,17.0913780277447,65.75711901127801,33.41978176381356,27.18810513184,4.489877429685743,4.552591167102747,4,1,1,9
94,0,344.552661513014,21.0,21.0,40.0,29.554693354139125,18.02535461582833,7.406259817,4.270221716340168,0,0,0,0
94,1,344.552661513014,19.191093867082785,18.96050709231657,48.564408634594145,29.554693354139125,18.02535461582833,7.406259817,7.406259817,0,0,0,1
94,2,344.552661513014,17.490926988399696,17.378574068400614,57.730642144286875,29.99998355987032,20.923535938422617,8.958786726692955,7.406259817,0,1,1,2
94,3,289.4911146797481,19.160541614680966,19.09746828885388,67.27846448564271,28.9412087716588,24.102248680318056,9.176924472210986,8.958786726692955,0,1,1,3
94,4,230.00110121008805,20.92668472219396,20.79212271838389,77.18915946258642,31.36680830824302,23.692608230333143,9.91500224494334,9.176924472210986,0,1,1,4
94,5,147.34922720696642,21.766147111122653,21.811618058756743,70.69801395319566,23.508148256082208,23.76326558063576,10.331484250390202,9.91500224494334,1,1,1,5
94,6,68.21206908858451,22.736917191479588,22.65175353085831,64.41615257821366,26.005111144437336,22.42899232788485,9.892144764797736,10.331484250390202,2,0,0,6
94,7,49.629484577838014,20.51539822696376,20.45621385234778,58.74373667145582,28.028292634620712,23.791618994502397,9.291292255373246,9.892144764797736,3,0,0,7
94,8,33.862637847037476,18.36942475665115,18.286073436439356,52.70447079722216,27.41859394204349,22.36326231221393,7.883423365400269,9.291292255373246,4,0,0,8
94,9,33.862637847037476,16.99688168754022,16.863363910996416,62.20583758964352,30.355764849687365,22.42960621932021,6.452270354918949,7.883423365400269,4,1,1,9
95,0,159.8877920627591,21.0,21.0,40.0,32.571571039308665,22.40559973019679,5.367180878111128,7.515389393,0,0,0,0
95,1,159.8877920627591,19.251431420786176,19.048111994603936,49.895890738510985,32.571571039308665,22.40559973019679,5.367180878111128,5.367180878111128,0,0,0,1
95,2,159.8877920627591,17.592785850955583,17.445087272718784,59.37913895654508,31.559716313492576,21.124996008919044,3.204682637650718,5.367180878111128,0,1,1,2
95,3,140.77295254675911,19.18688167096822,19.184551415359024,68.58395620135263,26.734932518137946,24.40294106412629,3.185806586,3.204682637650718,0,1,1,3
95,4,118.11292458572971,20.890928102344304,20.842995660699835,77.71197029987451,26.571382676297155,24.13980675993552,3.776671326838233,3.185806586,0,1,1,4
95,5,83.64579440972972,21.883645216933242,21.765550908290674,71.7412611766075,28.393214574878197,21.76951251808285,4.308391272,3.776671326838233,1,1,1,5
95,6,50.164417860539494,22.818570746829355,22.67789728476451,65.85098484663857,29.70733183874901,20.90224410586804,4.185172068648779,4.308391272,2,0,0,6
95,7,42.1218188446914,20.600740319502883,20.43316208231221,59.8660236374394,30.286281314144414,19.79726752363799,4.021299507924048,4.185172068648779,3,0,0,7
95,8,33.76630241924042,18.47271884250278,18.25792446686441,53.998512197417085,31.99471994760506,18.741327607826527,4.1777582127254895,4.021299507924048,4,0,0,8
95,9,33.76630241924042,16.998065831758762,16.80448840494109,62.37198129146621,29.710029860088312,16.80924288462907,4.682558248197385,4.1777582127254895,4,1,1,9
96,0,169.33812221245034,21.0,21.0,40.0,30.951060259904587,16.20258696163729,4.098079703346385,3.1145352940634696,0,0,0,0
96,1,169.33812221245034,19.219021205198093,18.92405173923275,48.48765649987754,30.951060259904587,16.20258696163729,4.098079703346385,4.098079703346385,0,0,0,1
96,2,169.33812221245034,17.53141572971038,17.317687734091393,57.53938859382839,32.69917114618926,17.58822937575991,4.508671965013072,4.098079703346385,0,1,1,2
96,3,147.01958345081258,19.147569341621868,19.0637879961896,66.832558346962,29.51185402832009,22.116866822422164,3.719756460272961,4.508671965013072,0,1,1,3
96,4,123.0837845347142,20.79628904500454,20.72047506126841,75.30274909752096,26.05201732458676,21.00459795629633,3.989299819349728,3.719756460272961,0,1,1,4
96,5,85.14283609470999,21.804232495355677,21.7320847854822,70.07512359462623,29.51778233903909,24.77318708932355,4.742618555000527,3.989299819349728,1,1,1,5
96,6,39.66620461618823,22.81650103661033,22.69767689491026,65.25855500352473,31.799020835715226,24.775598102609774,5.684578934815219,4.742618555000527,2,0,0,6
96,7,27.98709420250448,20.690029125838077,20.523704315076092,60.74862295681078,34.18837897981699,24.08977631621657,5.839555206841875,5.684578934815219,3,0,0,7
96,8,17.641169090777588,18.547382347326714,18.42162068005485,55.569717562215345,31.67229611085739,22.889340585834667,5.172962555863445,5.839555206841875,4,0,0,8
96,9,17.641169090777588,17.093863742288516,17.08953120367468,65.44003932371817,28.469086418503974,26.36603447873395,3.9519484502017344,5.172962555863445,4,1,1,9
97,0,66.7526697225996,21.0,21.0,40.0,25.74624457539805,23.994707833016637,2.946959183963936,4.984230543366618,0,0,0,0
97,1,66.7526697225996,19.11492489150796,19.079894156660334,48.95337143351465,25.74624457539805,23.994707833016637,2.946959183963936,2.946959183963936,0,0,0,1
97,2,66.7526697225996,17.484659976972736,17.42221194902335,58.10587624694095,27.24755569183167,23.5996932716478,1.7702414440419505,2.946959183963936,0,1,1,2
97,3,60.519841666334415,19.131782008135577,19.127961586329707,67.36659776618497,26.28809719711157,25.1603556875774,1.0388046760441996,1.7702414440419505,0,1,1,3
97,4,52.790220894520594,20.93152822058669,20.8160536864424,77.52222004465327,31.125578401785297,25.294545367483057,1.2882701286356366,1.0388046760441996,0,1,1,4
97,5,42.8737762763822,22.029800944684276,21.872303879671794,73.71705824729756,35.900258416517154,26.29328715372887,1.239555577267299,1.2882701286356366,1,0,1,5
97,6,36.2613995813822,19.89617442815079,22.92425577964325,68.69388104015977,28.19259084712164,27.2342024465573,1.322475339,1.239555577267299,2,0,0,6
97,7,34.15384872057694,19.82487285110361,18.957686489095938,64.1227386491992,27.938097827996906,30.0,1.053775430402632,1.322475339,3,0,0,7
97,8,30.95194873221879,17.31270909278332,17.562834868559406,59.79521187604267,29.896512284109445,29.39500564279867,1.6009499941790766,1.053775430402632,4,1,1,8
97,9,19.811728649288185,19.26587428640596,19.163770817925332,70.83880349777293,31.353286787390346,30.0,1.8567033471551009,1.6009499941790766,4,1,1,9
98,0,254.48261097286644,21.0,21.0,40.0,32.36557186423817,17.598937635510342,5.544229310768006,5.539910512101999,0,0,0,0
98,1,254.48261097286644,19.247311437284765,18.951978752710207,48.993611709954735,32.36557186423817,17.598937635510342,5.544229310768006,5.544229310768006,0,0,0,1
98,2,254.48261097286644,17.62778697959477,17.441709839233635,59.573524310075825,36.255569754784936,22.52172246811,5.4400243317361925,5.544229310768006,0,1,1,2
98,3,217.88941582475422,19.384737453559055,19.254519089674684,70.93260073629412,36.20402772264635,26.90195242301085,6.098865858018704,5.4400243317361925,0,1,1,3
98,4,162.05424271026797,20.508029799726177,20.36253058849674,67.72097446048238,37.35960057705839,28.131364557320808,6.979396639310782,6.098865858018704,1,1,1,4
98,5,110.75204953882371,21.573920203567972,21.45976743221153,63.203932268267565,33.06439061197947,25.174263875715987,6.412774146430532,6.979396639310782,2,1,1,5
98,6,67.92282508232476,22.56237549972709,22.486927726158058,58.2747914514199,30.71694896648893,25.2322687176907,5.3536530570623695,6.412774146430532,3,0,0,6
98,7,57.405261938053854,20.436650104751656,20.342518516889108,53.61926114689234,31.65378604131045,25.815490044647596,5.258781572135456,5.3536530570623695,4,0,0,7
98,8,57.405261938053854,19.13373961377101,18.92879994054309,64.20215953080431,35.2264186949781,23.567461215643934,5.948902806159799,5.258781572135456,4,0,0,8
98,9,57.405261938053854,17.691148348842482,17.603530747510074,75.21639277765783,34.322579934890555,26.86760476985126,6.851766520649955,5.948902806159799,4,1,1,9
99,0,211.4583059238549,21.0,21.0,40.0,30.8160831342532,21.123359991682484,5.025377196,4.810805480371773,0,0,0,0
99,1,211.4583059238549,19.216321662685065,19.022467199833653,49.34909976266842,30.8160831342532,21.123359991682484,5.025377196,5.025377196,0,0,0,1
99,2,211.4583059238549,17.546755768150444,17.463867661681242,59.07921261437672,30.55420238786085,23.50198012162969,4.705083320026059,5.025377196,0,1,1,2
99,3,188.45876861684224,19.32133515307574,19.198972439366187,69.84462293434213,33.584646196717216,26.223188914201728,3.833256217835444,4.705083320026059,0,1,1,3
99,4,167.17615006259825,21.025374072691132,21.010681827718418,80.48594276962378,30.84424824181074,28.27419528753179,3.547103092373995,3.833256217835444,0,1,1,4
99,5,135.4134938111352,22.093975837792108,22.020447374543227,76.25500711769973,31.86247105206172,27.96566421502689,3.9703320314328834,3.547103092373995,1,0,0,5
99,6,126.33561186308894,20.066652676162335,19.988688102135562,71.62624610246453,31.30957500493805,26.30841935486638,4.5389409740231255,3.9703320314328834,2,0,0,6
99,7,114.50445099422136,18.131889092764826,18.166164807406606,67.09177913016971,28.798766516115133,29.343083637802536,5.915580434433794,4.5389409740231255,3,0,0,7
99,8,99.94231937384684,16.396151158757736,16.28681102236191,63.155510399233194,33.209022408591885,28.25615130842749,7.281065810187256,5.915580434433794,4,1,1,8
99,9,56.29617010790292,18.24100994894103,18.103788207335363,73.19539190827632,32.13915431045234,23.637965184231728,7.274358210990655,7.281065810187256,4,1,1,9
