day,hour,cost_to_go,T1,T2,H,Occ1,Occ2,price_t,price_previous,vent_counter,low_override_r1,low_override_r2,current_time
0,0,177.6726759800097,21.0,21.0,40.0,32.969097664154,15.4710408718597,4.311188506349689,5.831303587171684,0,0,0,0
0,1,177.6726759800097,19.25938195328308,18.909420817437194,48.71922493648246,32.969097664154,15.4710408718597,4.311188506349689,4.311188506349689,0,0,0,1
0,2,177.6726759800097,17.56274080967607,17.374090213668598,58.35209347337499,34.098941577065816,19.416994739003783,3.524664059340214,4.311188506349689,0,1,1,2
0,3,159.50936821024877,19.27291140877836,19.07237404525661,68.14002304022256,33.61700679934285,20.76037968314361,3.027217961626824,3.524664059340214,0,1,1,3
0,4,141.01400980420135,21.02690597664489,20.87471425928213,78.98910121625781,35.44515142724666,24.827505106282526,3.082559734341235,3.027217961626824,0,1,1,4
0,5,114.54706697859253,22.02566907143088,22.02126296208406,75.23967383725861,32.503181227782214,30.0,3.3083678532011027,3.082559734341235,1,0,0,5
0,6,106.16246468918128,20.0253547643662,20.016462668766533,71.03588126398216,30.24481328432489,29.73411686413934,4.192301144705626,3.3083678532011027,2,0,0,6
0,7,95.22162864244665,18.052032438742263,18.1564279443428,65.80461173374793,24.59216549300006,29.67855933903202,5.470418023367315,4.192301144705626,3,0,0,7
0,8,82.55994887632511,16.21603590837599,16.179629849714775,60.00838268395103,25.69321559175705,25.438845242704595,6.3308398830607695,5.470418023367315,4,1,1,8
0,9,40.27398163141378,18.0709922843552,17.941275223925427,69.38258938756617,29.55543501630084,22.523491114894377,7.047661207485221,6.3308398830607695,4,1,1,9
1,0,196.8959314093649,21.0,21.0,40.0,25.7342414983848,16.144992366405123,7.3321530013852945,5.157535487108307,0,0,0,0
1,1,196.8959314093649,19.114684829967697,18.922899847328104,47.53826209566218,25.7342414983848,16.144992366405123,7.3321530013852945,7.3321530013852945,0,0,0,1
1,2,196.8959314093649,17.302330971862702,17.296435778180683,55.19141872958136,22.84453563940076,19.67300121570576,8.648140847410337,7.3321530013852945,0,1,1,2
1,3,149.588372402295,19.04789028395751,18.90608432835929,64.19587133470586,28.60173119013869,21.42300550499739,7.884593167844987,8.648140847410337,0,1,1,3
1,4,113.01281202704956,20.637725397590422,20.66347041699009,72.81074753653974,24.350130853755847,23.51029248976572,6.095926729207571,7.884593167844987,0,1,1,4
1,5,73.65675037003601,21.821641522020062,21.566179012282596,67.9927544775367,34.47682771181968,22.089877515941293,4.919507707126695,6.095926729207571,1,1,1,5
1,6,36.90068174970399,22.730457068696055,22.59525996204609,62.68286142636451,32.21286023602414,21.62106725746368,4.594508577541502,4.919507707126695,2,0,0,6
1,7,28.17968017420989,20.659410869241853,20.397331246654456,58.28654075079517,37.02063365464495,21.88869592552539,4.360500787747049,4.594508577541502,3,0,0,7
1,8,21.033945455942845,18.544228919034364,18.329877070535787,53.52519174854169,35.76509059783254,21.11630383409252,3.572867359133523,4.360500787747049,4,0,0,8
1,9,21.033945455942845,17.27543173215104,17.012585289491955,65.10577819743516,40.34709562158727,23.989495761154217,3.301405384378153,3.572867359133523,4,1,1,9
2,0,257.93169717442123,21.0,21.0,40.0,27.721293233033787,22.818338600598924,7.647974385457378,7.199748919103557,0,0,0,0
2,1,257.93169717442123,19.15442586466068,19.05636677201198,49.09713373005388,27.721293233033787,22.818338600598924,7.647974385457378,7.647974385457378,0,0,0,1
2,2,257.93169717442123,17.465241147270408,17.4829168738033,58.49182733229344,26.389921148875032,25.80282108578918,8.017705861,7.647974385457378,0,1,1,2
2,3,208.2797267981157,19.18276864088928,19.107127418149584,67.68950366257089,27.307563536933053,23.79063829794164,8.275328396050925,8.017705861,0,1,1,3
2,4,158.4622013326386,20.90562790065472,20.80022912963293,77.22536708732025,29.69078795928531,23.28623106710005,8.302920910912846,8.275328396050925,0,1,1,4
2,5,97.2281417957884,21.853278905746336,21.758750128071885,71.14749467672955,27.937397972884,21.629977523834345,7.654257442106276,8.302920910912846,1,1,1,5
2,6,47.88508938252152,22.83323900157819,22.706613241387224,65.94872968949066,31.100262650557788,23.35104297589282,6.167881551658359,7.654257442106276,2,0,0,6
2,7,35.40296660702757,20.5172968835056,20.499877741311156,59.46180637519686,25.032606994366216,22.26226348177931,6.241061387746969,6.167881551658359,3,0,0,7
2,8,25.735193522238717,18.377139313497143,18.300769438583234,53.25517891327986,26.46592526731451,22.386144388702185,4.8338865423944295,6.241061387746969,4,0,0,8
2,9,25.735193522238717,16.919516816798332,16.802172264667856,61.3280115242492,25.930922895586534,18.918147165354213,4.217550966233871,4.8338865423944295,4,1,1,9
3,0,167.1300450229765,21.0,21.0,40.0,32.26903443186937,16.978933102062314,3.304801234021085,4.054780927602364,0,0,0,0
3,1,167.1300450229765,19.24538068863739,18.93957866204125,48.864634156107705,32.26903443186937,16.978933102062314,3.304801234021085,3.304801234021085,0,0,0,1
3,2,167.1300450229765,17.5616743986562,17.420512610182083,58.77483826478002,33.350904657636065,21.70578483498792,3.382099322077719,3.304801234021085,0,1,1,2
3,3,146.40719884035485,19.240563436160016,19.17787910299573,68.85379811521634,30.62293243831953,25.37128895299335,3.4538076971036067,3.382099322077719,0,1,1,3
3,4,121.71320366903728,21.04804103108651,20.921672917762532,79.72314731807145,33.82197200642916,26.56330134276599,4.115665861886264,3.4538076971036067,0,1,1,4
3,5,86.84726838472781,22.125425665089686,22.048031592293157,76.56088787921502,35.765225339686424,30.0,4.358241910538685,4.115665861886264,1,0,0,5
3,6,76.62265189479868,20.107119098553824,20.048862606590948,72.35971944071693,32.03362218255116,27.959886492459493,5.112308244964565,4.358241910538685,2,0,0,6
3,7,66.07109182479867,18.235729424754552,18.12918653058755,67.61181945749844,31.57855164606743,25.377559558274285,5.275780035,5.112308244964565,3,0,0,7
3,8,57.29293231279867,16.45032174390809,16.303975211516025,63.775981048419766,35.46929499083572,26.55382495872718,4.389079756,5.275780035,4,1,1,8
3,9,32.351572297292364,18.263372508059646,18.221204825389623,74.49606348015257,31.929797814504514,27.62621569512222,4.156893335917718,4.389079756,4,1,1,9
4,0,218.18282748163176,21.0,21.0,40.0,31.365327650566044,22.007154082152155,6.769341992482144,5.273271777648426,0,0,0,0
4,1,218.18282748163176,19.22730655301132,19.040143081643045,49.60704671188928,31.365327650566044,22.007154082152155,6.769341992482144,6.769341992482144,0,0,0,1
4,2,218.18282748163176,17.582244547932362,17.491791035446393,59.675716691222405,31.633591567781178,24.30346387295844,7.224936543967067,6.769341992482144,0,1,1,2
4,3,177.0252707626227,19.40407216590391,19.283038566540156,71.42871682747575,36.35146392844239,28.94298127296512,6.859592786501511,7.224936543967067,0,1,1,3
4,4,124.10585515453018,20.614056795039488,20.38643880962867,68.99888856706754,41.51534535158693,28.31894209058969,6.614926951011565,6.859592786501511,1,1,1,4
4,5,78.32436167653616,21.665174437505986,21.627070818224784,65.75638970120758,35.319450745222504,30.0,5.722686684749252,6.614926951011565,2,1,1,5
4,6,37.88433866532347,22.82327895752652,22.552722831916352,61.67321923477422,37.37420676699273,23.27484619726643,5.055002876401586,5.722686684749252,3,0,0,6
4,7,29.69004051996068,20.70797547738288,20.49797069505825,58.21242852263234,39.33264963313126,24.77406863274712,4.097149072681395,5.055002876401586,4,0,0,7
4,8,29.69004051996068,19.369693841998167,19.244700341447277,70.30512040724344,38.29068417179338,28.890937409379404,2.9332928388326955,4.097149072681395,4,0,0,8
4,9,22.91499460351753,17.265065494259122,17.175726139439583,66.76434399424842,35.002111755189766,28.660241505949053,3.3875229582215765,2.9332928388326955,5,1,1,9
5,0,94.0136082667269,21.0,21.0,40.0,32.81367886473842,16.657447977782923,6.053035409,7.581990489683603,0,0,0,0
5,1,94.0136082667269,19.25627357729477,18.93314895955566,48.90480283165384,32.81367886473842,16.657447977782923,6.053035409,6.053035409,0,0,0,1
5,2,94.0136082667269,17.526190715182874,17.3902893842528,58.18749294771116,31.606218228676816,19.96428241608611,4.233234238138066,6.053035409,0,1,1,2
5,3,79.21699285280572,19.276562210123547,19.05861484516289,68.04928940948483,33.86182316647451,20.925934954490288,2.4661025689868654,4.233234238138066,0,1,1,3
5,4,74.42588367080572,21.016457499369583,20.838185727939265,78.55745253781963,35.28074154611529,23.09794250018918,0.798518197,2.4661025689868654,0,1,1,4
5,5,69.17967774367422,22.028798669297174,21.85245258271201,73.69741189507597,33.91224422051305,22.42086331979994,0.6557757408914365,0.798518197,1,0,1,5
5,6,63.32080223552053,19.921122677878213,22.89171260371149,68.7747942881088,30.050576373092493,25.934881365978743,1.1717751016307385,0.6557757408914365,2,0,0,6
5,7,59.59693583047668,19.797076227706743,18.896104227888795,63.46076083796737,27.15033819019525,26.66058708679685,1.8619332025219248,1.1717751016307385,3,0,0,7
5,8,54.73770968414521,17.28568711167284,17.43521540001437,58.46542998320365,30.80983041575277,24.771664835559893,2.429613073165737,1.8619332025219248,4,1,1,8
5,9,34.83160456,19.34908769072516,19.02597786338461,70.27040139514993,39.74787077635845,25.83530373445421,3.3176841873575342,2.429613073165737,4,1,1,9
6,0,315.6157898295848,21.0,21.0,40.0,29.01257819165574,17.67497995388691,7.267481148619879,2.270557707986028,0,0,0,0
6,1,315.6157898295848,19.18025156383312,18.95349959907774,48.40376046619768,29.01257819165574,17.67497995388691,7.267481148619879,7.267481148619879,0,0,0,1
6,2,315.6157898295848,17.440608110918568,17.430995056586426,57.73349632378941,27.85689903172367,23.974966843785936,11.011881008803204,7.267481148619879,0,1,1,2
6,3,243.6157898295848,19.22173078976188,19.118642827064757,68.00556498806338,31.18282104234684,25.88422709250853,12.0,11.011881008803204,0,1,1,3
6,4,178.04750933941267,20.890152800374494,20.86113128782188,77.54140371591035,27.98713844472981,24.989743376642245,10.928046748362023,12.0,0,1,1,4
6,5,103.45833158767688,21.98197890944632,21.82243098497192,72.8269998816591,32.77745991641811,24.364741004408312,9.323647218966974,10.928046748362023,1,1,1,5
6,6,43.03160583539781,22.929638997864625,22.84292914892884,68.16439305801254,32.079336702378924,25.35062538847351,7.553340719034881,9.323647218966974,2,0,0,6
6,7,30.76696109158012,20.73959494412712,20.65546588158133,63.19344673073677,30.61203285489704,25.1049319935709,6.132322371908845,7.553340719034881,3,0,0,7
6,8,20.20018230750109,18.616927667942328,18.56340473704902,58.447753917795765,30.45322787214557,26.515145389293345,5.283389392039514,6.132322371908845,4,0,0,8
6,9,20.20018230750109,17.239418638051635,17.200688389347434,68.91671645358218,30.45012968760041,27.7107732889908,4.362409173376318,5.283389392039514,4,1,1,9
7,0,309.0051919422056,21.0,21.0,40.0,30.779173783334635,20.680614680722343,7.090128116,2.9956330997377263,0,0,0,0
7,1,309.0051919422056,19.21558347566669,19.013612293614447,49.262761923530256,30.779173783334635,20.680614680722343,7.090128116,7.090128116,0,0,0,1
7,2,309.0051919422056,17.550517869063643,17.35387967486956,58.11454585737656,31.01902742537257,18.15754998488469,9.193204237929365,7.090128116,0,1,1,2
7,3,251.15484694039912,19.268053317723385,19.093935960420303,68.31552102443551,34.16376251975196,22.508321741686643,9.64172416696774,9.193204237929365,0,1,1,3
7,4,201.02383607356575,21.09269060451214,20.89986262318188,79.84769515109312,38.16039673152284,25.90723730546388,8.355168477805561,9.64172416696774,0,1,1,4
7,5,140.2521494207591,22.144179897946717,21.96555062466907,75.92689694068889,36.68750221857296,24.863618834736847,7.596460831600832,8.355168477805561,1,0,1,5
7,6,107.50323542223144,20.137540209408236,23.03233528864753,72.36695919000292,35.74779326113881,27.808108123939096,6.549782799705535,7.596460831600832,2,0,0,6
7,7,96.34932063406026,20.1269192840974,19.11609693952504,69.10942189872846,36.17754748869626,29.05835644866782,5.576957394085579,6.549782799705535,3,0,0,7
7,8,84.02774145760363,17.682815607516158,17.784004204310538,66.3736770242022,39.11882801297138,29.015922684104915,6.160789588228319,5.576957394085579,4,1,1,8
7,9,47.892372392,19.58994119264925,19.45218552749037,78.14026879928726,35.36995430602813,30.0,6.022561510933938,6.160789588228319,4,1,1,9
8,0,147.65443465850416,21.0,21.0,40.0,32.21736375634937,19.458250283585784,6.485857822549366,7.7394799538568435,0,0,0,0
8,1,147.65443465850416,19.244347275126987,18.989165005671715,49.30161052718833,32.21736375634937,19.458250283585784,6.485857822549366,6.485857822549366,0,0,0,1
8,2,147.65443465850416,17.5536214361425,17.488215197723108,59.355382527134005,31.47616742569292,24.378121462894168,5.47268384,6.485857822549366,0,1,1,2
8,3,118.87197825589448,19.361916438763984,19.252478879751408,70.71475542908586,34.780299379992755,28.32732785307307,4.797076067101612,5.47268384,0,1,1,3
8,4,85.64380546155698,20.400134448265028,20.23337923975184,65.57108477163821,32.368354523625115,22.38903071277685,4.153521599292188,4.797076067101612,1,1,1,4
8,5,51.6274711039464,21.525790721819583,21.44452723994885,62.40379378499277,36.150887258824426,29.586385037589807,4.252041794701322,4.153521599292188,2,1,1,5
8,6,22.862975286543172,22.651446242526493,22.520543677326305,59.09212757334362,36.34963410056533,28.58555361249489,3.595561977175403,4.252041794701322,3,0,0,6
8,7,17.697497457407874,20.44570239975724,20.32122233908817,53.33264010251982,29.761861114551024,21.574319603094565,2.582738914567651,3.595561977175403,4,0,0,7
8,8,17.697497457407874,18.93075006112849,18.879253863135087,61.74189326661956,25.580041971796938,21.138031162090503,1.7814721961087492,2.582738914567651,4,0,0,8
8,9,17.697497457407874,17.51275106314744,17.45792959231588,71.88567914887919,29.933941262016344,26.420424750537165,1.6816855144504357,1.7814721961087492,4,1,1,9
9,0,221.76952410186664,21.0,21.0,40.0,33.24437219818739,19.98399187856279,6.830282956640339,5.773273185929288,0,0,0,0
9,1,221.76952410186664,19.26488744396375,18.999679837571257,49.58110553381504,33.24437219818739,19.98399187856279,6.830282956640339,6.830282956640339,0,0,0,1
9,2,221.76952410186664,17.49365050940033,17.404208131024973,58.08753008683389,27.85407359904675,19.40384058439131,6.654260394555777,6.830282956640339,0,1,1,2
9,3,181.65503509535665,19.09811742414377,19.11403235135496,66.99291484850224,25.01012455105857,24.46423523598781,6.685748167751662,6.654260394555777,0,1,1,3
9,4,139.5482961616197,20.95168503413475,20.80053746683937,77.57581240610489,33.056264888307936,25.737610431706766,7.017789822289494,6.685748167751662,0,1,1,4
9,5,84.52647629773074,21.96907399724012,21.95280482773048,73.91102780332514,33.02704542917933,29.946373444266555,6.8777274829861215,7.017789822289494,1,1,1,5
9,6,41.38522554793262,23.06911337590115,22.96728584666322,70.67140232414258,35.33541400454128,30.0,5.392656343724765,6.8777274829861215,2,0,0,6
9,7,33.98495017793262,21.010795112722025,20.81492326382981,67.43934224071302,38.349224682063095,27.028219298883776,3.700137685,5.392656343724765,3,0,0,7
9,8,28.39546814183711,18.987281174534623,18.82484699873204,64.89148518041836,40.11917920538199,29.059392681869905,2.7947410180477528,3.700137685,4,0,0,8
9,9,28.39546814183711,17.756276853184524,17.547117706027905,78.01248977949496,42.89446999487001,30.0,2.7207304042692377,2.7947410180477528,4,1,1,9
10,0,34.76004959411315,21.0,21.0,40.0,25.90433139596119,21.46027891507768,2.398807380861561,5.763960930748606,0,0,0,0
10,1,34.76004959411315,19.118086627919222,19.029205578301557,48.525629855987,25.90433139596119,21.46027891507768,2.398807380861561,2.398807380861561,0,0,0,1
10,2,34.76004959411315,17.520030440883517,17.361826924433377,57.83797104307545,30.48931019196516,21.24591862519289,1.1071686046252442,2.398807380861561,0,1,1,2
10,3,34.54316156411315,19.276691005092715,19.118224791892303,68.51786032649848,34.814540824005924,24.518177417233144,0.036148005,1.1071686046252442,0,1,1,3
10,4,33.63962034292448,21.12381389406782,20.94792847230017,80.49603189860704,38.858330954607,27.68706666821836,0.1505902035314441,0.036148005,0,1,1,4
10,5,32.57061741677122,22.19681555975617,22.049812518932008,77.16587966959523,37.41046049216204,27.422027124438983,0.1336253657691576,0.1505902035314441,1,0,0,5
10,6,30.71269666767824,20.241893627636408,20.06158667004335,73.69951491133878,37.64807241751762,26.427678925502114,0.9289603745464912,0.1336253657691576,2,0,0,6
10,7,27.15143617263199,18.36639900471789,18.25033954318677,70.02327966164998,35.70869080442363,27.201113363971903,1.7806302475231244,0.9289603745464912,3,0,0,7
10,8,24.559135756961886,16.644426961744195,16.487646364099252,67.54766558658852,39.57992180521409,30.0,1.296150207835052,1.7806302475231244,4,1,1,8
10,9,16.723190692349352,18.527731719735936,18.44024498796381,79.55835378617903,36.72604555328055,30.0,1.3059908441020889,1.296150207835052,4,1,1,9
11,0,229.69316636302352,21.0,21.0,40.0,34.82587986096777,15.596075442048257,7.139526913102904,2.097733795737998,0,0,0,0
11,1,229.69316636302352,19.29651759721936,18.911921508840965,49.07595195454289,34.82587986096777,15.596075442048257,7.139526913102904,7.139526913102904,0,0,0,1
11,2,229.69316636302352,17.53096206546597,17.393368765696664,58.27526444554273,31.8779489654034,19.22934265126242,9.815371048649055,7.139526913102904,0,1,1,2
11,3,169.2201786716592,19.272338177586565,19.029533875364987,67.77372495931408,33.48666984206323,19.282555234444267,10.078831281894056,9.815371048649055,0,1,1,3
11,4,115.45494047565316,20.95911785054163,20.773512346085734,77.4535413304281,33.34954868670936,20.42720893059076,8.960873032667674,10.078831281894056,0,1,1,4
11,5,55.91721124844359,21.8477543532275,21.815470610815225,71.61956964450617,27.660324605054164,23.26205491760185,7.442216153401197,8.960873032667674,1,1,1,5
11,6,15.547173322792762,22.69402547671525,22.68234574252689,64.53478840893945,22.52084021289357,21.452597367291343,5.046254740706354,7.442216153401197,2,0,0,6
11,7,9.484443265288183,20.507842476982244,20.33969320524944,57.84531090353846,27.3761145069524,18.79345490748656,3.0313650287522886,5.046254740706354,3,0,0,7
11,8,5.809936321148175,18.215351953555857,18.178233895395827,50.453852748402255,23.323909449951604,18.945767465958323,1.837253472070005,3.0313650287522886,4,0,0,8
11,9,5.809936321148175,16.707176707482464,16.706409396988214,58.056774081754384,21.41679412453456,20.82165772742172,1.546024985159424,1.837253472070005,4,1,1,9
12,0,257.1063300493217,21.0,21.0,40.0,26.68594523517113,17.989768671675385,7.893431988743194,5.510491875932469,0,0,0,0
12,1,257.1063300493217,19.133718904703425,18.959795373433508,48.04162850323237,26.68594523517113,17.989768671675385,7.893431988743194,7.893431988743194,0,0,0,1
12,2,257.1063300493217,17.39715829982498,17.40985551154767,57.11597892230178,26.19352513331667,24.21953275040224,9.722816005948197,7.893431988743194,0,1,1,2
12,3,195.95745030909652,19.231407323211847,19.076674753102424,67.62059750663646,32.9525812324119,25.406410902780777,10.191479956704192,9.722816005948197,0,1,1,3
12,4,142.49528259145148,20.950046061233536,20.92457865607363,78.52806337463066,32.095695704802225,28.501336895165583,8.910361286274178,10.191479956704192,0,1,1,4
12,5,84.55087338039054,21.980705737764303,21.930878318551795,73.77916790166276,29.91198137187892,27.03859933385496,7.243051151382616,8.910361286274178,1,1,1,5
12,6,32.00882094329635,22.87590911580621,22.942248764526088,68.658757968493,26.158520167291893,28.72809131509836,6.567756554636774,7.243051151382616,2,0,0,6
12,7,21.071665882256845,20.587006272427864,20.738169076745137,62.68956551073374,20.808959032893394,29.362193979555126,5.468577530519753,6.567756554636774,3,0,0,7
12,8,13.05488087818513,18.47582310348091,18.46466651836588,56.351360009428845,23.20573386964927,24.915346678656856,4.008392502035858,5.468577530519753,4,0,0,8
12,9,13.05488087818513,17.047152323021436,17.086058646122964,66.00098456439417,25.91552896350606,27.693496341856868,3.2483411032172773,4.008392502035858,4,1,1,9
13,0,295.9847807977788,21.0,21.0,40.0,29.72369114070828,15.898684800310212,4.917734207362141,2.2657112237249217,0,0,0,0
13,1,295.9847807977788,19.194473822814167,18.917973696006207,48.21202766938333,29.72369114070828,15.898684800310212,4.917734207362141,4.917734207362141,0,0,0,1
13,2,295.9847807977788,17.536817816914052,17.315488841640192,57.54065446355119,33.51982753892794,18.305876873115736,7.309474058084169,4.917734207362141,0,1,1,2
13,3,243.7753906319529,19.11804403469671,19.12055624018704,67.05306477284032,28.020524147543284,24.82619979295188,8.701565027637658,7.309474058084169,0,1,1,3
13,4,192.2550603792497,20.876708559463047,20.75899044209323,76.3730017906637,28.812825331466435,22.964602545330152,8.586721708783863,8.701565027637658,0,1,1,4
13,5,127.41959214682475,21.821732847703768,21.86000907033308,71.49082537076474,28.031045814821496,28.179085185739893,8.104433529053114,8.586721708783863,1,1,1,5
13,6,64.85561390452087,22.799655205748117,22.84799206826032,66.69754130074213,26.85649546185668,29.847481926906653,7.820497280287988,8.104433529053114,2,0,0,6
13,7,51.554332542825534,20.662847571190536,20.66448467204658,62.12889680078315,28.57253350987129,29.37944149035664,6.650640680847666,7.820497280287988,3,0,0,7
13,8,38.61592614,18.588132215267805,18.589759042640782,57.909835182115074,29.894102118510705,30.0,6.469203201412769,6.650640680847666,4,0,0,8
13,9,38.61592614,17.242687286119168,17.196001469165743,68.38580656024446,30.254864713342,27.944976276265702,6.462944993413989,6.469203201412769,4,1,1,9
14,0,69.72757695516555,21.0,21.0,40.0,26.261996141262443,21.0592616014806,4.478147900676209,7.277721786841092,0,0,0,0
14,1,69.72757695516555,19.12523992282525,19.02118523202961,48.51782639369375,26.261996141262443,21.0592616014806,4.478147900676209,4.478147900676209,0,0,0,1
14,2,69.72757695516555,17.570890894040453,17.3888198851944,58.53787142210776,33.165643814379706,22.501273010142626,2.4074503828876264,4.478147900676209,0,1,1,2
14,3,63.42990436003177,19.301850767461467,19.1733648485563,69.30984642409005,34.49983332225874,25.34447224430956,1.049612099188962,2.4074503828876264,0,1,1,3
14,4,58.68910517600674,21.044637273419696,21.02582501335625,80.62606874570497,32.86790178674952,30.0,0.7901331973375043,1.049612099188962,0,1,1,4
14,5,55.76511080291058,22.15153532481016,22.07354649293517,77.11236881290304,33.99720182290064,29.8155763281998,0.3654992966370204,0.7901331973375043,1,0,0,5
14,6,54.635807793954655,20.13803823961458,20.102448769774934,73.25358917367151,32.42248732052146,29.47318135041445,0.5646515044779603,0.3654992966370204,2,0,0,6
14,7,52.4866059352571,18.303445542427536,18.212094773748955,69.17681547358009,32.89298551828559,27.79160503676208,1.0746009293487748,0.5646515044779603,3,0,0,7
14,8,48.56823741887636,16.497313406525787,16.27011775817345,64.23912762521888,34.3158890617833,21.585845113987737,1.959184258190373,1.0746009293487748,4,1,1,8
14,9,29.236145871738408,18.29161375898537,18.146145721083045,74.43146228139557,33.65270902180258,22.97137240140121,3.2220152578563246,1.959184258190373,4,1,1,9
15,0,147.12077856244275,21.0,21.0,40.0,27.966960170684136,18.15766526431868,6.016773721870224,6.7515617982732055,0,0,0,0
15,1,147.12077856244275,19.159339203413683,18.963153305286376,48.3024325783005,27.966960170684136,18.15766526431868,6.016773721870224,6.016773721870224,0,0,0,1
15,2,147.12077856244275,17.558086371394566,17.3140283399951,57.72796742996174,33.754886275556096,18.60919623367299,4.453263300382446,6.016773721870224,0,1,1,2
15,3,125.00250253791748,19.185010260257965,19.1243056733046,67.71637343939324,31.09362215775104,24.397522339090624,3.6863793374208806,4.453263300382446,0,1,1,3
15,4,107.08925874480326,21.080495080615474,20.863692376747267,79.23990972417641,37.885175012142064,26.134471014431107,2.9855406321857028,3.6863793374208806,0,1,1,4
15,5,85.03711881243635,22.08616264199573,21.99742002354126,75.47554353974644,35.054679672512414,27.36550819176548,2.756517491545865,2.9855406321857028,1,0,1,5
15,6,73.33804989089303,20.05245803931988,22.954696983664896,70.66291915575974,31.40786162982004,25.18866957025388,2.3398137843086624,2.756517491545865,2,0,0,6
15,7,67.19523575457649,19.843030223004007,19.01124233920129,65.22472475980602,25.58847613483113,27.53266610987048,3.071407068158271,2.3398137843086624,3,0,0,7
15,8,60.30749642394648,17.274202646868027,17.60189593387528,60.32131246300813,26.092153906678394,30.0,3.443869665315005,3.071407068158271,4,1,1,8
15,9,35.52427050466633,19.334721014863828,19.103934769203477,71.44150778521775,34.2013879395368,27.577474961627782,4.130537653213358,3.443869665315005,4,1,1,9
16,0,20.207550747093883,21.0,21.0,40.0,34.62841056110579,15.575079902738878,2.747501458813862,5.740885074374117,0,0,0,0
16,1,20.207550747093883,19.29256821122212,18.91150159805478,49.03662828349204,34.62841056110579,15.575079902738878,2.747501458813862,2.747501458813862,0,0,0,1
16,2,20.207550747093883,17.59821416619066,17.373942355730204,58.701763295261685,35.31239211518222,18.38280239464918,0.5567197527313617,2.747501458813862,0,1,1,2
16,3,17.183739066885273,19.28737255313325,19.05604339499562,68.18673077048724,33.81239940752076,18.88186434373233,0.5039686133681017,0.5567197527313617,0,1,1,3
16,4,12.476072475320343,20.950466064350444,20.806772744981924,77.75151910501,31.89615815503073,21.24155481454018,0.7846110985941548,0.5039686133681017,0,1,1,4
16,5,11.977193792250771,21.960569364290823,21.74018418272072,72.05597490289695,32.433039984202544,19.25838111516936,0.0623598353836964,0.7846110985941548,1,1,1,5
16,6,10.965435050059778,22.835426692831955,22.7229662151777,66.30540734419037,30.15726869561384,21.228467089349618,0.1264698427738742,0.0623598353836964,2,0,0,6
16,7,10.965435050059778,20.6567713095698,20.51249275376948,61.03710958974104,31.48292371505573,22.58208876022572,0.0,0.1264698427738742,3,0,0,7
16,8,9.567258127540931,18.438486019543056,18.472425700762138,55.69558438981484,27.06269380489693,26.59549952884645,0.6990884612594235,0.0,4,0,0,8
16,9,9.567258127540931,16.99105470142825,16.97848527703958,64.11175103117796,23.437928671026736,23.31855266987953,1.2904280770404633,0.6990884612594235,4,1,1,9
17,0,232.71404052013747,21.0,21.0,40.0,25.81871451238587,16.634519240858396,5.629555566,2.810798798891432,0,0,0,0
17,1,232.71404052013747,19.11637429024772,18.93269038481717,47.64158207558397,25.81871451238587,16.634519240858396,5.629555566,5.629555566,0,0,0,1
17,2,232.71404052013747,17.382145859313844,17.337459713132375,56.28930012919906,26.516221983085657,21.52665609255376,7.024113614054433,5.629555566,0,1,1,2
17,3,190.47127569438493,19.06006620231753,18.971407129042426,65.01244674424899,26.782585747821816,21.67933989134448,7.040460804292091,7.024113614054433,0,1,1,3
17,4,149.17648537626937,20.773389176547344,20.57050699735247,73.38388655570697,28.99099700570732,17.517001946836952,6.882465053019259,7.040460804292091,0,1,1,4
17,5,99.5890456257857,21.714352848745254,21.59690539932775,67.53096001015075,29.866339952854123,20.95073479405577,6.1984299688104585,6.882465053019259,1,1,1,5
17,6,48.375780502293495,22.75483833102305,22.528042634691843,62.45569689219343,34.11946184014111,21.0179652823182,6.401658140436525,6.1984299688104585,2,0,0,6
17,7,35.69766856923426,20.465352227398533,20.370792523904832,56.42097206200833,28.96850244820124,20.83858182854821,6.339055966529619,6.401658140436525,3,0,0,7
17,8,23.16330176323426,18.355737009955565,18.27883403255406,51.290647189412965,30.047536454031103,24.783992031550195,6.267183403,6.339055966529619,4,0,0,8
17,9,23.16330176323426,16.85221508991681,16.822943615559478,59.29574186399632,23.54493328550933,20.92781490662042,4.462867536297095,6.267183403,4,1,1,9
18,0,189.7023880770585,21.0,21.0,40.0,34.443744382523725,18.677464581644607,5.635131593856222,3.710905355422147,0,0,0,0
18,1,189.7023880770585,19.28887488765048,18.97354929163289,49.5618176135503,34.443744382523725,18.677464581644607,5.635131593856222,5.635131593856222,0,0,0,1
18,2,189.7023880770585,17.571494775311347,17.515530586613608,59.78810178830429,32.17039161744754,24.64229824229684,6.489297640153488,5.635131593856222,0,1,1,2
18,3,150.92650168222963,19.434041245002533,19.14754595476272,70.4861729242241,37.29897793767242,22.13475059521549,6.462647732471483,6.489297640153488,0,1,1,3
18,4,108.93593990447803,20.374781738673107,20.240642842960703,65.44544607120515,33.166834700111565,22.16246056089426,5.248820222218948,6.462647732471483,1,1,1,4
18,5,72.7717777857412,21.426547142998977,21.306716578486053,60.29118868371181,31.351090865406764,23.34747920407466,4.520520264842107,5.248820222218948,2,1,1,5
18,6,39.50562761497996,22.391508175195,22.330873635978204,54.853188840241856,28.975704260183488,24.14651883165008,4.158268771345154,4.520520264842107,3,0,0,6
18,7,32.363313418055625,20.36655675954194,20.16902012019648,50.65339631776001,35.39375135420171,24.60740129867693,3.5711570984621663,4.158268771345154,4,0,0,7
18,8,32.363313418055625,18.962580033485136,18.898807239396174,61.39901727818587,32.92479175960908,26.77310246497904,3.4468132854144784,3.5711570984621663,4,0,0,8
18,9,32.363313418055625,17.656905844763234,17.50901527864996,72.88376224819073,36.07762946962353,27.72650925262572,3.32116926890584,3.4468132854144784,4,1,1,9
19,0,135.0884307833067,21.0,21.0,40.0,27.195361581889124,23.8040828251533,2.267431907553209,4.022244520743904,0,0,0,0
19,1,135.0884307833067,19.143907231637783,19.076081656503067,49.17989999326764,27.195361581889124,23.8040828251533,2.267431907553209,2.267431907553209,0,0,0,1
19,2,135.0884307833067,17.551462326097315,17.50220692202259,59.44970500203058,30.267313050831127,26.78715922007411,1.8151691742724327,2.267431907553209,0,1,1,2
19,3,124.11975993492608,19.159663622094538,19.2444731533773,68.82090684113064,24.28029346821377,27.78193897123093,1.8281118080634384,1.8151691742724327,0,1,1,3
19,4,109.7501179755388,20.93559452393641,20.9618452175824,79.15566486385332,27.41532234845933,30.0,2.3949403265645466,1.8281118080634384,0,1,1,4
19,5,82.68823777305732,21.984531493391387,21.95220846983053,74.44837085692348,29.202045367427065,27.97965459407385,3.3827350253101818,2.3949403265645466,1,1,1,5
19,6,53.79738249214296,23.07623885041132,22.8633740736421,70.2172934713067,35.477716024779184,24.34963183290538,3.611356910114296,3.3827350253101818,2,0,0,6
19,7,45.45723868671416,20.805245956569166,20.704358972000723,64.9241813739783,31.08223794740131,22.84491706744089,4.170071902714403,3.611356910114296,3,0,0,7
19,8,36.346180047837926,18.741199237840647,18.596710220782104,60.668874810542206,34.2152484678489,25.47749284639502,4.555529319438115,4.170071902714403,4,0,0,8
19,9,36.346180047837926,17.25784858709894,17.20270851592403,70.04551389252939,28.50838907949843,23.58405026487481,4.559942761740891,4.555529319438115,4,1,1,9
20,0,191.56280386058336,21.0,21.0,40.0,34.03487760059643,23.695520081705304,5.530670999028015,3.018100944219988,0,0,0,0
20,1,191.56280386058336,19.28069755201193,19.07391040163411,50.39147158281431,34.03487760059643,23.695520081705304,5.530670999028015,5.530670999028015,0,0,0,1
20,2,191.56280386058336,17.630752155860794,17.535067547226863,60.58021625569502,32.24508737946167,24.35904969209785,6.680410704530024,5.530670999028015,0,1,1,2
20,3,151.49237696935003,19.287488204926348,19.24482266864239,70.19656629242833,28.49635640722365,24.927810463516977,6.678404481872221,6.680410704530024,0,1,1,3
20,4,105.20523538062596,20.39701421988161,20.32613419533284,66.52449218382688,33.55845294528952,29.37446867359129,5.785892698590509,6.678404481872221,1,1,1,4
20,5,64.26020856756438,21.456640679581792,21.478753888841304,62.31684936677297,29.957539905256056,30.0,5.1181283516326985,5.785892698590509,2,1,1,5
20,6,28.534131809780256,22.518422686473365,22.45229789973737,57.476638638442495,29.708907464702243,26.73436626679511,4.465759594723016,5.1181283516326985,3,0,0,6
20,7,21.18959553739478,20.412745389865552,20.227466336449456,52.20701565734592,32.15673728843194,21.90091281658705,3.672268136192737,4.465759594723016,4,0,0,7
20,8,21.18959553739478,18.961957125805256,18.83858296951711,61.55746976247089,30.44743043317154,21.49953681752274,2.718600098748033,3.672268136192737,4,0,0,8
20,9,21.18959553739478,17.521497289256175,17.313941263109637,70.56073373127677,31.12327340584094,18.89485975419172,2.270032877088619,2.718600098748033,4,1,1,9
21,0,180.4166441102632,21.0,21.0,40.0,34.599403986625305,23.335456982769287,4.635424999011551,7.291819783222505,0,0,0,0
21,1,180.4166441102632,19.29198807973251,19.066709139655387,50.42827497449103,34.599403986625305,23.335456982769287,4.635424999011551,4.635424999011551,0,0,0,1
21,2,180.4166441102632,17.73435533804549,17.629347836118626,62.36484783455082,37.47192643224938,28.842367234749485,2.740063549903083,4.635424999011551,0,1,1,2
21,3,162.21881400051467,19.71016635705264,19.4367124553504,75.90945320507352,45.24780761401495,30.0,3.032971684958091,2.740063549903083,0,1,1,3
21,4,128.28264094351624,20.91777683491245,20.58865608225587,74.30893930949911,47.49971781369669,26.94187165533436,4.242021632124803,3.032971684958091,1,1,1,4
21,5,84.40255539244832,22.0048103881974,21.783726775412312,71.43497538329842,41.67892950288291,25.687937573779973,5.485010693883489,4.242021632124803,2,0,1,5
21,6,55.516861403518405,20.00952266786886,22.917899160600204,68.29462081428133,36.89217430811269,28.99474475290343,5.777138797785983,5.485010693883489,3,0,0,6
21,7,45.53797704406757,19.98180798204104,19.023788447213864,64.86418009735128,34.2753293503886,30.0,4.989442179725419,5.777138797785983,4,0,0,7
21,8,45.53797704406757,18.158916173269468,18.388926421701267,76.18074060549844,32.86978060081759,30.0,4.716433036,4.989442179725419,4,0,0,8
21,9,36.40509516606757,16.2203240825187,16.158604521139114,70.82226478878053,26.599923791479128,26.96409944897689,4.566440939,4.716433036,5,1,1,9
22,0,129.83985332157027,21.0,21.0,40.0,28.166889866459577,18.23033519432189,2.392958601174912,2.6222743122223973,0,0,0,0
22,1,129.83985332157027,19.16333779732919,18.96460670388644,48.35150051094067,28.166889866459577,18.23033519432189,2.392958601174912,2.392958601174912,0,0,0,1
22,2,129.83985332157027,17.36929593942902,17.306742342591587,55.96818635890426,24.2117838105442,18.10313756703134,2.781076409237303,2.392958601174912,0,1,1,2
22,3,111.27230575114204,19.08466086536438,18.97250923638662,65.2754989599211,29.126588814660344,22.580703413210927,3.0945912617380373,2.781076409237303,0,1,1,3
22,4,92.49164303306888,20.777714863056797,20.72302578187808,74.85039517052708,28.80529816515105,24.38856967154888,3.130110453012193,3.0945912617380373,0,1,1,4
22,5,64.97224676687347,21.873570654520478,21.69573047116968,70.04941430814128,33.18678140820518,23.474436022984865,3.439924533274427,3.130110453012193,1,1,1,5
22,6,38.83965567318921,22.789833469192917,22.693574216618572,64.68874436235444,30.516199506748173,23.035634127769363,3.2665738867105327,3.439924533274427,2,0,0,6
22,7,32.567599395819684,20.710657027892463,20.54891936251248,60.84063785130118,35.74286794254805,26.212095884933824,3.136028138684763,3.2665738867105327,3,0,0,7
22,8,26.70192197573909,18.646317122082213,18.567460266986945,57.49337382101879,35.553164894724866,29.18425715926184,2.932838710040296,3.136028138684763,4,0,0,8
22,9,26.70192197573909,17.356338997086272,17.26532325503293,69.32542900825614,35.73363992909633,30.0,3.052730709227171,2.932838710040296,4,1,1,9
23,0,148.08555772507208,21.0,21.0,40.0,25.76796364159105,19.96838472796109,7.497149033777024,6.3965568804569015,0,0,0,0
23,1,148.08555772507208,19.11535927283182,18.999367694559226,48.23254270651938,25.76796364159105,19.96838472796109,7.497149033777024,7.497149033777024,0,0,0,1
23,2,148.08555772507208,17.482457367932682,17.400306977080938,57.81682514539924,29.54670338300439,23.69931016632816,6.688473521913769,7.497149033777024,0,1,1,2
23,3,116.39847883482292,19.027008347351188,19.141410676491127,66.45089693499445,21.739602451765208,26.22746304598596,5.281179815041523,6.688473521913769,0,1,1,3
23,4,89.82665614700969,20.739472117632538,20.779446798084784,75.28828131370287,22.69090546100109,26.405674420712387,4.428637114635541,5.281179815041523,0,1,1,4
23,5,58.91457113290845,21.773126050942444,21.69039113131585,69.38800096709252,27.045561924466508,23.508436149920485,3.864010626762654,4.428637114635541,1,1,1,5
23,6,38.9937857362881,22.681345229251605,22.74047849704446,64.32992532746489,26.75863675896801,28.47427635421184,2.4900981745775432,3.864010626762654,2,0,0,6
23,7,35.16351141944609,20.604033283812896,20.49923301186397,59.57385803593384,30.631875924912688,26.27886134435924,1.9151371584210075,2.4900981745775432,3,0,0,7
23,8,28.86076070901286,18.47898610307156,18.405556255578425,54.52959049917634,30.27656062484088,25.03306417095077,3.151375355216614,1.9151371584210075,4,0,0,8
23,9,28.86076070901286,17.11653696060284,17.001093662181205,64.49216476879262,31.11062373234024,24.237011098861345,4.057578277553961,3.151375355216614,4,1,1,9
24,0,178.46457783542326,21.0,21.0,40.0,28.41961949667652,21.42062755476349,2.5174397310238072,3.3401175408885475,0,0,0,0
24,1,178.46457783542326,19.168392389933533,19.028412551095272,48.9712444692592,28.41961949667652,21.42062755476349,2.5174397310238072,2.5174397310238072,0,0,0,1
24,2,178.46457783542326,17.53519924347207,17.538588276091353,59.609903892621446,30.516954707366715,28.586708755756867,1.7921218329352309,2.5174397310238072,0,1,1,2
24,3,170.98262142948437,19.241882818181647,19.231520899876983,69.44155021631012,27.543758889885048,27.076498463940936,1.246992734323148,1.7921218329352309,0,1,1,3
24,4,161.51345756280594,21.01849727475016,20.93838620001608,79.7502396033066,30.71573955284951,26.55475704157539,1.5781939777797382,1.246992734323148,0,1,1,4
24,5,138.79230558509545,22.0627619015134,21.893626131261527,74.73828398304971,32.573795038310955,22.91534040470633,2.8401439972138105,1.5781939777797382,1,0,1,5
24,6,116.46439342168712,19.88009131606981,22.88735912035225,68.79859484537141,26.254353342943705,24.080707003287944,4.465582432681668,2.8401439972138105,2,0,0,6
24,7,104.81258602941269,19.757499510509984,18.881068397506564,63.360665712876894,25.91757725826013,27.205038672325863,5.825903696137226,4.465582432681668,3,0,0,7
24,8,91.52704166926578,17.17906663472195,17.40248283815152,57.55351914417935,26.523532237626466,24.547875714053824,6.642772180073447,5.825903696137226,4,1,1,8
24,9,47.2396884032344,19.098754925596516,18.85171862916205,66.66592217635606,29.81251653007518,20.81194475979547,7.381225544338564,6.642772180073447,4,1,1,9
25,0,167.18705446792956,21.0,21.0,40.0,32.18852103928587,21.555851194735737,3.915876833570394,2.3289170727994013,0,0,0,0
25,1,167.18705446792956,19.24377042078572,19.03111702389472,49.67398700212389,32.18852103928587,21.555851194735737,3.915876833570394,3.915876833570394,0,0,0,1
25,2,167.18705446792956,17.60567989960589,17.46619694036851,59.66298202960666,32.82918286729137,22.66523395205737,4.876859097871611,3.915876833570394,0,1,1,2
25,3,133.01455166143586,19.361816639614943,19.29421630714925,71.15376791631655,34.654980191227864,29.182719179382627,5.695417134415616,4.876859097871611,0,1,1,3
25,4,88.27162414307415,20.425830620761207,20.33361175009396,66.80619061559833,32.402537313734385,26.77758879338659,5.592865939795212,5.695417134415616,1,1,1,4
25,5,52.74328446624331,21.49052709476984,21.398402253652183,61.88637977784504,30.99528800863112,25.00576289273945,4.441042459603855,5.592865939795212,2,1,1,5
25,6,29.335609034273418,22.562683071892423,22.38329940702133,57.19989436585038,33.82417956350818,23.47312370318817,2.925959428996236,4.441042459603855,3,0,0,6
25,7,25.30938958067953,20.410124936658992,20.340357789662896,53.12308905392126,33.43176362829917,27.252651305427925,2.0131097267969444,2.925959428996236,4,0,0,7
25,8,25.30938958067953,19.139862994391063,18.907688648152995,63.80345198398577,35.995287064157075,23.34006254731237,2.095647425065572,2.0131097267969444,4,0,0,8
25,9,25.30938958067953,17.726147095904434,17.557557871840086,74.8403201587043,36.61400535039012,24.70192895360177,2.663501378497768,2.095647425065572,4,1,1,9
26,0,146.51263420606205,21.0,21.0,40.0,27.940953683034884,18.170431886567712,5.893436323864762,6.383964078185615,0,0,0,0
26,1,146.51263420606205,19.1588190736607,18.963408637731355,48.30004940252847,27.940953683034884,18.170431886567712,5.893436323864762,5.893436323864762,0,0,0,1
26,2,146.51263420606205,17.46055131655773,17.3408949776891,57.09171335809904,28.87827550665968,19.96430202428799,5.172941529936083,5.893436323864762,0,1,1,2
26,3,118.93386678242814,19.03170670589832,18.988935697628094,65.05447177606217,24.08547113150123,20.152075634960617,4.596461237272315,5.172941529936083,0,1,1,3
26,4,92.4831311337449,20.698787411229254,20.621051320355857,73.29712512213958,25.160444128521195,20.632074460797707,4.408455941447205,4.596461237272315,0,1,1,4
26,5,62.617407773795335,21.60131812380489,21.647926140271487,67.08093800336286,23.81730049550588,24.981659955734564,3.733215419993696,4.408455941447205,1,1,1,5
26,6,34.66257673558917,22.606395513329858,22.618732412505512,61.98821079686249,26.86221960127477,28.178184807056525,3.4943538797757703,3.733215419993696,2,0,0,6
26,7,27.64300655647792,20.463441120320752,20.44429803479754,57.06563522403589,28.3788960253002,27.606795236774268,3.5097850895556224,3.4943538797757703,3,0,0,7
26,8,21.80123247942754,18.43842073195449,18.38349386945735,53.04148771065957,32.005223833362955,28.97173442565745,2.9208870385251906,3.5097850895556224,4,0,0,8
26,9,21.80123247942754,17.13902887661179,17.085395501697416,64.4724906136312,33.50557168317574,30.0,3.101897138949565,2.9208870385251906,4,1,1,9
27,0,175.96278825030743,21.0,21.0,40.0,33.71081447619661,15.18451614086729,2.3233528208611207,2.345153248332065,0,0,0,0
27,1,175.96278825030743,19.27421628952393,18.903690322817347,48.8011595110715,33.71081447619661,15.18451614086729,2.3233528208611207,2.3233528208611207,0,0,0,1
27,2,175.96278825030743,17.504148437252063,17.436814050920752,58.39747011428719,31.118722750848004,22.19411393368359,2.192464331333918,2.3233528208611207,0,1,1,2
27,3,161.69122891023923,19.32120765562035,19.147470548389396,69.26246956579978,35.02898961023811,25.332118453720696,2.3785932233446974,2.192464331333918,0,1,1,3
27,4,144.87657420321375,20.965594714532457,20.98140897145285,79.52051751756395,29.40224952501167,27.586905762567007,2.802442451170915,2.3785932233446974,0,1,1,4
27,5,117.23285380934423,21.895131485026138,22.0157569044275,74.179091396541,23.695129474110423,29.96361429798427,3.455465049233689,2.802442451170915,1,1,0,5
27,6,95.63806416793128,23.00866426053389,19.94180596234393,70.25512744786698,31.53353361847768,30.0,4.318957928282589,3.455465049233689,2,0,0,6
27,7,85.36658451142543,18.982166725819752,19.911006650693256,65.6261872615489,28.588938597037,29.02806036786257,5.135739828252932,4.318957928282589,3,0,0,7
27,8,74.70407946163287,17.760456539444256,17.268664697474698,61.78488227443941,36.32487164849459,25.66787842311929,5.331252524896281,5.135739828252932,4,1,1,8
27,9,43.495463467310046,19.34553174815269,19.157760839117145,72.24732531044916,37.44505330735414,20.67963022603335,5.201435999053804,5.331252524896281,4,1,1,9
28,0,208.83169670862324,21.0,21.0,40.0,25.97211810438348,22.46236121316544,7.167555802871595,7.672630592867759,0,0,0,0
28,1,208.83169670862324,19.11944236208767,19.04924722426331,48.71820627715881,25.97211810438348,22.46236121316544,7.167555802871595,7.167555802871595,0,0,0,1
28,2,208.83169670862324,17.551136119118507,17.349931100760028,58.030117376247375,31.42300871233525,20.309830727045707,7.206989393791038,7.167555802871595,0,1,1,2
28,3,167.64330847602866,19.22603539624754,19.10944963091016,68.0195299092752,32.17204991842274,23.324686376176302,6.864731372099096,7.206989393791038,0,1,1,3
28,4,134.49796305695722,20.97982424111965,20.831423399214614,78.13463818268156,32.68193726934052,23.513108694028084,5.524224236511907,6.864731372099096,0,1,1,4
28,5,95.94182095495358,21.95365963651004,21.973294180236092,74.03742487706447,30.9076613166444,29.66337587437175,4.819517762750454,5.524224236511907,1,1,1,5
28,6,57.68500712416333,23.15182150773682,22.964184035976853,71.47314885484377,39.08735543210727,30.0,4.782101728848781,4.819517762750454,2,0,0,6
28,7,48.26503661584042,21.00458717316008,20.884456385653976,68.16620421046476,36.89126004702173,28.070158595317093,4.709985254161456,4.782101728848781,3,0,0,7
28,8,38.835519242105455,18.974221541296178,18.790646088806906,64.68006828537393,37.47332298216413,26.4925885451091,4.7147586868674844,4.709985254161456,4,0,0,8
28,9,38.835519242105455,17.597350595437945,17.50142882693181,76.34234705249149,36.17007890387185,28.620358691225714,4.957393087135706,4.7147586868674844,4,1,1,9
29,0,242.37662608697644,21.0,21.0,40.0,30.31986999720141,18.504111555298973,4.941945488069576,4.252747373704692,0,0,0,0
29,1,242.37662608697644,19.20639739994403,18.97008223110598,48.78831667945007,30.31986999720141,18.504111555298973,4.941945488069576,4.941945488069576,0,0,0,1
29,2,242.37662608697644,17.48838229431698,17.4281140385726,58.17599043357589,29.355941699133417,22.79780137934336,5.936607181998901,4.941945488069576,0,1,1,2
29,3,201.49430150297644,19.28863453898445,19.044167625124597,68.01628138377644,33.897826292914075,20.770456763755654,6.813720764,5.936607181998901,0,1,1,3
29,4,156.8722672591005,20.892874993125503,20.837207425482628,77.42263385234168,29.353947902146498,22.9035658121048,7.437005707312654,6.813720764,0,1,1,4
29,5,101.44932218507871,21.957354479988997,21.813907219321752,72.58162978578778,32.2231214224641,24.21574487445868,6.927868134252721,7.437005707312654,1,1,1,5
29,6,50.26659466446111,22.902800617928527,22.81946174022919,67.73477124479021,31.362497116938822,25.04384432196351,6.397840940077202,6.927868134252721,2,0,0,6
29,7,37.586424287510354,20.6771694248146,20.644277034663222,62.50877250938842,28.597354849302185,25.702652176243443,6.340085188475379,6.397840940077202,3,0,0,7
29,8,27.086537406194477,18.623570562005373,18.500210652078696,57.85039534474991,32.057420772528616,25.396039423924105,5.249943440657939,6.340085188475379,4,0,0,8
29,9,27.086537406194477,17.198504487859466,17.088263105372146,67.3973676193782,30.20060131615604,22.83813354288997,4.643374444303599,5.249943440657939,4,1,1,9
30,0,71.12279731558075,21.0,21.0,40.0,26.98377311064561,24.58554254525746,5.380253318,6.900144347563503,0,0,0,0
30,1,71.12279731558075,19.139675462212917,19.09171085090515,49.28247681806255,26.98377311064561,24.58554254525746,5.380253318,5.380253318,0,0,0,1
30,2,71.12279731558075,17.526688304369042,17.45579837860454,58.81931959819316,28.623212673727974,24.359247215886565,4.261016022,5.380253318,0,1,1,2
30,3,48.71308717893969,19.237461964570443,19.197786543499262,69.04710580835925,29.934077220474578,26.886957280448097,3.734951689440178,4.261016022,0,1,1,3
30,4,29.57501151215393,20.98762774462357,20.902399466414437,79.06314602271185,30.2506065420194,25.394061315495023,3.189679277797625,3.734951689440178,0,1,1,4
30,5,8.257499466164765,22.07048437000182,22.00600158501096,75.67360743879433,34.502563422680495,30.0,2.664689005748646,3.189679277797625,1,0,0,5
30,6,4.894745339849073,20.0618995558444,19.949642264563604,70.95794758686284,31.85766469186392,25.277558352961115,1.681377063157846,2.664689005748646,2,0,0,6
30,7,3.679875165285449,18.12128638095403,18.027230421749145,65.43241829626183,29.51130285750289,23.12464552804701,0.6074350872818121,1.681377063157846,3,0,0,7
30,8,3.2607174391360974,16.163984968229926,16.068994116169424,58.65755218433552,25.92778512908729,19.76740313798875,0.2095788630746757,0.6074350872818121,4,1,1,8
30,9,1.1326854721419846,17.81596700316233,17.817034000546677,65.93612240370659,20.90400706520915,19.53249415351907,0.3546719944990188,0.2095788630746757,4,1,1,9
31,0,241.1660171755861,21.0,21.0,40.0,33.50093312201388,19.75388834365709,6.549074611397077,4.599278477463367,0,0,0,0
31,1,241.1660171755861,19.27001866244028,18.995077766873145,49.58586786382077,33.50093312201388,19.75388834365709,6.549074611397077,6.549074611397077,0,0,0,1
31,2,241.1660171755861,17.636841654281298,17.43292759867354,59.63520183260029,35.07472468689059,20.75490847299558,7.601466203172697,6.549074611397077,0,1,1,2
31,3,194.0020493059461,19.45840628172416,19.228872945670204,71.42427569984005,40.01511622740632,25.479738590592348,7.860661311606663,7.601466203172697,0,1,1,3
31,4,130.41159248070025,20.550093363399437,20.30412555778913,67.67659247901807,39.127130658378846,23.38574033705456,7.948807103155732,7.860661311606663,1,1,1,4
31,5,74.90745220060944,21.59611532609229,21.49429062335644,63.80238099280446,35.29534420432466,26.514591983377496,6.938017535011351,7.948807103155732,2,1,1,5
31,6,30.387272754902437,22.57951408028915,22.51258066335461,58.79894549506365,30.205255422380155,25.331214034615343,5.565022430713377,6.938017535011351,3,0,0,6
31,7,21.15222175939797,20.39299275839794,20.44418774549236,54.31891083693715,28.444251899297225,30.0,4.617525497752228,5.565022430713377,4,0,0,7
31,8,21.15222175939797,19.02479164306934,18.992130744711883,64.02135847583197,27.38380349710275,26.51868338564631,3.843452410058232,4.617525497752228,4,0,0,8
31,9,21.15222175939797,17.62552320102644,17.51229538553028,73.99334618343926,30.775617979549487,24.624313729379868,3.2801173257146914,3.843452410058232,4,1,1,9
32,0,228.2688561871201,21.0,21.0,40.0,31.66212388872196,21.294204847178563,5.2520712615241205,4.9164242102509,0,0,0,0
32,1,228.2688561871201,19.23324247777444,19.02588409694357,49.532139172462095,31.66212388872196,21.294204847178563,5.2520712615241205,5.2520712615241205,0,0,0,1
32,2,228.2688561871201,17.614518195347294,17.515691696551144,60.17379471395684,33.58600460806516,25.53430395579454,5.104904316,5.2520712615241205,0,1,1,2
32,3,191.2403887114538,19.24889031034387,19.181140687118464,69.15806533636521,27.39124660607387,22.521367962861547,6.171411245944386,5.104904316,0,1,1,3
32,4,148.93500054250683,20.966943129685063,20.892745917558383,78.94332391248663,29.544326299916992,24.818221345202023,7.050898028157826,6.171411245944386,0,1,1,4
32,5,96.24027767768374,21.95889488745874,21.80015170372153,72.94257018081238,29.522964985285064,20.472847616524625,6.586840358102887,7.050898028157826,1,1,1,5
32,6,52.27314114374883,22.86411756515898,22.73489130758182,67.08537264691934,29.81790383442188,20.97544319950564,5.495892066741863,6.586840358102887,2,0,0,6
32,7,43.31281416405255,20.57073396151486,20.59688932371652,61.473318575176606,26.392940455279607,25.76231470170524,4.480163489848142,5.495892066741863,3,0,0,7
32,8,34.38628819247069,18.51257561001153,18.426337891435047,56.39709970819689,29.52583645073378,25.606280954934427,4.463262985790929,4.480163489848142,4,0,0,8
32,9,34.38628819247069,17.09678305478444,16.983480833782686,65.58296711320841,28.995636761621714,22.036959932886727,5.421904745512226,4.463262985790929,4,1,1,9
33,0,251.9152462333668,21.0,21.0,40.0,26.00162013788841,16.797779870414136,7.793234250311443,6.069136932602557,0,0,0,0
33,1,251.9152462333668,19.12003240275777,18.935955597408284,47.70389200149446,26.00162013788841,16.797779870414136,7.793234250311443,7.793234250311443,0,0,0,1
33,2,251.9152462333668,17.36796755420864,17.212245673434058,55.04100001855842,25.654478662441235,15.107232543469667,8.756754433038273,7.793234250311443,0,1,1,2
33,3,200.8421864972481,19.05477067910966,18.89959916669345,64.19929325650526,30.48690535495586,20.3925015225266,8.512176622686447,8.756754433038273,0,1,1,3
33,4,152.18150817324806,20.78851796594137,20.62379142222632,73.8109902293846,31.98110819399595,21.417208322000366,8.110113054,8.512176622686447,0,1,1,4
33,5,97.57331610886897,21.778497576119157,21.79510396819176,69.76500631439981,31.24811173442331,29.60753318232789,6.826024008047389,8.110113054,1,1,1,5
33,6,47.86709328939187,22.705489512550056,22.7937692616482,64.51216277326571,24.74389293996263,29.406976275959007,6.213277852434638,6.826024008047389,2,0,0,6
33,7,37.42112347192795,20.620384233731283,20.52387397289925,59.49779879230988,29.48853623324298,25.987219428113484,5.222984908731959,6.213277852434638,3,0,0,7
33,8,27.21348501,18.52906018231655,18.513566984025225,55.54426004605378,31.79577150725637,29.57345768020978,5.103819230963974,5.222984908731959,4,0,0,8
33,9,27.21348501,17.17740972226755,17.127494100753257,65.91180617549742,30.16282877349672,27.434649723412427,5.355966205113231,5.103819230963974,4,1,1,9
34,0,233.29375024103,21.0,21.0,40.0,28.28820844287196,17.71995470429493,5.2969265193636375,4.118736003062949,0,0,0,0
34,1,233.29375024103,19.16576416885744,18.9543990940859,48.28146936649004,28.28820844287196,17.71995470429493,5.2969265193636375,5.2969265193636375,0,0,0,1
34,2,233.29375024103,17.48445383417334,17.404198382273265,57.87470865429316,30.23951126885254,23.056262552275875,6.157083578200977,5.2969265193636375,0,1,1,2
34,3,192.34122903162543,19.273000215044984,19.175629701435085,68.98298671902101,33.892506687075425,27.82014922807932,6.825420201567432,6.157083578200977,0,1,1,3
34,4,150.98793658370346,21.03707509537772,21.00919413777,80.29681572423722,32.85460558453446,30.0,6.892215407986995,6.825420201567432,0,1,1,4
34,5,100.3714870610396,22.043009225149472,22.06602018826064,75.93460788680696,29.18325577808365,29.91558956952605,6.327056190332981,6.892215407986995,1,0,0,5
34,6,88.41484742968825,20.081719891988243,19.98244303318508,71.42893596474495,31.460250574350667,26.841572080860384,5.978319815675677,6.327056190332981,2,0,0,6
34,7,77.16923389969466,18.166820411319037,18.039707563665804,65.99927627607984,30.50667627495129,22.661881010242528,5.622806764996793,5.978319815675677,3,0,0,7
34,8,67.01184067174077,16.38076157136058,16.23126335945469,62.16593228641536,35.70929057264517,26.327687262552125,5.078696613976946,5.622806764996793,4,1,1,8
34,9,38.71262441295907,18.33411713437133,18.136856652473213,73.91598619803729,38.6917872801413,26.5862900066472,4.716536043130282,5.078696613976946,4,1,1,9
35,0,344.373151680458,21.0,21.0,40.0,33.91127088394596,20.42283520936855,7.586468305,2.128247833012694,0,0,0,0
35,1,344.373151680458,19.27822541767892,19.00845670418737,49.78013909679661,33.91127088394596,20.42283520936855,7.586468305,7.586468305,0,0,0,1
35,2,344.373151680458,17.595448750349885,17.533109990328168,60.183734345406805,32.48061004231343,25.317141338854327,11.02916842047861,7.586468305,0,1,1,2
35,3,274.45907480254414,19.35722143160157,19.21229072839613,70.43670975551856,32.57129553060911,24.38967897001181,11.652346146318983,11.02916842047861,0,1,1,3
35,4,184.25005511219516,20.42461669589122,20.356223730672436,66.9825333289854,34.86853655302945,29.27492774400851,11.276127461293624,11.652346146318983,1,1,1,4
35,5,104.58052671553702,21.602574820581683,21.47656926160605,63.60133084388471,35.9375237549187,28.61135132785524,9.958691049582262,11.276127461293624,2,1,1,5
35,6,38.92475828049714,22.64126978962839,22.604515670830825,60.072332922296965,33.72778932451251,30.0,8.206971054379984,9.958691049582262,3,0,0,6
35,7,24.43342239081769,20.60246712965292,20.49766674232592,56.71398377076216,35.233584597671275,29.44225344935753,7.245667944839726,8.206971054379984,4,0,0,7
35,8,24.43342239081769,19.40214212721559,19.157941236979102,69.17495791586106,41.50484223058399,27.72279190885437,6.489888449920356,7.245667944839726,4,0,0,8
35,9,24.43342239081769,18.02172115678744,17.886682834860668,81.68261036034174,39.950943737389096,29.536014287503573,5.354143166994714,6.489888449920356,4,0,1,9
36,0,97.21095013466882,21.0,21.0,40.0,27.685076794675016,24.52235008408805,2.7904907897140183,4.960442241307833,0,0,0,0
36,1,97.21095013466882,19.1537015358935,19.090447001681763,49.39733683817735,27.685076794675016,24.52235008408805,2.7904907897140183,2.7904907897140183,0,0,0,1
36,2,97.21095013466882,17.553631872257775,17.452158340575316,59.04053736894024,29.797915439657466,23.7754208423586,1.5818204862471457,2.7904907897140183,0,1,1,2
36,3,88.42946324979107,19.283985766946145,19.06723291929429,68.32329659078084,31.96531496180538,19.60556960397569,1.463581147479624,1.5818204862471457,0,1,1,3
36,4,78.00078485815993,20.96236662307418,20.742975705225085,77.35781441730197,32.20630215506365,17.985463547831475,1.7381130652718553,1.463581147479624,0,1,1,4
36,5,55.06663309070442,21.89895845274213,21.739171043377123,71.51901525352646,31.087897218617087,19.80766298263012,2.866768970931938,1.7381130652718553,1,1,1,5
36,6,29.584111980586197,22.93800941913937,22.64401245818251,66.48836323085743,36.2409628645229,19.144303676204725,3.1853151387647785,2.866768970931938,2,0,0,6
36,7,23.71756827749744,20.667773719923943,20.53842601793269,61.36109189563514,32.86291604800712,21.985576534091265,2.933271851544377,3.1853151387647785,3,0,0,7
36,8,18.382885295388945,18.471931452292843,18.491289807191357,56.19117358472948,27.79193136217813,26.81963357723485,2.6673414910542466,2.933271851544377,4,0,0,8
36,9,18.382885295388945,17.181621171469384,16.978182027838486,65.89600194630302,31.89864748896018,22.017065630892795,2.6465244550822216,2.6673414910542466,4,1,1,9
37,0,30.75986771472367,21.0,21.0,40.0,33.93792267834392,22.819069160221524,3.2843431330791875,7.220572235164975,0,0,0,0
37,1,30.75986771472367,19.27875845356688,19.05638138320443,50.21625853094178,33.93792267834392,22.819069160221524,3.2843431330791875,3.2843431330791875,0,0,0,1
37,2,30.75986771472367,17.612575337076454,17.46458674333511,59.76477634642296,31.89120346981068,21.156117727307,2.06657653525678,3.2843431330791875,0,1,1,2
37,3,24.11755254058169,19.35545603587445,19.09689676210889,69.37963044656408,34.281824353146646,19.13403175874846,1.107052529023663,2.06657653525678,0,1,1,3
37,4,23.52930664858169,20.970969870258266,20.894942411068023,79.04009154521091,30.674495195905592,22.994733129910152,0.098040982,1.107052529023663,0,1,1,4
37,5,22.406103100333564,21.95867821541936,21.770644130896297,72.72141141368414,29.385835469428915,18.843719355422373,0.1404004435310161,0.098040982,1,1,1,5
37,6,20.283491806286246,22.88826415227325,22.766051457898463,67.60274090007275,31.91371045548319,22.982564468898016,0.2653264117559145,0.1404004435310161,2,0,0,6
37,7,18.21601743274595,20.67360614371015,20.628267074298165,62.750951650132,30.239546248830663,26.139402362609644,1.033737186770148,0.2653264117559145,3,0,0,7
37,8,15.8663491507397,18.656088534564457,18.5089067668399,58.62204452727912,34.21706742800142,26.177893000593663,1.1748341410031249,1.033737186770148,4,0,0,8
37,9,15.8663491507397,17.339783241853702,17.172397508644508,69.86390111001245,36.51588598464552,25.938872808317434,2.007588224141956,1.1748341410031249,4,1,1,9
38,0,88.98618758520209,21.0,21.0,40.0,27.41719516140864,24.44350780714981,2.575014029021886,4.983665124764339,0,0,0,0
38,1,88.98618758520209,19.148343903228174,19.088870156143,49.33492653434052,27.41719516140864,24.44350780714981,2.575014029021886,2.575014029021886,0,0,0,1
38,2,88.98618758520209,17.513826154714632,17.55031080482766,59.55941705893938,27.93529941864322,28.86742571801713,1.1716962368839925,2.575014029021886,0,1,1,2
38,3,83.39857743050096,19.265906084706984,19.21149108335395,69.50517396881992,28.713842685424147,26.54036236946776,0.9312683591168536,1.1716962368839925,0,1,1,3
38,4,77.00732934915575,20.9765312182644,20.93247577234308,79.35062805336892,28.85798222637257,25.83898491001079,1.0652080135575348,0.9312683591168536,0,1,1,4
38,5,66.35812584788442,21.987901926436084,21.939289190921517,74.46369971604203,29.637599961921737,26.54613149737328,1.3311504376589165,1.0652080135575348,1,1,1,5
38,6,47.672308234924095,23.05508958283085,22.974527913138107,71.12000912916606,34.75727451735574,30.0,2.33572720162004,1.3311504376589165,2,0,0,6
38,7,41.41194103521026,21.026675797126973,20.835910336125743,68.27469084146726,39.13635380411853,28.389655708665888,3.130183599856917,2.33572720162004,3,0,0,7
38,8,33.643288288,19.053809866493268,18.82305188058562,66.0108071162055,42.57779136836207,28.178410157961466,3.884326373605131,3.130183599856917,4,0,0,8
38,9,33.643288288,17.705346211814135,17.5728871503176,78.38101899367686,39.40386109136349,29.319538227921853,4.123240467148195,3.884326373605131,4,1,1,9
39,0,227.2652087151492,21.0,21.0,40.0,26.884939390196006,24.75378607633906,6.144777674852652,3.0368237570879333,0,0,0,0
39,1,227.2652087151492,19.13769878780392,19.095075721526783,49.29497058397631,26.884939390196006,24.75378607633906,6.144777674852652,6.144777674852652,0,0,0,1
39,2,227.2652087151492,17.469098851675632,17.331796831067077,57.18624997270672,25.67244403654346,18.167997011958807,7.495477395861172,6.144777674852652,0,1,1,2
39,3,179.88473402053108,19.101842512012656,18.990736512604776,65.80089793367236,27.73699280911009,20.12216252958788,7.896745782436351,7.495477395861172,0,1,1,3
39,4,132.05279762710745,20.77824155550997,20.662384922121426,74.54795436332901,28.02708980154136,20.56766814099561,7.971989398903939,7.896745782436351,0,1,1,4
39,5,73.2221174552898,21.676976219694883,21.67159559303305,68.24733443944139,25.1683850728276,23.161504238907817,7.353835021477204,7.971989398903939,1,1,1,5
39,6,26.06697231263783,22.6489606115856,22.540282359463863,62.02708949579029,27.145519492865287,21.63089748685088,5.894393142831498,7.353835021477204,2,0,0,6
39,7,16.361544456146053,20.47347723187617,20.404003079346865,57.12285246167224,30.595726720484485,25.491845312193,4.852713928245888,5.894393142831498,3,0,0,7
39,8,9.391819743535557,18.38739886356525,18.2910059710758,52.052213682910335,30.51243740408976,24.650680491677463,3.484862356305248,4.852713928245888,4,0,0,8
39,9,9.391819743535557,16.99964066871194,16.955485348285464,62.22196044491922,30.076126265468627,26.42246685680295,2.1439163266950447,3.484862356305248,4,1,1,9
40,0,125.43349952177824,21.0,21.0,40.0,26.13526509433376,24.3194108763197,2.160940524443446,5.837801084,0,0,0,0
40,1,125.43349952177824,19.122705301886675,19.086388217526395,49.08184167471762,26.13526509433376,24.3194108763197,2.160940524443446,2.160940524443446,0,0,0,1
40,2,125.43349952177824,17.461729293338024,17.51923974083672,58.78559724466917,25.789493528433376,28.120259637964104,0.44080328,2.160940524443446,0,1,1,2
40,3,120.44675637844126,19.195962466159745,19.201777208095297,68.68809690577379,26.93024659843937,28.08364040769745,0.8311238572228303,0.44080328,0,1,1,3
40,4,113.65177322079327,21.02620340215819,20.97081574043692,79.97088605803917,32.6821619570299,30.0,1.132497192941332,0.8311238572228303,0,1,1,4
40,5,100.50817202342024,22.00188460547045,22.04967186173848,75.49034743827441,28.441452112418013,30.0,1.6429501496716297,1.132497192941332,1,0,0,5
40,6,94.95380926104455,20.052606084926563,20.006942044998247,71.40867322320533,31.111879312116848,29.545486159721573,2.7771813811878427,1.6429501496716297,2,0,0,6
40,7,86.39992666161065,18.27227081290488,18.176351362767896,68.1952411822446,35.48093310577375,30.0,4.2769412997169525,2.7771813811878427,3,0,0,7
40,8,76.74436179968966,16.5096891363562,16.381119560375936,64.90998806025962,36.474598825575775,28.607328274507715,4.827782430960498,4.2769412997169525,4,1,1,8
40,9,45.27189912808391,18.31290079257355,18.256877227788525,75.29113156961272,31.2013706876807,26.47164880872539,5.245410445267625,4.827782430960498,4,1,1,9
41,0,242.7460729731244,21.0,21.0,40.0,26.44633370645822,20.839991102824285,7.741069094668894,2.819660055943652,0,0,0,0
41,1,242.7460729731244,19.128926674129165,19.016799822056488,48.51153846567085,26.44633370645822,20.839991102824285,7.741069094668894,7.741069094668894,0,0,0,1
41,2,242.7460729731244,17.316714574724557,17.39303888450037,56.28762674921613,20.533088878220013,22.66740158592044,9.475349362,7.741069094668894,0,1,1,2
41,3,184.4410758660869,19.167078755728387,18.99093217225908,66.22941385100614,31.44730754616413,23.784843019335973,9.717499517839574,9.475349362,0,1,1,3
41,4,130.37507567052756,20.775565978625696,20.781402267788987,75.49354778241509,26.90889751196228,24.558513218087423,9.011000032593229,9.717499517839574,0,1,1,4
41,5,69.22238085495557,21.742653032233186,21.6776541470414,68.89617783030266,24.92183898297999,21.75943906083988,7.644086851946499,9.011000032593229,1,1,1,5
41,6,22.952028148604715,22.69706381648359,22.588547696610277,62.96219329602333,28.383770929439788,21.982981657897223,5.783794088293858,7.644086851946499,2,0,0,6
41,7,16.49526454057016,20.4268394534154,20.389415846845427,56.72634597268575,26.094329609583674,22.595407482985337,3.228381804017276,5.783794088293858,3,0,0,7
41,8,13.585397724204228,18.263656356078563,18.222947659066524,50.42542240725408,25.46249568170993,22.865706732558507,1.4549334081829666,3.228381804017276,4,0,0,8
41,9,13.585397724204228,16.877399338868006,16.881353988421154,60.381401599806026,27.86194674585024,27.44904876832725,1.643142602749059,1.4549334081829666,4,1,1,9
42,0,170.55463020442645,21.0,21.0,40.0,29.987010434134508,19.76712411690996,3.491291263362929,5.576542457704608,0,0,0,0
42,1,170.55463020442645,19.19974020868269,18.9953424823382,48.955744219188006,29.987010434134508,19.76712411690996,3.491291263362929,3.491291263362929,0,0,0,1
42,2,170.55463020442645,17.580409106410617,17.410634775789898,58.86366113134814,33.29933263576874,21.74465020956532,2.112009550046224,3.491291263362929,0,1,1,2
42,3,157.29094586296154,19.22830713190689,19.149490835991795,68.50507916623688,30.025431641112768,23.53800188604692,2.210614056910818,2.112009550046224,0,1,1,3
42,4,140.6307773202697,20.96438089810932,20.81108328282281,77.95540148502197,30.67445793148462,21.82733272843251,2.7766947571153064,2.210614056910818,0,1,1,4
42,5,113.5631578538882,22.003367720754547,21.861385152036757,73.58822570496861,34.23491916577876,24.83632650059146,3.3834524332976885,2.7766947571153064,1,0,1,5
42,6,93.61122835203751,19.97414801248634,22.78096908950666,68.27978135329604,32.8153302518961,21.026645572145227,3.990385900370133,3.3834524332976885,2,0,0,6
42,7,83.38336142519219,19.948384236375084,18.78079022702774,63.757211228153466,37.24266403063518,20.96527971857273,5.113933463422666,3.990385900370133,3,0,0,7
42,8,71.69443938412272,17.275099803744546,17.48635490232811,58.83529865961974,31.47026491514456,24.51910970411249,5.844461020534741,5.113933463422666,4,1,1,8
42,9,34.69551906405433,19.278231285379587,19.024351215491045,69.65944981789158,34.829675058591924,25.30449804291834,6.166486720011398,5.844461020534741,4,1,1,9
43,0,117.21236101514504,21.0,21.0,40.0,29.811094768392017,22.949714610376667,3.286918212,6.568422984102493,0,0,0,0
43,1,117.21236101514504,19.19622189536784,19.058994292207533,49.49694568817837,29.811094768392017,22.949714610376667,3.286918212,3.286918212,0,0,0,1
43,2,117.21236101514504,17.702858525300062,17.514877147489848,60.95800739355175,37.56502398388372,26.107541045968468,0.9555085655518278,3.286918212,0,1,1,2
43,3,111.00540755566686,19.453541296864916,19.339728945380728,72.50247239378896,36.323127454673454,27.81278921331106,1.0344922432463612,0.9555085655518278,0,1,1,3
43,4,101.11617088206792,20.52148647435538,20.462844840313966,69.06727349399867,34.444080987749395,29.80481401341568,1.2361545841998662,1.0344922432463612,1,1,1,4
43,5,84.12908679325425,21.70481498852415,21.568423941375883,65.78464844465249,36.39785218583333,28.698675317799022,2.1233855111017106,1.2361545841998662,2,1,1,5
43,6,52.32426838470282,22.7749257582702,22.59785775069815,61.826464693177314,36.121344844371016,25.22207875854469,3.975602301068928,2.1233855111017106,3,0,0,6
43,7,42.89310421535456,20.59274616208044,20.57621398186262,58.05886779639651,32.942434293400204,29.45980516892865,4.715582084674133,3.975602301068928,4,0,0,7
43,8,42.89310421535456,19.245113493332283,19.078765932008427,67.83651368889943,31.44280786390493,22.87744709444464,5.393763310810511,4.715582084674133,4,0,0,8
43,9,42.89310421535456,17.795561039732775,17.655344583454912,78.13993272195358,33.37362654202585,23.86759030827504,5.049292147680222,5.393763310810511,4,1,1,9
44,0,343.45607128220126,21.0,21.0,40.0,25.90418423101937,18.722284496043383,7.387351990978872,2.421659745766675,0,0,0,0
44,1,343.45607128220126,19.118083684620387,18.97444568992087,48.0327643708713,25.90418423101937,18.722284496043383,7.387351990978872,7.387351990978872,0,0,0,1
44,2,343.45607128220126,17.39622337140043,17.314469118068015,56.24820061192786,25.941797518713987,19.69951493160024,9.225697097092793,7.387351990978872,0,1,1,2
44,3,281.9416151020011,19.058039009913557,18.939226701946875,64.73567462360201,27.15978129825489,19.99285209993484,10.252409363366697,9.225697097092793,0,1,1,3
44,4,218.37223127701336,20.72859107503106,20.58288432138636,73.09240915566457,27.74691262881912,18.67939032708398,10.594897304164617,10.252409363366697,0,1,1,4
44,5,143.21599248177176,21.619816727790763,21.524990026878868,66.00402746708542,25.440185706857164,18.513249356592056,9.394529849405204,10.594897304164617,1,1,1,5
44,6,71.3589166515538,22.54505213485887,22.42511429773166,59.46259064757618,27.205655019715987,19.78636264967712,8.982134478777244,9.394529849405204,2,0,0,6
44,7,55.64277028153247,20.39016914750487,20.27196979270765,54.394801235880834,31.443991504786457,23.7349562080172,7.858073185010663,8.982134478777244,3,0,0,7
44,8,40.87244886667059,18.304052639981325,18.24481113128932,49.90255799197047,31.555746089639232,26.82068033308093,7.385160707430942,7.858073185010663,4,0,0,8
44,9,40.87244886667059,16.95952376973155,16.960334526857245,60.80417788360208,30.70631986380228,29.85823508970669,7.388889470064255,7.385160707430942,4,1,1,9
45,0,133.49219851460018,21.0,21.0,40.0,30.254637820087137,24.15019091140085,4.706471405544279,4.186657216829217,0,0,0,0
45,1,133.49219851460018,19.205092756401744,19.08300381822802,49.79286917166784,30.254637820087137,24.15019091140085,4.706471405544279,4.706471405544279,0,0,0,1
45,2,133.49219851460018,17.55073018111815,17.469842290960205,59.21313093549671,29.105258078665106,23.22952949816192,4.322788377059762,4.706471405544279,0,1,1,2
45,3,112.11072774496652,19.29314522175383,19.17727131309632,69.4489344949381,31.93629455773724,24.92928077249275,3.563578461605607,4.322788377059762,0,1,1,3
45,4,90.86961084701473,21.131151459308736,20.94987349629627,80.89909339347224,37.20700033061553,26.404993550129674,3.5401861496586355,3.563578461605607,0,1,1,4
45,5,59.553343667496144,22.189134649164306,22.10635802278661,77.93353353100517,36.858000764071846,30.0,3.914533397439822,3.5401861496586355,1,0,0,5
45,6,53.46791151969008,20.27299462710536,20.145388196334565,75.10548829916208,37.621970934205024,30.0,3.042716073903034,3.914533397439822,2,0,0,6
45,7,49.16149350046133,18.40753282505528,18.350118333476072,71.7667560864561,34.784821040522374,30.0,2.153209009614372,3.042716073903034,3,0,0,7
45,8,45.56991345075463,16.652904484148017,16.534292180378255,68.6458599134639,36.39342691166532,29.601594349489066,1.7957900248533507,2.153209009614372,4,1,1,8
45,9,29.575533102268672,18.53013978759646,18.36639316290991,79.56705525498317,35.31991162187953,25.353395831005383,2.6657300580809933,1.7957900248533507,4,1,1,9
46,0,188.502647934868,21.0,21.0,40.0,29.4495500706672,18.6187221624415,5.635608556225983,5.565058434578892,0,0,0,0
46,1,188.502647934868,19.188991001413346,18.97237444324883,48.652289001959566,29.4495500706672,18.6187221624415,5.635608556225983,5.635608556225983,0,0,0,1
46,2,188.502647934868,17.633868661879266,17.373555945127933,58.98074213288544,36.822589690922285,20.557705480888096,5.831586942675515,5.635608556225983,0,1,1,2
46,3,150.89871253286802,19.28601835968456,19.2832533087576,70.21273960173126,33.221464617825134,29.178521320207217,6.267322567,5.831586942675515,0,1,1,3
46,4,99.19809827458278,20.397835147046003,20.34714616789476,66.43777915219192,32.46862777867955,29.89270305721302,6.462576782285655,6.267322567,1,1,1,4
46,5,53.70163838052586,21.54784975289081,21.402128355465884,62.18454170675725,33.87532048638328,25.828915927868483,5.687057486757116,6.462576782285655,2,1,1,5
46,6,17.668600916525854,22.545948593883335,22.381086272589663,56.83303282732503,32.01583273682822,21.586895710770563,4.504129683,5.687057486757116,3,0,0,6
46,7,10.659973447665942,20.38111397423437,20.27917921547979,52.097997346696445,32.298626710154295,24.728953953020262,3.504313734429956,4.504129683,4,0,0,7
46,8,10.659973447665942,19.001161928179663,18.84900248745356,61.73241048108606,31.33075541544981,22.19376199782585,1.610558178501727,3.504313734429956,4,0,0,8
46,9,10.659973447665942,17.530883970482027,17.430464449371154,71.4669062627603,30.69194989342392,23.388582226988508,0.8803954859311962,1.610558178501727,4,1,1,9
47,0,138.6000807998834,21.0,21.0,40.0,29.243793583307443,15.3766626812058,2.378815055016228,4.777329732,0,0,0,0
47,1,138.6000807998834,19.18487587166615,18.90753325362412,48.03168212761239,29.243793583307443,15.3766626812058,2.378815055016228,2.378815055016228,0,0,0,1
47,2,138.6000807998834,17.513988604646734,17.249365724225846,56.722048942239184,32.835549464245176,15.444266172570392,1.6999933044528066,2.378815055016228,0,1,1,2
47,3,123.56867256438176,19.161875743364256,19.01375404301901,66.38823872544538,32.53824128736074,21.16281306378475,2.505234705916943,1.6999933044528066,0,1,1,3
47,4,106.16991043503064,20.943245101098647,20.77541101423871,76.96485072415244,34.68624269827398,24.0727128500986,2.899793688225188,2.505234705916943,0,1,1,4
47,5,76.84833350679614,21.934072079233463,21.848148060424048,72.31502567721274,32.15734210240793,25.3436298590382,3.665197116029311,2.899793688225188,1,1,1,5
47,6,46.193915182518055,22.951077261559043,22.857188822768155,68.15343730493164,33.09834007672874,27.11505785504288,3.83180229053476,3.665197116029311,2,0,0,6
47,7,37.90283076866552,20.74048535604459,20.664150337446145,62.97951149367324,29.907189280175064,24.682111768389365,4.145542206926265,3.83180229053476,3,0,0,7
47,8,29.390060538,18.65694048471527,18.55948820985838,58.48112885793641,32.179978856086194,26.16233983426476,4.256385115332762,4.145542206926265,4,0,0,8
47,9,29.390060538,17.305749510994442,17.199997988206235,69.24847569432066,33.283976898865824,26.534616636602195,4.491674244651945,4.256385115332762,4,1,1,9
48,0,193.9671515600931,21.0,21.0,40.0,32.077185826254336,16.38042125620044,6.6251186068522285,7.473919274,0,0,0,0
48,1,193.9671515600931,19.241543716525086,18.92760842512401,48.72236927484186,32.077185826254336,16.38042125620044,6.6251186068522285,6.6251186068522285,0,0,0,1
48,2,193.9671515600931,17.64368851599453,17.508310881508912,60.288923274639885,37.868272213754224,26.39036111845704,5.5964268643967054,6.6251186068522285,0,1,1,2
48,3,158.17367369712167,19.384926671429067,19.32937532337532,71.65513787772619,33.97693430189244,29.16870238192036,5.965579643828574,5.5964268643967054,0,1,1,3
48,4,116.76650636112169,20.488720815195222,20.37400418233448,67.7651249279533,34.14562607144157,27.576524207597902,5.175895917,5.965579643828574,1,1,1,4
48,5,75.34071930202666,21.612475185604524,21.54813884212996,64.45388692794833,34.93756666663909,30.0,5.178223382386878,5.175895917,2,1,1,5
48,6,38.01282150625535,22.71956583574471,22.61310955090791,61.04699178317257,35.346998739268926,29.05913934531021,4.6659872244714125,5.178223382386878,3,0,0,6
48,7,29.525585231781168,20.64313892973709,20.55837746503169,57.89727693458062,35.834917507822496,30.0,4.243618137237089,4.6659872244714125,4,0,0,7
48,8,29.525585231781168,19.282973200064387,19.17124970367313,68.58430850096644,33.11499719058823,26.257400400444176,4.488369370698809,4.243618137237089,4,0,0,8
48,9,29.525585231781168,17.772151135948185,17.700787748838632,78.03024471339863,28.860722601873697,23.61670080052735,4.351844173529709,4.488369370698809,4,1,1,9
49,0,102.5762970663399,21.0,21.0,40.0,34.66788230859014,19.37149424433721,3.935726773728825,7.358534679,0,0,0,0
49,1,102.5762970663399,19.293357646171803,18.987429884886744,49.727087779526926,34.66788230859014,19.37149424433721,3.935726773728825,3.935726773728825,0,0,0,1
49,2,102.5762970663399,17.67635369628029,17.488453127442245,60.504661961080224,36.92967849045933,22.945733629281232,1.9630760674647807,3.935726773728825,0,1,1,2
49,3,96.8681796785104,19.4927524097114,19.211106637425896,71.6731498827881,39.473976133722616,22.573178986876645,0.9513528979715836,1.9630760674647807,0,1,1,3
49,4,87.1793563805755,20.54437404993057,20.375813247857224,68.38488551144147,38.858962312456505,26.206235624506657,1.2111029122418622,0.9513528979715836,1,1,1,4
49,5,70.53915497972767,21.69651158885856,21.49707108213229,64.9049206686532,38.25031634262834,25.74987897521464,2.080025175105979,1.2111029122418622,2,1,1,5
49,6,43.2621904525708,22.714677444108503,22.625990008749756,61.302908109351634,35.37406590857813,27.9480865397465,3.409620565894609,2.080025175105979,3,0,0,6
49,7,34.89766875993003,20.618920365830785,20.55930856740252,57.87887037067473,34.310901451794976,30.0,4.182260846320386,3.409620565894609,4,0,0,7
49,8,34.89766875993003,19.271649436189485,19.22333921676867,69.12142211848368,32.88415438431264,29.574466436848137,4.249714388,4.182260846320386,4,0,0,8
49,9,34.89766875993003,17.884327073283,17.7847060111958,80.00200355945657,33.0766905338719,27.37098413819972,4.513349779310955,4.249714388,4,1,1,9
50,0,43.19133688588765,21.0,21.0,40.0,29.218066717050583,15.959486398172444,2.0654438238572403,2.993402286830668,0,0,0,0
50,1,43.19133688588765,19.184361334341013,18.91918972796345,48.13195956074014,29.218066717050583,15.959486398172444,2.0654438238572403,2.0654438238572403,0,0,0,1
50,2,43.19133688588765,17.383306577859564,17.330763539507924,56.28851878200612,25.95947195458388,19.354745941338184,1.121347818449251,2.0654438238572403,0,1,1,2
50,3,35.768501977697554,19.07593716230576,18.91625260417262,64.70295049925963,27.759608177781093,18.98723469584954,1.2371391513650158,1.121347818449251,0,1,1,3
50,4,32.65133912570288,20.714756275060843,20.705612281085127,74.08083862647376,27.475923277652807,24.62345520687017,0.5195271419991128,1.2371391513650158,0,1,1,4
50,5,31.08408434056513,21.84854104180788,21.551649996253257,68.40888089461693,33.40208461630324,18.420372428936545,0.1959068481422173,0.5195271419991128,1,1,1,5
50,6,28.43929077884422,22.721358681895914,22.598587961178325,62.9468532739899,31.79031858007983,21.198416860881103,0.3305991952151142,0.1959068481422173,2,0,0,6
50,7,25.75942230956234,20.57070712295096,20.406770547413284,57.88389272874197,32.62208216813495,22.58369258048766,1.3399342346409415,0.3305991952151142,3,0,0,7
50,8,21.04540553777011,18.52241692798785,18.330403480783527,53.57301550810931,35.721868217105595,23.662147223824093,2.3570083858961146,1.3399342346409415,4,0,0,8
50,9,21.04540553777011,17.07764238626325,17.097093344264977,64.30648354143992,30.769015885463187,28.861362077484664,2.969739150353873,2.3570083858961146,4,1,1,9
51,0,77.90893785974762,21.0,21.0,40.0,30.64393802657934,20.32068332507236,3.015526451626599,6.171850198506405,0,0,0,0
51,1,77.90893785974762,19.212878760531588,19.006413666501448,49.17363184329731,30.64393802657934,20.32068332507236,3.015526451626599,3.015526451626599,0,0,0,1
51,2,77.90893785974762,17.488444493709334,17.444704888546873,58.36439939426033,28.17188819807372,22.88793152949864,0.8838697617781637,3.015526451626599,0,1,1,2
51,3,71.89157598996485,19.184326527648764,19.063220215987485,67.30250186033605,28.18376723601623,21.472357575515527,1.0028936449637966,0.8838697617781637,0,1,1,3
51,4,66.84223303703514,20.912120139607413,20.81055782653129,77.33278316250609,31.30924767039048,24.41453734166527,0.8415571588216164,1.0028936449637966,0,1,1,4
51,5,57.03984177807793,21.90562304157581,21.83702941662016,72.29427199092166,30.14736027311659,25.19424432919215,1.2252989073696512,0.8415571588216164,1,1,1,5
51,6,43.69247240584354,22.79627987364828,22.795221664462343,66.5023009225298,26.11876556017168,25.03695072654021,1.6684211715292987,1.2252989073696512,2,0,0,6
51,7,36.77007355426143,20.60409478859957,20.60412808620241,61.316452567426936,27.268636475760243,27.254428218112764,3.4611994257910537,1.6684211715292987,3,0,0,7
51,8,27.0839436269376,18.423494708009944,18.490254838668243,55.68490143200977,24.35421606980689,27.6927220667644,4.843064963661915,3.4611994257910537,4,0,0,8
51,9,27.0839436269376,17.004727528019725,17.020230002441536,64.57683964769254,23.81156553641412,25.58809121737903,5.062932254006196,4.843064963661915,4,1,1,9
52,0,206.2374447199333,21.0,21.0,40.0,26.97908180760525,21.78795921492037,5.487051280769098,5.792119723600514,0,0,0,0
52,1,206.2374447199333,19.139581636152105,19.03575918429841,48.77806738405461,26.97908180760525,21.78795921492037,5.487051280769098,5.487051280769098,0,0,0,1
52,2,206.2374447199333,17.502261972379873,17.495674509116384,58.90792684149646,29.081853463384,27.19514352240409,5.474302849034235,5.487051280769098,0,1,1,2
52,3,176.04673884320275,19.205556125417345,19.238986646501303,69.09421805826933,27.508896327301755,29.081610432547564,5.031784312788423,5.474302849034235,0,1,1,3
52,4,146.72280329396324,21.05538194651836,20.910019383357564,79.71334180498685,32.88090113399442,26.11423079221399,4.887322591539923,5.031784312788423,0,1,1,4
52,5,108.92765482511965,22.152398666820734,21.915012054622363,75.63159575635507,37.35336772691018,23.303598669579863,4.724393558605451,4.887322591539923,1,0,1,5
52,6,84.41947094819272,20.163305782066164,23.001533155167277,72.3691193477669,38.4289474623262,26.779516934406207,4.901636775385383,4.724393558605451,2,0,0,6
52,7,73.61627746771156,20.137150642987123,19.01776519337996,68.35947471385508,37.22669584772122,23.8308339638798,5.401596740240587,4.901636775385383,3,0,0,7
52,8,63.17373572356284,17.63836204000521,17.724296724893218,65.39989355374281,39.69263163843063,27.198584138723422,5.221270872074358,5.401596740240587,4,1,1,8
52,9,36.07594638247713,19.607566930993677,19.38921169180909,77.60205693291513,38.70926911843311,29.08052743252425,4.516298223514285,5.221270872074358,4,1,1,9
53,0,147.80342836430611,21.0,21.0,40.0,32.15040635947739,16.98588571567614,5.906667666199581,6.967597182107072,0,0,0,0
53,1,147.80342836430611,19.243008127189547,18.939717714313524,48.84453257352764,32.15040635947739,16.98588571567614,5.906667666199581,5.906667666199581,0,0,0,1
53,2,147.80342836430611,17.40622236693653,17.38115716238843,57.019560790902105,25.609719925201645,19.8071035046565,5.369467027425401,5.906667666199581,0,1,1,2
53,3,121.90419366903652,19.092320971399182,19.063782691888782,66.31541134258637,26.723253109882407,24.9203610661413,4.316539115878264,5.369467027425401,0,1,1,3
53,4,101.38614449897204,20.84421033880891,20.69751499090132,75.45780786772124,29.276966697170145,21.514125109134675,3.419674861677416,4.316539115878264,0,1,1,4
53,5,73.59505222675737,21.813555753485204,21.72900896492139,70.08422339310297,29.95392794946264,23.526158302658114,3.473886534026832,3.419674861677416,1,1,1,5
53,6,38.157840319362286,22.79558246008529,22.7116201831679,65.15427296328825,30.705517754344644,25.239202080017986,4.429651488424386,3.473886534026832,2,0,0,6
53,7,29.308108334970715,20.5546301937351,20.61391248019418,60.29412384867626,27.31391237481465,29.01859254400765,4.424865992195785,4.429651488424386,3,0,0,7
53,8,21.13880575220101,18.38909336478569,18.45821586678604,54.38601950436998,23.082586011808587,27.427945408712063,4.084651291384853,4.424865992195785,4,0,0,8
53,9,21.13880575220101,17.00236259835919,17.04132923378969,63.98473298760358,25.170508358217145,28.15567765974726,3.490175091142972,4.084651291384853,4,1,1,9
54,0,107.35742928687746,21.0,21.0,40.0,33.19546111629865,19.02161508290255,4.268166451987251,7.251146528503431,0,0,0,0
54,1,107.35742928687746,19.26390922232597,18.98043230165805,49.39907371585622,33.19546111629865,19.02161508290255,4.268166451987251,4.268166451987251,0,0,0,1
54,2,107.35742928687746,17.567400457008247,17.472558318727646,59.34822812283336,32.133670381405466,23.139409657356428,2.6890425279620382,4.268166451987251,0,1,1,2
54,3,99.40551986157992,19.251834081080546,19.159378201939678,68.8941643561793,29.539202552698423,23.493776521445675,1.325318237549589,2.6890425279620382,0,1,1,3
54,4,91.97476836292404,20.9375554322724,20.891571242174106,78.55679316410934,28.6836594235974,24.997611731569428,1.2384585831093164,1.325318237549589,0,1,1,4
54,5,77.48182655624545,21.94401481206001,21.884940369683772,73.43277196716197,29.25501693806712,25.61153196778081,1.8116177258348232,1.2384585831093164,1,1,1,5
54,6,54.09216774676292,22.899638663427336,22.89811334142623,68.79800303871937,29.27349989995337,28.311117164254465,2.923707351185316,1.8116177258348232,2,0,0,6
54,7,44.96430756296694,20.717066757115976,20.725938599419383,64.05456823859902,28.280102745977533,28.7008150311316,4.563930091897991,2.923707351185316,3,0,0,7
54,8,34.440917338206546,18.727817487217717,18.536777090628146,59.67888428165056,34.22146010594014,24.802517911012835,5.261695112380197,4.563930091897991,4,0,0,8
54,9,34.440917338206546,17.331322647486015,17.22507015099127,70.51189515701944,34.18081226281503,26.002581489234323,4.767790069613863,5.261695112380197,4,1,1,9
55,0,78.84221504483291,21.0,21.0,40.0,28.997468520857502,17.531056450986682,3.4418711599988705,5.760294626200038,0,0,0,0
55,1,78.84221504483291,19.17994937041715,18.950621129019734,48.37513449493196,28.997468520857502,17.531056450986682,3.4418711599988705,3.4418711599988705,0,0,0,1
55,2,78.84221504483291,17.384016654802014,17.274373789042254,55.81171921371631,25.11821322887552,16.196146319926427,2.330840189993881,3.4418711599988705,0,1,1,2
55,3,71.03803576902853,18.9838300797954,18.915796708926518,63.84408948669963,24.83529541209621,19.7889838822556,1.3006965459673971,2.330840189993881,0,1,1,3
55,4,62.74823890902852,20.727519597381107,20.64998054514503,73.58592201116268,29.509372488704827,24.611919313867688,1.38163281,1.3006965459673971,0,1,1,4
55,5,50.10353748158737,21.76498446758366,21.5878746383299,67.83521104029828,30.70175814849115,20.68318090226213,1.5805876784301445,1.38163281,1,1,1,5
55,6,37.1636604598504,22.70407268501744,22.54734253581601,62.139789269899495,31.09262808722004,20.599473188342312,1.617484627717121,1.5805876784301445,2,0,0,6
55,7,35.06713566537246,20.443630837121432,20.455311947301144,56.92511927132696,28.064920590705103,26.29802386166976,1.0482623972389682,1.617484627717121,3,0,0,7
55,8,30.10039087325944,18.41755186442061,18.39520148327638,52.88977107715232,30.928517329550584,29.98621492503469,2.483372396056511,1.0482623972389682,4,0,0,8
55,9,30.10039087325944,17.115772705006144,16.940529888872167,62.88188407533622,32.30456770133104,23.207171177468403,3.4207754607158347,2.483372396056511,4,1,1,9
56,0,285.82724502351215,21.0,21.0,40.0,26.61957445211669,15.038631154240514,7.728012001146649,4.456424009021792,0,0,0,0
56,1,285.82724502351215,19.13239148904233,18.90077262308481,47.498477009144295,26.61957445211669,15.038631154240514,7.728012001146649,7.728012001146649,0,0,0,1
56,2,285.82724502351215,17.390040285067663,17.259010788932905,55.639999136544205,27.628218140827848,17.6024603447272,9.11409239217624,7.728012001146649,0,1,1,2
56,3,227.87497974926447,19.06855271929122,18.90684730218106,64.42997740001478,29.44196293618293,19.39124963865361,9.658710879041282,9.11409239217624,0,1,1,3
56,4,172.18596843758678,20.83338950493461,20.675159501766608,74.73748651677562,33.800510476306364,23.46342906125385,9.281501885279614,9.658710879041282,0,1,1,4
56,5,104.76708338828512,21.78137725245865,21.73279688634261,69.37711504208232,29.17798008029097,24.37551172696851,8.427360631162706,9.281501885279614,1,1,1,5
56,6,43.64515586013356,22.846245260955214,22.73821912293309,65.37248397278688,33.60769767060292,27.47768527775572,7.640240941018946,8.427360631162706,2,0,0,6
56,7,31.23676552394064,20.63230939069725,20.627086757277254,60.70419602543747,29.63996201691753,27.758438275585707,6.204195168096462,7.640240941018946,3,0,0,7
56,8,20.93077686350925,18.656799860605677,18.498560471593944,56.8326384470157,34.90749453588269,26.91718558399636,5.152994330215695,6.204195168096462,4,0,0,8
56,9,20.93077686350925,17.247472568270283,17.1671615383794,67.27461848567069,32.20007127223505,25.810928942514856,4.441829557691886,5.152994330215695,4,1,1,9
57,0,244.7303815751356,21.0,21.0,40.0,31.569373378022984,21.37348539219084,7.598820827,6.0967536474952775,0,0,0,0
57,1,244.7303815751356,19.23138746756046,19.027469707843817,49.52971457863849,31.569373378022984,21.37348539219084,7.598820827,7.598820827,0,0,0,1
57,2,244.7303815751356,17.621831029935592,17.377619668564737,58.99671951399151,33.931903163682385,18.662568699389933,7.96998135,7.598820827,0,1,1,2
57,3,198.41602195669145,19.382682529122025,19.19477518190552,70.36698002501147,38.11332586574945,25.05478808436148,7.719059936407361,7.96998135,0,1,1,3
57,4,144.86523229583327,20.56262372614159,20.357220947638154,68.09948286008137,41.91243799745935,28.823688864040044,6.693848707607271,7.719059936407361,1,1,1,4
57,5,98.1609344777229,21.614178531431964,21.515351879471737,64.04582293097403,34.41768733470548,26.39531305914268,5.838037227263794,6.693848707607271,2,1,1,5
57,6,56.60713386196511,22.70384396238176,22.60713014942541,60.69539360891858,35.51896376345633,29.200873336235624,5.194225076969724,5.838037227263794,3,0,0,6
57,7,46.997253736612336,20.71543985539971,20.52352796363402,58.05852190495935,39.86517393587248,28.81887215324292,4.804940062676389,5.194225076969724,4,0,0,7
57,8,46.997253736612336,19.451907805044687,19.27902740064252,70.93260765234623,41.52269859659381,30.0,4.927712319463442,4.804940062676389,4,0,0,8
57,9,36.768708394980536,17.458279482056817,17.18559838347335,68.27562504567614,42.39978992351935,26.17252892831344,5.1142726708158985,4.927712319463442,5,1,1,9
58,0,228.67838614863976,21.0,21.0,40.0,25.37415128584443,15.58139350111973,6.931968185400623,4.269489586438487,0,0,0,0
58,1,228.67838614863976,19.10748302571689,18.9116278700224,47.37199806165355,25.37415128584443,15.58139350111973,6.931968185400623,6.931968185400623,0,0,0,1
58,2,228.67838614863976,17.39963755001902,17.19792193299503,55.1639269229165,28.15605093014989,15.1324427435332,7.446575945898799,6.931968185400623,0,1,1,2
58,3,186.23172966020525,18.93328234740025,18.842983633543135,62.57878070861791,24.36715104550054,16.826481097285097,7.074442748072419,7.446575945898799,0,1,1,3
58,4,146.18593448219826,20.68832265512827,20.49987251918157,71.6160910621403,30.4921336234914,19.715146118299657,6.674299196334497,7.074442748072419,0,1,1,4
58,5,92.78745368219828,21.694251692615357,21.51434446102412,66.10038376336107,32.25631431277226,20.434200694009803,6.6748101,6.674299196334497,1,1,1,5
58,6,41.35082311955775,22.679227875172835,22.535279707473173,61.24132316269544,33.11728453868787,23.22126767983641,6.429578820330066,6.6748101,2,0,0,6
58,7,31.44853076939024,20.554436315294552,20.380954042767844,56.65363319619957,34.339751497315454,23.50641535548529,4.951146175083752,6.429578820330066,3,0,0,7
58,8,22.81173816539024,18.45525803817568,18.339630849845182,52.1622795184572,33.382480980706234,24.99888747628065,4.318396302,4.951146175083752,4,0,0,8
58,9,22.81173816539024,17.145143126296606,16.96865937700615,62.81659382483774,34.874615162463826,24.31601987298364,4.060415708,4.318396302,4,1,1,9
59,0,266.0307929705983,21.0,21.0,40.0,26.483845303341628,21.9133357931149,7.0424736869756295,2.341308708694496,0,0,0,0
59,1,266.0307929705983,19.129676906066837,19.0382667158623,48.711492597362174,26.483845303341628,21.9133357931149,7.0424736869756295,7.0424736869756295,0,0,0,1
59,2,266.0307929705983,17.519285641855035,17.401269519965517,58.20483748574591,30.00638194150466,22.73442299396057,9.287013822977675,7.0424736869756295,0,1,1,2
59,3,203.38483499367857,19.176439234895607,19.13423492303258,67.81309986597785,28.629846433613373,24.74938901211956,10.440992996153298,9.287013822977675,0,1,1,3
59,4,146.1667308673101,20.90660738682378,20.78857693173365,77.0846062841517,29.021478211153376,22.48689077870142,9.536350687728076,10.440992996153298,0,1,1,4
59,5,83.20877445189153,21.88516988230319,21.7504214178912,71.30524323596127,29.86682044516908,21.3589403982174,7.8697445519273215,9.536350687728076,1,1,1,5
59,6,34.53186803790888,22.805259397570307,22.747256025956816,66.0295925161308,29.47277910723153,24.55138356037698,6.084613301747831,7.8697445519273215,2,0,0,6
59,7,25.289400599649483,20.61582658043099,20.60840378007792,61.30359906051655,29.159502363666185,27.918311771810146,4.621233719129699,6.084613301747831,3,0,0,7
59,8,17.2998864779203,18.51437699971815,18.475180933448144,56.22466276926629,28.59408296148077,26.522937642684443,3.994757060864592,4.621233719129699,4,0,0,8
59,9,17.2998864779203,17.183098494225437,17.049358557971836,66.37004875001952,31.81909662767957,24.54415882094948,3.153054951332821,3.994757060864592,4,1,1,9
60,0,236.51398041607075,21.0,21.0,40.0,28.238716441256617,21.80676443699532,5.895737675284039,6.303220308711328,0,0,0,0
60,1,236.51398041607075,19.16477432882513,19.036135288739903,49.00818655808535,28.238716441256617,21.80676443699532,5.895737675284039,5.895737675284039,0,0,0,1
60,2,236.51398041607075,17.511382437637966,17.435085838938786,58.46772491462403,29.14870320294833,23.404287666710992,5.250696485511845,5.895737675284039,0,1,1,2
60,3,203.66932473253445,19.303667221068885,19.09130763897238,68.62479738434843,34.0953042363352,22.33287615102256,5.474109280589384,5.250696485511845,0,1,1,3
60,4,169.18706161454585,21.012607017228092,20.90864059649765,79.24803777192119,33.70085846057591,25.31714369260612,5.747043852998098,5.474109280589384,0,1,1,4
60,5,122.20263815395654,21.98983264463697,21.979383850067784,74.64018878346063,29.90805416287307,27.82611812345712,5.873052932573664,5.747043852998098,1,1,1,5
60,6,73.61371086151134,22.926039596624804,22.921859203283297,69.32062437552506,27.072974659652346,26.707223074038943,6.073615911555651,5.873052932573664,2,0,0,6
60,7,59.75772406501317,20.731705290184927,20.710982615245012,64.16814347551414,27.903639545750966,26.80479989863286,6.927993398249087,6.073615911555651,3,0,0,7
60,8,46.246219407578366,18.647297200819622,18.645023056996944,60.04456199225601,30.42454731523256,30.0,6.755752328717398,6.927993398249087,4,0,0,8
60,9,46.246219407578366,17.273231153851523,17.28918013927838,70.70716131173559,29.236662885997664,30.0,5.925602710703807,6.755752328717398,4,1,1,9
61,0,80.77231473232082,21.0,21.0,40.0,34.80509278865018,22.839674169226885,5.284903714037762,7.108807753091166,0,0,0,0
61,1,80.77231473232082,19.296101855773006,19.05679348338454,50.37605805241788,34.80509278865018,22.839674169226885,5.284903714037762,5.284903714037762,0,0,0,1
61,2,80.77231473232082,17.75687915529114,17.61297726672678,62.41500537302776,38.833880342049866,28.04916032800504,3.560243604240781,5.284903714037762,0,1,1,2
61,3,67.71427696641807,19.52121776476218,19.38384660137255,73.73343941951991,35.95363782256288,26.92655132461576,2.176339627650459,3.560243604240781,0,1,1,3
61,4,65.75158924961559,20.595188938058,20.495919794560923,70.35370487777418,35.790527474666575,28.766502848968244,0.2453359646003092,2.176339627650459,1,1,1,4
61,5,59.0561804016156,21.59114342839728,21.648594399515563,65.90467282515172,28.616488596541927,30.0,0.836926106,0.2453359646003092,2,1,1,5
61,6,48.50752412980096,22.735588296871068,22.64926437689304,62.32647048293467,33.45443143212744,30.0,1.3185820339768304,0.836926106,3,0,0,6
61,7,42.83864556964402,20.678140266962224,20.569987447600543,59.17362148688558,36.26000267262987,29.557502904875232,2.834439280078465,1.3185820339768304,4,0,0,7
61,8,42.83864556964402,19.398522577619485,19.26649268619704,71.38023260365115,38.01914653290039,29.79535967135276,3.795817377692595,2.834439280078465,4,0,0,8
61,9,33.005678046747406,17.342416735804736,17.226356254118322,68.58125764566951,37.78347245565754,30.0,4.916483761448309,3.795817377692595,5,1,1,9
62,0,141.69993947184088,21.0,21.0,40.0,26.99117210300796,17.055563209259258,4.462930448893935,6.577737058525979,0,0,0,0
62,1,141.69993947184088,19.13982344206016,18.941111264185185,47.9284123562081,26.99117210300796,17.055563209259258,4.462930448893935,4.462930448893935,0,0,0,1
62,2,141.69993947184088,17.428249863744036,17.31224191925877,56.5059590522708,28.21705854636809,19.43597865398028,3.788765335727567,4.462930448893935,0,1,1,2
62,3,123.67151517283772,19.211245187257465,19.01503856520028,66.81322115169249,34.40650874457375,22.85605847443565,3.004737383167191,3.788765335727567,0,1,1,3
62,4,106.91556187919556,21.013261920231397,20.806862642048863,77.89275204768235,37.40800633107499,24.14494309109093,2.792658882273697,3.004737383167191,0,1,1,4
62,5,83.79192442420423,21.997048773042728,21.80529824062411,72.60217444658909,33.312375671575445,20.62885987790645,2.890454681873916,2.792658882273697,1,1,1,5
62,6,53.49365018420422,22.835814465132284,22.819308742033733,66.89927250038184,27.67604444225004,23.974500301043022,3.78728428,2.890454681873916,2,0,0,6
62,7,43.26647335768086,20.69490646185641,20.638220458002472,62.32222503144229,30.49358893919986,27.41170290002481,5.113588413261682,3.78728428,3,0,0,7
62,8,32.03379031928685,18.64731930662956,18.53233037635033,58.07205235777965,33.160499747933585,26.560763176162883,5.616341519197003,5.113588413261682,4,0,0,8
62,9,32.03379031928685,17.275921591882838,17.18825969073239,68.76321323880433,32.751633619812885,26.64370460810192,5.779208970750829,5.616341519197003,4,1,1,9
63,0,190.9109514787573,21.0,21.0,40.0,28.010417639701927,24.12407232294737,3.960863727164933,3.658086718561216,0,0,0,0
63,1,190.9109514787573,19.16020835279404,19.08248144645895,49.38420819327688,28.010417639701927,24.12407232294737,3.960863727164933,3.960863727164933,0,0,0,1
63,2,190.9109514787573,17.653497643755088,17.460648316877762,60.01442623464805,34.9325684176997,24.12419847880682,3.888757863,3.960863727164933,0,1,1,2
63,3,166.05946147600068,19.289077785300663,19.2534210371246,70.14102512497406,30.46723001799835,25.79165270603508,4.141915000459443,3.888757863,0,1,1,3
63,4,132.25730928602695,20.315062926267306,20.24790135825672,64.94477145442086,29.17909350449297,25.286163881322544,4.225269023746716,4.141915000459443,1,1,1,4
63,5,99.22422834941172,21.38645568792018,21.335980897439804,60.11799824839143,30.024544838673823,26.49338179449605,4.129135117076903,4.225269023746716,2,1,1,5
63,6,57.67882030941174,22.39848504546045,22.36724994551735,55.15787682577576,29.04799003102562,26.72911317666512,5.193176005,4.129135117076903,3,0,0,6
63,7,45.65735505941174,20.34368331681706,20.286065363078755,51.45446974829319,33.05413687780154,29.70471269173977,6.010732625,5.193176005,4,0,0,7
63,8,45.65735505941174,19.12748460925504,18.98473469732635,63.69478743074487,38.001764902509294,30.0,6.568302135683668,6.010732625,4,0,0,8
63,9,45.65735505941174,17.82206426299951,17.679206076438447,76.16593587200191,39.28415800698361,30.0,6.760420824402143,6.568302135683668,4,1,1,9
64,0,335.8357296054618,21.0,21.0,40.0,34.4068780681242,19.315241752097823,5.533428652391688,2.363734999653362,0,0,0,0
64,1,335.8357296054618,19.28813756136249,18.98630483504196,49.669981567639965,34.4068780681242,19.315241752097823,5.533428652391688,5.533428652391688,0,0,0,1
64,2,335.8357296054618,17.526714373719173,17.461721694678626,58.9116145419689,29.559765129886983,21.78264028305155,7.961128980729184,5.533428652391688,0,1,1,2
64,3,278.9495426705316,19.271235144193263,19.196594856327,69.3844441622538,31.444645679141026,26.737741100219523,9.481031155821697,7.961128980729184,0,1,1,3
64,4,222.22753683128,21.0464458875105,20.935722561872662,79.96584543286346,32.72066660719193,26.06489600730617,9.453667639875276,9.481031155821697,0,1,1,4
64,5,149.60915403787993,22.036567769976063,21.920020990308267,74.75088806579403,30.92476841434141,23.436579546384007,9.077297849175002,9.453667639875276,1,0,1,5
64,6,101.99640055287996,19.91970202056586,22.888140177594977,69.17309889093849,27.83595476940409,24.50966092584292,9.522550697,9.077297849175002,2,0,0,6
64,7,83.33339025887994,19.75529379829173,18.86860676607776,63.27599039553641,25.18969936262513,25.3819201073633,9.331505147,9.522550697,3,0,0,7
64,8,67.15302407887994,17.19779096160236,17.506463407110854,58.69199337293775,27.866683207785176,30.0,8.09018309,9.331505147,4,1,1,8
64,9,28.04110558936187,19.158376815511694,19.077908500782197,69.38279260263042,29.39332905384817,30.0,6.518653081586344,8.09018309,4,1,1,9
65,0,146.44764676497869,21.0,21.0,40.0,34.33634858119019,18.15807638443375,5.179411705528362,4.370684638871349,0,0,0,0
65,1,146.44764676497869,19.286726971623803,18.96316152768868,49.44899649381231,34.33634858119019,18.15807638443375,5.179411705528362,5.179411705528362,0,0,0,1
65,2,146.44764676497869,17.626622244032028,17.44562293745361,59.64379805237667,35.27061671220827,21.3671697242604,5.154878306542354,5.179411705528362,0,1,1,2
65,3,120.78145563489238,19.26641605824929,19.25019461250518,69.876799888758,30.188036044000228,26.661974158118323,4.277698521681051,5.154878306542354,0,1,1,3
65,4,97.96952125047524,20.95853847022158,20.96272066296808,79.51489388472899,26.78958934655997,26.75537729772327,3.801989064069521,4.277698521681051,0,1,1,4
65,5,70.81947383054172,22.08257976619945,21.936149190486805,75.35256374644435,33.73403645198226,26.47524055754748,3.393755927491692,3.801989064069521,1,0,1,5
65,6,51.44254173083776,20.07033573939213,22.951435035419056,71.19679617058634,34.19361476201069,26.052120927667072,3.875386419940792,3.393755927491692,2,0,0,6
65,7,43.75572340500893,19.98410260398486,18.95922192473729,66.44168188349035,32.471788130164946,24.444243608190643,3.843409162914415,3.875386419940792,3,0,0,7
65,8,36.74478863700893,17.501970536963046,17.662830844892397,63.41527386791516,36.92507513063641,29.59488033839036,3.505467384,3.843409162914415,4,1,1,8
65,9,20.700150314581062,19.38699822847688,19.18243930110269,73.37401221072687,31.570682938250407,23.75564118848134,2.6741063870713115,3.505467384,4,1,1,9
66,0,64.59330908487705,21.0,21.0,40.0,29.31504360639344,20.614515398284745,3.9894221197129087,6.489086375840484,0,0,0,0
66,1,64.59330908487705,19.18630087212787,19.012290307965696,48.98732062084207,29.31504360639344,20.614515398284745,3.9894221197129087,3.9894221197129087,0,0,0,1
66,2,64.59330908487705,17.612913450973455,17.464392481822074,59.64317722686864,34.61770514340814,24.58149822340617,2.2523552981377137,3.9894221197129087,0,1,1,2
66,3,64.19760272487704,19.351832271508503,19.12724247734843,69.49736368056205,34.10139227178551,20.64408802651121,0.06595106,2.2523552981377137,0,1,1,3
66,4,57.86826771169075,20.99819022288311,20.927454341178045,79.4789675217465,31.179497835450704,24.27385683779628,1.0548891688643838,0.06595106,0,1,1,4
66,5,42.08481909189134,22.025393268762123,21.95412655674015,74.92823321274687,31.33792494389403,26.7135511172192,1.9729310774749265,1.0548891688643838,1,0,1,5
66,6,31.299143248605564,20.06201970072341,23.00147392827932,71.46556528720303,34.096289302534245,30.0,2.157135168657155,1.9729310774749265,2,0,0,6
66,7,26.74159705122872,20.022827610184525,19.058468312894806,67.61423843037014,33.03161223437124,28.905460783223774,2.2787730986884216,2.157135168657155,3,0,0,7
66,8,23.134931663473097,17.57866860418305,17.723942158291646,64.71054654607507,37.20171175391626,30.0,1.8033326938778111,2.2787730986884216,4,1,1,8
66,9,12.55001710648149,19.494170433909453,19.303375190210215,75.60600175673177,33.945482799601685,26.58482392626893,1.7641524261652677,1.8033326938778111,4,1,1,9
67,0,299.1562436751144,21.0,21.0,40.0,25.590782627592905,16.699253631893868,6.449083289865628,2.143775095255414,0,0,0,0
67,1,299.1562436751144,19.111815652551854,18.93398507263788,47.61220652670762,25.590782627592905,16.699253631893868,6.449083289865628,6.449083289865628,0,0,0,1
67,2,299.1562436751144,17.36771997603214,17.231262852355457,55.20075787778387,25.824466749817184,16.334151867273114,8.790136138905629,6.449083289865628,0,1,1,2
67,3,241.0871826085206,18.9796744282934,18.92013728200784,63.71599413018016,26.165291119148453,21.141576949719823,9.678176844432295,8.790136138905629,0,1,1,3
67,4,185.6396541375881,20.740971902109955,20.64464337336788,73.52936498641594,30.11410530523745,24.404621673850244,9.241254745155414,9.678176844432295,0,1,1,4
67,5,115.2183653581043,21.759896829025795,21.62775961677266,68.02609749760681,30.40570680297966,22.353918259191868,8.802661097435477,9.241254745155414,1,1,1,5
67,6,47.23375198420906,22.709372757325266,22.59601064847824,62.53453093887087,30.23739692769644,22.58723330154833,8.498076671736904,8.802661097435477,2,0,0,6
67,7,32.106990058209064,20.59118903593595,20.371814777214027,57.459267900587534,33.90328606694702,21.234141498145576,7.563380963,8.498076671736904,3,0,0,7
67,8,19.55721772876609,18.404821023940364,18.393485297989333,52.775002141815264,30.583517425933955,26.72611724755344,6.274886164721483,7.563380963,4,0,0,8
67,9,19.55721772876609,17.088943881801267,16.963373620638823,62.84827022577024,31.205574706902144,24.757025759514413,4.399162376309752,6.274886164721483,4,1,1,9
68,0,196.95888553922865,21.0,21.0,40.0,28.73783201908008,24.222883992666183,3.645018368703425,2.812360978347176,0,0,0,0
68,1,196.95888553922865,19.1747566403816,19.08445767985333,49.53292888211433,28.73783201908008,24.222883992666183,3.645018368703425,3.645018368703425,0,0,0,1
68,2,196.95888553922865,17.568697090318402,17.492327681336192,59.55120760272748,30.415029430220592,25.242074573185807,4.793976726399702,3.645018368703425,0,1,1,2
68,3,161.89899408316174,19.269857251998506,19.12585069072936,68.78697020650077,29.82783072068763,21.48196152249732,5.843315242677816,4.793976726399702,0,1,1,3
68,4,122.5123238168116,20.87517685256677,20.779770992970352,77.00757471061443,26.300208210855885,19.369816811997826,6.564445044391689,5.843315242677816,0,1,1,4
68,5,71.08023113148082,21.76996561439612,21.6302554267683,69.43579476261881,24.84224322656957,16.425645951232532,6.429011585666349,6.564445044391689,1,1,1,5
68,6,28.9918074588962,22.6398949454634,22.564233168261485,62.93115735271098,26.5376002541792,20.65885857966617,5.261052959073077,6.429011585666349,2,0,0,6
68,7,20.865141314150318,20.406846535338808,20.28260579316463,56.21409881844562,26.68165262152072,19.334688854782826,4.063333072372941,5.261052959073077,3,0,0,7
68,8,14.283948893999998,18.211708886482477,18.003855971793314,48.50092691242515,26.36931758347845,14.113060716407826,3.290596210075159,4.063333072372941,4,0,0,8
68,9,14.283948893999998,16.69642214029782,16.617234810383522,56.64645588614805,26.16504947947876,19.08788926342626,2.510986303985067,3.290596210075159,4,1,1,9
69,0,167.93243725905987,21.0,21.0,40.0,34.47897559257653,17.000405795484077,6.261618261169179,5.722465966572539,0,0,0,0
69,1,167.93243725905987,19.28957951185153,18.940008115909684,49.26628864985091,34.47897559257653,17.000405795484077,6.261618261169179,6.261618261169179,0,0,0,1
69,2,167.93243725905987,17.596335898839996,17.320681682279186,58.2284788646824,34.40811370256054,15.38183193539219,5.7449628941737485,6.261618261169179,0,1,1,2
69,3,133.75497477916835,19.235911926056573,19.10136189788353,68.1047926427027,32.86536226747748,22.00304761041306,5.696243746648586,5.7449628941737485,0,1,1,3
69,4,105.41571510258646,20.87943965501223,20.821741962516157,77.21481745691858,27.75719200763277,22.85405696023317,4.723209946096983,5.696243746648586,0,1,1,4
69,5,77.55151089870925,21.85941082345972,21.794528452816568,71.55200807180054,27.99143255669372,23.881848637094976,3.4830255254846505,4.723209946096983,1,1,1,5
69,6,48.27151836546288,22.776248177202284,22.750224969757596,65.89335825660153,27.08539292372149,24.810996991839588,3.659999066655797,3.4830255254846505,2,0,0,6
69,7,39.12990847293732,20.589362215254592,20.60401761539892,61.100652472483375,28.18238409634329,28.52480599188921,4.570804946262781,3.659999066655797,3,0,0,7
69,8,30.36738285083217,18.529327205658788,18.524351366327053,56.84869122243775,29.87014367652861,29.84118271210683,4.381262811052578,4.570804946262781,4,0,0,8
69,9,30.36738285083217,17.177159201216522,17.127061515470164,67.12057300915733,29.82276590175704,27.243244024462804,4.533662657154436,4.381262811052578,4,1,1,9
70,0,209.357682338717,21.0,21.0,40.0,33.24299805047452,19.67141175253978,5.6491956551756255,6.636559600443364,0,0,0,0
70,1,209.357682338717,19.26485996100949,18.9934282350508,49.52459376454257,33.24299805047452,19.67141175253978,5.6491956551756255,5.6491956551756255,0,0,0,1
70,2,209.357682338717,17.59760952894965,17.52975824691393,60.1474611288512,33.23998489644054,25.77594490527406,5.122465904731769,5.6491956551756255,0,1,1,2
70,3,179.08215617402226,19.278325156404296,19.26040694347297,70.13306281287635,28.694622394176463,26.78094251707436,5.0459210274491255,5.122465904731769,0,1,1,3
70,4,135.94002487438922,20.33859201951146,20.277701300670373,65.44728091588226,30.307260409695303,26.993951273670845,5.392766412454131,5.0459210274491255,1,1,1,4
70,5,88.60402318308928,21.403921230986963,21.338526117471027,60.36863938890659,29.650887320940804,25.46777086252769,5.917000211412492,5.392766412454131,2,1,1,5
70,6,39.11050756861727,22.4865232986643,22.408767197550965,56.41243033233423,33.111562944279505,28.242831185874,6.186689451809002,5.917000211412492,3,0,0,6
70,7,27.26432060251369,20.27797169630591,20.340898919005824,51.56172108117147,27.20246449317786,29.182484111473507,5.9230934830517885,6.186689451809002,4,0,0,7
70,8,27.26432060251369,18.875216221924248,18.932108370079582,61.1460986555562,24.72901316582481,28.51752891409037,5.3731581852950185,5.9230934830517885,4,0,0,8
70,9,27.26432060251369,17.427761124088175,17.506406589710146,70.98297065413472,24.93181668878156,29.71747219221017,4.451517973195677,5.3731581852950185,4,1,1,9
71,0,211.90730696087945,21.0,21.0,40.0,28.72181787013057,20.095375539056203,6.471504129448637,4.702982681900373,0,0,0,0
71,1,211.90730696087945,19.17443635740261,19.001907510781127,48.78709481365362,28.72181787013057,20.095375539056203,6.471504129448637,6.471504129448637,0,0,0,1
71,2,211.90730696087945,17.43670476948196,17.443949086521894,57.85328595502475,26.29672270524913,24.071005857923826,6.6220906550843415,6.471504129448637,0,1,1,2
71,3,173.47775588005732,19.08527359003474,19.015354982227283,65.89433864137644,24.029890279474827,20.642624644701154,6.404925180137017,6.6220906550843415,0,1,1,3
71,4,136.99210451430264,20.786483860708227,20.76758375628916,75.59716398940579,27.94918480244765,25.955400464382063,6.080941894292447,6.404925180137017,0,1,1,4
71,5,88.91676986899836,21.87082222051176,21.78984126752128,71.18649591439966,31.581085510665662,27.24853629485583,6.009416830663033,6.080941894292447,1,1,1,5
71,6,42.39020516908436,22.891562746575072,22.758554695033595,66.58617863581003,32.82056599543873,24.95544912350779,5.815820587489249,6.009416830663033,2,0,0,6
71,7,34.08547146159309,20.58022788418367,20.690026677927104,61.483826648152046,25.7460572439253,29.240876157974792,4.152366853745637,5.815820587489249,3,0,0,7
71,8,26.29491405442739,18.464734063668693,18.52200754265736,56.006747382364495,24.19722966724224,28.70788552282689,3.895278703582849,4.152366853745637,4,0,0,8
71,9,26.29491405442739,17.170216633665866,17.060564738908003,66.15986449391303,30.514849364166583,25.89135681110311,4.046631321752656,3.895278703582849,4,1,1,9
72,0,53.28727938454541,21.0,21.0,40.0,33.43253265588527,20.77564676857712,3.277939134256048,6.752898896,0,0,0,0
72,1,53.28727938454541,19.268650653117707,19.015512935371543,49.75747229640323,33.43253265588527,20.77564676857712,3.277939134256048,3.277939134256048,0,0,0,1
72,2,53.28727938454541,17.556952157596303,17.384870675399487,58.50084449622711,30.487714937527382,18.08657506149419,1.1909878543198462,3.277939134256048,0,1,1,2
72,3,52.01632934732303,19.243529321122377,19.007066284796792,67.39613177185845,31.91131834581384,17.506944296582464,0.2118250062037292,1.1909878543198462,0,1,1,3
72,4,49.842080988187725,20.938449642402144,20.794615905870234,77.49520552873987,33.42229884374357,22.68366647226437,0.3623747265225507,0.2118250062037292,0,1,1,4
72,5,43.33843881090951,21.995531924002663,21.7649303134563,72.53284295523959,34.72611947236998,21.038532897072848,0.8129552721597773,0.3623747265225507,1,1,1,5
72,6,34.76961842815852,22.851381572981232,22.86234487940528,67.69663690330053,29.68819038533247,26.77733154833945,1.0711025478438736,0.8129552721597773,2,0,0,6
72,7,31.094728014699854,20.80883824997752,20.712237505922808,64.33644267244799,34.66558760637477,30.0,1.837445206729333,1.0711025478438736,3,0,0,7
72,8,26.653721684930847,18.624654883567764,18.65137140421924,59.43127387011364,28.0977903354171,27.98460520716984,2.2205031648845024,1.837445206729333,4,0,0,8
72,9,26.653721684930847,17.325439685682746,17.243511388155728,70.28471237320991,31.9962738196679,28.300606753089177,2.793687986024838,2.2205031648845024,4,1,1,9
73,0,190.31147472864288,21.0,21.0,40.0,25.474168939060327,20.465489228499244,3.635294543,5.709522278,0,0,0,0
73,1,190.31147472864288,19.109483378781206,19.009309784569982,48.269138470160726,25.474168939060327,20.465489228499244,3.635294543,3.635294543,0,0,0,1
73,2,190.31147472864288,17.436658967124647,17.409186318998895,57.48821319175268,27.046659053039008,24.17042273358294,2.6504879990323245,3.635294543,0,1,1,2
73,3,173.38992032652388,19.268581210430483,19.06077500653989,67.8697640965101,34.238841360311966,23.436441443895887,2.8202590670198324,2.6504879990323245,0,1,1,3
73,4,153.64571731397476,20.903211258661024,20.856560157471105,77.57122971461449,29.673339664773003,24.22369154691809,3.290700502091522,2.8202590670198324,0,1,1,4
73,5,119.36280297290917,21.95737279584927,21.83135454855485,72.64693557395661,31.488411272790582,24.4877323902212,4.285364292633201,3.290700502091522,1,1,1,5
73,6,79.42197161905538,23.028572749198126,22.821146739106982,68.80571947902918,37.127409065521626,24.86583485154816,4.992603919231721,4.285364292633201,2,0,0,6
73,7,68.8450044719008,20.87629984175436,20.75157981049005,65.30521672433268,36.61674376091208,27.26935204632958,5.288483573577294,4.992603919231721,3,0,0,7
73,8,56.5402934806322,18.7789710640052,18.667193895980763,61.06618441140191,33.6214063436187,26.16174747343252,6.152355495634294,5.288483573577294,4,0,0,8
73,9,56.5402934806322,17.368087459233596,17.253442302614616,71.01470786177424,31.339245037803185,23.930329686487603,7.097063738,6.152355495634294,4,1,1,9
74,0,174.7090298964567,21.0,21.0,40.0,27.61324893252996,23.59697709440789,6.327921876227935,5.401997669740535,0,0,0,0
74,1,174.7090298964567,19.1522649786506,19.07193954188816,49.21784068484881,27.61324893252996,23.59697709440789,6.327921876227935,6.327921876227935,0,0,0,1
74,2,174.7090298964567,17.509342475553098,17.540691438472557,59.4207810643405,28.16021775687547,28.522784351411705,7.028749972938243,6.327921876227935,0,1,1,2
74,3,131.23644261903982,19.14145240019198,19.204003331722014,68.2932997175834,22.84699463775018,26.444775658043657,7.245431212902815,7.028749972938243,0,1,1,3
74,4,95.2963692053338,20.831957638784093,20.861329002683316,77.26599629266197,23.72074106904016,26.127573236951893,5.9900122356176695,7.245431212902815,0,1,1,4
74,5,55.38602092266559,21.82426346651858,21.7782610083534,71.2044030009991,25.758683748044064,23.89913129827333,4.988793535333528,5.9900122356176695,1,1,1,5
74,6,24.25321046583163,22.77197265805841,22.709654055507688,65.55859517663089,27.886850654539508,24.08088365452599,3.891601307104245,4.988793535333528,2,0,0,6
74,7,17.66242472302598,20.54760263157277,20.51816898846601,59.98067160746983,27.375665126907545,24.969203933308822,3.295392871402824,3.891601307104245,3,0,0,7
74,8,12.683977313292392,18.503196037357824,18.38525562520471,55.27529467859381,31.76543782469518,25.426912570438063,2.4892237048667933,3.295392871402824,4,0,0,8
74,9,12.683977313292392,17.042225305476148,17.00701931320843,64.59072954962318,27.640910872922845,24.11150507724029,2.8693953134373538,2.4892237048667933,4,1,1,9
75,0,171.91952142148165,21.0,21.0,40.0,28.476900101995167,21.864983821136708,4.384479734241937,3.786440956371011,0,0,0,0
75,1,171.91952142148165,19.169538002039904,19.03729967642273,49.061539106163735,28.476900101995167,21.864983821136708,4.384479734241937,4.384479734241937,0,0,0,1
75,2,171.91952142148165,17.667459702576906,17.387034599611376,59.445294399935655,36.84617972118896,20.84134968865505,4.522328400487565,4.384479734241937,0,1,1,2
75,3,147.02003694224658,19.30685708072615,19.19664156195552,69.70407010597029,33.35517542493694,23.638022941922184,4.149914079872511,4.522328400487565,0,1,1,3
75,4,123.96900968625242,21.019323525398075,20.97906466959536,80.14253308556499,30.82881828472181,27.16264271302652,3.841837875999029,4.149914079872511,0,1,1,4
75,5,87.78343808801381,22.076315408983945,21.98364435781509,75.72653483768478,32.01872256474113,26.78128716925768,4.523196449779826,3.841837875999029,1,0,1,5
75,6,68.54316628217236,19.92892975957976,23.012155656386227,70.51062947030641,25.79242610977573,28.5636551825667,3.848054361168289,4.523196449779826,2,0,0,6
75,7,60.908202914836416,19.94389229171447,18.877862421121304,65.31493824687918,30.76074358481608,23.70763850725488,3.817481683667972,3.848054361168289,3,0,0,7
75,8,52.70804454411588,17.37958043293793,17.461306311253054,60.35801400100358,33.84950972191625,21.945355578774866,4.1000791853602685,3.817481683667972,4,1,1,8
75,9,29.37590507952112,19.35467312396061,19.036151668668097,71.33294627633965,37.836015281993966,23.13583069209533,3.888689910765792,4.1000791853602685,4,1,1,9
76,0,313.881345219836,21.0,21.0,40.0,33.50485911613399,19.047745093036703,6.663612885840164,4.563244356244908,0,0,0,0
76,1,313.881345219836,19.270097182322683,18.98095490186073,49.459468757650725,33.50485911613399,19.047745093036703,6.663612885840164,6.663612885840164,0,0,0,1
76,2,313.881345219836,17.675809350420256,17.475720853853694,60.35841048385528,37.44561764597466,23.10405861071733,7.877303764,6.663612885840164,0,1,1,2
76,3,263.5615785193208,19.31168315185825,19.338907032004144,71.15501925362258,30.810646636622188,29.17051319541834,8.386627783419202,7.877303764,0,1,1,3
76,4,193.8647965353208,20.377510548450296,20.321920493948124,66.31142637629819,29.39781426889224,27.026669745972203,8.712097748,8.386627783419202,1,1,1,4
76,5,123.78416058432224,21.42636068520349,21.42920356845161,61.5774214461422,28.86250629935225,28.170799644225564,8.760079493874821,8.712097748,2,1,1,5
76,6,55.51361934432225,22.448850906945573,22.42966671990736,56.55400963321222,28.171028015677887,27.254461912488868,8.533817655,8.760079493874821,3,0,0,6
76,7,39.61614145015075,20.38290157912278,20.336222799494337,52.74144449363281,32.3870588391105,29.765357052115,7.948738947085753,8.533817655,4,0,0,7
76,8,39.61614145015075,19.057971693845168,19.023312885634457,63.97940647252605,32.43312210496244,30.0,6.832867897188958,7.948738947085753,4,0,0,8
76,9,39.61614145015075,17.744159051624738,17.58477821621506,75.150128558924,35.274245520149904,26.785321626505382,5.805902652947137,6.832867897188958,4,1,1,9
77,0,164.37302082506733,21.0,21.0,40.0,28.620354843606734,16.604283629544724,4.358596106030133,2.6426070858766666,0,0,0,0
77,1,164.37302082506733,19.17240709687213,18.932085672590897,48.14043492516726,28.620354843606734,16.604283629544724,4.358596106030133,4.358596106030133,0,0,0,1
77,2,164.37302082506733,17.466403393650456,17.384551109817227,57.52132579335056,29.906747967338028,22.209312411458072,5.124352194955377,4.358596106030133,0,1,1,2
77,3,131.16224117898915,19.20868295811008,19.145226749899948,68.0824734569773,31.53681862185452,27.13622395384961,5.535129941013032,5.124352194955377,0,1,1,3
77,4,98.58152382710246,21.096365913513377,20.958783016986505,80.24345342697028,37.69599389139493,29.865005941899373,5.430119558647781,5.535129941013032,0,1,1,4
77,5,60.06758446908915,22.23932842112121,22.088159551516465,77.77544707403557,39.62218692814047,30.0,4.814242419751664,5.430119558647781,1,0,0,5
77,6,52.16749227085965,20.24601717967214,20.17004491812767,74.66735337586864,36.06614612129484,30.0,3.950046099114752,4.814242419751664,2,0,0,6
77,7,45.9197326049602,18.467923931965032,18.341328881554077,71.8118339357374,37.46933644371529,30.0,3.123879832949727,3.950046099114752,3,0,0,7
77,8,39.72096382571253,16.611082781063242,16.575858121957726,68.27066250379661,33.66015871144008,30.0,3.099384389623832,3.123879832949727,4,1,1,8
77,9,22.485658832362507,18.472773388795943,18.44670200691278,79.40041152032998,31.83193898074097,30.0,2.872550832225003,3.099384389623832,4,1,1,9
78,0,141.03047935984432,21.0,21.0,40.0,33.4912242231306,22.07624053967252,5.978618560808513,7.151510518360688,0,0,0,0
78,1,141.03047935984432,19.26982448446261,19.04152481079345,50.00214365730456,33.4912242231306,22.07624053967252,5.978618560808513,5.978618560808513,0,0,0,1
78,2,141.03047935984432,17.76382431708294,17.44577444459019,60.93529499041327,40.03335917902833,20.706370449353376,5.433251308,5.978618560808513,0,1,1,2
78,3,111.77806593184432,19.503853419040357,19.22983940383093,72.00947219632718,39.99732777369208,21.52587892582965,4.875402238,5.433251308,0,1,1,3
78,4,82.83487879952389,20.508485724515783,20.37527191040366,68.15168727572014,36.336047909632015,25.56514697588437,3.617898391540053,4.875402238,1,1,1,4
78,5,56.74109256715352,21.59129504240859,21.375019755945235,62.92139184843228,33.54405402495851,20.732082490108937,3.2617232790462976,3.617898391540053,2,1,1,5
78,6,34.49070432237035,22.51587908584,22.411887546347625,57.44414167145493,30.673935977514184,22.230229705945003,2.7812985305978963,3.2617232790462976,3,0,0,6
78,7,30.12152179777985,20.475469340682725,20.287550458034318,53.627718369563766,36.54339944048313,25.58758221567705,2.184591262295248,2.7812985305978963,4,0,0,7
78,8,30.12152179777985,19.06627842053776,18.94383512501981,63.86958814034913,32.92011225999333,23.979164244369805,2.4969898761735685,2.184591262295248,4,0,0,8
78,9,30.12152179777985,17.585670046892083,17.561559947986463,73.98143014486448,29.60952720156772,26.56737282351751,2.93188576008116,2.4969898761735685,4,1,1,9
79,0,76.22424306940756,21.0,21.0,40.0,30.807503813548443,18.64224440194048,3.6273035798374194,6.196018325853443,0,0,0,0
79,1,76.22424306940756,19.21615007627097,18.97284488803881,48.900954678788,30.807503813548443,18.64224440194048,3.6273035798374194,3.6273035798374194,0,0,0,1
79,2,76.22424306940756,17.425241376057492,17.372273775633676,57.116423602724,25.969725933269896,19.67176808859674,2.6849557474450427,3.6273035798374194,0,1,1,2
79,3,60.27379497940756,19.025657398294754,19.084965336607628,65.92084725777174,23.3712909204894,25.542173829775805,2.658408015,2.6849557474450427,0,1,1,3
79,4,47.02733295179188,20.801820578412027,20.736691390169128,75.4027190526681,27.52195293232688,25.15511259487516,2.207743671269281,2.658408015,0,1,1,4
79,5,29.36246697579187,21.74352871425764,21.78579510978273,69.93599475389937,25.913130416003447,27.049512368614696,2.208108247,2.207743671269281,1,1,1,5
79,6,16.20728200428253,22.78152619935179,22.74376791245293,65.27611878541488,29.34952596024305,28.09560754817648,1.6443981214386678,2.208108247,2,0,0,6
79,7,12.809144160989874,20.520204886448585,20.51697388995092,59.08715369776745,24.83905904294019,24.11113491457406,1.6990689216463275,1.6443981214386678,3,0,0,7
79,8,10.506746674481771,18.392773578146592,18.374233178357223,53.52037464784107,26.69113399644885,25.71564905951573,1.1511987432540507,1.6990689216463275,4,0,0,8
79,9,10.506746674481771,17.078990692864863,17.010124885278614,64.17835189307617,31.46619053595176,27.744794159798808,0.9304819900810778,1.1511987432540507,4,1,1,9
80,0,230.673546034072,21.0,21.0,40.0,26.668875993709456,19.651798152097108,6.424478732307885,3.1904456542051083,0,0,0,0
80,1,230.673546034072,19.13337751987419,18.993035963041944,48.33772134624518,26.668875993709456,19.651798152097108,6.424478732307885,6.424478732307885,0,0,0,1
80,2,230.673546034072,17.349197291208775,17.236255602814857,55.151539950461896,22.803377786691687,15.051170014512271,7.894977424338023,6.424478732307885,0,1,1,2
80,3,182.5384684603619,18.93688005344201,18.854995735563893,62.80494537954829,24.153630135147267,18.365288915332712,8.022512928951674,7.894977424338023,0,1,1,3
80,4,135.0671752467987,20.597486027558613,20.472504819895565,70.65197734606336,25.53597359375954,18.058648442435253,7.911882202260536,8.022512928951674,0,1,1,4
80,5,80.25766787079871,21.58119751223573,21.476677431670016,64.73723420721149,28.78718568591612,21.686463542684567,6.851188422,7.911882202260536,1,1,1,5
80,6,34.742733916321015,22.629463230676443,22.466483672710797,60.03196929206007,33.4548759001857,23.738096793417515,5.689366744309711,6.851188422,2,0,0,6
80,7,26.412333766997044,20.379463545144628,20.423261880319068,55.21063643417197,28.401463700136645,28.14668708937397,4.165200074661987,5.689366744309711,3,0,0,7
80,8,20.1165462374118,18.30252478085672,18.308117002284348,50.13564476656093,27.101174540470343,28.03776063946832,3.147893764792624,4.165200074661987,4,0,0,8
80,9,20.1165462374118,17.022352248729067,16.850807742704095,60.11657801564148,31.971485570696498,23.47814359086209,2.891563854731685,3.147893764792624,4,1,1,9
81,0,115.3880416740092,21.0,21.0,40.0,32.4798363971435,15.52353309201925,5.891490264543936,6.472981752872061,0,0,0,0
81,1,115.3880416740092,19.249596727942876,18.910470661840385,48.640606508049295,32.4798363971435,15.52353309201925,5.891490264543936,5.891490264543936,0,0,0,1
81,2,115.3880416740092,17.52129887669244,17.439513322222496,58.56006221066407,32.14212797589164,22.96595926085714,4.769981565596694,5.891490264543936,0,1,1,2
81,3,91.61386634459392,19.2313339576137,19.08032228298702,67.85108133448428,30.19706997924777,21.41970293086449,3.962362554902545,4.769981565596694,0,1,1,3
81,4,74.15826616100247,20.92539677577612,20.87541247409175,78.06525726480456,30.75490601936556,25.99051581574712,2.909266697265241,3.962362554902545,0,1,1,4
81,5,57.201295616599865,21.91588444676813,21.939683530673527,73.410122368225,28.51564156338798,28.95583123339225,2.119621318050327,2.909266697265241,1,1,1,5
81,6,37.56408506237327,22.914426050882877,22.901178279761748,68.72046072674918,28.79252992241598,28.487127624940552,2.454651319278325,2.119621318050327,2,0,0,6
81,7,30.7967904501111,20.82352942771773,20.61542465408438,63.79596061512203,33.289477314166845,22.685522065682303,3.3836473061310826,2.454651319278325,3,0,0,7
81,8,22.221108153530665,18.73313758321399,18.506283087419597,59.22652681860242,36.20594320677768,21.741646812557875,4.287841148290218,3.3836473061310826,4,0,0,8
81,9,22.221108153530665,17.339701976502987,17.22551425354147,70.34285722649524,35.43479736997602,26.322593784984075,3.9744948078670768,4.287841148290218,4,1,1,9
82,0,307.5741765825935,21.0,21.0,40.0,32.118625764341864,20.045580003349063,7.573231765605503,3.035752208542616,0,0,0,0
82,1,307.5741765825935,19.24237251528684,19.00091160006698,49.38955703818437,32.118625764341864,20.045580003349063,7.573231765605503,7.573231765605503,0,0,0,1
82,2,307.5741765825935,17.646544664970296,17.49680764824657,60.27781829239496,35.79955243282704,24.69078786834289,10.115367987554286,7.573231765605503,0,1,1,2
82,3,245.536693728378,19.403200301400297,19.217168539583582,70.86867589381804,35.1928705636875,23.64522722199628,10.33958047570259,10.115367987554286,0,1,1,3
82,4,164.99755682207535,20.369369789636373,20.266223453792044,65.6953357030796,31.270173857682444,23.32238063821515,10.067392113287829,10.33958047570259,1,1,1,4
82,5,92.7695611750834,21.416316111730413,21.39309330659024,61.06302342657061,30.15330021258947,27.44496491791611,9.028499455873993,10.067392113287829,2,1,1,5
82,6,30.754989908660004,22.555707209674047,22.43214011695961,57.3974330778762,34.74781961003898,28.221122897214283,7.751821408302924,9.028499455873993,3,0,0,6
82,7,19.445064216978302,20.491707046810124,20.4057714592048,54.30448451665313,36.15028577098298,30.0,5.654962845840851,7.751821408302924,4,0,0,7
82,8,19.445064216978302,19.257697962261226,19.07169044212245,66.33071248776061,38.70089371914127,28.111483898122447,4.398354821790655,5.654962845840851,4,0,0,8
82,9,19.445064216978302,17.789265551271146,17.7636130663553,77.5072657405156,33.08234978158966,29.00961273371587,3.079235623343481,4.398354821790655,4,1,1,9
83,0,258.2813233803429,21.0,21.0,40.0,30.29744152613354,20.98275176836561,4.247883074612051,2.888479401241957,0,0,0,0
83,1,258.2813233803429,19.205948830522672,19.019655035367315,49.23043479300985,30.29744152613354,20.98275176836561,4.247883074612051,4.247883074612051,0,0,0,1
83,2,258.2813233803429,17.3715682869636,17.4602903836288,57.45846328425728,22.03478574494472,23.67648365087439,4.807940176849033,4.247883074612051,0,1,1,2
83,3,224.67369548246643,19.20853869633057,19.110152219806533,67.85731806731748,30.67995391883464,27.09146154261088,5.601271316312742,4.807940176849033,0,1,1,3
83,4,189.99721909833056,20.924384976469494,20.950873982052787,78.68456050368275,30.15134686869589,30.0,5.779412730689313,5.601271316312742,0,1,1,4
83,5,143.55211841184476,22.00718533445909,21.982598278810016,74.6343236894495,30.83201769870422,30.0,5.805637585810726,5.779412730689313,1,0,1,5
83,6,113.17224415294852,20.09111332242527,22.97653177391206,71.12588228900569,34.9699377400764,28.87205447968017,6.0759748517792485,5.805637585810726,2,0,0,6
83,7,100.86690112382146,20.005740231930176,19.09033262394127,67.37392094189156,32.4891036271437,30.0,6.152671514563528,6.0759748517792485,3,0,0,7
83,8,88.84787948633496,17.637636316013907,17.723249024652972,64.87500710571001,39.45047868788029,30.0,6.009510818743253,6.152671514563528,4,1,1,8
83,9,51.902284088,19.456147527331204,19.36482620888413,75.50929124187101,31.18061580238675,27.89874050961884,6.157599233055826,6.009510818743253,4,1,1,9
84,0,250.54012046189663,21.0,21.0,40.0,33.42525817019494,23.205074348317183,4.847267611431168,5.258178004627418,0,0,0,0
84,1,250.54012046189663,19.2685051634039,19.064101486966344,50.19345985333218,33.42525817019494,23.205074348317183,4.847267611431168,4.847267611431168,0,0,0,1
84,2,250.54012046189663,17.683345829850925,17.57288707601469,61.37413390774845,35.35192434812153,26.762931509746625,4.457872366427597,4.847267611431168,0,1,1,2
84,3,218.24259723829195,19.474653049164065,19.33989190350558,72.79824371388847,35.93110764562279,27.53616905515513,5.3829205372674505,4.457872366427597,0,1,1,3
84,4,166.56028268545697,20.542966320894735,20.4794644988626,69.53361520545565,35.196508286484296,30.0,6.460289319104372,5.3829205372674505,1,1,1,4
84,5,114.97767011227177,21.70561977028507,21.61232424050811,66.3447298929351,35.61730381933035,30.0,6.447826571648151,6.460289319104372,2,1,1,5
84,6,60.70212351279319,22.815078654847092,22.69289513711727,63.24114753318962,36.799908972835375,29.291300139689685,6.784443324934822,6.447826571648151,3,0,0,6
84,7,48.19990468897418,20.6408994508717,20.56622226149794,58.72196345998032,31.896683691736225,26.330071457100964,6.251109411909503,6.784443324934822,4,0,0,7
84,8,48.19990468897418,19.324196600768783,19.140563809310752,69.45842951087735,34.97441551480144,24.672618101293164,6.149495954965994,6.251109411909503,4,0,0,8
84,9,48.19990468897418,17.85599599716862,17.823303481315296,80.67625726521308,33.355191483200976,28.966073818664164,5.638351813642405,6.149495954965994,4,1,1,9
85,0,251.0890886965196,21.0,21.0,40.0,32.71446738656055,22.068956455189312,5.913198822623208,2.419124038747968,0,0,0,0
85,1,251.0890886965196,19.254289347731213,19.041379129103788,49.86101629151497,32.71446738656055,22.068956455189312,5.913198822623208,5.913198822623208,0,0,0,1
85,2,251.0890886965196,17.709240441499983,17.48965457433817,60.82484854131957,37.541562901541525,23.36861626403956,7.613413010358632,5.913198822623208,0,1,1,2
85,3,204.9221579363221,19.514049335302264,19.24211596761296,72.18797840889226,40.0094778280926,23.119021436200143,7.694488460032919,7.613413010358632,0,1,1,3
85,4,146.38669288424984,20.513734038917384,20.40163256417211,68.43264711345965,36.07722797232219,26.39315371971887,7.316933131509027,7.694488460032919,1,1,1,4
85,5,90.87997624027156,21.643499770343094,21.46607554254547,64.23566367480714,35.28474609260663,24.73201258154608,6.938339580497287,7.316933131509027,2,1,1,5
85,6,44.021452327376345,22.666435811888714,22.625922524969504,60.87932867213365,34.68702776292505,30.0,5.857315489111903,6.938339580497287,3,0,0,6
85,7,33.155563881376345,20.59895834695879,20.530343342936565,57.40624958301552,34.03844950489925,30.0,5.432944223,5.857315489111903,4,0,0,7
85,8,33.155563881376345,19.279068222270805,19.21118310936873,69.00247610999423,34.42348070543724,30.0,5.195172773608842,5.432944223,4,0,0,8
85,9,33.155563881376345,17.957534791476416,17.838090767860617,81.06076212737206,36.99047787432122,30.0,4.914102238100115,5.195172773608842,4,1,1,9
86,0,123.54049882569711,21.0,21.0,40.0,28.11959436668013,18.532111711560244,3.1314226891323096,6.118588394934509,0,0,0,0
86,1,123.54049882569711,19.162391887333605,18.970642234231207,48.39730709408327,28.11959436668013,18.532111711560244,3.1314226891323096,3.1314226891323096,0,0,0,1
86,2,123.54049882569711,17.406237267452074,17.325493871606067,56.474002730556286,25.89197295128752,18.97855836245149,2.658266097458461,3.1314226891323096,0,1,1,2
86,3,107.81677730079464,19.049031013354085,18.973655826768603,65.01985383491424,26.228430423365204,21.24852015640127,2.620620254150414,2.658266097458461,0,1,1,3
86,4,92.13402874059256,20.71221484870409,20.679048645290077,73.88877010624319,26.030347516210725,23.24140954672781,2.613791426700345,2.620620254150414,0,1,1,4
86,5,74.6213218761153,21.79597722569074,21.762143229571294,69.8739281326241,31.608924279649404,29.419731422466786,2.1890883580596587,2.613791426700345,1,1,1,5
86,6,47.79005543776073,22.957890657436508,22.79353146022654,67.015951503969,38.09057759932536,29.36510779703524,3.353908304794323,2.1890883580596587,2,0,0,6
86,7,39.68853658484018,20.89206538685539,20.755498930842357,64.48881944055327,39.29371075880148,30.0,4.050759426460276,3.353908304794323,3,0,0,7
86,8,31.77696760201938,18.82254012931364,18.754594009678428,61.26906394850543,35.44580282195648,30.0,3.955784491410399,4.050759426460276,4,0,0,8
86,9,31.77696760201938,17.37959867218995,17.419941640195642,71.7588320037647,28.63926629506424,29.63722290082053,3.374513679525193,3.955784491410399,4,1,1,9
87,0,120.21022337803792,21.0,21.0,40.0,28.89998725413445,17.394499605093863,5.585876845274029,6.115968445105075,0,0,0,0
87,1,120.21022337803792,19.17799974508269,18.94788999210188,48.33300763466109,28.89998725413445,17.394499605093863,5.585876845274029,5.585876845274029,0,0,0,1
87,2,120.21022337803792,17.46951713021842,17.35934191206035,57.34172391359977,29.504415487248508,20.544008284633048,5.325463386587771,5.585876845274029,0,1,1,2
87,3,93.75345831196452,19.15762583557251,19.028110614194343,66.56828548866812,29.693532379162782,21.56514303788363,4.409460844345565,5.325463386587771,0,1,1,3
87,4,72.71228771536052,20.781012050023172,20.80826216447518,75.8985964064171,26.20764162611661,25.62741902804437,3.5068617661006662,4.409460844345565,0,1,1,4
87,5,46.00278400587699,21.759277719331838,21.70934626547663,69.47439936263187,24.865585366364343,22.777764390384416,3.338687963685441,3.5068617661006662,1,1,1,5
87,6,20.170836465997645,22.673184867723425,22.638521120786205,63.38389898226998,25.98968963189492,23.507530477205744,3.2289934424849176,3.338687963685441,2,0,0,6
87,7,15.23901064946207,20.5221631622076,20.405762813563417,57.94172248765642,29.719496555318408,23.37952291905067,2.4659129082677875,3.2289934424849176,3,0,0,7
87,8,12.238964642895628,18.45697775409603,18.38306307465535,53.91719777304888,33.20830094916067,27.766561747464124,1.500023003283221,2.4659129082677875,4,0,0,8
87,9,12.238964642895628,17.068134659559938,17.079125377618322,64.50689916439174,29.695429342520125,29.13624505382905,1.5245973850857035,1.500023003283221,4,1,1,9
88,0,224.02057042997512,21.0,21.0,40.0,33.9930016225108,23.28203541412352,6.497727972973101,5.696390751651309,0,0,0,0
88,1,224.02057042997512,19.279860032450216,19.065640708282476,50.309506666594174,33.9930016225108,23.28203541412352,6.497727972973101,6.497727972973101,0,0,0,1
88,2,224.02057042997512,17.571848218079396,17.59322438510217,60.56529586491822,29.56054408436665,27.41606257298917,6.761858263957461,6.497727972973101,0,1,1,2
88,3,182.63666238030035,19.264185730836022,19.253945252244275,70.06007839649496,26.470086633169405,26.27870520892363,6.897318008279126,6.761858263957461,0,1,1,3
88,4,126.8385591322781,20.371807384487525,20.29199190351116,65.96871925590798,32.37397077888328,28.22958955118908,6.974762906002781,6.897318008279126,1,1,1,4
88,5,70.09796299627811,21.474735635974824,21.37439465519073,61.46542587398393,32.26465901046929,26.05037775661933,7.092574517,6.974762906002781,2,1,1,5
88,6,20.51679742760893,22.456549656638888,22.455675056535917,56.79749293411609,29.474608636600063,27.925763919689707,6.197645696083647,7.092574517,3,0,0,6
88,7,10.12478554564746,20.44454784547217,20.264359273388003,52.619945057517015,34.57364081232357,25.551093206570474,5.196005940980736,6.197645696083647,4,0,0,7
88,8,10.12478554564746,19.01023022586985,19.028554583389635,63.558168908460296,31.2772604941457,29.490649788872524,3.809279738899316,5.196005940980736,4,0,0,8
88,9,10.12478554564746,17.672586981520986,17.595735698013886,74.52760783889698,32.25451310193657,28.686814289378347,2.498019401498973,3.809279738899316,4,1,1,9
89,0,262.608688777864,21.0,21.0,40.0,25.451274024758565,22.90210619952161,4.661039615902083,2.9972505039013466,0,0,0,0
89,1,262.608688777864,19.109025480495173,19.058042123990436,48.70360844037043,25.451274024758565,22.90210619952161,4.661039615902083,4.661039615902083,0,0,0,1
89,2,262.608688777864,17.519785732504168,17.410848814823872,58.29476353961411,29.74789561369203,23.5362993821062,6.375820927301481,4.661039615902083,0,1,1,2
89,3,219.39796569611195,19.263832796419194,19.07413672776186,68.06704119351122,32.70464430430528,21.585787106234186,7.201787180292011,6.375820927301481,0,1,1,3
89,4,173.80651053812628,20.933610959465955,20.864371905719462,78.0426420646887,30.863699278529857,24.556305561345123,7.598575859664281,7.201787180292011,0,1,1,4
89,5,108.46806138263518,21.99464657406512,21.8793288248454,73.57606767725679,32.661752224058645,25.85727895687513,8.167306144436386,7.598575859664281,1,1,1,5
89,6,45.389674712499954,22.864059403536636,22.833396529283256,67.67397034146055,26.90340682049278,23.64049686952814,7.884798333766904,8.167306144436386,2,0,0,6
89,7,31.16064195739056,20.63746392619939,20.65475814503896,62.38588415713984,26.775154462798177,27.179922290975707,7.114516377554699,7.884798333766904,3,0,0,7
89,8,19.15526105655612,18.52565297555421,18.57161089754381,57.72556846836662,27.442690617926555,30.0,6.002690450417221,7.114516377554699,4,0,0,8
89,9,19.15526105655612,17.198884686566647,17.12772696750171,67.84592775251262,29.546367684329223,26.67785056092639,4.9913483036184445,6.002690450417221,4,1,1,9
90,0,176.7792067564845,21.0,21.0,40.0,28.98970170703149,22.45824879712918,4.602837564512955,5.999467881936184,0,0,0,0
90,1,176.7792067564845,19.17979403414063,19.049164975942585,49.26063109074892,28.98970170703149,22.45824879712918,4.602837564512955,4.602837564512955,0,0,0,1
90,2,176.7792067564845,17.534584626352892,17.450570073161295,58.84114717432724,29.69262644288172,23.53246291033116,3.920945036,4.602837564512955,0,1,1,2
90,3,156.65608133791946,19.22197000043427,19.1670113867352,68.63091836241225,29.19788334720543,25.18973436437796,3.353854236427508,3.920945036,0,1,1,3
90,4,133.85118284641848,20.935031282161084,20.94756581291444,78.95485121239454,28.776417583859995,28.57876491604169,3.8008164152501633,3.353854236427508,0,1,1,4
90,5,102.51366026253106,21.97951237913608,21.987993611483468,74.64467688823399,29.38792042133023,30.0,3.917190322985927,3.8008164152501633,1,1,1,5
90,6,72.12604028150547,23.11585071120239,22.93222659055301,71.14057408001429,36.46004152857455,27.406053981315985,3.7984524976281984,3.917190322985927,2,0,0,6
90,7,63.35559334572517,20.898791824236085,20.81519600108451,66.80834659405615,33.09977791155359,26.16562494423448,4.385223467890149,3.7984524976281984,3,0,0,7
90,8,52.81056145966394,18.787676097725427,18.687055878521203,62.12894122555427,31.810792574570463,25.525844267085763,5.272515943030613,4.385223467890149,4,0,0,8
90,9,52.81056145966394,17.422480844108552,17.3571468810387,73.26895351390657,33.332479299534256,28.55647785797851,6.134442882265449,5.272515943030613,4,1,1,9
91,0,104.23251082111862,21.0,21.0,40.0,34.971743829866924,22.02957570915735,4.008022018649581,5.627254834601294,0,0,0,0
91,1,104.23251082111862,19.29943487659734,19.04059151418315,50.260237517024365,34.971743829866924,22.02957570915735,4.008022018649581,4.008022018649581,0,0,0,1
91,2,104.23251082111862,17.553223338509817,17.562481426600247,60.11605840731774,29.087153266660543,25.66740723496929,2.932646486745111,4.008022018649581,0,1,1,2
91,3,91.491801254099,19.40916613715109,19.203275498595872,70.8595163012736,34.920768897524106,24.765108291119624,2.123451594503272,2.932646486745111,0,1,1,3
91,4,77.19784861675669,20.411286776949154,20.291427635320154,66.35447699252228,33.693326916690914,24.61201025691284,1.7867440796677885,2.123451594503272,1,1,1,4
91,5,59.06900258161312,21.42434873953833,21.337740543922997,60.75260203466807,29.170051347450265,23.04175444224856,2.266105754392947,1.7867440796677885,2,1,1,5
91,6,35.589552067994404,22.366331067298717,22.350224746835924,55.02868116584307,26.81910595417078,24.714666996801395,2.9349313142023394,2.266105754392947,3,0,0,6
91,7,28.6470177737537,20.196193673537607,20.24047029347609,49.985863004851055,26.6727203466978,28.6449565366799,3.471267147120351,2.9349313142023394,4,0,0,7
91,8,28.6470177737537,18.99165053345301,18.88256239047788,61.64810941779337,34.790257849679534,30.0,3.749236389605119,3.471267147120351,4,0,0,8
91,9,28.6470177737537,17.687087416364353,17.565700513369894,73.81076787118609,37.637996017710336,29.932328723360296,3.9668120745158246,3.749236389605119,4,1,1,9
92,0,229.57052129698832,21.0,21.0,40.0,27.065947488318407,17.376935257325343,6.102571632378794,2.12326619575354,0,0,0,0
92,1,229.57052129698832,19.14131894976637,18.94753870514651,47.999718894215874,27.065947488318407,17.376935257325343,6.102571632378794,6.102571632378794,0,0,0,1
92,2,229.57052129698832,17.45809937325964,17.256965637496442,56.284248755851024,29.49427817771545,16.530887720257606,8.434462045118662,6.102571632378794,0,1,1,2
92,3,176.4039909103109,19.05906130337804,18.977952702260016,65.09403998909401,28.00786036073844,20.935424268389266,8.861088397779568,8.434462045118662,0,1,1,3
92,4,126.495635655777,20.83014082134858,20.695686680002257,75.05798228595853,31.6472855333335,23.70794944924712,8.318059209088986,8.861088397779568,0,1,1,4
92,5,74.62754772378821,21.743276121963017,21.787058798059597,69.70310203559552,26.705838462230226,26.878160146864204,6.483510991498598,8.318059209088986,1,1,1,5
92,6,36.65501967880145,22.84958509443812,22.617436171576607,64.51058057754489,32.71834895067292,21.76764294904577,4.746566005623345,6.483510991498598,2,0,0,6
92,7,29.095872950916743,20.53346751510056,20.448542836387773,58.29710971659578,28.2712592755334,20.542791496971606,3.779573363942356,4.746566005623345,3,0,0,7
92,8,22.966474237723272,18.432912694133066,18.2436977131485,52.363627765449664,30.552081972887542,19.81746274296733,3.064699356596736,3.779573363942356,4,0,0,8
92,9,22.966474237723272,16.942364321112702,16.85989304081177,61.17209149341395,27.948849164808426,20.987060434993165,3.005376219331403,3.064699356596736,4,1,1,9
93,0,96.95024273059292,21.0,21.0,40.0,28.27672314685522,22.63261691160744,3.143835890702841,7.072668928105348,0,0,0,0
93,1,96.95024273059292,19.165534462937103,19.05265233823215,49.16368121052328,28.27672314685522,22.63261691160744,3.143835890702841,3.143835890702841,0,0,0,1
93,2,96.95024273059292,17.430605444275667,17.396745841137307,57.4112214593938,24.6029400383865,21.2167280108942,0.4414487975717424,3.143835890702841,0,1,1,2
93,3,96.95024273059292,19.06663221270865,18.99852102849438,65.5647469880007,24.6054086528025,20.69195539501366,0.0,0.4414487975717424,0,1,1,3
93,4,93.34855158126229,20.65767526481186,20.750149635723343,74.23873806944826,22.293394279507464,25.89544506186779,0.6002818582217777,0.0,0,1,1,4
93,5,73.56816767374704,21.779525391881112,21.68304236738503,69.22977443888368,29.47139663455322,26.034360973421364,2.472547988439404,0.6002818582217777,1,1,1,5
93,6,43.25101503635511,22.751579651592834,22.646509849561426,63.96578109921623,30.394830679874104,23.694095210862294,3.789644079673992,2.472547988439404,2,0,0,6
93,7,34.63888864517941,20.65105849022669,20.47538041114008,59.6105144825429,34.74867933497493,24.388728350173245,4.306063195587853,3.789644079673992,3,0,0,7
93,8,25.53370631097391,18.5310665493776,18.405603645979404,54.84769937006037,32.890782865653094,23.98246650944396,4.552591167102747,4.306063195587853,4,0,0,8
93,9,25.53370631097391,17.17837268936471,17.0913780277447,65.75711901127801,33.41978176381356,27.18810513184,4.489877429685743,4.552591167102747,4,1,1,9
94,0,344.552661513014,21.0,21.0,40.0,29.554693354139125,18.02535461582833,7.406259817,4.270221716340168,0,0,0,0
94,1,344.552661513014,19.191093867082785,18.96050709231657,48.56440863459415,29.554693354139125,18.02535461582833,7.406259817,7.406259817,0,0,0,1
94,2,344.552661513014,17.490926988399696,17.378574068400614,57.73064214428688,29.99998355987032,20.923535938422617,8.958786726692955,7.406259817,0,1,1,2
94,3,289.4911146797481,19.16054161468097,19.09746828885388,67.27846448564271,28.9412087716588,24.102248680318056,9.176924472210986,8.958786726692955,0,1,1,3
94,4,230.00110121008805,20.92668472219396,20.79212271838389,77.18915946258642,31.36680830824302,23.692608230333143,9.91500224494334,9.176924472210986,0,1,1,4
94,5,147.34922720696642,21.766147111122653,21.811618058756743,70.69801395319566,23.508148256082208,23.76326558063576,10.331484250390202,9.91500224494334,1,1,1,5
94,6,68.21206908858451,22.736917191479588,22.65175353085831,64.41615257821366,26.005111144437336,22.42899232788485,9.892144764797736,10.331484250390202,2,0,0,6
94,7,49.629484577838014,20.51539822696376,20.45621385234778,58.74373667145582,28.028292634620712,23.7916189945024,9.291292255373246,9.892144764797736,3,0,0,7
94,8,33.86263784703748,18.36942475665115,18.28607343643936,52.70447079722216,27.41859394204349,22.36326231221393,7.883423365400269,9.291292255373246,4,0,0,8
94,9,33.86263784703748,16.99688168754022,16.863363910996416,62.20583758964352,30.355764849687365,22.42960621932021,6.452270354918949,7.883423365400269,4,1,1,9
95,0,159.8877920627591,21.0,21.0,40.0,32.571571039308665,22.40559973019679,5.367180878111128,7.515389393,0,0,0,0
95,1,159.8877920627591,19.251431420786176,19.048111994603936,49.895890738510985,32.571571039308665,22.40559973019679,5.367180878111128,5.367180878111128,0,0,0,1
95,2,159.8877920627591,17.592785850955583,17.445087272718784,59.37913895654508,31.559716313492576,21.124996008919044,3.204682637650718,5.367180878111128,0,1,1,2
95,3,140.77295254675911,19.18688167096822,19.184551415359024,68.58395620135263,26.734932518137946,24.40294106412629,3.185806586,3.204682637650718,0,1,1,3
95,4,118.11292458572971,20.890928102344304,20.842995660699835,77.71197029987451,26.571382676297155,24.13980675993552,3.776671326838233,3.185806586,0,1,1,4
95,5,83.64579440972972,21.88364521693324,21.765550908290678,71.7412611766075,28.3932145748782,21.76951251808285,4.308391272,3.776671326838233,1,1,1,5
95,6,50.16441786053949,22.818570746829355,22.67789728476451,65.85098484663857,29.70733183874901,20.90224410586804,4.185172068648779,4.308391272,2,0,0,6
95,7,42.1218188446914,20.600740319502883,20.43316208231221,59.8660236374394,30.28628131414441,19.79726752363799,4.021299507924048,4.185172068648779,3,0,0,7
95,8,33.76630241924042,18.47271884250278,18.25792446686441,53.998512197417085,31.99471994760506,18.741327607826527,4.1777582127254895,4.021299507924048,4,0,0,8
95,9,33.76630241924042,16.998065831758762,16.80448840494109,62.37198129146621,29.710029860088312,16.80924288462907,4.682558248197385,4.1777582127254895,4,1,1,9
96,0,169.33812221245034,21.0,21.0,40.0,30.951060259904587,16.20258696163729,4.098079703346385,3.1145352940634696,0,0,0,0
96,1,169.33812221245034,19.219021205198093,18.92405173923275,48.48765649987754,30.951060259904587,16.20258696163729,4.098079703346385,4.098079703346385,0,0,0,1
96,2,169.33812221245034,17.53141572971038,17.317687734091393,57.53938859382839,32.69917114618926,17.58822937575991,4.508671965013072,4.098079703346385,0,1,1,2
96,3,147.01958345081258,19.147569341621868,19.0637879961896,66.832558346962,29.51185402832009,22.116866822422164,3.719756460272961,4.508671965013072,0,1,1,3
96,4,123.0837845347142,20.79628904500454,20.72047506126841,75.30274909752096,26.05201732458676,21.00459795629633,3.989299819349728,3.719756460272961,0,1,1,4
96,5,85.14283609470999,21.80423249535568,21.7320847854822,70.07512359462623,29.51778233903909,24.77318708932355,4.742618555000527,3.989299819349728,1,1,1,5
96,6,39.66620461618823,22.81650103661033,22.69767689491026,65.25855500352473,31.799020835715226,24.775598102609774,5.684578934815219,4.742618555000527,2,0,0,6
96,7,27.98709420250448,20.69002912583808,20.52370431507609,60.74862295681078,34.18837897981699,24.08977631621657,5.839555206841875,5.684578934815219,3,0,0,7
96,8,17.641169090777588,18.547382347326717,18.42162068005485,55.56971756221535,31.67229611085739,22.889340585834667,5.172962555863445,5.839555206841875,4,0,0,8
96,9,17.641169090777588,17.093863742288516,17.08953120367468,65.44003932371817,28.469086418503974,26.36603447873395,3.9519484502017344,5.172962555863445,4,1,1,9
97,0,66.7526697225996,21.0,21.0,40.0,25.74624457539805,23.99470783301664,2.946959183963936,4.984230543366618,0,0,0,0
97,1,66.7526697225996,19.11492489150796,19.07989415666033,48.95337143351465,25.74624457539805,23.99470783301664,2.946959183963936,2.946959183963936,0,0,0,1
97,2,66.7526697225996,17.484659976972736,17.42221194902335,58.10587624694095,27.24755569183167,23.5996932716478,1.7702414440419505,2.946959183963936,0,1,1,2
97,3,60.519841666334415,19.131782008135577,19.127961586329707,67.36659776618497,26.28809719711157,25.1603556875774,1.0388046760441996,1.7702414440419505,0,1,1,3
97,4,52.790220894520594,20.93152822058669,20.8160536864424,77.52222004465327,31.125578401785297,25.294545367483057,1.2882701286356366,1.0388046760441996,0,1,1,4
97,5,42.8737762763822,22.02980094468428,21.872303879671797,73.71705824729756,35.900258416517154,26.29328715372887,1.239555577267299,1.2882701286356366,1,0,1,5
97,6,36.2613995813822,19.89617442815079,22.92425577964325,68.69388104015977,28.19259084712164,27.2342024465573,1.322475339,1.239555577267299,2,0,0,6
97,7,34.15384872057694,19.82487285110361,18.957686489095934,64.1227386491992,27.938097827996906,30.0,1.053775430402632,1.322475339,3,0,0,7
97,8,30.95194873221879,17.31270909278332,17.562834868559406,59.79521187604267,29.896512284109445,29.39500564279867,1.6009499941790766,1.053775430402632,4,1,1,8
97,9,19.811728649288185,19.26587428640596,19.16377081792533,70.83880349777293,31.353286787390346,30.0,1.8567033471551009,1.6009499941790766,4,1,1,9
98,0,254.48261097286644,21.0,21.0,40.0,32.36557186423817,17.598937635510342,5.544229310768006,5.539910512101999,0,0,0,0
98,1,254.48261097286644,19.247311437284765,18.951978752710207,48.993611709954735,32.36557186423817,17.598937635510342,5.544229310768006,5.544229310768006,0,0,0,1
98,2,254.48261097286644,17.62778697959477,17.441709839233635,59.57352431007583,36.255569754784936,22.52172246811,5.4400243317361925,5.544229310768006,0,1,1,2
98,3,217.88941582475425,19.38473745355905,19.254519089674684,70.93260073629412,36.20402772264635,26.90195242301085,6.098865858018704,5.4400243317361925,0,1,1,3
98,4,162.05424271026797,20.508029799726177,20.36253058849674,67.72097446048238,37.35960057705839,28.131364557320808,6.979396639310782,6.098865858018704,1,1,1,4
98,5,110.75204953882373,21.57392020356797,21.45976743221153,63.203932268267565,33.06439061197947,25.174263875715987,6.412774146430532,6.979396639310782,2,1,1,5
98,6,67.92282508232476,22.56237549972709,22.486927726158054,58.2747914514199,30.71694896648893,25.2322687176907,5.3536530570623695,6.412774146430532,3,0,0,6
98,7,57.405261938053854,20.436650104751656,20.342518516889108,53.61926114689234,31.65378604131045,25.8154900446476,5.258781572135456,5.3536530570623695,4,0,0,7
98,8,57.405261938053854,19.13373961377101,18.92879994054309,64.20215953080431,35.2264186949781,23.56746121564393,5.948902806159799,5.258781572135456,4,0,0,8
98,9,57.405261938053854,17.691148348842482,17.603530747510074,75.21639277765783,34.322579934890555,26.86760476985126,6.851766520649955,5.948902806159799,4,1,1,9
99,0,211.4583059238549,21.0,21.0,40.0,30.8160831342532,21.123359991682484,5.025377196,4.810805480371773,0,0,0,0
99,1,211.4583059238549,19.216321662685065,19.022467199833653,49.34909976266842,30.8160831342532,21.123359991682484,5.025377196,5.025377196,0,0,0,1
99,2,211.4583059238549,17.546755768150444,17.463867661681242,59.07921261437672,30.55420238786085,23.50198012162969,4.705083320026059,5.025377196,0,1,1,2
99,3,188.45876861684224,19.32133515307574,19.198972439366187,69.84462293434213,33.584646196717216,26.223188914201728,3.833256217835444,4.705083320026059,0,1,1,3
99,4,167.17615006259825,21.02537407269113,21.010681827718415,80.48594276962378,30.84424824181074,28.27419528753179,3.547103092373995,3.833256217835444,0,1,1,4
99,5,135.4134938111352,22.093975837792108,22.020447374543227,76.25500711769973,31.86247105206172,27.96566421502689,3.9703320314328834,3.547103092373995,1,0,0,5
99,6,126.33561186308894,20.06665267616233,19.98868810213556,71.62624610246453,31.30957500493805,26.30841935486638,4.5389409740231255,3.9703320314328834,2,0,0,6
99,7,114.50445099422136,18.131889092764823,18.16616480740661,67.09177913016971,28.798766516115133,29.343083637802536,5.915580434433794,4.5389409740231255,3,0,0,7
99,8,99.94231937384684,16.396151158757736,16.28681102236191,63.1555103992332,33.209022408591885,28.25615130842749,7.281065810187256,5.915580434433794,4,1,1,8
99,9,56.29617010790292,18.24100994894103,18.103788207335363,73.19539190827632,32.13915431045234,23.637965184231728,7.274358210990655,7.281065810187256,4,1,1,9
0,0,194.33930809099584,21.0,21.0,40.0,32.969097664154,15.4710408718597,4.311188506349689,5.831303587171684,0,0,0,0
0,1,194.33930809099584,19.25938195328308,18.909420817437194,48.71922493648246,32.969097664154,15.4710408718597,4.311188506349689,4.311188506349689,0,0,0,1
0,2,189.8302944082937,18.079891779945747,18.13621397903038,58.35209347337499,34.098941577065816,19.416994739003783,3.524664059340214,4.311188506349689,0,0,0,2
0,3,181.29173466510812,18.140361304445523,18.17686769888278,68.14002304022256,33.61700679934285,20.76037968314361,3.027217961626824,3.524664059340214,0,0,0,3
0,4,173.8555020726223,18.221973089183045,18.266752705087747,78.98910121625781,35.44515142724666,24.827505106282526,3.082559734341235,3.027217961626824,0,0,0,4
0,5,156.75361085655163,18.09116059601071,18.253449897874347,75.23967383725861,32.503181227782214,30.0,3.3083678532011027,3.082559734341235,1,0,0,5
0,6,135.98337160194708,18.012127542818373,18.051977238970306,71.03588126398216,30.24481328432489,29.73411686413934,4.192301144705626,3.3083678532011027,2,0,0,6
0,7,92.22002741500856,19.26937301440018,19.35914598247524,65.80461173374793,24.59216549300006,29.67855933903202,5.470418023367315,4.192301144705626,3,0,0,7
0,8,56.08834714936332,19.326026026400864,18.954941590546262,60.00838268395103,25.69321559175705,25.438845242704595,6.3308398830607695,5.470418023367315,4,0,0,8
0,9,53.69864217521837,17.891834191865893,17.756282720818813,69.38258938756617,29.55543501630084,22.523491114894377,7.047661207485221,6.3308398830607695,4,1,1,9
1,0,212.97812599092984,21.0,21.0,40.0,25.7342414983848,16.144992366405123,7.3321530013852945,5.157535487108307,0,0,0,0
1,1,202.74155921195265,19.97612066505757,19.457584193724237,47.53826209566218,25.7342414983848,16.144992366405123,7.3321530013852945,7.3321530013852945,0,0,0,1
1,2,200.3885648361803,17.99950078450782,18.12785507867352,55.19141872958136,22.84453563940076,19.67300121570576,8.648140847410337,7.3321530013852945,0,1,0,2
1,3,164.03122280739558,19.755892808046745,18.185000085785823,64.19587133470586,28.60173119013869,21.42300550499739,7.884593167844987,8.648140847410337,0,1,0,3
1,4,143.5781128896914,20.41747560927312,18.22715593632033,72.81074753653974,24.350130853755847,23.51029248976572,6.095926729207571,7.884593167844987,0,1,0,4
1,5,116.92197238268368,20.29377789712301,18.12159170052351,67.9927544775367,34.47682771181968,22.089877515941293,4.919507707126695,6.095926729207571,1,1,0,5
1,6,92.09897690889689,20.20534559417149,18.047918696517964,62.68286142636451,32.21286023602414,21.62106725746368,4.594508577541502,4.919507707126695,2,1,0,6
1,7,58.70671455787938,20.17347266756761,20.17595816816188,58.28654075079517,37.02063365464495,21.88869592552539,4.360500787747049,4.594508577541502,3,1,0,7
1,8,40.84237776221176,21.265623611436546,17.971902225983467,53.52519174854169,35.76509059783254,21.11630383409252,3.572867359133523,4.360500787747049,4,1,1,8
1,9,21.033945455942845,20.877065233140307,21.53802965156757,65.10577819743516,40.34709562158727,23.989495761154217,3.301405384378153,3.572867359133523,4,1,1,9
2,0,250.2364238089512,21.0,21.0,40.0,27.721293233033787,22.818338600598924,7.647974385457378,7.199748919103557,0,0,0,0
2,1,250.2364238089512,19.15442586466068,19.05636677201198,49.09713373005388,27.721293233033787,22.818338600598924,7.647974385457378,7.647974385457378,0,0,0,1
2,2,240.6192338125127,18.03066746000434,18.116984551391308,58.49182733229344,26.389921148875032,25.80282108578918,8.017705861,7.647974385457378,0,0,0,2
2,3,216.5490464348848,18.16835284776115,18.10975634424303,67.68950366257089,27.307563536933053,23.79063829794164,8.275328396050925,8.017705861,0,0,0,3
2,4,195.68257829066903,18.233074685072005,18.175322052008127,77.22536708732025,29.69078795928531,23.28623106710005,8.302920910912846,8.275328396050925,0,0,0,4
2,5,154.44532480386528,18.114932200271973,18.116874929134685,71.14749467672955,27.937397972884,21.629977523834345,7.654257442106276,8.302920910912846,1,0,0,5
2,6,121.66540358212258,18.120552195240997,18.091716210728684,65.94872968949066,31.100262650557788,23.35104297589282,6.167881551658359,7.654257442106276,2,0,0,6
2,7,89.71159165879737,17.821351985188652,17.920929508430213,59.46180637519686,25.032606994366216,22.26226348177931,6.241061387746969,6.167881551658359,3,1,1,7
2,8,51.04049931964194,19.0209869042735,18.909518029728783,53.25517891327986,26.46592526731451,22.386144388702185,4.8338865423944295,6.241061387746969,4,1,1,8
2,9,25.735193522238717,20.47792024871857,20.371105396477336,61.3280115242492,25.930922895586534,18.918147165354213,4.217550966233871,4.8338865423944295,4,1,1,9
3,0,198.4142332049954,21.0,21.0,40.0,32.26903443186937,16.978933102062314,3.304801234021085,4.054780927602364,0,0,0,0
3,1,198.4142332049954,19.24538068863739,18.93957866204125,48.864634156107705,32.26903443186937,16.978933102062314,3.304801234021085,3.304801234021085,0,0,0,1
3,2,194.1914209893012,18.078932306202837,18.151831936346028,58.77483826478002,33.350904657636065,21.70578483498792,3.382099322077719,3.304801234021085,0,0,0,2
3,3,184.60161795072412,18.09544055561367,18.223310082360094,68.85379811521634,30.62293243831953,25.37128895299335,3.4538076971036067,3.382099322077719,0,0,0,3
3,4,174.81188854734805,18.249390987987145,18.20925044442041,79.72314731807145,33.82197200642916,26.56330134276599,4.115665861886264,3.4538076971036067,0,0,0,4
3,5,152.17471352631063,18.188865066665144,18.21873397314468,76.56088787921502,35.765225339686424,30.0,4.358241910538685,4.115665861886264,1,0,0,5
3,6,127.46975917534851,17.98266283854481,18.016492631536703,72.35971944071693,32.03362218255116,27.959886492459493,5.112308244964565,4.358241910538685,2,1,0,6
3,7,92.40557036079866,19.3789705617193,17.89105855962878,67.61181945749844,31.57855164606743,25.377559558274285,5.275780035,5.112308244964565,3,1,1,7
3,8,57.29293231279867,19.65041730242226,19.91848150240724,63.775981048419766,35.46929499083572,26.55382495872718,4.389079756,5.275780035,4,1,1,8
3,9,32.351572297292364,21.392104950148628,21.22561404776549,74.49606348015257,31.929797814504514,27.62621569512222,4.156893335917718,4.389079756,4,1,1,9
4,0,211.328558227797,21.0,21.0,40.0,31.365327650566044,22.007154082152155,6.769341992482144,5.273271777648426,0,0,0,0
4,1,211.328558227797,19.22730655301132,19.040143081643045,49.60704671188928,31.365327650566044,22.007154082152155,6.769341992482144,6.769341992482144,0,0,0,1
4,2,203.44004237171123,18.0626601800318,18.10322109750365,59.675716691222405,31.633591567781178,24.30346387295844,7.224936543967067,6.769341992482144,0,0,0,2
4,3,184.11399071034975,18.244357447213208,18.24279034800012,71.42871682747575,36.35146392844239,28.94298127296512,6.859592786501511,7.224936543967067,0,0,0,3
4,4,148.121589224619,18.28868782508786,18.17292941297746,68.99888856706754,41.51534535158693,28.31894209058969,6.614926951011565,6.859592786501511,1,0,0,4
4,5,119.49414357205704,18.02608210787271,18.18362115818821,65.75638970120758,35.319450745222504,30.0,5.722686684749252,6.614926951011565,2,0,0,5
4,6,94.12071915727712,18.09839002212292,17.922791825632842,61.67321923477422,37.37420676699273,23.27484619726643,5.055002876401586,5.722686684749252,3,0,1,6
4,7,67.61493530228631,17.981873955635255,19.27405803193103,58.21242852263234,39.33264963313126,24.77406863274712,4.097149072681395,5.055002876401586,4,1,1,7
4,8,50.01517826929015,20.817515787597547,20.241865629460538,70.30512040724344,38.29068417179338,28.890937409379404,2.9332928388326955,4.097149072681395,4,1,1,8
4,9,22.91499460351753,21.297711250746897,21.343568893203187,66.76434399424842,35.002111755189766,28.660241505949053,3.3875229582215765,2.9332928388326955,5,1,1,9
5,0,73.62775164558076,21.0,21.0,40.0,32.81367886473842,16.657447977782923,6.053035409,7.581990489683603,0,0,0,0
5,1,73.62775164558076,19.25627357729477,18.93314895955566,48.90480283165384,32.81367886473842,16.657447977782923,6.053035409,6.053035409,0,0,0,1
5,2,68.37812980465337,18.033145688966265,18.123431590453567,58.18749294771116,31.606218228676816,19.96428241608611,4.233234238138066,6.053035409,0,0,0,2
5,3,61.19417417379124,18.19511209875593,18.169233050768074,68.04928940948483,33.86182316647451,20.925934954490288,2.4661025689868654,4.233234238138066,0,0,0,3
5,4,59.30827829402062,18.21378856421777,18.22885034753893,78.55745253781963,35.28074154611529,23.09794250018918,0.798518197,2.4661025689868654,0,0,0,4
5,5,55.866346786769945,18.12263005348796,18.13645841639221,73.69741189507597,33.91224422051305,22.42086331979994,0.6557757408914365,0.798518197,1,0,0,5
5,6,46.49214597372404,19.519675593343564,19.43321318433001,68.7747942881088,30.050576373092493,25.934881365978743,1.1717751016307385,0.6557757408914365,2,0,0,6
5,7,31.596680353548635,20.601542450717467,20.617686151353567,63.46076083796737,27.15033819019525,26.66058708679685,1.8619332025219248,1.1717751016307385,3,0,0,7
5,8,16.000486478117544,20.43693090867067,20.9766238400343,58.46542998320365,30.80983041575277,24.771664835559893,2.429613073165737,1.8619332025219248,4,0,0,8
5,9,15.033973326498758,19.66486224504404,19.024911948262144,70.27040139514993,39.74787077635845,25.83530373445421,3.3176841873575342,2.429613073165737,4,0,0,9
6,0,270.9476978851245,21.0,21.0,40.0,29.01257819165574,17.67497995388691,7.267481148619879,2.270557707986028,0,0,0,0
6,1,235.0298293449942,21.16926662722422,21.906756528638592,48.40376046619768,29.01257819165574,17.67497995388691,7.267481148619879,7.267481148619879,0,0,0,1
6,2,235.0298293449942,19.809266787672406,19.510381173489343,57.73349632378941,27.85689903172367,23.974966843785936,11.011881008803204,7.267481148619879,0,0,0,2
6,3,234.29675277616383,18.216518440212464,18.18818520497445,68.00556498806338,31.18282104234684,25.88422709250853,12.0,11.011881008803204,0,0,0,3
6,4,209.38259890034627,18.121496544672617,18.167520522307637,77.54140371591035,27.98713844472981,24.989743376642245,10.928046748362023,12.0,0,0,0,4
6,5,158.1497466244815,18.245806429433763,18.13749995255532,72.8269998816591,32.77745991641811,24.364741004408312,9.323647218966974,10.928046748362023,1,0,0,5
6,6,120.18083978730016,18.043332437406733,18.077012589368817,68.16439305801254,32.079336702378924,25.35062538847351,7.553340719034881,9.323647218966974,2,0,0,6
6,7,88.64175248407511,17.913359021362847,17.937791230414433,63.19344673073677,30.61203285489704,25.1049319935709,6.132322371908845,7.553340719034881,3,1,1,7
6,8,46.374637347759005,19.138452100412916,19.05236078804039,58.447753917795765,30.45322787214557,26.515145389293345,5.283389392039514,6.132322371908845,4,1,1,8
6,9,20.20018230750109,20.68924959838763,20.6602898641272,68.91671645358218,30.45012968760041,27.7107732889908,4.362409173376318,5.283389392039514,4,1,1,9
7,0,287.70307218719347,21.0,21.0,40.0,30.779173783334635,20.680614680722343,7.090128116,2.9956330997377263,0,0,0,0
7,1,254.99207825072327,20.900087689427675,21.942705098312494,49.262761923530256,30.779173783334635,20.680614680722343,7.090128116,7.090128116,0,0,0,1
7,2,254.99207825072327,19.81332481601077,19.24331004453557,58.11454585737656,31.01902742537257,18.15754998488469,9.193204237929365,7.090128116,0,0,0,2
7,3,251.6087271073261,18.21289470188757,18.237015435136023,68.31552102443551,34.16376251975196,22.508321741686643,9.64172416696774,9.193204237929365,0,0,0,3
7,4,232.8342508920101,18.265342880860373,18.253388507900503,79.84769515109312,38.16039673152284,25.90723730546388,8.355168477805561,9.64172416696774,0,0,0,4
7,5,194.3477022271109,18.120542109741,18.12912763058546,75.92689694068889,36.68750221857296,24.863618834736847,7.596460831600832,8.355168477805561,1,0,0,5
7,6,161.2132377790968,18.03850072253883,18.11618468747156,72.36695919000292,35.74779326113881,27.808108123939096,6.549782799705535,7.596460831600832,2,0,0,6
7,7,133.38608808729805,17.95130018286363,17.96771006480704,69.10942189872846,36.17754748869626,29.05835644866782,5.576957394085579,6.549782799705535,3,1,1,7
7,8,84.0997713814715,19.34109775231523,19.13411668115487,66.3736770242022,39.11882801297138,29.015922684104915,6.160789588228319,5.576957394085579,4,1,1,8
7,9,35.919279294,20.19749332219557,20.15218855742312,63.140268799287256,35.36995430602813,30.0,6.022561510933938,6.160789588228319,5,1,1,9
8,0,133.76612554035034,21.0,21.0,40.0,32.21736375634937,19.458250283585784,6.485857822549366,7.7394799538568435,0,0,0,0
8,1,133.76612554035034,19.244347275126987,18.989165005671715,49.30161052718833,32.21736375634937,19.458250283585784,6.485857822549366,6.485857822549366,0,0,0,1
8,2,127.43791527893086,18.042470975074373,18.15569232527367,59.355382527134005,31.47616742569292,24.378121462894168,5.47268384,6.485857822549366,0,0,0,2
8,3,114.05418123278662,18.216082639085982,18.22898412780356,70.71475542908586,34.780299379992755,28.32732785307307,4.797076067101612,5.47268384,0,0,0,3
8,4,91.11553762364542,18.137171299497616,18.06664425381905,65.57108477163821,32.368354523625115,22.38903071277685,4.153521599292188,4.797076067101612,1,0,0,4
8,5,67.57619980382553,18.225650654703987,18.29394708649626,62.40379378499277,36.150887258824426,29.586385037589807,4.252041794701322,4.153521599292188,2,0,0,5
8,6,50.56125843847721,18.061269838522332,18.037278273185613,59.09212757334362,36.34963410056533,28.58555361249489,3.595561977175403,4.252041794701322,3,0,0,6
8,7,37.61501374862851,17.8109496385922,17.802480418124482,53.33264010251982,29.761861114551024,21.574319603094565,2.582738914567651,3.595561977175403,4,1,1,7
8,8,23.36323617975852,18.92907908020077,18.84277963014696,46.74189326661956,25.580041971796938,21.138031162090503,1.7814721961087492,2.582738914567651,5,1,1,8
8,9,13.273123093055904,20.490365229076254,20.445984733862808,56.88567914887919,29.933941262016344,26.420424750537165,1.6816855144504357,1.7814721961087492,5,1,1,9
9,0,199.78539049384145,21.0,21.0,40.0,33.24437219818739,19.98399187856279,6.830282956640339,5.773273185929288,0,0,0,0
9,1,199.78539049384145,19.26488744396375,18.999679837571257,49.58110553381504,33.24437219818739,19.98399187856279,6.830282956640339,6.830282956640339,0,0,0,1
9,2,192.48352307065815,17.9494889297047,18.04569187580409,58.08753008683389,27.85407359904675,19.40384058439131,6.654260394555777,6.830282956640339,0,1,0,2
9,3,161.2528732668671,19.61975919710255,18.25120789303192,66.99291484850224,25.01012455105857,24.46423523598781,6.685748167751662,6.654260394555777,0,1,0,3
9,4,137.69974946874115,20.59048289102856,18.210877700539346,77.57581240610489,33.056264888307936,25.737610431706766,7.017789822289494,6.685748167751662,0,1,0,4
9,5,101.41980819233684,20.30691749452825,18.234175260251188,73.91102780332514,33.02704542917933,29.946373444266555,6.8777274829861215,7.017789822289494,1,1,0,5
9,6,73.35661678459729,20.339288684600017,18.058367432802186,70.67140232414258,35.33541400454128,30.0,5.392656343724765,6.8777274829861215,2,1,0,6
9,7,46.52800565811893,20.246496657015054,19.95505909056649,67.43934224071302,38.349224682063095,27.028219298883776,3.700137685,5.392656343724765,3,1,0,7
9,8,32.55430056788016,21.242073133864537,18.108308673328864,64.89148518041836,40.11917920538199,29.059392681869905,2.7947410180477528,3.700137685,4,1,0,8
9,9,17.747167588648193,21.002791445741597,21.127368837211336,78.01248977949496,42.89446999487001,30.0,2.7207304042692377,2.7947410180477528,4,1,0,9
10,0,27.70711980948789,21.0,21.0,40.0,25.90433139596119,21.46027891507768,2.398807380861561,5.763960930748606,0,0,0,0
10,1,27.70711980948789,19.118086627919222,19.029205578301557,48.525629855987,25.90433139596119,21.46027891507768,2.398807380861561,2.398807380861561,0,0,0,1
10,2,26.24549692431142,18.148994477607587,18.05300769588981,57.83797104307545,30.48931019196516,21.24591862519289,1.1071686046252442,2.398807380861561,0,0,0,2
10,3,26.14179178031578,18.2365046126408,18.21544517584079,68.51786032649848,34.814540824005924,24.518177417233144,0.036148005,1.1071686046252442,0,0,0,3
10,4,24.93707015206423,19.57009020670134,19.35298275201357,65.49603189860704,38.858330954607,27.68706666821836,0.1505902035314441,0.036148005,1,0,0,4
10,5,23.86806722591097,20.77373102137427,20.63909459042614,62.16587966959523,37.41046049216204,27.422027124438983,0.1336253657691576,0.1505902035314441,2,0,0,5
10,6,17.972150222279055,20.86448863895291,21.23536007156238,58.69951491133878,37.64807241751762,26.427678925502114,0.9289603745464912,0.1336253657691576,3,0,0,6
10,7,7.517827529471894,20.446573346062976,21.658032966519237,55.02327966164998,35.70869080442363,27.201113363971903,1.7806302475231244,0.9289603745464912,4,0,0,7
10,8,0.6758312529161745,20.123402781036383,21.22645783973716,52.54766558658852,39.57992180521409,30.0,1.296150207835052,1.7806302475231244,5,0,0,8
10,9,0.6758312529161745,19.41471135090634,18.949273922230496,64.55835378617903,36.72604555328055,30.0,1.3059908441020889,1.296150207835052,5,0,0,9
11,0,174.74177909085483,21.0,21.0,40.0,34.82587986096777,15.596075442048257,7.139526913102904,2.097733795737998,0,0,0,0
11,1,141.54546661178253,20.946169161407507,21.911921508840965,49.07595195454289,34.82587986096777,15.596075442048257,7.139526913102904,7.139526913102904,0,0,0,1
11,2,141.54546661178253,19.825857534722413,19.28315970420956,58.27526444554273,31.8779489654034,19.22934265126242,9.815371048649055,7.139526913102904,0,0,0,2
11,3,138.8730760955746,18.1821744175332,18.15106425166362,67.77372495931408,33.48666984206323,19.282555234444267,10.078831281894056,9.815371048649055,0,0,0,3
11,4,117.09716092973284,18.18266777351788,18.208303270547887,77.4535413304281,33.34954868670936,20.42720893059076,8.960873032667674,10.078831281894056,0,0,0,4
11,5,77.0045976182849,18.03621551836689,18.20669691974022,71.61956964450617,27.660324605054164,23.26205491760185,7.442216153401197,8.960873032667674,1,0,0,5
11,6,50.372882158868535,17.9545052138443,18.021105750681304,64.53478840893945,22.52084021289357,21.452597367291343,5.046254740706354,7.442216153401197,2,1,0,6
11,7,29.78411400866476,19.289242403013606,17.889522249116386,57.84531090353846,27.3761145069524,18.79345490748656,3.0313650287522886,5.046254740706354,3,1,1,7
11,8,15.08608623210472,19.37966935768543,19.71202256417473,50.453852748402255,23.323909449951604,18.945767465958323,1.837253472070005,3.0313650287522886,4,1,1,8
11,9,5.809936321148175,20.976745129988675,20.86513644009963,58.056774081754384,21.41679412453456,20.82165772742172,1.546024985159424,1.837253472070005,4,1,1,9
12,0,234.2505414170414,21.0,21.0,40.0,26.68594523517113,17.989768671675385,7.893431988743194,5.510491875932469,0,0,0,0
12,1,224.37880981326992,19.976364123686142,19.367776196183907,48.04162850323237,26.68594523517113,17.989768671675385,7.893431988743194,7.893431988743194,0,0,0,1
12,2,221.49347243865316,18.047446499650416,18.18189018326204,57.11597892230178,26.19352513331667,24.21953275040224,9.722816005948197,7.893431988743194,0,0,0,2
12,3,192.2363218709123,18.28518112198189,18.17373756304756,67.62059750663646,32.9525812324119,25.406410902780777,10.191479956704192,9.722816005948197,0,0,0,3
12,4,172.58716164295677,18.16827248607276,18.24730871647265,78.52806337463066,32.095695704802225,28.501336895165583,8.910361286274178,10.191479956704192,0,0,0,4
12,5,134.71595557312293,18.106325713341533,18.120745248773787,73.77916790166276,29.91198137187892,27.03859933385496,7.243051151382616,8.910361286274178,1,0,0,5
12,6,100.75267880546627,17.982225677595775,18.091084741312383,68.658757968493,26.158520167291893,28.72809131509836,6.567756554636774,7.243051151382616,2,1,0,6
12,7,64.61206751377566,19.20820282703652,17.95538715160162,62.68956551073374,20.808959032893394,29.362193979555126,5.468577530519753,6.567756554636774,3,1,1,7
12,8,32.54492749748879,19.3925129147774,19.802549873588017,56.351360009428845,23.20573386964927,24.915346678656856,4.008392502035858,5.468577530519753,4,1,1,8
12,9,13.05488087818513,21.124889279543662,21.037437539467497,66.00098456439417,25.91552896350606,27.693496341856868,3.2483411032172773,4.008392502035858,4,1,1,9
13,0,296.39949239801786,21.0,21.0,40.0,29.72369114070828,15.898684800310212,4.917734207362141,2.2657112237249217,0,0,0,0
13,1,272.43134722223834,21.068292570459736,21.917973696006207,48.21202766938333,29.72369114070828,15.898684800310212,4.917734207362141,4.917734207362141,0,0,0,1
13,2,272.43134722223834,19.89896344120772,19.33978009022753,57.54065446355119,33.51982753892794,18.305876873115736,7.309474058084169,4.917734207362141,0,0,0,2
13,3,245.46538231387467,19.880627347479727,19.40474483954959,67.05306477284032,28.020524147543284,24.82619979295188,8.701565027637658,7.309474058084169,0,0,0,3
13,4,245.46538231387467,18.27599671291549,18.3017970095718,76.3730017906637,28.812825331466435,22.964602545330152,8.586721708783863,8.701565027637658,0,0,0,4
13,5,202.84394841097756,18.1343644096671,18.2542896528082,71.49082537076474,28.031045814821496,28.179085185739893,8.104433529053114,8.586721708783863,1,0,0,5
13,6,163.42396133848655,18.033803894628218,18.09066283651085,66.69754130074213,26.85649546185668,29.847481926906653,7.820497280287988,8.104433529053114,2,0,0,6
13,7,129.14722171178607,17.977025859272775,17.933344289581484,62.12889680078315,28.57253350987129,29.37944149035664,6.650640680847666,7.820497280287988,3,1,1,7
13,8,77.39359610048393,19.14370147221342,19.1589239007506,57.909835182115074,29.894102118510705,30.0,6.469203201412769,6.650640680847666,4,1,1,8
13,9,38.61592614,20.75085697806874,20.70009248076606,68.38580656024446,30.254864713342,27.944976276265702,6.462944993413989,6.469203201412769,4,1,1,9
14,0,43.9439308343366,21.0,21.0,40.0,26.261996141262443,21.0592616014806,4.478147900676209,7.277721786841092,0,0,0,0
14,1,43.9439308343366,19.12523992282525,19.02118523202961,48.51782639369375,26.261996141262443,21.0592616014806,4.478147900676209,4.478147900676209,0,0,0,1
14,2,40.7617816824439,18.195367855149858,18.08613512986074,58.53787142210776,33.165643814379706,22.501273010142626,2.4074503828876264,4.478147900676209,0,0,0,2
14,3,37.90818114351013,18.176683790157565,18.206863984683324,69.30984642409005,34.49983332225874,25.34447224430956,1.049612099188962,2.4074503828876264,0,0,0,3
14,4,36.135650778312026,18.15277156591477,18.278520751738764,80.62606874570497,32.86790178674952,30.0,0.7901331973375043,1.049612099188962,0,0,0,4
14,5,33.21165640521586,19.63559305558819,19.514235789946973,77.11236881290304,33.99720182290064,29.8155763281998,0.3654992966370204,0.7901331973375043,1,0,0,5
14,6,28.69444436939218,20.847669137055068,20.825090197345293,73.25358917367151,32.42248732052146,29.47318135041445,0.5646515044779603,0.3654992966370204,2,0,0,6
14,7,20.09763693460198,21.949919668201893,21.854665740484357,69.17681547358009,32.89298551828559,27.79160503676208,1.0746009293487748,0.5646515044779603,3,0,0,7
14,8,9.509113724495071,20.97050683725649,21.761622019529632,64.23912762521888,34.3158890617833,21.585845113987737,1.959184258190373,1.0746009293487748,4,0,0,8
14,9,1.5145622393432006,19.53302039548524,18.95419407975985,59.43146228139557,33.65270902180258,22.97137240140121,3.2220152578563246,1.959184258190373,5,0,0,9
15,0,143.73278335012088,21.0,21.0,40.0,27.966960170684136,18.15766526431868,6.016773721870224,6.7515617982732055,0,0,0,0
15,1,143.73278335012088,19.159339203413683,18.963153305286376,48.3024325783005,27.966960170684136,18.15766526431868,6.016773721870224,6.016773721870224,0,0,0,1
15,2,137.643995717284,18.17305342378494,18.06632552107459,57.72796742996174,33.754886275556096,18.60919623367299,4.453263300382446,6.016773721870224,0,0,0,2
15,3,127.23849885578711,18.09677471764388,18.265766522108343,67.71637343939324,31.09362215775104,24.397522339090624,3.6863793374208806,4.453263300382446,0,0,0,3
15,4,120.2245676786204,18.32124125371278,18.22014917013176,79.23990972417641,37.885175012142064,26.134471014431107,2.9855406321857028,3.6863793374208806,0,0,0,4
15,5,106.31257412517812,18.093390093207407,18.174620743546683,75.47554353974644,35.054679672512414,27.36550819176548,2.756517491545865,2.9855406321857028,1,0,0,5
15,6,94.55506532896722,17.984358540833668,18.013758129257283,70.66291915575974,31.40786162982004,25.18866957025388,2.3398137843086624,2.756517491545865,2,1,0,6
15,7,70.82345577074985,19.258037060813574,19.01472563222495,65.22472475980602,25.58847613483113,27.53266610987048,3.071407068158271,2.3398137843086624,3,1,0,7
15,8,48.72643874090218,20.10079467402509,18.66827873546716,60.32131246300813,26.092153906678394,30.0,3.443869665315005,3.071407068158271,4,1,0,8
15,9,26.64320287849975,20.12252830396608,17.766139302607574,56.44150778521775,34.2013879395368,27.577474961627782,4.130537653213358,3.443869665315005,5,1,1,9
16,0,15.968465328056796,21.0,21.0,40.0,34.62841056110579,15.575079902738878,2.747501458813862,5.740885074374117,0,0,0,0
16,1,15.968465328056796,19.29256821122212,18.91150159805478,49.03662828349204,34.62841056110579,15.575079902738878,2.747501458813862,2.747501458813862,0,0,0,1
16,2,15.2935721418317,18.070974532769043,18.11344935152572,58.701763295261685,35.31239211518222,18.38280239464918,0.5567197527313617,2.747501458813862,0,0,0,2
16,3,13.49302468398806,18.12000014584676,18.88719371816827,68.18673077048724,33.81239940752076,18.88186434373233,0.5039686133681017,0.5567197527313617,0,0,0,3
16,4,7.216135895234823,19.79894453606809,19.35569439756182,62.75151910501,31.89615815503073,21.24155481454018,0.7846110985941548,0.5039686133681017,1,0,0,4
16,5,6.717257212165252,20.74446589735405,20.613947761525274,57.05597490289695,32.433039984202544,19.25838111516936,0.0623598353836964,0.7846110985941548,2,0,0,5
16,6,5.82401681874742,20.857726448771977,21.655433208657005,51.30540734419037,30.15726869561384,21.228467089349618,0.1264698427738742,0.0623598353836964,3,0,0,6
16,7,5.82401681874742,20.46971701825912,20.850419302434343,46.03710958974104,31.48292371505573,22.58208876022572,0.0,0.1264698427738742,4,0,0,7
16,8,1.058169075211713,20.402356967026343,21.461571090575188,40.69558438981484,27.06269380489693,26.59549952884645,0.6990884612594235,0.0,5,0,0,8
16,9,1.0278388570786312,19.37370321956106,19.077055459846683,49.11175103117797,23.437928671026736,23.31855266987953,1.2904280770404633,0.6990884612594235,5,0,0,9
17,0,247.32551091903667,21.0,21.0,40.0,25.81871451238587,16.634519240858396,5.629555566,2.810798798891432,0,0,0,0
17,1,219.24268279375576,21.10483701986152,21.93269038481717,47.64158207558397,25.81871451238587,16.634519240858396,5.629555566,5.629555566,0,0,0,1
17,2,219.24268279375576,19.778684678197987,19.430537350900654,56.28930012919906,26.516221983085657,21.52665609255376,7.024113614054433,5.629555566,0,0,0,2
17,3,217.57935415262685,18.155327275294717,18.1530536759758,65.01244674424899,26.782585747821816,21.67933989134448,7.040460804292091,7.024113614054433,0,0,0,3
17,4,200.107329963407,18.229578421782666,18.10216343773481,73.38388655570697,28.99099700570732,17.517001946836952,6.882465053019259,7.040460804292091,0,0,0,4
17,5,165.483754606502,18.167506858942936,18.21867465694438,67.53096001015075,29.866339952854123,20.95073479405577,6.1984299688104585,6.882465053019259,1,0,0,5
17,6,132.51083040503556,18.142357339433254,18.058639511452764,62.45569689219343,34.11946184014111,21.0179652823182,6.401658140436525,6.1984299688104585,2,0,0,6
17,7,100.07797420501684,17.839685910473683,17.939117429237083,56.42097206200833,28.96850244820124,20.83858182854821,6.339055966529619,6.401658140436525,3,1,1,7
17,8,49.94050698101682,19.109032058077464,18.973931713998823,51.290647189412965,30.047536454031103,24.783992031550195,6.267183403,6.339055966529619,4,1,1,8
17,9,23.16330176323426,20.49526221322024,20.48344994886605,59.29574186399632,23.54493328550933,20.92781490662042,4.462867536297095,6.267183403,4,1,1,9
18,0,186.4011696099193,21.0,21.0,40.0,34.443744382523725,18.677464581644607,5.635131593856222,3.710905355422147,0,0,0,0
18,1,179.61010487852056,20.03742140554353,19.430132524179523,49.5618176135503,34.443744382523725,18.677464581644607,5.635131593856222,5.635131593856222,0,0,0,1
18,2,179.12367940654724,18.07000867020724,18.176591574900545,59.78810178830429,32.17039161744754,24.64229824229684,6.489297640153488,5.635131593856222,0,0,0,2
18,3,161.4986419524523,18.252571726404483,18.099849047058363,70.4861729242241,37.29897793767242,22.13475059521549,6.462647732471483,6.489297640153488,0,0,0,3
18,4,131.68766868580843,18.102767331873757,18.185964395938544,65.44544607120515,33.166834700111565,22.16246056089426,5.248820222218948,6.462647732471483,1,0,0,4
18,5,107.05921725641194,18.113685123305903,18.17370037286361,60.29118868371181,31.351090865406764,23.34747920407466,4.520520264842107,5.248820222218948,2,0,0,5
18,6,85.59435255471048,18.00978716958305,18.07327569423902,54.853188840241856,28.975704260183488,24.14651883165008,4.158268771345154,4.520520264842107,3,0,0,6
18,7,66.80007068834361,18.071066040192854,17.951922747653008,50.65339631776001,35.39375135420171,24.60740129867693,3.5711570984621663,4.158268771345154,4,0,1,7
18,8,44.199500676976754,17.80062080810815,19.15638359602368,46.39901727818587,32.92479175960908,26.77310246497904,3.4468132854144784,3.5711570984621663,5,1,1,8
18,9,24.27248506354172,20.46286389112664,19.889112650412024,57.883762248190735,36.07762946962353,27.72650925262572,3.32116926890584,3.4468132854144784,5,1,1,9
19,0,157.8302047699161,21.0,21.0,40.0,27.195361581889124,23.8040828251533,2.267431907553209,4.022244520743904,0,0,0,0
19,1,157.8302047699161,19.143907231637783,19.076081656503067,49.17989999326764,27.195361581889124,23.8040828251533,2.267431907553209,2.267431907553209,0,0,0,1
19,2,155.68463648310816,18.118733931066345,18.11695642958592,59.44970500203058,30.267313050831127,26.78715922007411,1.8151691742724327,2.267431907553209,0,0,0,2
19,3,150.68987044932035,18.030259608347635,18.169895595023124,68.82090684113064,24.28029346821377,27.78193897123093,1.8281118080634384,1.8151691742724327,0,0,0,3
19,4,136.32022848993307,19.952026784799838,19.961829541828003,79.15566486385332,27.41532234845933,30.0,2.3949403265645466,1.8281118080634384,0,0,0,4
19,5,109.25834828745162,21.089451766197776,21.062063123622263,74.44837085692348,29.202045367427065,27.97965459407385,3.3827350253101818,2.3949403265645466,1,0,0,5
19,6,88.84923932947233,20.872013007758223,21.112265926078138,70.2172934713067,35.477716024779184,24.34963183290538,3.611356910114296,3.3827350253101818,2,0,0,6
19,7,80.50909552404352,19.09331331523486,18.85649102213968,64.9241813739783,31.08223794740131,22.84491706744089,4.170071902714403,3.611356910114296,3,0,0,7
19,8,63.739177129805576,17.912660210408944,17.902651515579084,60.668874810542206,34.2152484678489,25.47749284639502,4.555529319438115,4.170071902714403,4,1,1,8
19,9,27.259635035878446,18.89285165574762,18.797367487904104,55.045513892529385,28.50838907949843,23.58405026487481,4.559942761740891,4.555529319438115,5,1,1,9
20,0,180.94906626847813,21.0,21.0,40.0,34.03487760059643,23.695520081705304,5.530670999028015,3.018100944219988,0,0,0,0
20,1,157.25553387884034,20.7184479745755,21.920184900061464,50.39147158281431,34.03487760059643,23.695520081705304,5.530670999028015,5.530670999028015,0,0,0,1
20,2,157.25553387884034,19.76984198168628,19.25160015029321,60.58021625569502,32.24508737946167,24.35904969209785,6.680410704530024,5.530670999028015,0,0,0,2
20,3,155.69258997397458,18.075025380555225,18.161375215428368,70.19656629242833,28.49635640722365,24.927810463516977,6.678404481872221,6.680410704530024,0,0,0,3
20,4,121.53171715547788,18.286652127386283,18.274343360826457,66.52449218382688,33.55845294528952,29.37446867359129,5.785892698590509,6.678404481872221,1,0,0,4
20,5,95.67986950787416,18.07798173919933,18.16251062652817,62.31684936677297,29.957539905256056,30.0,5.1181283516326985,5.785892698590509,2,0,0,5
20,6,72.90897975065985,18.05232225287644,17.991982227023417,57.476638638442495,29.708907464702243,26.73436626679511,4.465759594723016,5.1181283516326985,3,0,1,6
20,7,51.26119470556206,17.29166169478708,19.20971137447712,52.20701565734592,32.15673728843194,21.90091281658705,3.672268136192737,4.465759594723016,4,1,1,7
20,8,29.5123939155778,19.71497904009831,18.96060626387833,46.55746976247089,30.44743043317154,21.49953681752274,2.718600098748033,3.672268136192737,5,1,1,8
20,9,15.892196653046083,20.82061784016082,20.802361399993835,55.56073373127677,31.12327340584094,18.89485975419172,2.270032877088619,2.718600098748033,5,1,1,9
21,0,220.76262849849687,21.0,21.0,40.0,34.599403986625305,23.335456982769287,4.635424999011551,7.291819783222505,0,0,0,0
21,1,220.76262849849687,19.29198807973251,19.066709139655387,50.42827497449103,34.599403986625305,23.335456982769287,4.635424999011551,4.635424999011551,0,0,0,1
21,2,218.24594785361512,18.1147453506,18.167433106727103,62.36484783455082,37.47192643224938,28.842367234749485,2.740063549903083,4.635424999011551,0,0,0,2
21,3,210.64785724987308,18.3055176236353,18.173152655305,75.90945320507352,45.24780761401495,30.0,3.032971684958091,2.740063549903083,0,0,0,3
21,4,188.3787250236001,18.2304484006186,18.12424762973165,74.30893930949911,47.49971781369669,26.94187165533436,4.242021632124803,3.032971684958091,1,0,0,4
21,5,144.49863947253223,19.719966786394718,19.43200717907874,71.43497538329842,41.67892950288291,25.687937573779973,5.485010693883489,4.242021632124803,2,0,0,5
21,6,131.0351567742643,17.96155979779211,18.123431045269985,68.29462081428133,36.89217430811269,28.99474475290343,5.777138797785983,5.485010693883489,3,1,0,6
21,7,101.56681317455067,19.49073825181988,17.2628102032544,64.86418009735128,34.2753293503886,30.0,4.989442179725419,5.777138797785983,4,1,1,7
21,8,63.83534888655068,19.25500830782744,19.865991110380737,61.18074060549844,32.86978060081759,30.0,4.716433036,4.989442179725419,5,1,1,8
21,9,27.30382137455068,20.435390536093774,20.25937920847774,55.82226478878053,26.599923791479128,26.96409944897689,4.566440939,4.716433036,6,1,1,9
22,0,140.4125824129975,21.0,21.0,40.0,28.166889866459577,18.23033519432189,2.392958601174912,2.6222743122223973,0,0,0,0
22,1,140.4125824129975,19.16333779732919,18.96460670388644,48.35150051094067,28.166889866459577,18.23033519432189,2.392958601174912,2.392958601174912,0,0,0,1
22,2,136.63892468286048,17.978192780569195,18.05475094914169,55.96818635890426,24.2117838105442,18.10313756703134,2.781076409237303,2.392958601174912,0,1,0,2
22,3,122.16458866082009,19.71613508163649,18.239551316923585,65.2754989599211,29.126588814660344,22.580703413210927,3.0945912617380373,2.781076409237303,0,1,0,3
22,4,111.71144524391477,20.527382376260608,18.22156752179172,74.85039517052708,28.80529816515105,24.38856967154888,3.130110453012193,3.0945912617380373,0,1,0,4
22,5,93.353862020129,20.2975959524298,18.13171732702872,70.04941430814128,33.18678140820518,23.474436022984865,3.439924533274427,3.130110453012193,1,1,0,5
22,6,75.81323107899905,20.17863317208113,18.048518863783205,64.68874436235444,30.516199506748173,23.035634127769363,3.2665738867105327,3.439924533274427,2,1,0,6
22,7,51.725719272874045,20.140263727057707,20.269580434186118,60.84063785130118,35.74286794254805,26.212095884933824,3.136028138684763,3.2665738867105327,3,1,0,7
22,8,32.61210647323484,21.307595774835963,19.65852589573652,57.49337382101879,35.553164894724866,29.18425715926184,2.932838710040296,3.136028138684763,4,1,0,8
22,9,22.25160164644924,21.80936197016214,19.583258402197785,69.32542900825614,35.73363992909633,30.0,3.052730709227171,2.932838710040296,4,1,0,9
23,0,153.11773905386715,21.0,21.0,40.0,25.76796364159105,19.96838472796109,7.497149033777024,6.3965568804569015,0,0,0,0
23,1,153.11773905386715,19.11535927283182,18.999367694559226,48.23254270651938,25.76796364159105,19.96838472796109,7.497149033777024,7.497149033777024,0,0,0,1
23,2,143.8741431577297,18.13286969651578,18.131913410454843,57.81682514539924,29.54670338300439,23.69931016632816,6.688473521913769,7.497149033777024,0,0,0,2
23,3,129.18092321081994,17.993857981375214,18.200563057593143,66.45089693499445,21.739602451765208,26.22746304598596,5.281179815041523,6.688473521913769,0,1,0,3
23,4,110.08609198405074,19.86501843650096,18.188974424119483,75.28828131370287,22.69090546100109,26.405674420712387,4.428637114635541,5.281179815041523,0,1,0,4
23,5,88.0477922892787,19.95650652222379,18.09205523458416,69.38800096709252,27.045561924466508,23.508436149920485,3.864010626762654,4.428637114635541,1,1,0,5
23,6,73.85093081192768,19.977357832596997,18.272332015644785,64.32992532746489,26.75863675896801,28.47427635421184,2.4900981745775432,3.864010626762654,2,1,0,6
23,7,58.99107213703046,20.111949175976708,20.295558217203528,59.57385803593384,30.631875924912688,26.27886134435924,1.9151371584210075,2.4900981745775432,3,1,0,7
23,8,43.23419536094738,21.209155993924437,18.049203352478585,54.52959049917634,30.27656062484088,25.03306417095077,3.151375355216614,1.9151371584210075,4,1,0,8
23,9,24.050633924177383,20.7217761859988,20.26012493300745,64.49216476879262,31.11062373234024,24.237011098861345,4.057578277553961,3.151375355216614,4,1,0,9
24,0,190.0810771830668,21.0,21.0,40.0,28.41961949667652,21.42062755476349,2.5174397310238072,3.3401175408885475,0,0,0,0
24,1,190.0810771830668,19.168392389933533,19.028412551095272,48.9712444692592,28.41961949667652,21.42062755476349,2.5174397310238072,2.5174397310238072,0,0,0,1
24,2,187.88380927050025,18.099241605901305,18.200616525707368,59.609903892621446,30.516954707366715,28.586708755756867,1.7921218329352309,2.5174397310238072,0,0,0,2
24,3,184.5998980370865,18.090536083650367,18.11979579416368,69.44155021631012,27.543758889885048,27.076498463940936,1.246992734323148,1.7921218329352309,0,0,0,3
24,4,180.64856373836983,18.24884980988425,18.174975368177645,79.7502396033066,30.71573955284951,26.55475704157539,1.5781939777797382,1.246992734323148,0,0,0,4
24,5,157.92741176065937,19.57382116295057,19.40281440279045,74.73828398304971,32.573795038310955,22.91534040470633,2.8401439972138105,1.5781939777797382,1,0,0,5
24,6,122.20275229920604,20.638922057418316,20.64675115867324,68.79859484537141,26.254353342943705,24.080707003287944,4.465582432681668,2.8401439972138105,2,0,0,6
24,7,80.76984553561064,20.752625984992985,21.66418445381196,63.360665712876894,25.91757725826013,27.205038672325863,5.825903696137226,4.465582432681668,3,0,0,7
24,8,67.48430117546374,19.147474210850085,18.834493539732943,57.55351914417935,26.523532237626466,24.547875714053824,6.642772180073447,5.825903696137226,4,0,0,8
24,9,62.98625120431253,17.88036948922399,17.739871184289854,66.66592217635606,29.81251653007518,20.81194475979547,7.381225544338564,6.642772180073447,4,1,1,9
25,0,153.93225428843826,21.0,21.0,40.0,32.18852103928587,21.555851194735737,3.915876833570394,2.3289170727994013,0,0,0,0
25,1,136.5973785720313,20.670588845664906,22.03111702389472,49.67398700212389,32.18852103928587,21.555851194735737,3.915876833570394,3.915876833570394,0,0,0,1
25,2,136.5973785720313,19.833725427069645,19.222287995296018,59.66298202960666,32.82918286729137,22.66523395205737,4.876859097871611,3.915876833570394,0,0,0,2
25,3,135.31528447327463,18.18651594647873,18.28034970454649,71.15376791631655,34.654980191227864,29.182719179382627,5.695417134415616,4.876859097871611,0,0,0,3
25,4,104.61896770908048,18.140361339075096,18.13730758890505,66.80619061559833,32.402537313734385,26.77758879338659,5.592865939795212,5.695417134415616,1,0,0,4
25,5,80.72133965262242,18.12185501389793,18.11456348198705,61.88637977784504,30.99528800863112,25.00576289273945,4.441042459603855,5.592865939795212,2,0,0,5
25,6,65.5596260842672,18.11387273278505,18.02664211789649,57.19989436585038,33.82417956350818,23.47312370318817,2.925959428996236,4.441042459603855,3,0,0,6
25,7,58.05557725219072,17.234856779608304,17.318295650357268,53.12308905392126,33.43176362829917,27.252651305427925,2.0131097267969444,2.925959428996236,4,1,1,7
25,8,41.290397851666135,18.67404526369248,18.39590911213089,48.80345198398577,35.995287064157075,23.34006254731237,2.095647425065572,2.0131097267969444,5,1,1,8
25,9,25.30938958067953,20.2793340550816,20.12453337261431,59.84032015870431,36.61400535039012,24.70192895360177,2.663501378497768,2.095647425065572,5,1,1,9
26,0,153.14091476906435,21.0,21.0,40.0,27.940953683034884,18.170431886567712,5.893436323864762,6.383964078185615,0,0,0,0
26,1,153.14091476906435,19.1588190736607,18.963408637731355,48.30004940252847,27.940953683034884,18.170431886567712,5.893436323864762,5.893436323864762,0,0,0,1
26,2,146.0655342494677,18.07604133816001,18.09317230444192,57.09171335809904,28.87827550665968,19.96430202428799,5.172941529936083,5.893436323864762,0,0,0,2
26,3,132.47717048344717,18.05414391249682,18.153755472213437,65.05447177606217,24.08547113150123,20.152075634960617,4.596461237272315,5.172941529936083,0,0,0,3
26,4,120.51460567884848,18.206909656565355,18.195010173141696,73.29712512213958,25.160444128521195,20.632074460797707,4.408455941447205,4.596461237272315,0,0,0,4
26,5,99.84374864959412,18.12313712733969,18.23699170989873,67.08093800336286,23.81730049550588,24.981659955734564,3.733215419993696,4.408455941447205,1,0,0,5
26,6,81.62245907032016,18.11819328380289,18.12122539871396,61.98821079686249,26.86221960127477,28.178184807056525,3.4943538797757703,3.733215419993696,2,0,0,6
26,7,63.779711621326456,17.973038626792995,17.93127730690684,57.06563522403589,28.3788960253002,27.606795236774268,3.5097850895556224,3.4943538797757703,3,1,1,7
26,8,40.41261531312493,19.183487547161747,19.135346154973483,53.04148771065957,32.005223833362955,28.97173442565745,2.9208870385251906,3.5097850895556224,4,1,1,8
26,9,21.80123247942754,20.813660292483643,20.75799127647661,64.4724906136312,33.50557168317574,30.0,3.101897138949565,2.9208870385251906,4,1,1,9
27,0,176.08087616826091,21.0,21.0,40.0,33.71081447619661,15.18451614086729,2.3233528208611207,2.345153248332065,0,0,0,0
27,1,176.08087616826091,19.27421628952393,18.903690322817347,48.8011595110715,33.71081447619661,15.18451614086729,2.3233528208611207,2.3233528208611207,0,0,0,1
27,2,173.31403565167346,18.00545306718053,18.19748685754381,58.39747011428719,31.118722750848004,22.19411393368359,2.192464331333918,2.3233528208611207,0,0,0,2
27,3,166.56713806122607,18.2282053371878,18.212760090400728,69.26246956579978,35.02898961023811,25.332118453720696,2.3785932233446974,2.192464331333918,0,0,0,3
27,4,149.7524833542006,20.07686774420949,20.045194442996724,79.52051751756395,29.40224952501167,27.586905762567007,2.802442451170915,2.3785932233446974,0,0,0,4
27,5,122.10876296033108,21.066784676855576,21.201656363696884,74.179091396541,23.695129474110423,29.96361429798427,3.455465049233689,2.802442451170915,1,0,0,5
27,6,107.63130269267258,20.04954766358533,19.77479248408836,70.25512744786698,31.53353361847768,30.0,4.318957928282589,3.455465049233689,2,0,0,6
27,7,80.43382653000845,19.86902377546651,19.506359550733148,65.6261872615489,28.588938597037,29.02806036786257,5.135739828252932,4.318957928282589,3,0,0,7
27,8,68.0418374085386,18.004718661029138,17.782796361105103,61.78488227443941,36.32487164849459,25.66787842311929,5.331252524896281,5.135739828252932,4,0,1,8
27,9,32.62159760048253,17.83699343655221,18.7585576111572,57.24732531044916,37.44505330735414,20.67963022603335,5.201435999053804,5.331252524896281,5,1,1,9
28,0,220.13834114804848,21.0,21.0,40.0,25.97211810438348,22.46236121316544,7.167555802871595,7.672630592867759,0,0,0,0
28,1,220.13834114804848,19.11944236208767,19.04924722426331,48.71820627715881,25.97211810438348,22.46236121316544,7.167555802871595,7.167555802871595,0,0,0,1
28,2,210.9170718313646,18.166312713846533,18.01424429196511,58.030117376247375,31.42300871233525,20.309830727045707,7.206989393791038,7.167555802871595,0,0,0,2
28,3,191.0899970120682,18.164980824121734,18.210297112982605,68.0195299092752,32.17204991842274,23.324686376176302,6.864731372099096,7.206989393791038,0,0,0,3
28,4,178.17587810047408,18.195607943643317,18.189178642981997,78.13463818268156,32.68193726934052,23.513108694028084,5.524224236511907,6.864731372099096,0,0,0,4
28,5,152.41853915142858,18.11451448094608,18.273005343606872,74.03742487706447,30.9076613166444,29.66337587437175,4.819517762750454,5.524224236511907,1,0,0,5
28,6,128.7260885240167,18.220888783996774,18.064027384200084,71.47314885484377,39.08735543210727,30.0,4.782101728848781,4.819517762750454,2,0,0,6
28,7,106.29794725985955,17.89878319061077,17.904108270218824,68.16620421046476,36.89126004702173,28.070158595317093,4.709985254161456,4.782101728848781,3,1,1,7
28,8,68.5798777649197,19.254271477270294,19.03305926464678,64.68006828537393,37.47332298216413,26.4925885451091,4.7147586868674844,4.709985254161456,4,1,1,8
28,9,38.835519242105455,20.826813481734103,20.742182741268245,76.34234705249149,36.17007890387185,28.620358691225714,4.957393087135706,4.7147586868674844,4,1,1,9
29,0,244.73002422884613,21.0,21.0,40.0,30.31986999720141,18.504111555298973,4.941945488069576,4.252747373704692,0,0,0,0
29,1,244.73002422884613,19.20639739994403,18.97008223110598,48.78831667945007,30.31986999720141,18.504111555298973,4.941945488069576,4.941945488069576,0,0,0,1
29,2,237.22206420346728,18.03801633572614,18.14316869816839,58.17599043357589,29.355941699133417,22.79780137934336,5.936607181998901,4.941945488069576,0,0,0,2
29,3,217.60353056476524,18.2408376918756,18.109453107688235,68.01628138377644,33.897826292914075,20.770456763755654,6.813720764,5.936607181998901,0,0,0,3
29,4,199.92738319799253,18.09453262880961,18.228072377591943,77.42263385234168,29.353947902146498,22.9035658121048,7.437005707312654,6.813720764,0,0,0,4
29,5,161.96893538133162,18.20738347040635,18.176243581247075,72.58162978578778,32.2231214224641,24.21574487445868,6.927868134252721,7.437005707312654,1,0,0,5
29,6,129.72031018871974,18.04008241557701,18.07385689063761,67.73477124479021,31.362497116938822,25.04384432196351,6.397840940077202,6.927868134252721,2,0,0,6
29,7,96.94633159727957,17.887402252959753,17.955881255398083,62.50877250938842,28.597354849302185,25.702652176243443,6.340085188475379,6.397840940077202,3,1,1,7
29,8,54.94678407201607,19.173602942889836,19.019831615186245,57.85039534474991,32.057420772528616,25.396039423924105,5.249943440657939,6.340085188475379,4,1,1,8
29,9,27.086537406194477,20.67528677998933,20.574168822835087,67.3973676193782,30.20060131615604,22.83813354288997,4.643374444303599,5.249943440657939,4,1,1,9
30,0,54.635888195268265,21.0,21.0,40.0,26.98377311064561,24.58554254525746,5.380253318,6.900144347563503,0,0,0,0
30,1,54.635888195268265,19.139675462212917,19.09171085090515,49.28247681806255,26.98377311064561,24.58554254525746,5.380253318,5.380253318,0,0,0,1
30,2,49.6915500562568,18.09008369294915,18.05276899510008,58.81931959819316,28.623212673727974,24.359247215886565,4.261016022,5.380253318,0,0,0,2
30,3,38.87067200153808,18.176217290934915,18.200554201291222,69.04710580835925,29.934077220474578,26.886957280448097,3.734951689440178,4.261016022,0,0,0,3
30,4,31.502847264308745,18.191740783055856,18.155552277325896,79.06314602271185,30.2506065420194,25.394061315495023,3.189679277797625,3.734951689440178,0,0,0,4
30,5,17.142484629732397,18.23503913761322,18.242118773690105,75.67360743879433,34.502563422680495,30.0,2.664689005748646,3.189679277797625,1,0,0,5
30,6,9.080119502343962,18.004396927071188,17.962846068746742,70.95794758686284,31.85766469186392,25.277558352961115,1.681377063157846,2.664689005748646,2,0,1,6
30,7,4.289228049129611,19.19904170242729,19.19668998574016,65.43241829626183,29.51130285750289,23.12464552804701,0.6074350872818121,1.681377063157846,3,0,1,7
30,8,2.885337497286248,18.88761392622526,20.066485178250687,58.65755218433552,25.92778512908729,19.76740313798875,0.2095788630746757,0.6074350872818121,4,0,1,8
30,9,0.9439045601183204,20.505433147089622,20.65045869396826,65.93612240370659,20.90400706520915,19.53249415351907,0.3546719944990188,0.2095788630746757,4,0,1,9
31,0,230.91010931251995,21.0,21.0,40.0,33.50093312201388,19.75388834365709,6.549074611397077,4.599278477463367,0,0,0,0
31,1,224.60569966160705,19.96724457246454,19.26049314970293,49.58586786382077,33.50093312201388,19.75388834365709,6.549074611397077,6.549074611397077,0,0,0,1
31,2,222.85782140581333,18.08877073298504,18.077315304274272,59.63520183260029,35.07472468689059,20.75490847299558,7.601466203172697,6.549074611397077,0,0,0,2
31,3,200.69594375831656,18.2488078308103,18.244496602351926,71.42427569984005,40.01511622740632,25.479738590592348,7.860661311606663,7.601466203172697,0,0,0,3
31,4,157.52168709634992,18.16765048524442,18.14353023155421,67.67659247901807,39.127130658378846,23.38574033705456,7.948807103155732,7.860661311606663,1,0,0,4
31,5,120.85933099196448,18.073364270918912,18.21257703292646,63.80238099280446,35.29534420432466,26.514591983377496,6.938017535011351,7.948807103155732,2,0,0,5
31,6,92.91710902858654,17.955493126048623,18.03362734271227,58.79894549506365,30.205255422380155,25.331214034615343,5.565022430713377,6.938017535011351,3,1,0,6
31,7,65.1658193856154,19.318414479740376,17.33608081762018,54.31891083693715,28.444251899297225,30.0,4.617525497752228,5.565022430713377,4,1,1,7
31,8,42.10510492526601,19.83755400274876,20.41495169915569,64.02135847583197,27.38380349710275,26.51868338564631,3.843452410058232,4.617525497752228,4,1,1,8
31,9,15.86416631954848,21.02304448159655,20.72679908767108,58.99334618343926,30.775617979549487,24.624313729379868,3.2801173257146914,3.843452410058232,5,1,1,9
32,0,237.77328095558184,21.0,21.0,40.0,31.66212388872196,21.294204847178563,5.2520712615241205,4.9164242102509,0,0,0,0
32,1,237.77328095558184,19.23324247777444,19.02588409694357,49.532139172462095,31.66212388872196,21.294204847178563,5.2520712615241205,5.2520712615241205,0,0,0,1
32,2,232.11878515235156,18.09577251607438,18.14209688385984,60.17379471395684,33.58600460806516,25.53430395579454,5.104904316,5.2520712615241205,0,0,0,2
32,3,215.52434436413668,18.02610483996017,18.089741280141325,69.15806533636521,27.39124660607387,22.521367962861547,6.171411245944386,5.104904316,0,0,0,3
32,4,196.60751544768547,18.22847179050182,18.231347264271765,78.94332391248663,29.544326299916992,24.818221345202023,7.050898028157826,6.171411245944386,0,0,0,4
32,5,161.60832799952829,18.14957277370736,18.06309252542645,72.94257018081238,29.522964985285064,20.472847616524625,6.586840358102887,7.050898028157826,1,0,0,5
32,6,132.35218435539673,18.06319367867025,18.067346813347136,67.08537264691934,29.81790383442188,20.97544319950564,5.495892066741863,6.586840358102887,2,0,0,6
32,7,108.7567464701952,17.874205830729636,18.03844252835648,61.473318575176606,26.392940455279607,25.76231470170524,4.480163489848142,5.495892066741863,3,1,0,7
32,8,78.37981272970094,19.16854909355994,17.846879325064585,56.39709970819689,29.52583645073378,25.606280954934427,4.463262985790929,4.480163489848142,4,1,1,8
32,9,45.84838425662758,19.94589996002668,20.20322735400059,65.58296711320841,28.995636761621714,22.036959932886727,5.421904745512226,4.463262985790929,4,1,1,9
33,0,261.0307467642114,21.0,21.0,40.0,26.00162013788841,16.797779870414136,7.793234250311443,6.069136932602557,0,0,0,0
33,1,261.0307467642114,19.12003240275777,18.935955597408284,47.70389200149446,26.00162013788841,16.797779870414136,7.793234250311443,7.793234250311443,0,0,0,1
33,2,247.9514586917874,18.050352072178555,18.023483955148613,55.04100001855842,25.654478662441235,15.107232543469667,8.756754433038273,7.793234250311443,0,0,0,2
33,3,220.6807980016985,18.24664853385028,18.255705379581123,64.19929325650526,30.48690535495586,20.3925015225266,8.512176622686447,8.756754433038273,0,0,0,3
33,4,201.900180517186,18.21529425340576,18.20590433261443,73.8109902293846,31.98110819399595,21.417208322000366,8.110113054,8.512176622686447,0,0,0,4
33,5,165.26119121919967,18.13534007080855,18.313806497206546,69.76500631439981,31.24811173442331,29.60753318232789,6.826024008047389,8.110113054,1,0,0,5
33,6,134.8581004725213,17.927210525798305,18.053283763560135,64.51216277326571,24.74389293996263,29.406976275959007,6.213277852434638,6.826024008047389,2,1,0,6
33,7,100.17983608839116,19.34260923885292,17.874309961355575,59.49779879230988,29.48853623324298,25.987219428113484,5.222984908731959,6.213277852434638,3,1,1,7
33,8,59.349282240679386,19.555989276926837,19.952032783635104,55.54426004605378,31.79577150725637,29.57345768020978,5.103819230963974,5.222984908731959,4,1,1,8
33,9,27.21348501,21.348567930416564,21.1751912974024,65.91180617549742,30.16282877349672,27.434649723412427,5.355966205113231,5.103819230963974,4,1,1,9
34,0,249.90804377722063,21.0,21.0,40.0,28.28820844287196,17.71995470429493,5.2969265193636375,4.118736003062949,0,0,0,0
34,1,249.90804377722063,19.16576416885744,18.9543990940859,48.28146936649004,28.28820844287196,17.71995470429493,5.2969265193636375,5.2969265193636375,0,0,0,1
34,2,241.462435032745,18.096320958207126,18.16402105864712,57.87470865429316,30.23951126885254,23.056262552275875,6.157083578200977,5.2969265193636375,0,0,0,2
34,3,222.45236406598795,18.223059908364444,18.24527773351605,68.98298671902101,33.892506687075425,27.82014922807932,6.825420201567432,6.157083578200977,0,0,0,3
34,4,207.7743354629412,18.16465217457414,18.229007212063365,80.29681572423722,32.85460558453446,30.0,6.892215407986995,6.825420201567432,0,0,0,4
34,5,174.85336984320531,18.076573003870983,18.14831179139052,75.93460788680696,29.18325577808365,29.91558956952605,6.327056190332981,6.892215407986995,1,0,0,5
34,6,144.1832944001734,18.102834797612854,17.995814551914204,71.42893596474495,31.460250574350667,26.841572080860384,5.978319815675677,6.327056190332981,2,0,1,6
34,7,107.39632956657712,17.923633612324497,19.25638796265931,65.99927627607984,30.50667627495129,22.661881010242528,5.622806764996793,5.978319815675677,3,1,1,7
34,8,66.76675665476156,20.037813771058325,19.45035539975602,62.16593228641536,35.70929057264517,26.327687262552125,5.078696613976946,5.622806764996793,4,1,1,8
34,9,29.034468309719305,20.66268801846145,20.596815584382263,58.91598619803729,38.6917872801413,26.5862900066472,4.716536043130282,5.078696613976946,5,1,1,9
35,0,337.931641141334,21.0,21.0,40.0,33.91127088394596,20.42283520936855,7.586468305,2.128247833012694,0,0,0,0
35,1,303.6363833403201,20.79880817400719,22.00845670418737,49.78013909679661,33.91127088394596,20.42283520936855,7.586468305,7.586468305,0,0,0,1
35,2,303.6363833403201,19.851623577248365,19.34545964412513,60.183734345406805,32.48061004231343,25.317141338854327,11.02916842047861,7.586468305,0,0,0,2
35,3,303.0295260096193,18.1518137097659,18.131450752623152,70.43670975551856,32.57129553060911,24.38967897001181,11.652346146318983,11.02916842047861,0,0,0,3
35,4,237.7266225114056,18.231355017073373,18.283115172104903,66.9825333289854,34.86853655302945,29.27492774400851,11.276127461293624,11.652346146318983,1,0,0,4
35,5,187.2490316070643,18.171379744037782,18.136728471676932,63.60133084388471,35.9375237549187,28.61135132785524,9.958691049582262,11.276127461293624,2,0,0,5
35,6,146.65476833473735,18.013100213079394,18.085067875130413,60.072332922296965,33.72778932451251,30.0,8.206971054379984,9.958691049582262,3,0,0,6
35,7,110.15766552679872,17.97282100377566,17.93155016729963,56.71398377076216,35.233584597671275,29.44225344935753,7.245667944839726,8.206971054379984,4,1,1,7
35,8,71.21833482727658,20.07357834443664,19.810318588944856,69.17495791586106,41.50484223058399,27.72279190885437,6.489888449920356,7.245667944839726,4,1,1,8
35,9,39.0934758253083,21.614578433133204,21.485257770783026,81.68261036034174,39.950943737389096,29.536014287503573,5.354143166994714,6.489888449920356,4,1,1,9
36,0,113.62699789687623,21.0,21.0,40.0,27.685076794675016,24.52235008408805,2.7904907897140183,4.960442241307833,0,0,0,0
36,1,113.62699789687623,19.1537015358935,19.090447001681763,49.39733683817735,27.685076794675016,24.52235008408805,2.7904907897140183,2.7904907897140183,0,0,0,1
36,2,111.82986351988612,18.099551674587165,18.04235631685291,59.04053736894024,29.797915439657466,23.7754208423586,1.5818204862471457,2.7904907897140183,0,0,0,2
36,3,107.60563715103729,18.193347990442945,18.06660297523233,68.32329659078084,31.96531496180538,19.60556960397569,1.463581147479624,1.5818204862471457,0,0,0,3
36,4,97.17695875940616,20.03479732368604,19.78840405610458,77.35781441730197,32.20630215506365,17.985463547831475,1.7381130652718553,1.463581147479624,0,0,0,4
36,5,74.24280699195066,21.047944673453387,20.896257969008083,71.51901525352646,31.087897218617087,19.80766298263012,2.866768970931938,1.7381130652718553,1,0,0,5
36,6,54.69024867587676,20.315300890056758,21.880530268298557,66.48836323085743,36.2409628645229,19.144303676204725,3.1853151387647785,2.866768970931938,2,0,0,6
36,7,48.82370497278801,19.422871847268787,18.73575624351793,61.36109189563514,32.86291604800712,21.985576534091265,2.933271851544377,3.1853151387647785,3,0,0,7
36,8,39.55508093604672,17.748580306283408,17.946681140862864,56.19117358472948,27.79193136217813,26.81963357723485,2.6673414910542466,2.933271851544377,4,1,1,8
36,9,18.382885295388945,18.937850627869462,18.68078874033428,50.896001946303016,31.89864748896018,22.017065630892795,2.6465244550822216,2.6673414910542466,5,1,1,9
37,0,29.183087373920262,21.0,21.0,40.0,33.93792267834392,22.819069160221524,3.2843431330791875,7.220572235164975,0,0,0,0
37,1,29.183087373920262,19.27875845356688,19.05638138320443,50.21625853094178,33.93792267834392,22.819069160221524,3.2843431330791875,3.2843431330791875,0,0,0,1
37,2,27.192489950642063,18.01636051751685,18.02403587302921,59.76477634642296,31.89120346981068,21.156117727307,2.06657653525678,3.2843431330791875,0,0,0,2
37,3,23.88449851583905,18.197812417666707,18.109558280628814,69.37963044656408,34.281824353146646,19.13403175874846,1.107052529023663,2.06657653525678,0,0,0,3
37,4,23.645233475229773,18.113263613480147,18.2626242240482,79.04009154521091,30.674495195905592,22.994733129910152,0.098040982,1.107052529023663,0,0,0,4
37,5,22.522029926981645,19.521975426174023,19.26632492072348,72.72141141368414,29.385835469428915,18.843719355422373,0.1404004435310161,0.098040982,1,0,0,5
37,6,20.399418632934328,20.654661789395963,20.55273402129942,67.60274090007275,31.91371045548319,22.982564468898016,0.2653264117559145,0.1404004435310161,2,0,0,6
37,7,12.795541242223983,21.05269426471776,21.602667352570062,62.750951650132,30.239546248830663,26.139402362609644,1.033737186770148,0.2653264117559145,3,0,0,7
37,8,4.939679319516872,21.113855819742845,21.956062858854303,58.62204452727912,34.21706742800142,26.177893000593663,1.1748341410031249,1.033737186770148,4,0,0,8
37,9,0.885217489251149,19.46497552872916,18.981204707355865,54.86390111001245,36.51588598464552,25.938872808317434,2.007588224141956,1.1748341410031249,5,0,0,9
38,0,78.87709450332366,21.0,21.0,40.0,27.41719516140864,24.44350780714981,2.575014029021886,4.983665124764339,0,0,0,0
38,1,78.87709450332366,19.148343903228174,19.088870156143,49.33492653434052,27.41719516140864,24.44350780714981,2.575014029021886,2.575014029021886,0,0,0,1
38,2,77.53047188364152,18.06765698683221,18.145773259904846,59.55941705893938,27.93529941864322,28.86742571801713,1.1716962368839925,2.575014029021886,0,0,0,2
38,3,74.96271499823726,18.165570865335617,18.103458733029,69.50517396881992,28.713842685424147,26.54036236946776,0.9312683591168536,1.1716962368839925,0,0,0,3
38,4,66.44105088977699,19.28161124225802,19.239864935622773,64.35062805336892,28.85798222637257,25.83898491001079,1.0652080135575348,0.9312683591168536,1,0,0,4
38,5,55.79184738850565,20.46385943160199,20.414553954301592,59.46369971604203,29.637599961921737,26.54613149737328,1.3311504376589165,1.0652080135575348,2,0,0,5
38,6,39.56711818519946,20.6293645239832,21.602681845251677,56.120009129166064,34.75727451735574,30.0,2.33572720162004,1.3311504376589165,3,0,0,6
38,7,26.697655263639344,19.77388574540621,20.78229470208593,53.27469084146726,39.13635380411853,28.389655708665888,3.130183599856917,2.33572720162004,4,0,0,7
38,8,2.243111096384916,19.94150105493446,21.055293159341225,51.0108071162055,42.57779136836207,28.178410157961466,3.884326373605131,3.130183599856917,5,0,0,8
38,9,2.243111096384916,19.31099833559986,18.775174247008994,63.38101899367686,39.40386109136349,29.319538227921853,4.123240467148195,3.884326373605131,5,0,0,9
39,0,185.9364316324998,21.0,21.0,40.0,26.884939390196006,24.75378607633906,6.144777674852652,3.0368237570879333,0,0,0,0
39,1,157.88600721957087,20.73809455366754,22.05960091736444,49.29497058397631,26.884939390196006,24.75378607633906,6.144777674852652,6.144777674852652,0,0,0,1
39,2,157.88600721957087,19.727932698937312,19.18139184933655,57.18624997270672,25.67244403654346,18.167997011958807,7.495477395861172,6.144777674852652,0,0,0,2
39,3,153.22527455953667,18.19129097545132,18.18908331035258,65.80089793367236,27.73699280911009,20.12216252958788,7.896745782436351,7.495477395861172,0,0,0,3
39,4,133.40778397819156,18.19121213647358,18.19432030885311,74.54795436332901,28.02708980154136,20.56766814099561,7.971989398903939,7.896745782436351,0,0,0,4
39,5,92.9931992800148,18.092825905425723,18.20187672195824,68.24733443944139,25.1683850728276,23.161504238907817,7.353835021477204,7.971989398903939,1,0,0,5
39,6,61.85453700912281,18.096837590088267,18.026682766646378,62.02708949579029,27.145519492865287,21.63089748685088,5.894393142831498,7.353835021477204,2,0,0,6
39,7,36.07059588929039,18.011709242864868,18.019924054819327,57.12285246167224,30.595726720484485,25.491845312193,4.852713928245888,5.894393142831498,3,0,0,7
39,8,22.255317703705824,17.14833421367209,17.13317670358968,52.052213682910335,30.51243740408976,24.650680491677463,3.484862356305248,4.852713928245888,4,1,1,8
39,9,9.391819743535557,18.93322371325232,18.86469777810373,62.22196044491922,30.076126265468627,26.42246685680295,2.1439163266950447,3.484862356305248,4,1,1,9
40,0,86.21677773523899,21.0,21.0,40.0,26.13526509433376,24.3194108763197,2.160940524443446,5.837801084,0,0,0,0
40,1,86.21677773523899,19.122705301886675,19.086388217526395,49.08184167471762,26.13526509433376,24.3194108763197,2.160940524443446,2.160940524443446,0,0,0,1
40,2,83.571958055239,20.461729293338024,20.51923974083672,58.78559724466917,25.789493528433376,28.120259637964104,0.44080328,2.160940524443446,0,0,0,2
40,3,79.94673450524868,19.15108497358544,19.608487799894853,53.68809690577379,26.93024659843937,28.08364040769745,0.8311238572228303,0.44080328,1,0,0,3
40,4,70.88675696171802,20.55676650946563,20.365902422432207,49.97088605803917,32.6821619570299,30.0,1.132497192941332,0.8311238572228303,2,0,0,4
40,5,62.15076909523879,19.757557119796022,20.64434096452734,45.49034743827441,28.441452112418013,30.0,1.6429501496716297,1.132497192941332,3,0,0,5
40,6,46.40273028057619,19.669020424376136,20.77634660875884,41.40867322320533,31.111879312116848,29.545486159721573,2.7771813811878427,1.6429501496716297,4,0,0,6
40,7,35.65880689782157,19.802538218848216,20.90537868335725,53.1952411822446,35.48093310577375,30.0,4.2769412997169525,2.7771813811878427,4,0,0,7
40,8,5.747125434235012,19.801925076226176,21.117988200118745,49.90998806025962,36.474598825575775,28.607328274507715,4.827782430960498,4.2769412997169525,5,0,0,8
40,9,5.747125434235012,19.142692758380228,18.653279383633357,60.29113156961272,31.2013706876807,26.47164880872539,5.245410445267625,4.827782430960498,5,0,0,9
41,0,191.60260825940168,21.0,21.0,40.0,26.44633370645822,20.839991102824285,7.741069094668894,2.819660055943652,0,0,0,0
41,1,153.66301097436556,21.03000646311649,22.016799822056488,48.51153846567085,26.44633370645822,20.839991102824285,7.741069094668894,7.741069094668894,0,0,0,1
41,2,153.66301097436556,19.68703851142076,19.43368675789276,56.28762674921613,20.533088878220013,22.66740158592044,9.475349362,7.741069094668894,0,0,0,2
41,3,149.65213593347772,18.368284373358865,18.17234882866829,66.22941385100614,31.44730754616413,23.784843019335973,9.717499517839574,9.475349362,0,0,0,3
41,4,129.88022396020892,18.094641995940915,18.200883600599983,75.49354778241509,26.90889751196228,24.558513218087423,9.011000032593229,9.717499517839574,0,0,0,4
41,5,87.69045579036597,18.110258829420356,18.09401851685505,68.89617783030266,24.92183898297999,21.75943906083988,7.644086851946499,9.011000032593229,1,0,0,5
41,6,56.47465609460702,18.12653354061671,18.06176575362866,62.96219329602333,28.383770929439788,21.982981657897223,5.783794088293858,7.644086851946499,2,0,0,6
41,7,39.61218651423039,17.896916271915362,17.954953614814247,56.72634597268575,26.094329609583674,22.595407482985337,3.228381804017276,5.783794088293858,3,1,1,7
41,8,27.97271924876666,19.04400206240984,18.97465508055715,50.42542240725408,25.46249568170993,22.865706732558507,1.4549334081829666,3.228381804017276,4,1,1,8
41,9,18.113863632272302,20.56252750366176,20.57507363866711,60.381401599806026,27.86194674585024,27.44904876832725,1.643142602749059,1.4549334081829666,4,1,1,9
42,0,198.8707396339836,21.0,21.0,40.0,29.987010434134508,19.76712411690996,3.491291263362929,5.576542457704608,0,0,0,0
42,1,198.8707396339836,19.19974020868269,18.9953424823382,48.955744219188006,29.987010434134508,19.76712411690996,3.491291263362929,3.491291263362929,0,0,0,1
42,2,196.27435571623087,18.12354134572018,18.09684542354061,58.86366113134814,33.29933263576874,21.74465020956532,2.112009550046224,3.491291263362929,0,0,0,2
42,3,190.11518163292655,18.08452198010688,18.185867033529615,68.50507916623688,30.025431641112768,23.53800188604692,2.210614056910818,2.112009550046224,0,0,0,3
42,4,173.45501309023473,20.04307107109201,19.83572505100415,77.95540148502197,30.67445793148462,21.82733272843251,2.7766947571153064,2.210614056910818,0,0,0,4
42,5,146.38739362385323,21.14175983355815,21.015991786280768,73.58822570496861,34.23491916577876,24.83632650059146,3.3834524332976885,2.7766947571153064,1,0,0,5
42,6,132.91128416463386,20.07387456439977,19.52208582545976,68.27978135329604,32.8153302518961,21.026645572145227,3.990385900370133,3.3834524332976885,2,0,0,6
42,7,122.23954759055653,18.031251773887263,17.941477781241034,63.757211228153466,37.24266403063518,20.96527971857273,5.113933463422666,3.990385900370133,3,0,1,7
42,8,84.02741282414551,17.734552017690188,19.0842816910994,58.83529865961974,31.47026491514456,24.51910970411249,5.844461020534741,5.113933463422666,4,1,1,8
42,9,34.69551906405433,19.67482302282605,19.079400580489818,54.659449817891584,34.829675058591924,25.30449804291834,6.166486720011398,5.844461020534741,5,1,1,9
43,0,140.34229609783412,21.0,21.0,40.0,29.811094768392017,22.949714610376667,3.286918212,6.568422984102493,0,0,0,0
43,1,140.34229609783412,19.19622189536784,19.058994292207533,49.49694568817837,29.811094768392017,22.949714610376667,3.286918212,3.286918212,0,0,0,1
43,2,139.27681877421315,18.212373485997336,18.12045143039933,60.95800739355175,37.56502398388372,26.107541045968468,0.9555085655518278,3.286918212,0,0,0,2
43,3,136.67774342287902,18.12516206941578,18.18410496334684,72.50247239378896,36.323127454673454,27.81278921331106,1.0344922432463612,0.9555085655518278,0,0,0,3
43,4,126.78850674928007,19.429598316900307,19.319130109234315,69.06727349399867,34.444080987749395,29.80481401341568,1.2361545841998662,1.0344922432463612,1,0,0,4
43,5,109.8014226604664,20.691019702639835,20.570176627578945,65.78464844465249,36.39785218583333,28.698675317799022,2.1233855111017106,1.2361545841998662,2,0,0,5
43,6,85.34113326411597,20.180843193277106,21.533701643649533,61.826464693177314,36.121344844371016,25.22207875854469,3.975602301068928,2.1233855111017106,3,0,0,6
43,7,63.20972571585459,19.397319833199045,21.172475915053106,58.05886779639651,32.942434293400204,29.45980516892865,4.715582084674133,3.975602301068928,4,0,0,7
43,8,52.42219909423357,18.54424275458216,17.840388714636735,52.83651368889943,31.44280786390493,22.87744709444464,5.393763310810511,4.715582084674133,5,0,1,8
43,9,32.16982816151592,17.853206176937437,19.86330897499333,63.13993272195359,33.37362654202585,23.86759030827504,5.049292147680222,5.393763310810511,5,1,1,9
44,0,334.14494365700176,21.0,21.0,40.0,25.90418423101937,18.722284496043383,7.387351990978872,2.421659745766675,0,0,0,0
44,1,296.86288732727627,21.19656583873353,21.9427050983125,48.0327643708713,25.90418423101937,18.722284496043383,7.387351990978872,7.387351990978872,0,0,0,1
44,2,296.86288732727627,19.800723662669352,19.45203623305339,56.24820061192786,25.941797518713987,19.69951493160024,9.225697097092793,7.387351990978872,0,0,0,2
44,3,294.35002136716616,18.17435967559081,18.15586674336668,64.73567462360201,27.15978129825489,19.99285209993484,10.252409363366697,9.225697097092793,0,0,0,3
44,4,267.38437874566114,18.19715282323624,18.159140961167942,73.09240915566457,27.74691262881912,18.67939032708398,10.594897304164617,10.252409363366697,0,0,0,4
44,5,215.1000685382057,18.10386546156076,18.14667718059016,66.00402746708542,25.440185706857164,18.513249356592056,9.394529849405204,10.594897304164617,1,0,0,5
44,6,166.50642707512318,18.09260428794469,18.08275716754921,59.46259064757618,27.205655019715987,19.78636264967712,8.982134478777244,9.394529849405204,2,0,0,6
44,7,124.84029580619404,18.027471828013898,18.021676969479287,54.394801235880834,31.443991504786457,23.7349562080172,7.858073185010663,8.982134478777244,3,0,0,7
44,8,85.2057856870561,17.852235091697047,17.91171448250126,49.90255799197047,31.555746089639232,26.82068033308093,7.385160707430942,7.858073185010663,4,1,1,8
44,9,40.87244886667059,19.62412051597343,19.589315003250256,60.80417788360208,30.70631986380228,29.85823508970669,7.388889470064255,7.385160707430942,4,1,1,9
45,0,133.82692811592258,21.0,21.0,40.0,30.254637820087137,24.15019091140085,4.706471405544279,4.186657216829217,0,0,0,0
45,1,133.82692811592258,19.205092756401744,19.08300381822802,49.79286917166784,30.254637820087137,24.15019091140085,4.706471405544279,4.706471405544279,0,0,0,1
45,2,129.27668970875948,18.03430730685907,18.038881673422736,59.21313093549671,29.105258078665106,23.22952949816192,4.322788377059762,4.706471405544279,0,0,0,2
45,3,118.68272556765582,18.206620729581427,18.18399502548661,69.4489344949381,31.93629455773724,24.92928077249275,3.563578461605607,4.322788377059762,0,0,0,3
45,4,110.55253049965388,18.290824312082528,18.21492445217769,80.89909339347224,37.20700033061553,26.404993550129674,3.5401861496586355,3.563578461605607,0,0,0,4
45,5,90.63861000053726,18.14302000866913,18.221900128997405,77.93353353100517,36.858000764071846,30.0,3.914533397439822,3.5401861496586355,1,0,0,5
45,6,75.88447469451248,18.072574305090185,18.057294901687516,75.10548829916208,37.621970934205024,30.0,3.042716073903034,3.914533397439822,2,0,0,6
45,7,65.26769376574342,17.885962100438828,17.942705098312484,71.7667560864561,34.784821040522374,30.0,2.153209009614372,3.042716073903034,3,1,1,7
45,8,50.90137356691662,19.25198532566493,19.099125775059303,68.6458599134639,36.39342691166532,29.601594349489066,1.7957900248533507,2.153209009614372,4,1,1,8
45,9,29.575533102268672,20.14876419686017,19.99529174622437,64.56705525498317,35.31991162187953,25.353395831005383,2.6657300580809933,1.7957900248533507,5,1,1,9
46,0,159.76426927976365,21.0,21.0,40.0,29.4495500706672,18.6187221624415,5.635608556225983,5.565058434578892,0,0,0,0
46,1,159.76426927976365,19.188991001413346,18.97237444324883,48.652289001959566,29.4495500706672,18.6187221624415,5.635608556225983,5.635608556225983,0,0,0,1
46,2,152.22166174965574,18.20475569409261,18.09607456805644,58.98074213288544,36.822589690922285,20.557705480888096,5.831586942675515,5.635608556225983,0,0,0,2
46,3,135.5063548672475,18.07797749853804,18.322416316786367,70.21273960173126,33.221464617825134,29.178521320207217,6.267322567,5.831586942675515,0,0,0,3
46,4,99.4642019633196,18.170353459842055,18.199693831365085,66.43777915219192,32.46862777867955,29.89270305721302,6.462576782285655,6.267322567,1,0,0,4
46,5,69.69631966726735,18.17813385415408,18.068724257413106,62.18454170675725,33.87532048638328,25.828915927868483,5.687057486757116,6.462576782285655,2,0,0,5
46,6,46.73276768302152,18.020105146696416,17.972454497345556,56.83303282732503,32.01583273682822,21.586895710770563,4.504129683,5.687057486757116,3,0,1,6
46,7,26.16181842935045,17.248360977779,19.24108361459441,52.097997346696445,32.298626710154295,24.728953953020262,3.504313734429956,4.504129683,4,1,1,7
46,8,13.277353001336635,19.738478668711824,18.957922009314725,46.73241048108606,31.33075541544981,22.19376199782585,1.610558178501727,3.504313734429956,5,1,1,8
46,9,7.994980085749457,20.817430705758373,20.9055303502488,56.466906262760304,30.69194989342392,23.388582226988508,0.8803954859311962,1.610558178501727,5,1,1,9
47,0,165.83493078310758,21.0,21.0,40.0,29.243793583307443,15.3766626812058,2.378815055016228,4.777329732,0,0,0,0
47,1,165.83493078310758,19.18487587166615,18.90753325362412,48.03168212761239,29.243793583307443,15.3766626812058,2.378815055016228,2.378815055016228,0,0,0,1
47,2,163.41342179508433,18.12913001930627,18.05864697151479,56.722048942239184,32.835549464245176,15.444266172570392,1.6999933044528066,2.378815055016228,0,0,0,2
47,3,156.02093866810483,18.14405383646229,18.264370937824275,66.38823872544538,32.53824128736074,21.16281306378475,2.505234705916943,1.6999933044528066,0,0,0,3
47,4,138.6221765387537,20.188268665911217,19.93990293853912,76.96485072415244,34.68624269827398,24.0727128500986,2.899793688225188,2.505234705916943,0,0,0,4
47,5,109.30059961051924,21.20627430325748,21.144509776601712,72.31502567721274,32.15734210240793,25.3436298590382,3.665197116029311,2.899793688225188,1,0,0,5
47,6,96.479151839628,20.04532135213685,19.820714209218995,68.15343730493164,33.09834007672874,27.11505785504288,3.83180229053476,3.665197116029311,2,0,0,6
47,7,88.18806742577547,18.04687381508844,18.009754407728078,62.97951149367324,29.907189280175064,24.682111768389365,4.145542206926265,3.83180229053476,3,0,0,7
47,8,65.32345449521556,17.89545579151822,17.87960456131751,58.48112885793641,32.179978856086194,26.16233983426476,4.256385115332762,4.145542206926265,4,1,1,8
47,9,29.390060538,18.969373913910804,18.839142077725747,54.24847569432066,33.283976898865824,26.534616636602195,4.491674244651945,4.256385115332762,5,1,1,9
48,0,206.2010461067042,21.0,21.0,40.0,32.077185826254336,16.38042125620044,6.6251186068522285,7.473919274,0,0,0,0
48,1,206.2010461067042,19.241543716525086,18.92760842512401,48.72236927484186,32.077185826254336,16.38042125620044,6.6251186068522285,6.6251186068522285,0,0,0,1
48,2,199.04539354409047,18.17311662943751,18.257493698932645,60.288923274639885,37.868272213754224,26.39036111845704,5.5964268643967054,6.6251186068522285,0,0,0,2
48,3,184.6523097257653,18.07217324176275,18.20556682526926,71.65513787772619,33.97693430189244,29.16870238192036,5.965579643828574,5.5964268643967054,0,0,0,3
48,4,155.29187759989065,18.18878403201595,18.15356663313852,67.7651249279533,34.14562607144157,27.576524207597902,5.175895917,5.965579643828574,1,0,0,4
48,5,127.99212237175198,18.165838811903956,18.19846951584804,64.45388692794833,34.93756666663909,30.0,5.178223382386878,5.175895917,2,0,0,5
48,6,105.18495890838174,18.065483543140108,18.038477688593723,61.04699178317257,35.346998739268926,29.05913934531021,4.6659872244714125,5.178223382386878,3,0,0,6
48,7,83.8891585362664,17.952463473683554,17.961522311406277,57.89727693458062,35.834917507822496,30.0,4.243618137237089,4.6659872244714125,4,1,1,7
48,8,56.958942312073546,19.91765747107308,19.777787883953387,68.58430850096644,33.11499719058823,26.257400400444176,4.488369370698809,4.243618137237089,4,1,1,8
48,9,22.14418892383588,20.626479325418945,20.563559765527927,63.03024471339863,28.860722601873697,23.61670080052735,4.351844173529709,4.488369370698809,5,1,1,9
49,0,125.83420062487816,21.0,21.0,40.0,34.66788230859014,19.37149424433721,3.935726773728825,7.358534679,0,0,0,0
49,1,125.83420062487816,19.293357646171803,18.987429884886744,49.727087779526926,34.66788230859014,19.37149424433721,3.935726773728825,3.935726773728825,0,0,0,1
49,2,123.7405727532353,18.10253082532489,18.128779689386384,60.504661961080224,36.92967849045933,22.945733629281232,1.9630760674647807,3.935726773728825,0,0,0,2
49,3,121.19121099567236,18.200885952865253,18.142548907151895,71.6731498827881,39.473976133722616,22.573178986876645,0.9513528979715836,1.9630760674647807,0,0,0,3
49,4,114.36619104936402,18.173109920199646,18.25807132937757,68.38488551144147,38.858962312456505,26.206235624506657,1.2111029122418622,0.9513528979715836,1,0,0,4
49,5,97.7259896485162,19.71448719885149,19.438990028749835,64.9049206686532,38.25031634262834,25.74987897521464,2.080025175105979,1.2111029122418622,2,0,0,5
49,6,70.44902512135933,20.885221495076912,20.81935105873077,61.302908109351634,35.37406590857813,27.9480865397465,3.409620565894609,2.080025175105979,3,0,0,6
49,7,50.975310040491706,19.59633099843256,20.96567759290967,57.87887037067473,34.310901451794976,30.0,4.182260846320386,3.409620565894609,4,0,0,7
49,8,42.4758812644917,18.508694041274307,18.03169630398188,54.12142211848368,32.88415438431264,29.574466436848137,4.249714388,4.182260846320386,5,0,0,8
49,9,34.89766875993003,17.818440526366214,17.770520157402064,65.00200355945657,33.0766905338719,27.37098413819972,4.513349779310955,4.249714388,5,1,1,9
50,0,45.18256443112424,21.0,21.0,40.0,29.218066717050583,15.959486398172444,2.0654438238572403,2.993402286830668,0,0,0,0
50,1,45.18256443112424,19.184361334341013,18.91918972796345,48.13195956074014,29.218066717050583,15.959486398172444,2.0654438238572403,2.0654438238572403,0,0,0,1
50,2,43.48248211673261,17.992123006438177,18.2380532525034,56.28851878200612,25.95947195458388,19.354745941338184,1.121347818449251,2.0654438238572403,0,1,0,2
50,3,37.805349027553625,19.80295591867663,18.142649775090213,64.70295049925963,27.759608177781093,18.98723469584954,1.2371391513650158,1.121347818449251,0,1,0,3
50,4,34.92822600171373,20.46870020452265,20.44770748773088,74.08083862647376,27.475923277652807,24.62345520687017,0.5195271419991128,1.2371391513650158,0,1,0,4
50,5,33.45259764644823,21.619981344633874,20.85894084768384,68.40888089461693,33.40208461630324,18.420372428936545,0.1959068481422173,0.5195271419991128,1,1,0,5
50,6,31.40902704595568,22.23716528360206,20.43505372135625,62.9468532739899,31.79031858007983,21.198416860881103,0.3305991952151142,0.1959068481422173,2,0,0,6
50,7,23.16974617639645,20.974540382317983,21.769001265974683,57.88389272874197,32.62208216813495,22.58369258048766,1.3399342346409415,0.3305991952151142,3,0,0,7
50,8,7.571372262478794,21.07877483933256,21.98137265197216,53.57301550810931,35.721868217105595,23.662147223824093,2.3570083858961146,1.3399342346409415,4,0,0,8
50,9,1.500702653802514,19.37930729984526,19.026198842428396,49.30648354143992,30.769015885463187,28.861362077484664,2.969739150353873,2.3570083858961146,5,0,0,9
51,0,70.22503657893151,21.0,21.0,40.0,30.64393802657934,20.32068332507236,3.015526451626599,6.171850198506405,0,0,0,0
51,1,70.22503657893151,19.212878760531588,19.006413666501448,49.17363184329731,30.64393802657934,20.32068332507236,3.015526451626599,3.015526451626599,0,0,0,1
51,2,69.17911425604521,18.0078539051174,18.108639865776023,58.36439939426033,28.17188819807372,22.88793152949864,0.8838697617781637,3.015526451626599,0,0,0,2
51,3,66.21118148339154,18.15023758075884,18.121688520920326,67.30250186033605,28.18376723601623,21.472357575515527,1.0028936449637966,0.8838697617781637,0,0,0,3
51,4,59.47872421281861,19.33697443850014,19.207644949877192,62.33278316250609,31.30924767039048,24.41453734166527,0.8415571588216164,1.0028936449637966,1,0,0,4
51,5,49.676332953861404,20.471331605251173,20.41106813295957,57.29427199092166,30.14736027311659,25.19424432919215,1.2252989073696512,0.8415571588216164,2,0,0,5
51,6,38.12834360449547,20.525935636872564,21.4128457719225,51.5023009225298,26.11876556017168,25.03695072654021,1.6684211715292987,1.2252989073696512,3,0,0,6
51,7,20.854946156639645,19.96922317489248,20.942132975381604,46.316452567426936,27.268636475760243,27.254428218112764,3.4611994257910537,1.6684211715292987,4,0,0,7
51,8,5.064910112655425,20.12178236574469,21.18512663750812,55.68490143200977,24.35421606980689,27.6927220667644,4.843064963661915,3.4611994257910537,4,0,0,8
51,9,2.653466465444486,19.30730644743173,19.147788473901883,64.57683964769254,23.81156553641412,25.58809121737903,5.062932254006196,4.843064963661915,4,0,0,9
52,0,213.0761993322425,21.0,21.0,40.0,26.97908180760525,21.78795921492037,5.487051280769098,5.792119723600514,0,0,0,0
52,1,213.0761993322425,19.139581636152105,19.03575918429841,48.77806738405461,26.97908180760525,21.78795921492037,5.487051280769098,5.487051280769098,0,0,0,1
52,2,206.141065404382,18.099350334803077,18.165438587837176,58.90792684149646,29.081853463384,27.19514352240409,5.474302849034235,5.487051280769098,0,0,0,2
52,3,192.4467613502046,18.118540857278337,18.187729338202853,69.09421805826933,27.508896327301755,29.081610432547564,5.031784312788423,5.474302849034235,0,0,0,3
52,4,180.82491894201752,18.29285029275881,18.126062603818287,79.71334180498685,32.88090113399442,26.11423079221399,4.887322591539923,5.031784312788423,0,0,0,4
52,5,155.98563764682433,18.239449331858317,18.09378735754732,75.63159575635507,37.35336772691018,23.303598669579863,4.724393558605451,4.887322591539923,1,0,0,5
52,6,131.46991772402615,18.078806496395835,18.12681326698404,72.3691193477669,38.4289474623262,26.779516934406207,4.901636775385383,4.724393558605451,2,0,0,6
52,7,104.94390270015772,17.918660066020387,17.883731438901957,68.35947471385508,37.22669584772122,23.8308339638798,5.401596740240587,4.901636775385383,3,1,1,7
52,8,63.17373572356284,19.29239461422839,19.052992252369773,65.39989355374281,39.69263163843063,27.198584138723422,5.221270872074358,5.401596740240587,4,1,1,8
52,9,36.07594638247713,20.90099401974656,20.780239894585964,77.60205693291513,38.70926911843311,29.08052743252425,4.516298223514285,5.221270872074358,4,1,1,9
53,0,166.9194122792406,21.0,21.0,40.0,32.15040635947739,16.98588571567614,5.906667666199581,6.967597182107072,0,0,0,0
53,1,166.9194122792406,19.243008127189547,18.939717714313524,48.84453257352764,32.15040635947739,16.98588571567614,5.906667666199581,5.906667666199581,0,0,0,1
53,2,160.1924317592776,17.926481173002003,18.11371925746712,57.019560790902105,25.609719925201645,19.8071035046565,5.369467027425401,5.906667666199581,0,1,0,2
53,3,140.0922146450065,19.687935870266035,18.25226515122969,66.31541134258637,26.723253109882407,24.9203610661413,4.316539115878264,5.369467027425401,0,1,0,3
53,4,128.78725921738717,20.535984284073507,18.117285477484835,75.45780786772124,29.276966697170145,21.514125109134675,3.419674861677416,4.316539115878264,0,1,0,4
53,5,109.95556418818812,20.17295022901469,18.190934276637265,70.08422339310297,29.95392794946264,23.526158302658114,3.473886534026832,3.419674861677416,1,1,0,5
53,6,85.92150968838433,20.180555989773666,18.09155577723471,65.15427296328825,30.705517754344644,25.239202080017986,4.429651488424386,3.473886534026832,2,1,0,6
53,7,52.04618846197137,19.998083609081704,20.314548947676617,60.29412384867626,27.31391237481465,29.01859254400765,4.424865992195785,4.429651488424386,3,1,0,7
53,8,24.19501674235468,21.04251126987914,19.85297319830387,54.38601950436998,23.082586011808587,27.427945408712063,4.084651291384853,4.424865992195785,4,1,0,8
53,9,10.569402876100504,21.635242368797925,19.95579866968834,63.98473298760358,25.170508358217145,28.15567765974726,3.490175091142972,4.084651291384853,4,1,0,9
54,0,124.5543034162494,21.0,21.0,40.0,33.19546111629865,19.02161508290255,4.268166451987251,7.251146528503431,0,0,0,0
54,1,124.5543034162494,19.26390922232597,18.98043230165805,49.39907371585622,33.19546111629865,19.02161508290255,4.268166451987251,4.268166451987251,0,0,0,1
54,2,121.50022039525636,18.03605908698964,18.139650793176592,59.34822812283336,32.133670381405466,23.139409657356428,2.6890425279620382,4.268166451987251,0,0,0,2
54,3,117.76042453204822,18.09811064342586,18.15708733728177,68.8941643561793,29.539202552698423,23.493776521445675,1.325318237549589,2.6890425279620382,0,0,0,3
54,4,114.67038066253272,18.16829933404293,18.215486900827432,78.55679316410934,28.6836594235974,24.997611731569428,1.2384585831093164,1.325318237549589,0,0,0,4
54,5,100.17743885585412,19.507587377783167,19.420561408342092,73.43277196716197,29.25501693806712,25.61153196778081,1.8116177258348232,1.2384585831093164,1,0,0,5
54,6,76.78778004637161,20.690083056339272,20.69694319245762,68.79800303871937,29.27349989995337,28.311117164254465,2.923707351185316,1.8116177258348232,2,0,0,6
54,7,45.81837616936772,20.562064727901987,21.69697505807403,64.05456823859902,28.280102745977533,28.7008150311316,4.563930091897991,2.923707351185316,3,0,0,7
54,8,16.947272264659727,20.48298261189695,21.003077698487203,59.67888428165056,34.22146010594014,24.802517911012835,5.261695112380197,4.563930091897991,4,0,0,8
54,9,7.411692125432,18.637652549605225,18.31805940815653,55.51189515701944,34.18081226281503,26.002581489234323,4.767790069613863,5.261695112380197,5,0,0,9
55,0,65.70496968948747,21.0,21.0,40.0,28.997468520857502,17.531056450986682,3.4418711599988705,5.760294626200038,0,0,0,0
55,1,65.70496968948747,19.17994937041715,18.950621129019734,48.37513449493196,28.997468520857502,17.531056450986682,3.4418711599988705,3.4418711599988705,0,0,0,1
55,2,62.553869424155934,17.979709795847867,18.030596699066297,55.81171921371631,25.11821322887552,16.196146319926427,2.330840189993881,3.4418711599988705,0,1,0,2
55,3,56.4122700191384,19.61627176812358,18.221856751246573,63.84408948669963,24.83529541209621,19.7889838822556,1.3006965459673971,2.330840189993881,0,1,0,3
55,4,48.42758474372523,20.5008881292716,20.60042950958921,73.58592201116268,29.509372488704827,24.611919313867688,1.38163281,1.3006965459673971,0,1,0,4
55,5,36.7168861187474,21.667264405817317,20.84610922476756,67.83521104029828,30.70175814849115,20.68318090226213,1.5805876784301445,1.38163281,1,1,0,5
55,6,27.911873720980267,22.22969741835013,19.7098260549167,62.139789269899495,31.09262808722004,20.599473188342312,1.617484627717121,1.5805876784301445,2,0,0,6
55,7,22.80851942500396,19.61258046258107,21.174053683048545,56.92511927132696,28.064920590705103,26.29802386166976,1.0482623972389682,1.617484627717121,3,0,0,7
55,8,17.841774632890935,18.599481793506943,18.112193779276385,52.88977107715232,30.928517329550584,29.98621492503469,2.483372396056511,1.0482623972389682,4,0,0,8
55,9,2.944602571571608,19.48042329630517,18.839820118589053,62.88188407533622,32.30456770133104,23.207171177468403,3.4207754607158347,2.483372396056511,4,0,0,9
56,0,268.4811789767278,21.0,21.0,40.0,26.61957445211669,15.038631154240514,7.728012001146649,4.456424009021792,0,0,0,0
56,1,255.9649138229402,20.12935182327566,19.52340930189061,47.498477009144295,26.61957445211669,15.038631154240514,7.728012001146649,7.728012001146649,0,0,0,1
56,2,255.24170261475572,18.077467775461734,18.10857148549725,55.639999136544205,27.628218140827848,17.6024603447272,9.11409239217624,7.728012001146649,0,0,0,2
56,3,226.1365171207433,18.186274895907093,18.18577578587852,64.42997740001478,29.44196293618293,19.39124963865361,9.658710879041282,9.11409239217624,0,0,0,3
56,4,203.17500652973573,18.272581147427427,18.26685378507696,74.73748651677562,33.800510476306364,23.46342906125385,9.281501885279614,9.658710879041282,0,0,0,4
56,5,159.4890895380678,18.05754939207969,18.168241653314293,69.37711504208232,29.17798008029097,24.37551172696851,8.427360631162706,9.281501885279614,1,0,0,5
56,6,119.4518736114054,18.145889253493756,18.11933837270326,65.37248397278688,33.60769767060292,27.47768527775572,7.640240941018946,8.427360631162706,2,0,0,6
56,7,88.80570885138613,17.863350385238775,17.94832015826908,60.70419602543747,29.63996201691753,27.758438275585707,6.204195168096462,7.640240941018946,3,1,1,7
56,8,47.581754209660566,19.21885219956322,19.033555088616403,56.8326384470157,34.90749453588269,26.91718558399636,5.152994330215695,6.204195168096462,4,1,1,8
56,9,20.93077686350925,20.737085040171024,20.664891326860666,67.27461848567069,32.20007127223505,25.810928942514856,4.441829557691886,5.152994330215695,4,1,1,9
57,0,247.02151953882472,21.0,21.0,40.0,31.569373378022984,21.37348539219084,7.598820827,6.0967536474952775,0,0,0,0
57,1,247.02151953882472,19.23138746756046,19.027469707843817,49.52971457863849,31.569373378022984,21.37348539219084,7.598820827,7.598820827,0,0,0,1
57,2,238.1894144133679,18.10454549740069,18.003076567831485,58.99671951399151,33.931903163682385,18.662568699389933,7.96998135,7.598820827,0,0,0,2
57,3,215.5211529083115,18.233628454041323,18.277844387699417,70.36698002501147,38.11332586574945,25.05478808436148,7.719059936407361,7.96998135,0,0,0,3
57,4,178.96120974714037,18.26139243925917,18.26078821221854,68.09948286008137,41.91243799745935,28.823688864040044,6.693848707607271,7.719059936407361,1,0,0,4
57,5,150.1802426995178,18.00010498674492,18.101432483902048,64.04582293097403,34.41768733470548,26.39531305914268,5.838037227263794,6.693848707607271,2,0,0,5
57,6,123.13419283834378,18.07932043026253,18.113406107229377,60.69539360891858,35.51896376345633,29.200873336235624,5.194225076969724,5.838037227263794,3,0,0,6
57,7,99.43551071484106,18.02962930176081,17.93506507465263,58.05852190495935,39.86517393587248,28.81887215324292,4.804940062676389,5.194225076969724,4,0,1,7
57,8,67.45434441987592,17.883150493214412,19.191002201764764,55.93260765234624,41.52269859659381,30.0,4.927712319463442,4.804940062676389,5,1,1,8
57,9,36.768708394980536,20.634837169181083,19.917936436711862,68.27562504567614,42.39978992351935,26.17252892831344,5.1142726708158985,4.927712319463442,5,1,1,9
58,0,227.54124544871223,21.0,21.0,40.0,25.37415128584443,15.58139350111973,6.931968185400623,4.269489586438487,0,0,0,0
58,1,216.19700451999705,20.0509582051992,19.60466350901257,47.37199806165355,25.37415128584443,15.58139350111973,6.931968185400623,6.931968185400623,0,0,0,1
58,2,215.5206352923771,18.112932894573625,18.048315886535782,55.1639269229165,28.15605093014989,15.1324427435332,7.446575945898799,6.931968185400623,0,0,0,2
58,3,193.77014489999743,18.074222002307003,18.183880767075024,62.57878070861791,24.36715104550054,16.826481097285097,7.074442748072419,7.446575945898799,0,0,0,3
58,4,175.55434678059336,18.30790984818477,18.24318349704526,71.6160910621403,30.4921336234914,19.715146118299657,6.674299196334497,7.074442748072419,0,0,0,4
58,5,140.08133417605512,18.18528361378561,18.164381091514205,66.10038376336107,32.25631431277226,20.434200694009803,6.6748101,6.674299196334497,1,0,0,5
58,6,106.99419904460602,18.07451430620583,18.11303624140405,61.24132316269544,33.11728453868787,23.22126767983641,6.429578820330066,6.6748101,2,0,0,6
58,7,81.72140282939024,17.967154437485036,17.948408051825464,56.65363319619957,34.339751497315454,23.50641535548529,4.951146175083752,6.429578820330066,3,1,1,7
58,8,47.17423241339024,19.2195458802674,19.05749792587676,52.1622795184572,33.382480980706234,24.99888747628065,4.318396302,4.951146175083752,4,1,1,8
58,9,22.81173816539024,20.805149724543064,20.642592205070656,62.81659382483774,34.874615162463826,24.31601987298364,4.060415708,4.318396302,4,1,1,9
59,0,220.202557851484,21.0,21.0,40.0,26.483845303341628,21.9133357931149,7.0424736869756295,2.341308708694496,0,0,0,0
59,1,186.5361571234208,21.102822773290303,21.845600297262948,48.711492597362174,26.483845303341628,21.9133357931149,7.0424736869756295,7.0424736869756295,0,0,0,1
59,2,186.5361571234208,19.79562955086247,19.427357114719797,58.20483748574591,30.00638194150466,22.73442299396057,9.287013822977675,7.0424736869756295,0,0,0,2
59,3,185.179808454736,18.12246928984216,18.190299320363167,67.81309986597785,28.629846433613373,24.74938901211956,10.440992996153298,9.287013822977675,0,0,0,3
59,4,161.94607553181334,18.19324283217576,18.140160231956592,77.0846062841517,29.021478211153376,22.48689077870142,9.536350687728076,10.440992996153298,0,0,0,4
59,5,118.78556593061096,18.166906844680312,18.12744099239032,71.30524323596127,29.86682044516908,21.3589403982174,7.8697445519273215,9.536350687728076,1,0,0,5
59,6,86.9924785622635,18.04941407492877,18.121143764930707,66.0295925161308,29.47277910723153,24.55138356037698,6.084613301747831,7.8697445519273215,2,0,0,6
59,7,63.11911727973793,17.936439563441173,18.01004366254115,61.30359906051655,29.159502363666185,27.918311771810146,4.621233719129699,6.084613301747831,3,1,0,7
59,8,36.21821618591723,19.15154482409914,17.822092517417488,56.22466276926629,28.59408296148077,26.522937642684443,3.994757060864592,4.621233719129699,4,1,1,8
59,9,17.2998864779203,19.982395791921338,20.23573272779124,66.37004875001952,31.81909662767957,24.54415882094948,3.153054951332821,3.994757060864592,4,1,1,9
60,0,270.2241990457082,21.0,21.0,40.0,28.238716441256617,21.80676443699532,5.895737675284039,6.303220308711328,0,0,0,0
60,1,270.2241990457082,19.16477432882513,19.036135288739903,49.00818655808535,28.238716441256617,21.80676443699532,5.895737675284039,5.895737675284039,0,0,0,1
60,2,263.82742397231243,18.075494636921334,18.08924536628183,58.46772491462403,29.14870320294833,23.404287666710992,5.250696485511845,5.895737675284039,0,0,0,2
60,3,248.02868270317683,18.248932020667723,18.12857176968622,68.62479738434843,34.0953042363352,22.33287615102256,5.474109280589384,5.250696485511845,0,0,0,3
60,4,234.7122466002612,18.17752128110977,18.245095547456625,79.24803777192119,33.70085846057591,25.31714369260612,5.747043852998098,5.474109280589384,0,0,0,4
60,5,203.85596288760075,18.074143914045944,18.200179488617017,74.64018878346063,29.90805416287307,27.82611812345712,5.873052932573664,5.747043852998098,1,0,0,5
60,6,172.80147183433223,18.000593311623096,18.03491700069915,69.32062437552506,27.072974659652346,26.707223074038943,6.073615911555651,5.873052932573664,2,0,0,6
60,7,136.13550487105343,17.95931839603446,17.94465663480436,64.16814347551414,27.903639545750966,26.80479989863286,6.927993398249087,6.073615911555651,3,1,1,7
60,8,82.08948624131423,19.15578554431009,19.151693126374468,60.04456199225601,30.42454731523256,30.0,6.755752328717398,6.927993398249087,4,1,1,8
60,9,34.684664555683774,20.02977969852518,20.046274166185917,55.70716131173559,29.236662885997664,30.0,5.925602710703807,6.755752328717398,5,1,1,9
61,0,66.92297289212756,21.0,21.0,40.0,34.80509278865018,22.839674169226885,5.284903714037762,7.108807753091166,0,0,0,0
61,1,66.92297289212756,19.296101855773006,19.05679348338454,50.37605805241788,34.80509278865018,22.839674169226885,5.284903714037762,5.284903714037762,0,0,0,1
61,2,63.6137305363262,18.1378706527555,18.16148462486308,62.41500537302776,38.833880342049866,28.04916032800504,3.560243604240781,5.284903714037762,0,0,0,2
61,3,58.220043544848885,18.09239514961025,18.127547819932204,73.73343941951991,35.95363782256288,26.92655132461576,2.176339627650459,3.560243604240781,0,0,0,3
61,4,56.81430336891524,18.18214798966704,18.22220922711202,70.35370487777418,35.790527474666575,28.766502848968244,0.2453359646003092,2.176339627650459,1,0,0,4
61,5,50.11889452091524,19.503004803410647,19.518656660246315,65.90467282515172,28.616488596541927,30.0,0.836926106,0.2453359646003092,2,0,0,5
61,6,39.5702382491006,20.83118406581353,20.757399880120285,62.32647048293467,33.45443143212744,30.0,1.3185820339768304,0.836926106,3,0,0,6
61,7,21.385558192764314,20.716852768894046,21.530251228623303,59.17362148688558,36.26000267262987,29.557502904875232,2.834439280078465,1.3185820339768304,4,0,0,7
61,8,2.53266275891259,20.155831968196143,20.975017080451767,56.38023260365115,38.01914653290039,29.79535967135276,3.795817377692595,2.834439280078465,5,0,0,8
61,9,2.442345461360784,19.313094492766396,18.89329920674073,68.58125764566951,37.78347245565754,30.0,4.916483761448309,3.795817377692595,5,0,0,9
62,0,178.5235434614015,21.0,21.0,40.0,26.99117210300796,17.055563209259258,4.462930448893935,6.577737058525979,0,0,0,0
62,1,178.5235434614015,19.13982344206016,18.941111264185185,47.9284123562081,26.99117210300796,17.055563209259258,4.462930448893935,4.462930448893935,0,0,0,1
62,2,173.0441398822488,18.081812630554715,18.10490321058192,56.5059590522708,28.21705854636809,19.43597865398028,3.788765335727567,4.462930448893935,0,0,0,2
62,3,164.13718124592776,18.273789003964104,18.21840159640909,66.81322115169249,34.40650874457375,22.85605847443565,3.004737383167191,3.788765335727567,0,0,0,3
62,4,158.00118658330638,18.24544014835498,18.21118788895806,77.89275204768235,37.40800633107499,24.14494309109093,2.792658882273697,3.004737383167191,0,0,0,4
62,5,143.05012018139348,18.068087386810006,18.079678335736308,72.60217444658909,33.312375671575445,20.62885987790645,2.890454681873916,2.792658882273697,1,0,0,5
62,6,122.9670002155398,17.944568277101002,18.124207710150245,66.89927250038184,27.67604444225004,23.974500301043022,3.78728428,2.890454681873916,2,1,0,6
62,7,82.34807511426177,19.41047198631693,19.238273384182307,62.32222503144229,30.49358893919986,27.41170290002481,5.113588413261682,3.78728428,3,1,0,7
62,8,38.59794282841085,20.42202071967562,20.13147757784413,58.07205235777965,33.160499747933585,26.560763176162883,5.616341519197003,5.113588413261682,4,1,0,8
62,9,16.016895159643425,21.76782033669294,19.64011508823832,68.76321323880433,32.751633619812885,26.64370460810192,5.779208970750829,5.616341519197003,4,1,0,9
63,0,229.38254451978923,21.0,21.0,40.0,28.010417639701927,24.12407232294737,3.960863727164933,3.658086718561216,0,0,0,0
63,1,229.38254451978923,19.16020835279404,19.08248144645895,49.38420819327688,28.010417639701927,24.12407232294737,3.960863727164933,3.960863727164933,0,0,0,1
63,2,224.9536794827077,18.195737917247467,18.05729742480469,60.01442623464805,34.9325684176997,24.12419847880682,3.888757863,3.960863727164933,0,0,0,2
63,3,213.86766567102532,18.06069323200597,18.183349084544563,70.14102512497406,30.46723001799835,25.79165270603508,4.141915000459443,3.888757863,0,0,0,3
63,4,189.1895828305452,18.15964746635486,18.17530042013072,64.94477145442086,29.17909350449297,25.286163881322544,4.225269023746716,4.141915000459443,1,0,0,4
63,5,166.79384947603367,18.166909026683616,18.17414435826347,60.11799824839143,30.024544838673823,26.49338179449605,4.129135117076903,4.225269023746716,2,0,0,5
63,6,140.42662406522146,18.037763805534556,18.062009529330897,55.15787682577576,29.04799003102562,26.72911317666512,5.193176005,4.129135117076903,3,0,0,6
63,7,109.20290009987352,18.02282803524799,18.002217088613968,51.45446974829319,33.05413687780154,29.70471269173977,6.010732625,5.193176005,4,0,0,7
63,8,74.80554124097166,17.948952560494142,17.855905746165195,48.69478743074487,38.001764902509294,30.0,6.568302135683668,6.010732625,5,1,1,8
63,9,34.24301629455881,19.79120727767455,19.633438161833563,61.16593587200192,39.28415800698361,30.0,6.760420824402143,6.568302135683668,5,1,1,9
64,0,344.70007882937847,21.0,21.0,40.0,34.4068780681242,19.315241752097823,5.533428652391688,2.363734999653362,0,0,0,0
64,1,320.0720532721942,20.7825086198726,21.9427050983125,49.669981567639965,34.4068780681242,19.315241752097823,5.533428652391688,5.533428652391688,0,0,0,1
64,2,320.0720532721942,19.748865849234534,19.24526440876586,58.9116145419689,29.559765129886983,21.78264028305155,7.961128980729184,5.533428652391688,0,0,0,2
64,3,289.0210141381665,19.916274881527503,19.43174972367537,69.3844441622538,31.444645679141026,26.737741100219523,9.481031155821697,7.961128980729184,0,0,0,3
64,4,289.0210141381665,18.3810507291198,18.39329286447772,79.96584543286346,32.72066660719193,26.06489600730617,9.453667639875276,9.481031155821697,0,0,0,4
64,5,244.16128668765964,18.114082036142992,18.097433670781555,74.75088806579403,30.92476841434141,23.436579546384007,9.077297849175002,9.453667639875276,1,0,0,5
64,6,194.29170099128768,17.99551862878877,18.078756529276696,69.17309889093849,27.83595476940409,24.50966092584292,9.522550697,9.077297849175002,2,1,0,6
64,7,131.87448879887995,19.29240859176764,17.960150281942887,63.27599039553641,25.18969936262513,25.3819201073633,9.331505147,9.522550697,3,1,1,7
64,8,67.15302407887994,19.51385150916421,19.956195337955936,58.69199337293775,27.866683207785176,30.0,8.09018309,9.331505147,4,1,1,8
64,9,28.04110558936187,21.323034138287305,21.202464408572823,69.38279260263042,29.39332905384817,30.0,6.518653081586344,8.09018309,4,1,1,9
65,0,148.85909697991536,21.0,21.0,40.0,34.33634858119019,18.15807638443375,5.179411705528362,4.370684638871349,0,0,0,0
65,1,148.85909697991536,19.286726971623803,18.96316152768868,49.44899649381231,34.33634858119019,18.15807638443375,5.179411705528362,5.179411705528362,0,0,0,1
65,2,143.05876681735236,18.075980264307866,18.12147676848404,59.64379805237667,35.27061671220827,21.3671697242604,5.154878306542354,5.179411705528362,0,0,0,2
65,3,131.18839665654303,18.048348386635823,18.255896088677144,69.876799888758,30.188036044000228,26.661974158118323,4.277698521681051,5.154878306542354,0,0,0,3
65,4,122.16023157872075,18.117441262676152,18.18727825941705,79.51489388472899,26.78958934655997,26.75537729772327,3.801989064069521,4.277698521681051,0,0,0,4
65,5,103.59827731471356,18.288888942108443,18.144397265196485,75.35256374644435,33.73403645198226,26.47524055754748,3.393755927491692,3.801989064069521,1,0,0,5
65,6,84.52964508413638,18.066486467888083,18.04883250908991,71.19679617058634,34.19361476201069,26.052120927667072,3.875386419940792,3.393755927491692,2,0,0,6
65,7,64.9617029045063,17.908268565675574,17.910547551922953,66.44168188349035,32.471788130164946,24.444243608190643,3.843409162914415,3.875386419940792,3,1,1,7
65,8,36.91796383250629,19.250015701781656,19.102728110062525,63.41527386791516,36.92507513063641,29.59488033839036,3.505467384,3.843409162914415,4,1,1,8
65,9,15.525112735935796,20.075350137024536,19.963235579544897,58.37401221072688,31.570682938250407,23.75564118848134,2.6741063870713115,3.505467384,5,1,1,9
66,0,64.4250669560375,21.0,21.0,40.0,29.31504360639344,20.614515398284745,3.9894221197129087,6.489086375840484,0,0,0,0
66,1,64.4250669560375,19.18630087212787,19.012290307965696,48.98732062084207,29.31504360639344,20.614515398284745,3.9894221197129087,3.9894221197129087,0,0,0,1
66,2,61.67116448264679,18.163348132427803,18.136634558189943,59.64317722686864,34.61770514340814,24.58149822340617,2.2523552981377137,3.9894221197129087,0,0,0,2
66,3,61.49761811269361,18.13967374256753,18.071251796062093,69.49736368056205,34.10139227178551,20.64408802651121,0.06595106,2.2523552981377137,0,0,0,3
66,4,53.058504761778536,19.300948255429017,19.18336201942756,64.4789675217465,31.179497835450704,24.27385683779628,1.0548891688643838,0.06595106,1,0,0,4
66,5,37.27505614197913,20.469765285475606,20.412553679742548,59.92823321274688,31.33792494389403,26.7135511172192,1.9729310774749265,1.0548891688643838,2,0,0,5
66,6,25.93868962235005,19.6548824872888,20.87641834585881,56.46556528720304,34.096289302534245,30.0,2.157135168657155,1.9729310774749265,3,0,0,6
66,7,13.024881752699423,19.683012456269417,20.78631026622919,52.614238430370136,33.03161223437124,28.905460783223774,2.2787730986884216,2.157135168657155,4,0,0,7
66,8,1.1407239529644062,20.103537555600376,21.03840565194289,49.710546546075065,37.20171175391626,30.0,1.8033326938778111,2.2787730986884216,5,0,0,8
66,9,1.1407239529644062,19.2403092155254,18.812635609155983,60.60600175673177,33.945482799601685,26.58482392626893,1.7641524261652677,1.8033326938778111,5,0,0,9
67,0,272.7755812220631,21.0,21.0,40.0,25.590782627592905,16.699253631893868,6.449083289865628,2.143775095255414,0,0,0,0
67,1,239.711342143972,21.238782942623875,21.93398507263788,47.61220652670762,25.590782627592905,16.699253631893868,6.449083289865628,6.449083289865628,0,0,0,1
67,2,239.711342143972,19.80581016305375,19.407443226398662,55.20075787778387,25.824466749817184,16.334151867273114,8.790136138905629,6.449083289865628,0,0,0,2
67,3,236.32098220303504,18.156816487386628,18.24614850164892,63.71599413018016,26.165291119148453,21.141576949719823,9.678176844432295,8.790136138905629,0,0,0,3
67,4,213.43405054686312,18.264386480346737,18.250671091107566,73.52936498641594,30.11410530523745,24.404621673850244,9.241254745155414,9.678176844432295,0,0,0,4
67,5,167.12621305338607,18.15583202995484,18.108985931706837,68.02609749760681,30.40570680297966,22.353918259191868,8.802661097435477,9.241254745155414,1,0,0,5
67,6,122.75723520642674,18.05392870418185,18.061961202534643,62.53453093887087,30.23739692769644,22.58723330154833,8.498076671736904,8.802661097435477,2,0,0,6
67,7,83.13112065913151,18.01602288109749,17.915643262244426,57.459267900587534,33.90328606694702,21.234141498145576,7.563380963,8.498076671736904,3,0,1,7
67,8,45.952191986624605,17.08360462717974,19.11153415059537,52.775002141815264,30.583517425933955,26.72611724755344,6.274886164721483,7.563380963,4,1,1,8
67,9,19.55721772876609,20.123408274336704,19.386058438364262,62.84827022577024,31.205574706902144,24.757025759514413,4.399162376309752,6.274886164721483,4,1,1,9
68,0,176.4536169530781,21.0,21.0,40.0,28.73783201908008,24.222883992666183,3.645018368703425,2.812360978347176,0,0,0,0
68,1,160.04830029517498,20.90585821788645,21.854106166809377,49.53292888211433,28.73783201908008,24.222883992666183,3.645018368703425,3.645018368703425,0,0,0,1
68,2,160.04830029517498,19.749816655743487,19.36188317392592,59.55120760272748,30.415029430220592,25.242074573185807,4.793976726399702,3.645018368703425,0,0,0,2
68,3,142.49721500395017,19.73264811281796,19.312285116630687,68.78697020650077,29.82783072068763,21.48196152249732,5.843315242677816,4.793976726399702,0,0,0,3
68,4,142.3016505679681,18.1258747663534,18.143167302414867,77.00757471061443,26.300208210855885,19.369816811997826,6.564445044391689,5.843315242677816,0,0,0,4
68,5,105.9195432897268,18.12084070031427,18.091116582784693,69.43579476261881,24.84224322656957,16.425645951232532,6.429011585666349,6.564445044391689,1,0,0,5
68,6,76.9917989793052,18.091202042239708,18.141959154256188,62.93115735271098,26.5376002541792,20.65885857966617,5.261052959073077,6.429011585666349,2,0,0,6
68,7,55.67463639851167,17.945586145659316,17.91622170381482,56.21409881844562,26.68165262152072,19.334688854782826,4.063333072372941,5.261052959073077,3,1,1,7
68,8,29.3498667179104,19.05350031596874,18.81718451118068,48.50092691242515,26.36931758347845,14.113060716407826,3.290596210075159,4.063333072372941,4,1,1,8
68,9,14.283948893999998,20.43695669277612,20.36630822989149,56.64645588614805,26.16504947947876,19.08788926342626,2.510986303985067,3.290596210075159,4,1,1,9
69,0,170.5800130775535,21.0,21.0,40.0,34.47897559257653,17.000405795484077,6.261618261169179,5.722465966572539,0,0,0,0
69,1,170.5800130775535,19.28957951185153,18.940008115909684,49.26628864985091,34.47897559257653,17.000405795484077,6.261618261169179,6.261618261169179,0,0,0,1
69,2,163.89412001152976,18.055877663887195,18.024923424485664,58.2284788646824,34.40811370256054,15.38183193539219,5.7449628941737485,6.261618261169179,0,0,0,2
69,3,146.7091774811635,18.11914497129833,18.2824243135004,68.1047926427027,32.86536226747748,22.00304761041306,5.696243746648586,5.7449628941737485,0,0,0,3
69,4,135.7200172116507,18.083246791428063,18.20243038362136,77.21481745691858,27.75719200763277,22.85405696023317,4.723209946096983,5.696243746648586,0,0,0,4
69,5,116.40575122489372,18.15468481098122,18.170555833537232,71.55200807180054,27.99143255669372,23.881848637094976,3.4830255254846505,4.723209946096983,1,0,0,5
69,6,97.43082424980702,18.03917410902807,18.07587786878241,65.89335825660153,27.08539292372149,24.810996991839588,3.659999066655797,3.4830255254846505,2,0,0,6
69,7,73.39513024243792,17.964644921764922,18.01698127831348,61.100652472483375,28.18238409634329,28.52480599188921,4.570804946262781,3.659999066655797,3,1,0,7
69,8,42.10008772496706,19.18969021536062,18.316337566209217,56.84869122243775,29.87014367652861,29.84118271210683,4.381262811052578,4.570804946262781,4,1,0,8
69,9,15.183691425416084,20.25045982405637,20.39788424766164,67.12057300915733,29.82276590175704,27.243244024462804,4.533662657154436,4.381262811052578,4,1,0,9
70,0,225.56224254447284,21.0,21.0,40.0,33.24299805047452,19.67141175253978,5.6491956551756255,6.636559600443364,0,0,0,0
70,1,225.56224254447284,19.26485996100949,18.9934282350508,49.52459376454257,33.24299805047452,19.67141175253978,5.6491956551756255,5.6491956551756255,0,0,0,1
70,2,219.88013480493785,18.05723463860682,18.179385564742184,60.1474611288512,33.23998489644054,25.77594490527406,5.122465904731769,5.6491956551756255,0,0,0,2
70,3,206.29584218448983,18.059092749954708,18.170099952235997,70.13306281287635,28.694622394176463,26.78094251707436,5.0459210274491255,5.122465904731769,0,0,0,3
70,4,174.64232311544976,18.217662956935342,18.1896703717569,65.44728091588226,30.307260409695303,26.993951273670845,5.392766412454131,5.0459210274491255,1,0,0,4
70,5,143.27059169387232,18.13687253822491,18.119476391777138,60.36863938890659,29.650887320940804,25.46777086252769,5.917000211412492,5.392766412454131,2,0,0,5
70,6,111.21424419720373,18.12650841415429,18.11279610815444,56.41243033233423,33.111562944279505,28.242831185874,6.186689451809002,5.917000211412492,3,0,0,6
70,7,90.14261377341948,17.124523129290438,17.261498156824473,51.56172108117147,27.20246449317786,29.182484111473507,5.9230934830517885,6.186689451809002,4,1,1,7
70,8,47.15734829105933,18.381541194510795,18.4162190012159,46.1460986555562,24.72901316582481,28.51752891409037,5.3731581852950185,5.9230934830517885,5,1,1,8
70,9,20.44824045188527,19.970124994545927,20.055434762602964,55.98297065413471,24.93181668878156,29.71747219221017,4.451517973195677,5.3731581852950185,5,1,1,9
71,0,212.00103269046824,21.0,21.0,40.0,28.72181787013057,20.095375539056203,6.471504129448637,4.702982681900373,0,0,0,0
71,1,204.8653558138711,19.88409677789126,19.39487744235024,48.78709481365362,28.72181787013057,20.095375539056203,6.471504129448637,6.471504129448637,0,0,0,1
71,2,203.0603107560767,18.00879299838989,18.13680750806485,57.85328595502475,26.29672270524913,24.071005857923826,6.6220906550843415,6.471504129448637,0,0,0,2
71,3,184.18489909036592,18.104663351484508,18.08143237573553,65.89433864137644,24.029890279474827,20.642624644701154,6.404925180137017,6.6220906550843415,0,0,0,3
71,4,167.61753256274503,18.263796087084412,18.29166571301857,75.59716398940579,27.94918480244765,25.955400464382063,6.080941894292447,6.404925180137017,0,0,0,4
71,5,136.14872568462278,18.22263801416436,18.175862716609476,71.18649591439966,31.581085510665662,27.24853629485583,6.009416830663033,6.080941894292447,1,0,0,5
71,6,107.18973857886948,18.082084511382973,18.01143315826056,66.58617863581003,32.82056599543873,24.95544912350779,5.815820587489249,6.009416830663033,2,0,0,6
71,7,85.76222262182642,17.801214923282213,18.028413639001823,61.483826648152046,25.7460572439253,29.240876157974792,4.152366853745637,5.815820587489249,3,1,0,7
71,8,59.339673336419125,19.034062352043087,17.839340187297044,56.006747382364495,24.19722966724224,28.70788552282689,3.895278703582849,4.152366853745637,4,1,1,8
71,9,35.05988540590319,19.931414706962,20.197361505324544,66.15986449391303,30.514849364166583,25.89135681110311,4.046631321752656,3.895278703582849,4,1,1,9
72,0,49.86235832235233,21.0,21.0,40.0,33.43253265588527,20.77564676857712,3.277939134256048,6.752898896,0,0,0,0
72,1,49.86235832235233,19.268650653117707,19.015512935371543,49.75747229640323,33.43253265588527,20.77564676857712,3.277939134256048,3.277939134256048,0,0,0,1
72,2,48.59980498224881,17.99839854732035,18.003513467545847,58.50084449622711,30.487714937527382,18.08657506149419,1.1909878543198462,3.277939134256048,0,1,0,2
72,3,47.60827745645843,19.747148913327404,18.138407384701758,67.39613177185845,31.91131834581384,17.506944296582464,0.2118250062037292,1.1909878543198462,0,1,0,3
72,4,45.434029097323126,20.56834018000663,20.83618999116474,77.49520552873987,33.42229884374357,22.68366647226437,0.3623747265225507,0.2118250062037292,0,1,0,4
72,5,39.65540981112135,21.90944353646072,20.66350072263961,72.53284295523959,34.72611947236998,21.038532897072848,0.8129552721597773,0.3623747265225507,1,1,0,5
72,6,33.51379812228277,22.164697302228635,20.21417864484437,67.69663690330053,29.68819038533247,26.77733154833945,1.0711025478438736,0.8129552721597773,2,0,0,6
72,7,22.59788302523324,20.79478945323393,21.66573206613001,64.33644267244799,34.66558760637477,30.0,1.837445206729333,1.0711025478438736,3,0,0,7
72,8,8.454066004718273,20.68148043328012,21.8096921041434,59.43127387011364,28.0977903354171,27.98460520716984,2.2205031648845024,1.837445206729333,4,0,0,8
72,9,0.9255173159789278,19.455929119494144,19.10149592590783,55.28471237320991,31.9962738196679,28.300606753089177,2.793687986024838,2.2205031648845024,5,0,0,9
73,0,243.202206042854,21.0,21.0,40.0,25.474168939060327,20.465489228499244,3.635294543,5.709522278,0,0,0,0
73,1,243.202206042854,19.109483378781206,19.009309784569982,48.269138470160726,25.474168939060327,20.465489228499244,3.635294543,3.635294543,0,0,0,1
73,2,239.55965896667823,18.08874470396708,18.13139357178917,57.48821319175268,27.046659053039008,24.17042273358294,2.6504879990323245,3.635294543,0,0,0,2
73,3,231.4854148744316,18.293843646145444,18.135320374206245,67.8697640965101,34.238841360311966,23.436441443895887,2.8202590670198324,2.6504879990323245,0,0,0,3
73,4,224.0956305129429,18.094100162714174,18.2011551986854,77.57122971461449,29.673339664773003,24.22369154691809,3.290700502091522,2.8202590670198324,0,0,0,4
73,5,200.6507480659428,18.186301432160352,18.15528081686606,72.64693557395661,31.488411272790582,24.4877323902212,4.285364292633201,3.290700502091522,1,0,0,5
73,6,160.70991671208904,19.691607101078173,19.455681801386994,68.80571947902918,37.127409065521626,24.86583485154816,4.992603919231721,4.285364292633201,2,0,0,6
73,7,148.40057397954848,17.932491792220294,17.99077544220811,65.30521672433268,36.61674376091208,27.26935204632958,5.288483573577294,4.992603919231721,3,1,1,7
73,8,99.18173001447414,19.239346028175817,19.072667755775747,61.06618441140191,33.6214063436187,26.16174747343252,6.152355495634294,5.288483573577294,4,1,1,8
73,9,42.40522011047415,20.049484264361773,19.95130943905548,56.01470786177424,31.339245037803185,23.930329686487603,7.097063738,6.152355495634294,5,1,1,9
74,0,158.887189918631,21.0,21.0,40.0,27.61324893252996,23.59697709440789,6.327921876227935,5.401997669740535,0,0,0,0
74,1,158.887189918631,19.1522649786506,19.07193954188816,49.21784068484881,27.61324893252996,23.59697709440789,6.327921876227935,6.327921876227935,0,0,0,1
74,2,150.63535724550195,18.06823427817441,18.155811046827576,59.4207810643405,28.16021775687547,28.522784351411705,7.028749972938243,6.327921876227935,0,0,0,2
74,3,130.7096290354794,18.043735537617493,18.108439826132624,68.2932997175834,22.84699463775018,26.444775658043657,7.245431212902815,7.028749972938243,0,0,0,3
74,4,114.76052084634578,18.202885125250763,18.179066148203123,77.26599629266197,23.72074106904016,26.127573236951893,5.9900122356176695,7.245431212902815,0,0,0,4
74,5,87.45252669189605,18.190758853580075,18.105431161226427,71.2044030009991,25.758683748044064,23.89913129827333,4.988793535333528,5.9900122356176695,1,0,0,5
74,6,67.00269696057259,18.099858239817426,18.060929948812564,65.55859517663089,27.886850654539508,24.08088365452599,3.891601307104245,4.988793535333528,2,0,0,6
74,7,49.81413883285087,17.932481387759847,17.960471503888137,59.98067160746983,27.375665126907545,24.969203933308822,3.295392871402824,3.891601307104245,3,1,1,7
74,8,29.90034919391652,19.18404117346722,19.0488736335436,55.27529467859381,31.76543782469518,25.426912570438063,2.4892237048667933,3.295392871402824,4,1,1,8
74,9,12.683977313292392,20.6446496513123,20.61461179737573,64.59072954962318,27.640910872922845,24.11150507724029,2.8693953134373538,2.4892237048667933,4,1,1,9
75,0,180.552042519928,21.0,21.0,40.0,28.476900101995167,21.864983821136708,4.384479734241937,3.786440956371011,0,0,0,0
75,1,180.552042519928,19.169538002039904,19.03729967642273,49.061539106163735,28.476900101995167,21.864983821136708,4.384479734241937,4.384479734241937,0,0,0,1
75,2,175.0935541035928,18.22468049407138,18.036822219037862,59.445294399935655,36.84617972118896,20.84134968865505,4.522328400487565,4.384479734241937,0,0,0,2
75,3,163.90411102913487,18.080179914074947,18.20593346506533,69.70407010597029,33.35517542493694,23.638022941922184,4.149914079872511,4.522328400487565,0,0,0,3
75,4,154.7296324178808,18.13488305382065,18.255902592047043,80.14253308556499,30.82881828472181,27.16264271302652,3.841837875999029,4.149914079872511,0,0,0,4
75,5,130.74287964401262,18.17379808560038,18.14237288912462,75.72653483768478,32.01872256474113,26.78128716925768,4.523196449779826,3.841837875999029,1,0,0,5
75,6,111.29467540613471,17.93276897258821,18.09294226195369,70.51062947030641,25.79242610977573,28.5636551825667,3.848054361168289,4.523196449779826,2,1,0,6
75,7,85.94208157864932,19.393516018957484,17.845584764806247,65.31493824687918,30.76074358481608,23.70763850725488,3.817481683667972,3.848054361168289,3,1,1,7
75,8,53.14144809576717,19.5951009573218,19.821397250704347,60.35801400100358,33.84950972191625,21.945355578774866,4.1000791853602685,3.817481683667972,4,1,1,8
75,9,22.03192880964084,20.735383844946547,20.373491265133808,56.332946276339655,37.836015281993966,23.13583069209533,3.888689910765792,4.1000791853602685,5,1,1,9
76,0,320.8143926428718,21.0,21.0,40.0,33.50485911613399,19.047745093036703,6.663612885840164,4.563244356244908,0,0,0,0
76,1,314.3137391434833,19.986014534522027,19.240582439611707,49.459468757650725,33.50485911613399,19.047745093036703,6.663612885840164,6.663612885840164,0,0,0,1
76,2,312.3837159139106,18.13611007228433,18.13842117204113,60.35841048385528,37.44561764597466,23.10405861071733,7.877303764,6.663612885840164,0,0,0,2
76,3,290.34920542062883,18.01730057981294,18.27132909169401,71.15501925362258,30.810646636622188,29.17051319541834,8.386627783419202,7.877303764,0,0,0,3
76,4,240.4635568980867,18.15715354927037,18.142533327636045,66.31142637629819,29.39781426889224,27.026669745972203,8.712097748,8.386627783419202,1,0,0,4
76,5,193.01562058826843,18.1392938406092,18.172882597965067,61.5774214461422,28.86250629935225,28.170799644225564,8.760079493874821,8.712097748,2,0,0,5
76,6,149.55318689551217,18.043465336014027,18.038968147052778,56.55400963321222,28.171028015677887,27.254461912488868,8.533817655,8.760079493874821,3,0,0,6
76,7,119.21046518280755,17.32702571478112,17.292923001104995,52.74144449363281,32.3870588391105,29.765357052115,7.948738947085753,8.533817655,4,1,1,7
76,8,64.54752200529589,18.615229055509065,18.576797427512656,48.97940647252605,32.43312210496244,30.0,6.832867897188958,7.948738947085753,5,1,1,8
76,9,29.712106087613066,20.343426985250822,20.185177995776854,60.150128558924,35.274245520149904,26.785321626505382,5.805902652947137,6.832867897188958,5,1,1,9
77,0,162.21127387060568,21.0,21.0,40.0,28.620354843606734,16.604283629544724,4.358596106030133,2.6426070858766666,0,0,0,0
77,1,141.0155197246016,21.03538444792324,21.932085672590897,48.14043492516726,28.620354843606734,16.604283629544724,4.358596106030133,4.358596106030133,0,0,0,1
77,2,141.0155197246016,19.82529659896579,19.40233752044789,57.52132579335056,29.906747967338028,22.209312411458072,5.124352194955377,4.358596106030133,0,0,0,2
77,3,140.25046357585103,18.182601413090318,18.248538230847817,68.0824734569773,31.53681862185452,27.13622395384961,5.535129941013032,5.124352194955377,0,0,0,3
77,4,128.17429218251849,18.308593702015767,18.23998583638595,80.24345342697028,37.69599389139493,29.865005941899373,5.430119558647781,5.535129941013032,0,0,0,4
77,5,104.24920090021207,18.18852386073491,18.15269988116201,77.77544707403557,39.62218692814047,30.0,4.814242419751664,5.430119558647781,1,0,0,5
77,6,85.22955237734936,17.986174085550605,18.057294901687516,74.66735337586864,36.06614612129484,30.0,3.950046099114752,4.814242419751664,2,1,0,6
77,7,64.63972589906257,19.52232099386448,17.942705098312487,71.8118339357374,37.46933644371529,30.0,3.123879832949727,3.950046099114752,3,1,1,7
77,8,39.84465078207191,19.688227629688125,20.08890922412492,68.27066250379661,33.66015871144008,30.0,3.099384389623832,3.123879832949727,4,1,1,8
77,9,16.86424412427188,20.803747504683724,20.64690424673787,64.40041152032998,31.83193898074097,30.0,2.872550832225003,3.099384389623832,5,1,1,9
78,0,147.43912429950524,21.0,21.0,40.0,33.4912242231306,22.07624053967252,5.978618560808513,7.151510518360688,0,0,0,0
78,1,147.43912429950524,19.26982448446261,19.04152481079345,50.00214365730456,33.4912242231306,22.07624053967252,5.978618560808513,5.978618560808513,0,0,0,1
78,2,141.96003624152567,18.188137600805454,18.02989749988112,60.93529499041327,40.03335917902833,20.706370449353376,5.433251308,5.978618560808513,0,0,0,2
78,3,128.92133843713182,18.149279371893265,18.166390169529517,72.00947219632718,39.99732777369208,21.52587892582965,4.875402238,5.433251308,0,0,0,3
78,4,108.40480294897309,18.112184599343763,18.266195557626062,68.15168727572014,36.336047909632015,25.56514697588437,3.617898391540053,4.875402238,1,0,0,4
78,5,91.32634234701652,18.09416012230653,18.05333871028449,62.92139184843228,33.54405402495851,20.732082490108937,3.2617232790462976,3.617898391540053,2,0,0,5
78,6,76.59570053187454,17.999892540738628,18.08725784600424,57.44414167145493,30.673935977514184,22.230229705945003,2.7812985305978963,3.2617232790462976,3,1,0,6
78,7,62.694775615308224,19.52589555694628,17.64373931603865,53.627718369563766,36.54339944048313,25.58758221567705,2.184591262295248,2.7812985305978963,4,1,1,7
78,8,47.71283635826681,20.195119600219424,20.580947512179243,63.86958814034913,32.92011225999333,23.979164244369805,2.4969898761735685,2.184591262295248,4,1,1,8
78,9,30.12152179777985,21.906589833092244,21.72999837194329,73.98143014486448,29.60952720156772,26.56737282351751,2.93188576008116,2.4969898761735685,4,1,1,9
79,0,68.75447229308958,21.0,21.0,40.0,30.807503813548443,18.64224440194048,3.6273035798374194,6.196018325853443,0,0,0,0
79,1,68.75447229308958,19.21615007627097,18.97284488803881,48.900954678788,30.807503813548443,18.64224440194048,3.6273035798374194,3.6273035798374194,0,0,0,1
79,2,65.4226850169348,17.960539344081933,18.07788537542064,57.116423602724,25.969725933269896,19.67176808859674,2.6849557474450427,3.6273035798374194,0,1,0,2
79,3,53.06220290291751,19.609613748574265,18.267408114823567,65.92084725777174,23.3712909204894,25.542173829775805,2.658408015,2.6849557474450427,0,1,0,3
79,4,45.69745495110021,20.486473150425446,18.17766897192693,75.4027190526681,27.52195293232688,25.15511259487516,2.207743671269281,2.658408015,0,1,0,4
79,5,29.860045032584484,20.11351103491635,20.001268301155555,69.93599475389937,25.913130416003447,27.049512368614696,2.208108247,2.207743671269281,1,1,0,5
79,6,17.031185661834307,21.2218048103731,21.03195242842778,65.27611878541488,29.34952596024305,28.09560754817648,1.6443981214386678,2.208108247,2,1,0,6
79,7,8.53584105360267,22.02519917933989,19.06759641135616,59.08715369776745,24.83905904294019,24.11113491457406,1.6990689216463275,1.6443981214386678,3,0,0,7
79,8,0.7959002147130281,20.304575156499823,21.235861722849965,53.52037464784107,26.69113399644885,25.71564905951573,1.1511987432540507,1.6990689216463275,4,0,0,8
79,9,0.7959002147130281,19.36950829306648,19.015694395638377,64.17835189307617,31.46619053595176,27.744794159798808,0.9304819900810778,1.1511987432540507,4,0,0,9
80,0,208.62068852731235,21.0,21.0,40.0,26.668875993709456,19.651798152097108,6.424478732307885,3.1904456542051083,0,0,0,0
80,1,177.1504344540053,21.031868959350383,21.993035963041944,48.33772134624518,26.668875993709456,19.651798152097108,6.424478732307885,6.424478732307885,0,0,0,1
80,2,177.1504344540053,19.718744723051632,19.275350466500573,55.151539950461896,22.803377786691687,15.051170014512271,7.894977424338023,6.424478732307885,0,0,0,2
80,3,172.0671009464313,18.1770050469691,18.216282378016405,62.80494537954829,24.153630135147267,18.365288915332712,8.022512928951674,7.894977424338023,0,0,0,3
80,4,151.64595436169995,18.2130570657972,18.17927738716701,70.65197734606336,25.53597359375954,18.058648442435253,7.911882202260536,8.022512928951674,0,0,0,4
80,5,113.35057653078468,18.21502424184313,18.222556302004985,64.73723420721149,28.78718568591612,21.686463542684567,6.851188422,7.911882202260536,1,0,0,5
80,6,84.27054855306052,18.150648705972905,18.09832756670217,60.03196929206007,33.4548759001857,23.738096793417515,5.689366744309711,6.851188422,2,0,0,6
80,7,63.311003948476326,17.841636854311506,18.03087690423161,55.21063643417197,28.401463700136645,28.14668708937397,4.165200074661987,5.689366744309711,3,1,0,7
80,8,44.1714447782725,19.10574578795431,17.14782147100189,50.13564476656093,27.101174540470343,28.03776063946832,3.147893764792624,4.165200074661987,4,1,1,8
80,9,26.822061649882396,19.567141232088872,19.98465168757791,60.11657801564148,31.971485570696498,23.47814359086209,2.891563854731685,3.147893764792624,4,1,1,9
81,0,122.7500533174726,21.0,21.0,40.0,32.4798363971435,15.52353309201925,5.891490264543936,6.472981752872061,0,0,0,0
81,1,122.7500533174726,19.249596727942876,18.910470661840385,48.640606508049295,32.4798363971435,15.52353309201925,5.891490264543936,5.891490264543936,0,0,0,1
81,2,116.56876795970469,18.05054073326248,18.20614342506425,58.56006221066407,32.14212797589164,22.96595926085714,4.769981565596694,5.891490264543936,0,0,0,2
81,3,105.6634241296163,18.11109884006712,18.11907487340013,67.85108133448428,30.19706997924777,21.41970293086449,3.962362554902545,4.769981565596694,0,0,0,3
81,4,98.25666852529946,18.19656691742731,18.27682645432261,78.06525726480456,30.75490601936556,25.99051581574712,2.909266697265241,3.962362554902545,0,0,0,4
81,5,87.120968035093,18.10521471088045,18.2093063083529,73.410122368225,28.51564156338798,28.95583123339225,2.119621318050327,2.909266697265241,1,0,0,5
81,6,74.64620560143277,18.062832668868072,18.04792082951848,68.72046072674918,28.79252992241598,28.487127624940552,2.454651319278325,2.119621318050327,2,0,0,6
81,7,47.577027152384105,19.45609694296733,19.24849138980252,63.79596061512203,33.289477314166845,22.685522065682303,3.3836473061310826,2.454651319278325,3,0,0,7
81,8,13.27429796606236,20.50274787921975,20.2757436172848,59.22652681860242,36.20594320677768,21.741646812557875,4.287841148290218,3.3836473061310826,4,0,0,8
81,9,10.249263710331949,19.56881190910113,18.94267970280392,70.34285722649524,35.43479736997602,26.322593784984075,3.9744948078670768,4.287841148290218,4,0,0,9
82,0,268.86293227766873,21.0,21.0,40.0,32.118625764341864,20.045580003349063,7.573231765605503,3.035752208542616,0,0,0,0
82,1,233.9785951823428,21.028984109195715,21.82056826454631,49.38955703818437,32.118625764341864,20.045580003349063,7.573231765605503,7.573231765605503,0,0,0,1
82,2,233.9785951823428,19.87432214183056,19.41467160393569,60.27781829239496,35.79955243282704,24.69078786834289,10.115367987554286,7.573231765605503,0,0,0,2
82,3,233.9785951823428,18.222251917871848,18.12919421240648,70.86867589381804,35.1928705636875,23.64522722199628,10.33958047570259,10.115367987554286,0,0,0,3
82,4,176.67150867046036,18.106956262504863,18.178953264949342,65.6953357030796,31.270173857682444,23.32238063821515,10.067392113287829,10.33958047570259,1,0,0,4
82,5,127.32696592164868,18.127662527098146,18.23245168559401,61.06302342657061,30.15330021258947,27.44496491791611,9.028499455873993,10.067392113287829,2,0,0,5
82,6,88.26924546897251,18.149185289636502,18.07281806127348,57.3974330778762,34.74781961003898,28.221122897214283,7.751821408302924,9.028499455873993,3,0,0,6
82,7,68.24605047711987,17.270754421531347,17.278282640368186,54.30448451665313,36.15028577098298,30.0,5.654962845840851,7.751821408302924,4,1,1,7
82,8,33.059211902794615,18.714918883375624,18.5008722213042,51.33071248776061,38.70089371914127,28.111483898122447,4.398354821790655,5.654962845840851,5,1,1,8
82,9,14.583798162733729,20.283940895114515,20.266700152778466,62.50726574051561,33.08234978158966,29.00961273371587,3.079235623343481,4.398354821790655,5,1,1,9
83,0,262.4078586358684,21.0,21.0,40.0,30.29744152613354,20.98275176836561,4.247883074612051,2.888479401241957,0,0,0,0
83,1,243.1214825989934,20.74618115286276,22.019655035367315,49.23043479300985,30.29744152613354,20.98275176836561,4.247883074612051,4.247883074612051,0,0,0,1
83,2,243.1214825989934,19.633637983665626,19.28442977703285,57.45846328425728,22.03478574494472,23.67648365087439,4.807940176849033,4.247883074612051,0,0,0,2
83,3,240.06921641359892,18.3229033634778,18.21829955783472,67.85731806731748,30.67995391883464,27.09146154261088,5.601271316312742,4.807940176849033,0,0,0,3
83,4,227.68451716008784,18.17483805562218,18.243580965772736,78.68456050368275,30.15134686869589,30.0,5.779412730689313,5.601271316312742,0,0,0,4
83,5,197.29208714759767,18.163613416600167,18.15,74.6343236894495,30.83201769870422,30.0,5.805637585810726,5.779412730689313,1,0,0,5
83,6,166.81683603623867,18.14005330251496,18.03473599128112,71.12588228900569,34.9699377400764,28.87205447968017,6.0759748517792485,5.805637585810726,2,0,0,6
83,7,136.2635934803926,17.89308841605383,17.96526400871888,67.37392094189156,32.4891036271437,30.0,6.152671514563528,6.0759748517792485,3,1,1,7
83,8,88.1875069304466,19.32879960211757,19.118137350560445,64.87500710571001,39.45047868788029,30.0,6.009510818743253,6.152671514563528,4,1,1,8
83,9,38.926713066000005,20.100429508706785,20.09799067831857,60.50929124187101,31.18061580238675,27.89874050961884,6.157599233055826,6.009510818743253,5,1,1,9
84,0,271.4146265380326,21.0,21.0,40.0,33.42525817019494,23.205074348317183,4.847267611431168,5.258178004627418,0,0,0,0
84,1,271.4146265380326,19.2685051634039,19.064101486966344,50.19345985333218,33.42525817019494,23.205074348317183,4.847267611431168,4.847267611431168,0,0,0,1
84,2,267.0991949433421,18.095828225246034,18.12845204491609,61.37413390774845,35.35192434812153,26.762931509746625,4.457872366427597,4.847267611431168,0,0,0,2
84,3,252.881497743226,18.16158366595001,18.16546475090816,72.79824371388847,35.93110764562279,27.53616905515513,5.3829205372674505,4.457872366427597,0,0,0,3
84,4,216.56355304707265,18.1707182094422,18.23468681552187,69.53361520545565,35.196508286484296,30.0,6.460289319104372,5.3829205372674505,1,0,0,4
84,5,183.3843585711727,18.15841591065692,18.15,66.3447298929351,35.61730381933035,30.0,6.447826571648151,6.460289319104372,2,0,0,5
84,6,149.97321808264607,18.08094700475761,18.043120904481317,63.24114753318962,36.799908972835375,29.291300139689685,6.784443324934822,6.447826571648151,3,0,0,6
84,7,118.92699130062458,17.84464059269049,17.883480524660694,58.72196345998032,31.896683691736225,26.330071457100964,6.251109411909503,6.784443324934822,4,1,1,7
84,8,82.03001557082861,19.875673901212075,19.65798597335085,69.45842951087735,34.97441551480144,24.672618101293164,6.149495954965994,6.251109411909503,4,1,1,8
84,9,48.19990468897418,21.331892485725668,21.309416510793294,80.67625726521308,33.355191483200976,28.966073818664164,5.638351813642405,6.149495954965994,4,1,1,9
85,0,254.037627627613,21.0,21.0,40.0,32.71446738656055,22.068956455189312,5.913198822623208,2.419124038747968,0,0,0,0
85,1,227.8094822093593,20.78848909058005,21.9427050983125,49.86101629151497,32.71446738656055,22.068956455189312,5.913198822623208,5.913198822623208,0,0,0,1
85,2,227.8094822093593,19.910295945879863,19.280572210810085,60.82484854131957,37.541562901541525,23.36861626403956,7.613413010358632,5.913198822623208,0,0,0,2
85,3,227.4633568625427,18.24891656849937,18.1450081034432,72.18797840889226,40.0094778280926,23.119021436200143,7.694488460032919,7.613413010358632,0,0,0,3
85,4,186.7204195226715,18.10676519950956,18.250892842295343,68.43264711345965,36.07722797232219,26.39315371971887,7.316933131509027,7.694488460032919,1,0,0,4
85,5,150.34069345607884,18.134150362405688,18.116777177236543,64.23566367480714,35.28474609260663,24.73201258154608,6.938339580497287,7.316933131509027,2,0,0,5
85,6,120.53621308746,18.045340535093885,18.162654650056595,60.87932867213365,34.68702776292505,30.0,5.857315489111903,6.938339580497287,3,0,0,6
85,7,93.8112139516301,17.929733533151968,17.942705098312484,57.40624958301552,34.03844950489925,30.0,5.432944223,5.857315489111903,4,1,1,7
85,8,62.64017730997704,19.92571783135431,19.83335674769741,69.00247610999423,34.42348070543724,30.0,5.195172773608842,5.432944223,4,1,1,8
85,9,33.155563881376345,21.52483385719868,21.41273262480933,81.06076212737206,36.99047787432122,30.0,4.914102238100115,5.195172773608842,4,1,1,9
86,0,138.9547822402117,21.0,21.0,40.0,28.11959436668013,18.532111711560244,3.1314226891323096,6.118588394934509,0,0,0,0
86,1,138.9547822402117,19.162391887333605,18.970642234231207,48.39730709408327,28.11959436668013,18.532111711560244,3.1314226891323096,3.1314226891323096,0,0,0,1
86,2,135.37347266508394,18.01274247337966,18.066223834705323,56.474002730556286,25.89197295128752,18.97855836245149,2.658266097458461,3.1314226891323096,0,0,0,2
86,3,127.20518305652816,18.156729149441546,18.19539923587898,65.01985383491424,26.228430423365204,21.24852015640127,2.620620254150414,2.658266097458461,0,0,0,3
86,4,120.62115840505491,18.18144853848188,18.2252679844315,73.88877010624319,26.030347516210725,23.24140954672781,2.613791426700345,2.620620254150414,0,0,0,4
86,5,108.6619283616932,18.26157153526877,18.273566437514784,69.8739281326241,31.608924279649404,29.419731422466786,2.1890883580596587,2.613791426700345,1,0,0,5
86,6,92.52160514363707,18.18692796808104,18.05620242917888,67.015951503969,38.09057759932536,29.36510779703524,3.353908304794323,2.1890883580596587,2,0,0,6
86,7,60.11552973195488,19.618379161420155,19.47172260791477,64.48881944055327,39.29371075880148,30.0,4.050759426460276,3.353908304794323,3,0,0,7
86,8,50.82883513771608,17.77304184126308,17.84999999999999,61.26906394850543,35.44580282195648,30.0,3.955784491410399,4.050759426460276,4,1,1,8
86,9,23.832725701514534,18.82199277996772,18.81886446446177,56.758832003764695,28.63926629506424,29.63722290082053,3.374513679525193,3.955784491410399,5,1,1,9
87,0,111.68464359138444,21.0,21.0,40.0,28.89998725413445,17.394499605093863,5.585876845274029,6.115968445105075,0,0,0,0
87,1,111.68464359138444,19.17799974508269,18.94788999210188,48.33300763466109,28.89998725413445,17.394499605093863,5.585876845274029,5.585876845274029,0,0,0,1
87,2,104.43770242647892,18.069383466349787,18.12028507527829,57.34172391359977,29.504415487248508,20.544008284633048,5.325463386587771,5.585876845274029,0,0,0,2
87,3,91.58967983717945,18.15378233783827,18.170422695065,66.56828548866812,29.693532379162782,21.56514303788363,4.409460844345565,5.325463386587771,0,0,0,3
87,4,82.9331593404872,18.115692381564035,18.26665571642817,75.8985964064171,26.20764162611661,25.62741902804437,3.5068617661006662,4.409460844345565,0,0,0,4
87,5,64.79147914199862,18.123158874804957,18.0930069072468,69.47439936263187,24.865585366364343,22.777764390384416,3.338687963685441,3.5068617661006662,1,0,0,5
87,6,47.46091076873393,18.079776986998127,18.071890223423942,63.38389898226998,25.98968963189492,23.507530477205744,3.2289934424849176,3.338687963685441,2,0,0,6
87,7,34.45678315437483,18.017301236780952,17.940144947149385,57.94172248765642,29.719496555318408,23.37952291905067,2.4659129082677875,3.2289934424849176,3,0,1,7
87,8,25.466203834375055,17.219776087876845,19.140460559475155,53.91719777304888,33.20830094916067,27.766561747464124,1.500023003283221,2.4659129082677875,4,1,1,8
87,9,16.318619523860836,20.151412650586067,19.56402362333275,64.50689916439174,29.695429342520125,29.13624505382905,1.5245973850857035,1.500023003283221,4,1,1,9
88,0,227.59430694176527,21.0,21.0,40.0,33.9930016225108,23.28203541412352,6.497727972973101,5.696390751651309,0,0,0,0
88,1,227.59430694176527,19.279860032450216,19.065640708282476,50.309506666594174,33.9930016225108,23.28203541412352,6.497727972973101,6.497727972973101,0,0,0,1
88,2,221.21416509339443,17.968645750924615,18.139975444864813,60.56529586491822,29.56054408436665,27.41606257298917,6.761858263957461,6.497727972973101,0,1,0,2
88,3,190.37485086128325,19.711275626547177,18.12725285271867,70.06007839649496,26.470086633169405,26.27870520892363,6.897318008279126,6.761858263957461,0,1,0,3
88,4,148.51100035177512,19.829918913485507,18.22442788347028,65.96871925590798,32.37397077888328,28.22958955118908,6.974762906002781,6.897318008279126,1,1,0,4
88,5,108.24345184022474,20.07163068264969,18.1064157641086,61.46542587398393,32.26465901046929,26.05037775661933,7.092574517,6.974762906002781,2,1,0,5
88,6,60.88230860679214,20.07483083599207,20.27521427904814,56.79749293411609,29.474608636600063,27.925763919689707,6.197645696083647,7.092574517,3,1,0,6
88,7,34.90227890188845,21.42175573278546,18.181189747753574,52.619945057517015,34.57364081232357,25.551093206570474,5.196005940980736,6.197645696083647,4,1,0,7
88,8,20.458093439027348,21.053490876683185,19.78177007984088,63.558168908460296,31.2772604941457,29.490649788872524,3.809279738899316,5.196005940980736,4,1,0,8
88,9,3.796794579617797,21.037494474635736,20.0174603624258,59.52760783889698,32.25451310193657,28.686814289378347,2.498019401498973,3.809279738899316,5,1,0,9
89,0,258.86491301366925,21.0,21.0,40.0,25.451274024758565,22.90210619952161,4.661039615902083,2.9972505039013466,0,0,0,0
89,1,237.3452208798508,20.8812616678068,21.90273561485611,48.70360844037043,25.451274024758565,22.90210619952161,4.661039615902083,4.661039615902083,0,0,0,1
89,2,237.3452208798508,19.758272683217065,19.32759857447055,58.29476353961411,29.74789561369203,23.5362993821062,6.375820927301481,4.661039615902083,0,0,0,2
89,3,214.6989940312515,19.870354055500663,19.35185725922449,68.06704119351122,32.70464430430528,21.585787106234186,7.201787180292011,6.375820927301481,0,0,0,3
89,4,214.6989940312515,18.28219965606798,18.31160082060713,78.0426420646887,30.863699278529857,24.556305561345123,7.598575859664281,7.201787180292011,0,0,0,4
89,5,172.45957103294728,18.18596105891057,18.1760194679106,73.57606767725679,32.661752224058645,25.85727895687513,8.167306144436386,7.598575859664281,1,0,0,5
89,6,132.89028850636464,17.9421279936162,18.012959259940573,67.67397034146055,26.90340682049278,23.64049686952814,7.884798333766904,8.167306144436386,2,1,0,6
89,7,84.81020548880134,19.26862214161765,18.013493606741438,62.38588415713984,26.775154462798177,27.179922290975707,7.114516377554699,7.884798333766904,3,1,0,7
89,8,49.10335087826678,19.53024171720117,17.906401554180487,57.72556846836662,27.442690617926555,30.0,6.002690450417221,7.114516377554699,4,1,1,8
89,9,19.15526105655612,20.101135703042743,20.530917409480896,67.84592775251262,29.546367684329223,26.67785056092639,4.9913483036184445,6.002690450417221,4,1,1,9
90,0,215.66904091201516,21.0,21.0,40.0,28.98970170703149,22.45824879712918,4.602837564512955,5.999467881936184,0,0,0,0
90,1,215.66904091201516,19.17979403414063,19.049164975942585,49.26063109074892,28.98970170703149,22.45824879712918,4.602837564512955,4.602837564512955,0,0,0,1
90,2,211.10122667307843,18.071353396404508,18.078779183951543,58.84114717432724,29.69262644288172,23.53246291033116,3.920945036,4.602837564512955,0,0,0,2
90,3,201.4227107174015,18.14010513808646,18.183145429080923,68.63091836241225,29.19788334720543,25.18973436437796,3.353854236427508,3.920945036,0,0,0,3
90,4,192.27516296304063,18.17698088135805,18.253190807658232,78.95485121239454,28.776417583859995,28.57876491604169,3.8008164152501633,3.353854236427508,0,0,0,4
90,5,171.5910989870689,18.162230056749404,18.17842470167917,74.64467688823399,29.38792042133023,30.0,3.917190322985927,3.8008164152501633,1,0,0,5
90,6,152.52194779666652,18.1987373238324,18.005415981313835,71.14057408001429,36.46004152857455,27.406053981315985,3.7984524976281984,3.917190322985927,2,0,0,6
90,7,130.86359169711645,17.875499825972064,17.917896517570853,66.80834659405615,33.09977791155359,26.16562494423448,4.385223467890149,3.7984524976281984,3,1,1,7
90,8,88.68346415287155,19.142308808138026,19.00389083450869,62.12894122555427,31.810792574570463,25.525844267085763,5.272515943030613,4.385223467890149,4,1,1,8
90,9,39.60792109474796,20.01897163082483,19.96497699408251,58.26895351390657,33.332479299534256,28.55647785797851,6.134442882265449,5.272515943030613,5,1,1,9
91,0,123.75602641259204,21.0,21.0,40.0,34.971743829866924,22.02957570915735,4.008022018649581,5.627254834601294,0,0,0,0
91,1,123.75602641259204,19.29943487659734,19.04059151418315,50.260237517024365,34.971743829866924,22.02957570915735,4.008022018649581,4.008022018649581,0,0,0,1
91,2,120.95842871441369,17.939603090423372,18.13005153220374,60.11605840731774,29.087153266660543,25.66740723496929,2.932646486745111,4.008022018649581,0,1,0,2
91,3,111.346455960851,19.865622126087253,18.131954021123004,70.8595163012736,34.920768897524106,24.765108291119624,2.123451594503272,2.932646486745111,0,1,0,3
91,4,100.73597728322667,19.90543068714628,18.18234823594083,66.35447699252228,33.693326916690914,24.61201025691284,1.7867440796677885,2.123451594503272,1,1,0,4
91,5,87.78044262630856,20.00714427296987,18.118594883706717,60.75260203466807,29.170051347450265,23.04175444224856,2.266105754392947,1.7867440796677885,2,1,0,5
91,6,64.86991563300653,20.009682331198405,20.34031276925371,55.02868116584307,26.81910595417078,24.714666996801395,2.9349313142023394,2.266105754392947,3,1,0,6
91,7,42.71185345075153,21.28325186615819,19.606785161796257,49.985863004851055,26.6727203466978,28.6449565366799,3.471267147120351,2.9349313142023394,4,1,0,7
91,8,19.0621906669859,21.237556912231284,19.952552975120668,46.64810941779337,34.790257849679534,30.0,3.749236389605119,3.471267147120351,5,1,0,8
91,9,7.161754443438425,22.00285368078351,19.23424151602969,58.81076787118609,37.637996017710336,29.932328723360296,3.9668120745158246,3.749236389605119,5,0,0,9
92,0,202.4793848678895,21.0,21.0,40.0,27.065947488318407,17.376935257325343,6.102571632378794,2.12326619575354,0,0,0,0
92,1,171.6597424209476,21.218283109473067,21.920845857851816,47.999718894215874,27.065947488318407,17.376935257325343,6.102571632378794,6.102571632378794,0,0,0,1
92,2,171.6597424209476,19.865172912794836,19.395136279132053,56.284248755851024,29.49427817771545,16.530887720257606,8.434462045118662,6.102571632378794,0,0,0,2
92,3,169.61612195673388,18.12027164366044,18.238090730962615,65.09403998909401,28.00786036073844,20.935424268389266,8.861088397779568,8.434462045118662,0,0,0,3
92,4,148.95391010454787,18.25819870007686,18.240860700242116,75.05798228595853,31.6472855333335,23.70794944924712,8.318059209088986,8.861088397779568,0,0,0,4
92,5,114.86145909738347,18.05117105857793,18.21340421395234,69.70310203559552,26.705838462230226,26.878160146864204,6.483510991498598,8.318059209088986,1,0,0,5
92,6,90.15656991603768,18.17754511145637,17.955084557731148,64.51058057754489,32.71834895067292,21.76764294904577,4.746566005623345,6.483510991498598,2,0,1,6
92,7,65.51632640648558,17.853763304809696,19.246613362445085,58.29710971659578,28.2712592755334,20.542791496971606,3.779573363942356,4.746566005623345,3,1,1,7
92,8,40.99873155371169,19.907843746680197,19.275296344791176,52.363627765449664,30.552081972887542,19.81746274296733,3.064699356596736,3.779573363942356,4,1,1,8
92,9,22.966474237723272,21.00380281586245,21.054331261832846,61.17209149341395,27.948849164808426,20.987060434993165,3.005376219331403,3.064699356596736,4,1,1,9
93,0,91.1596391612234,21.0,21.0,40.0,28.27672314685522,22.63261691160744,3.143835890702841,7.072668928105348,0,0,0,0
93,1,91.1596391612234,19.165534462937103,19.05265233823215,49.16368121052328,28.27672314685522,22.63261691160744,3.143835890702841,3.143835890702841,0,0,0,1
93,2,90.6363258570508,17.983819239518127,18.02897712367324,57.4112214593938,24.6029400383865,21.2167280108942,0.4414487975717424,3.143835890702841,0,1,0,2
93,3,90.6363258570508,19.611935120802944,19.52011869040064,65.5647469880007,24.6054086528025,20.69195539501366,0.0,0.4414487975717424,0,1,0,3
93,4,85.83407099127659,20.4342247343839,20.5338106791518,59.23873806944826,22.293394279507464,25.89544506186779,0.6002818582217777,0.0,1,1,0,4
93,5,66.80381757385436,21.5826868588098,21.180686770169785,54.22977443888368,29.47139663455322,26.034360973421364,2.472547988439404,0.6002818582217777,2,1,0,5
93,6,47.855597175484405,22.39111473334229,19.37770005055406,48.96578109921623,30.394830679874104,23.694095210862294,3.789644079673992,2.472547988439404,3,0,0,6
93,7,32.49463865812787,19.219322915506364,20.208054639219863,44.6105144825429,34.74867933497493,24.388728350173245,4.306063195587853,3.789644079673992,4,0,0,7
93,8,32.49463865812787,18.64115041380937,18.166364569571144,54.84769937006037,32.890782865653094,23.98246650944396,4.552591167102747,4.306063195587853,4,0,0,8
93,9,25.53370631097391,17.825169781338243,17.878702575822953,65.75711901127801,33.41978176381356,27.18810513184,4.489877429685743,4.552591167102747,4,1,1,9
94,0,373.7775091253114,21.0,21.0,40.0,29.554693354139125,18.02535461582833,7.406259817,4.270221716340168,0,0,0,0
94,1,363.6049939076236,20.07829629141482,19.44680701181782,48.56440863459415,29.554693354139125,18.02535461582833,7.406259817,7.406259817,0,0,0,1
94,2,362.9258635145884,18.06620070580214,18.11525852813939,57.73064214428688,29.99998355987032,20.923535938422617,8.958786726692955,7.406259817,0,0,0,2
94,3,336.27950246426064,18.128824504235755,18.213574254837894,67.27846448564271,28.9412087716588,24.102248680318056,9.176924472210986,8.958786726692955,0,0,0,3
94,4,312.32106787940404,18.23392218735664,18.17721738762526,77.18915946258642,31.36680830824302,23.692608230333143,9.91500224494334,9.176924472210986,0,0,0,4
94,5,257.1160643883186,17.992826798956784,18.151413147006053,70.69801395319566,23.508148256082208,23.76326558063576,10.331484250390202,9.91500224494334,1,1,0,5
94,6,190.4340111091122,19.40879815077941,18.03060943663249,64.41615257821366,26.005111144437336,22.42899232788485,9.892144764797736,10.331484250390202,2,1,0,6
94,7,135.64364689975332,19.74427605821822,17.96995763164478,58.74373667145582,28.028292634620712,23.7916189945024,9.291292255373246,9.892144764797736,3,1,1,7
94,8,72.57625997655117,19.64633437360569,20.07752326898113,52.70447079722216,27.41859394204349,22.36326231221393,7.883423365400269,9.291292255373246,4,1,1,8
94,9,33.86263784703748,21.45482447215165,21.166944630931678,62.20583758964352,30.355764849687365,22.42960621932021,6.452270354918949,7.883423365400269,4,1,1,9
95,0,195.6048002145032,21.0,21.0,40.0,32.571571039308665,22.40559973019679,5.367180878111128,7.515389393,0,0,0,0
95,1,195.6048002145032,19.251431420786176,19.048111994603936,49.895890738510985,32.571571039308665,22.40559973019679,5.367180878111128,5.367180878111128,0,0,0,1
95,2,192.30119700105635,18.03705780717118,18.031682827261942,59.37913895654508,31.559716313492576,21.124996008919044,3.204682637650718,5.367180878111128,0,0,0,2
95,3,182.83983128941472,18.0535043240929,18.21555890110413,68.58395620135263,26.734932518137946,24.40294106412629,3.185806586,3.204682637650718,0,0,0,3
95,4,173.32074698790987,18.18213919978815,18.180147510541158,77.71197029987451,26.571382676297155,24.13980675993552,3.776671326838233,3.185806586,0,0,0,4
95,5,149.7352862866547,18.186436637971617,18.102594115162947,71.7412611766075,28.3932145748782,21.76951251808285,4.308391272,3.776671326838233,1,0,0,5
95,6,127.758078980699,18.08357724696493,18.03994953344322,65.85098484663857,29.70733183874901,20.90224410586804,4.185172068648779,4.308391272,2,0,0,6
95,7,106.53915174997545,17.95428408782039,17.920605566667884,59.8660236374394,30.28628131414441,19.79726752363799,4.021299507924048,4.185172068648779,3,1,1,7
95,8,73.11708604817153,19.171248063611436,18.916283773161616,53.998512197417085,31.99471994760506,18.741327607826527,4.1777582127254895,4.021299507924048,4,1,1,8
95,9,45.02173655898723,20.60264018186968,20.421113729495445,62.37198129146621,29.710029860088312,16.80924288462907,4.682558248197385,4.1777582127254895,4,1,1,9
96,0,194.65399425330213,21.0,21.0,40.0,30.951060259904587,16.20258696163729,4.098079703346385,3.1145352940634696,0,0,0,0
96,1,188.8684168367806,20.08703831352243,19.467812301263912,48.48765649987754,30.951060259904587,16.20258696163729,4.098079703346385,4.098079703346385,0,0,0,1
96,2,188.49247663438064,18.11807719942638,18.085007749969957,57.53938859382839,32.69917114618926,17.58822937575991,4.508671965013072,4.098079703346385,0,0,0,2
96,3,177.71676721910816,18.086253657642605,18.24057274893324,66.832558346962,29.51185402832009,22.116866822422164,3.719756460272961,4.508671965013072,0,0,0,3
96,4,167.90830761305068,18.11621346255029,18.16316481930244,75.30274909752096,26.05201732458676,21.00459795629633,3.989299819349728,3.719756460272961,0,0,0,4
96,5,141.24522526322068,18.219315300289047,18.22537178266054,70.07512359462623,29.51778233903909,24.77318708932355,4.742618555000527,3.989299819349728,1,0,0,5
96,6,112.660024263144,18.10291967162104,18.05734312195324,65.25855500352473,31.799020835715226,24.775598102609774,5.684578934815219,4.742618555000527,2,0,0,6
96,7,82.73656023889555,17.990492261194515,17.928988662584622,60.74862295681078,34.18837897981699,24.08977631621657,5.839555206841875,5.684578934815219,3,1,1,7
96,8,41.352859791988,19.18069189643876,19.023483865521275,55.56971756221535,31.67229611085739,22.889340585834667,5.172962555863445,5.839555206841875,4,1,1,8
96,9,17.641169090777588,20.64497451830199,20.65007588878183,65.44003932371817,28.469086418503974,26.36603447873395,3.9519484502017344,5.172962555863445,4,1,1,9
97,0,50.98379828234953,21.0,21.0,40.0,25.74624457539805,23.99470783301664,2.946959183963936,4.984230543366618,0,0,0,0
97,1,50.98379828234953,19.11492489150796,19.07989415666033,48.95337143351465,25.74624457539805,23.99470783301664,2.946959183963936,2.946959183963936,0,0,0,1
97,2,48.80667780287947,18.08732112401617,18.049394610460126,58.10587624694095,27.24755569183167,23.5996932716478,1.7702414440419505,2.946959183963936,0,0,0,2
97,3,45.74696063664826,18.130810830105588,18.181213248318578,67.36659776618497,26.28809719711157,25.1603556875774,1.0388046760441996,1.7702414440419505,0,0,0,3
97,4,36.39774429351037,18.620374175940103,19.231446478221077,62.52222004465327,31.125578401785297,25.294545367483057,1.2882701286356366,1.0388046760441996,1,0,0,4
97,5,26.48129967537197,20.385690406357504,20.010229290417445,58.71705824729756,35.900258416517154,26.29328715372887,1.239555577267299,1.2882701286356366,2,0,0,5
97,6,17.219546278109892,20.289043285725363,21.37916707987088,53.693881040159766,28.19259084712164,27.2342024465573,1.322475339,1.239555577267299,3,0,0,6
97,7,11.930957833232736,19.92530321788877,20.8389636661625,49.122738649199206,27.938097827996906,30.0,1.053775430402632,1.322475339,4,0,0,7
97,8,1.3965290338027057,20.081176120486987,21.1580157129497,44.79521187604266,29.896512284109445,29.39500564279867,1.6009499941790766,1.053775430402632,5,0,0,8
97,9,0.7392980170845094,19.437088272414787,19.0738173132038,55.83880349777293,31.353286787390346,30.0,1.8567033471551009,1.6009499941790766,5,0,0,9
98,0,288.678023540988,21.0,21.0,40.0,32.36557186423817,17.598937635510342,5.544229310768006,5.539910512101999,0,0,0,0
98,1,288.678023540988,19.247311437284765,18.951978752710207,48.993611709954735,32.36557186423817,17.598937635510342,5.544229310768006,5.544229310768006,0,0,0,1
98,2,282.03385722724323,18.13509485949844,18.15575059833949,59.57352431007583,36.255569754784936,22.52172246811,5.4400243317361925,5.544229310768006,0,0,0,2
98,3,265.88342956783674,18.148969159357215,18.23760459909801,70.93260073629412,36.20402772264635,26.90195242301085,6.098865858018704,5.4400243317361925,0,0,0,3
98,4,226.9706815359706,18.20852165371321,18.209998439311168,67.72097446048238,37.35960057705839,28.131364557320808,6.979396639310782,6.098865858018704,1,0,0,4
98,5,194.08531893620628,18.06409580069842,18.0908579863679,63.203932268267565,33.06439061197947,25.174263875715987,6.412774146430532,6.979396639310782,2,0,0,5
98,6,166.19086826685313,18.010346068777707,18.058454998527008,58.2747914514199,30.71694896648893,25.2322687176907,5.3536530570623695,6.412774146430532,3,0,0,6
98,7,146.10708351123196,17.2614418398089,17.254369524851608,53.61926114689234,31.65378604131045,25.8154900446476,5.258781572135456,5.3536530570623695,4,1,1,7
98,8,98.5158610619536,18.628287739065684,18.39723028396618,49.20215953080431,35.2264186949781,23.56746121564393,5.948902806159799,5.258781572135456,5,1,1,8
98,9,57.405261938053854,20.22057099248474,20.140788725713808,60.21639277765783,34.322579934890555,26.86760476985126,6.851766520649955,5.948902806159799,5,1,1,9
99,0,248.28358770178755,21.0,21.0,40.0,30.8160831342532,21.123359991682484,5.025377196,4.810805480371773,0,0,0,0
99,1,248.28358770178755,19.216321662685065,19.022467199833653,49.34909976266842,30.8160831342532,21.123359991682484,5.025377196,5.025377196,0,0,0,1
99,2,242.890145228431,18.052057286759663,18.104867304286454,59.07921261437672,30.55420238786085,23.50198012162969,4.705083320026059,5.025377196,0,0,0,2
99,3,231.91532409207213,18.210608876177115,18.204424175851425,69.84462293434213,33.584646196717216,26.223188914201728,3.833256217835444,4.705083320026059,0,0,0,3
99,4,224.0559235351815,18.130602237526823,18.22643032409156,80.48594276962378,30.84424824181074,28.27419528753179,3.547103092373995,3.833256217835444,0,0,0,4
99,5,202.969920391718,18.170364456205014,18.1438293785499,76.25500711769973,31.86247105206172,27.96566421502689,3.9703320314328834,3.547103092373995,1,0,0,5
99,6,180.11520583880863,18.046236980745043,18.024150004484305,71.62624610246453,31.30957500493805,26.30841935486638,4.5389409740231255,3.9703320314328834,2,0,0,6
99,7,149.44711054595126,17.892488928536025,18.003398383971206,67.09177913016971,28.798766516115133,29.343083637802536,5.915580434433794,4.5389409740231255,3,1,0,7
99,8,100.41699326885242,19.226671255427853,17.8282613534125,63.1555103992332,33.209022408591885,28.25615130842749,7.281065810187256,5.915580434433794,4,1,1,8
99,9,42.22212758092719,19.31503617657242,19.56453536465261,58.19539190827632,32.13915431045234,23.637965184231728,7.274358210990655,7.281065810187256,5,1,1,9
0,0,151.93011442826696,21.0,21.0,40.0,32.969097664154,15.4710408718597,4.311188506349689,5.831303587171684,0,0,0,0
0,1,126.06298339016884,22.25938195328308,21.909420817437194,48.71922493648246,32.969097664154,15.4710408718597,4.311188506349689,4.311188506349689,0,0,0,1
0,2,126.06298339016884,20.26274080967607,20.0740902136686,58.35209347337499,34.098941577065816,19.416994739003783,3.524664059340214,4.311188506349689,0,0,0,2
0,3,116.98132950528836,18.702911408778352,21.50237404525661,68.14002304022256,33.61700679934285,20.76037968314361,3.027217961626824,3.524664059340214,0,0,0,3
0,4,107.73365030226466,22.31390597664489,18.26171425928213,78.98910121625781,35.44515142724666,24.827505106282526,3.082559734341235,3.027217961626824,0,0,0,4
0,5,90.4843789414179,18.05780021906361,22.00956296208406,75.23967383725861,32.503181227782214,30.0,3.3083678532011027,3.082559734341235,1,0,0,5
0,6,69.52287321788977,18.82797410865602,20.63223135734617,71.03588126398216,30.24481328432489,29.73411686413934,4.192301144705626,3.3083678532011027,2,0,0,6
0,7,55.80893018641871,18.062279455176995,18.129657959514287,65.80461173374793,24.59216549300006,29.67855933903202,5.470418023367315,4.192301144705626,3,0,0,7
0,8,19.76534157221496,18.033347525811923,18.0407819807979,60.00838268395103,25.69321559175705,25.438845242704595,6.3308398830607695,5.470418023367315,4,0,0,8
0,9,0.0,18.119641958537954,18.007767855911183,69.38258938756617,29.55543501630084,22.523491114894377,7.047661207485221,6.3308398830607695,4,0,0,9
1,0,178.5680916289138,21.0,21.0,40.0,25.7342414983848,16.144992366405123,7.3321530013852945,5.157535487108307,0,0,0,0
1,1,178.5680916289138,19.114684829967697,18.922899847328104,47.53826209566218,25.7342414983848,16.144992366405123,7.3321530013852945,7.3321530013852945,0,0,0,1
1,2,165.43603375023503,18.018388957005325,18.09886114227851,55.19141872958136,22.84453563940076,19.67300121570576,8.648140847410337,7.3321530013852945,0,0,0,2
1,3,165.43603375023503,16.744162897958994,16.57644672867421,64.19587133470586,28.60173119013869,21.42300550499739,7.884593167844987,8.648140847410337,0,1,1,3
1,4,128.8604733749896,18.548824621979826,18.582342705485456,72.81074753653974,24.350130853755847,23.51029248976572,6.095926729207571,7.884593167844987,0,1,1,4
1,5,89.50441171797603,19.946294662434106,19.68850023346484,67.9927544775367,34.47682771181968,22.089877515941293,4.919507707126695,6.095926729207571,1,1,1,5
1,6,52.74834309764401,21.04124574352962,20.906748212649187,62.68286142636451,32.21286023602414,21.62106725746368,4.594508577541502,4.919507707126695,2,1,1,6
1,7,17.864336795667615,22.13954042205378,21.87725092673552,58.28654075079517,37.02063365464495,21.88869592552539,4.360500787747049,4.594508577541502,3,0,1,7
1,8,0.0,19.87621959292658,22.66193070624726,53.52519174854169,35.76509059783254,21.11630383409252,3.572867359133523,4.360500787747049,4,0,0,8
1,9,0.0,20.274261115745592,19.11139578454073,65.10577819743516,40.34709562158727,23.989495761154217,3.301405384378153,3.572867359133523,4,0,0,9
2,0,259.38189590680275,21.0,21.0,40.0,27.721293233033787,22.818338600598924,7.647974385457378,7.199748919103557,0,0,0,0
2,1,259.38189590680275,19.15442586466068,19.05636677201198,49.09713373005388,27.721293233033787,22.818338600598924,7.647974385457378,7.647974385457378,0,0,0,1
2,2,248.99422085672535,18.090084846787576,18.153665109206752,58.49182733229344,26.389921148875032,25.80282108578918,8.017705861,7.647974385457378,0,0,0,2
2,3,248.99422085672535,16.7726706919865,16.683258108480917,67.68950366257089,27.307563536933053,23.79063829794164,8.275328396050925,8.017705861,0,1,1,3
2,4,199.1766953912483,18.72827693018269,18.62700956739066,77.22536708732025,29.69078795928531,23.28623106710005,8.302920910912846,8.275328396050925,0,1,1,4
2,5,137.94263585439808,19.896141877259367,19.80037367711599,71.14749467672955,27.937397972884,21.629977523834345,7.654257442106276,8.302920910912846,1,1,1,5
2,6,88.59958344113119,21.07107202245856,20.944818089008272,65.94872968949066,31.100262650557788,23.35104297589282,6.167881551658359,7.654257442106276,2,1,1,6
2,7,38.67109233915544,21.931569698342344,21.914039008125688,59.46180637519686,25.032606994366216,22.26226348177931,6.241061387746969,6.167881551658359,3,1,1,7
2,8,0.0,22.64991791803689,22.57358150752964,53.25517891327986,26.46592526731451,22.386144388702185,4.8338865423944295,6.241061387746969,4,0,0,8
2,9,0.0,20.7650376395281,20.647683048075628,61.3280115242492,25.930922895586534,18.918147165354213,4.217550966233871,4.8338865423944295,4,0,0,9
3,0,146.18003812129612,21.0,21.0,40.0,32.26903443186937,16.978933102062314,3.304801234021085,4.054780927602364,0,0,0,0
3,1,126.3512307171696,22.24538068863739,21.93957866204125,48.864634156107705,32.26903443186937,16.978933102062314,3.304801234021085,3.304801234021085,0,0,0,1
3,2,126.3512307171696,20.2616743986562,20.12051261018208,58.77483826478002,33.350904657636065,21.70578483498792,3.382099322077719,3.304801234021085,0,0,0,2
3,3,115.9898076258588,18.670563436160016,21.607879102995728,68.85379811521634,30.62293243831953,25.37128895299335,3.4538076971036067,3.382099322077719,0,0,0,3
3,4,103.6428100402,22.335041031086508,18.30867291776253,79.72314731807145,33.82197200642916,26.56330134276599,4.115665861886264,3.4538076971036067,0,0,0,4
3,5,94.00537793395284,18.15503754361181,19.03633159229315,76.56088787921502,35.765225339686424,30.0,4.358241910538685,4.115665861886264,1,0,0,5
3,6,72.39228140999998,18.06063262905308,18.03912887656605,72.35971944071693,32.03362218255116,27.959886492459493,5.112308244964565,4.358241910538685,2,0,0,6
3,7,43.86708490982981,18.06516105721761,18.05597738031734,67.61181945749844,31.57855164606743,25.377559558274285,5.275780035,5.112308244964565,3,0,0,7
3,8,18.65336260996998,18.15852636400082,18.121019749899077,63.775981048419766,35.46929499083572,26.55382495872718,4.389079756,5.275780035,4,0,0,8
3,9,8.087893074323091,18.113872122017938,18.08510389260135,74.49606348015257,31.929797814504514,27.62621569512222,4.156893335917718,4.389079756,4,0,0,9
4,0,195.50639026030424,21.0,21.0,40.0,31.365327650566044,22.007154082152155,6.769341992482144,5.273271777648426,0,0,0,0
4,1,195.50639026030424,19.22730655301132,19.040143081643045,49.60704671188928,31.365327650566044,22.007154082152155,6.769341992482144,6.769341992482144,0,0,0,1
4,2,187.4930491116916,18.104251489168337,18.078906797205487,59.675716691222405,31.633591567781178,24.30346387295844,7.224936543967067,6.769341992482144,0,0,0,2
4,3,187.4930491116916,16.912943705330157,16.772377459809466,71.42871682747575,36.35146392844239,28.94298127296512,6.859592786501511,7.224936543967067,0,1,1,3
4,4,134.5736335035991,18.360321592828942,18.138563401265216,68.99888856706754,41.51534535158693,28.31894209058969,6.614926951011565,6.859592786501511,1,1,1,4
4,5,88.79214002560508,19.640328631824747,19.600467074389417,65.75638970120758,35.319450745222504,30.0,5.722686684749252,6.614926951011565,2,1,1,5
4,6,48.3521170143924,20.99986296952093,20.729834225357003,61.67321923477422,37.37420676699273,23.27484619726643,5.055002876401586,5.722686684749252,3,1,1,6
4,7,15.57492443294124,22.06721751704559,21.85705452028709,58.21242852263234,39.33264963313126,24.77406863274712,4.097149072681395,5.055002876401586,4,0,1,7
4,8,6.775045916443153,20.592916749034284,23.467970712813557,70.30512040724344,38.29068417179338,28.890937409379404,2.9332928388326955,4.097149072681395,4,0,0,8
4,9,0.0,20.16599458918973,19.176640995071136,66.76434399424842,35.002111755189766,28.660241505949053,3.3875229582215765,2.9332928388326955,5,0,0,9
5,0,89.31333053568248,21.0,21.0,40.0,32.81367886473842,16.657447977782923,6.053035409,7.581990489683603,0,0,0,0
5,1,71.15422430868249,22.25627357729477,18.93314895955566,48.90480283165384,32.81367886473842,16.657447977782923,6.053035409,6.053035409,0,0,0,1
5,2,71.15422430868249,18.42619071518288,19.1902893842528,58.18749294771116,31.606218228676816,19.96428241608611,4.233234238138066,6.053035409,0,0,0,2
5,3,62.4517872676787,18.155384226873224,20.138614845162888,68.04928940948483,33.86182316647451,20.925934954490288,2.4661025689868654,4.233234238138066,0,0,0,3
5,4,57.6606780856787,21.328104104394487,20.489478937989063,78.55745253781963,35.28074154611529,23.09794250018918,0.798518197,2.4661025689868654,0,0,0,4
5,5,52.414472158547206,21.91306857683453,21.934828508741894,73.69741189507597,33.91224422051305,22.42086331979994,0.6557757408914365,0.798518197,1,0,0,5
5,6,43.040271345501296,22.935829205757347,22.846987326042864,68.7747942881088,30.050576373092493,25.934881365978743,1.1717751016307385,0.6557757408914365,2,0,0,6
5,7,28.14480572532589,23.674653019469314,23.691510561315688,63.46076083796737,27.15033819019525,26.66058708679685,1.8619332025219248,1.1717751016307385,3,0,0,7
5,8,8.70790114,24.326203949257746,24.200383375099975,58.46542998320365,30.80983041575277,24.771664835559893,2.429613073165737,1.8619332025219248,4,0,0,8
5,9,8.70790114,22.520343527051995,22.27983835846124,70.27040139514993,39.74787077635845,25.83530373445421,3.3176841873575342,2.429613073165737,4,0,0,9
6,0,275.93391839230003,21.0,21.0,40.0,29.01257819165574,17.67497995388691,7.267481148619879,2.270557707986028,0,0,0,0
6,1,275.93391839230003,19.18025156383312,18.95349959907774,48.40376046619768,29.01257819165574,17.67497995388691,7.267481148619879,7.267481148619879,0,0,0,1
6,2,260.2095417535368,18.123463355067365,18.17608628463368,57.73349632378941,27.85689903172367,23.974966843785936,11.011881008803204,7.267481148619879,0,0,0,2
6,3,260.2095417535368,16.87364209983487,16.751883341968206,68.00556498806338,31.18282104234684,25.88422709250853,12.0,11.011881008803204,0,1,1,3
6,4,194.64126126336464,18.765670502338462,18.742250228336715,77.54140371591035,27.98713844472981,24.989743376642245,10.928046748362023,12.0,0,1,1,4
6,5,120.05208351162884,20.073305584344418,19.912077288304747,72.8269998816591,32.77745991641811,24.364741004408312,9.323647218966974,10.928046748362023,1,1,1,5
6,6,59.62535775934979,21.210824782333752,21.124619044867547,68.16439305801254,32.079336702378924,25.35062538847351,7.553340719034881,9.323647218966974,2,1,1,6
6,7,10.566778784079029,22.19296461703108,22.108684321044414,63.19344673073677,30.61203285489704,25.1049319935709,6.132322371908845,7.553340719034881,3,0,0,7
6,8,0.0,19.92486963349137,19.871392072630325,58.447753917795765,30.45322787214557,26.515145389293345,5.283389392039514,6.132322371908845,4,0,0,8
6,9,0.0,18.41659362906513,18.37784976935125,68.91671645358218,30.45012968760041,27.7107732889908,4.362409173376318,5.283389392039514,4,0,0,9
7,0,249.9543106442904,21.0,21.0,40.0,30.779173783334635,20.680614680722343,7.090128116,2.9956330997377263,0,0,0,0
7,1,249.9543106442904,19.21558347566669,19.013612293614447,49.262761923530256,30.779173783334635,20.680614680722343,7.090128116,7.090128116,0,0,0,1
7,2,239.49259697224875,18.048043958314004,17.994336970006405,58.11454585737656,31.01902742537257,18.15754998488469,9.193204237929365,7.090128116,0,0,1,2
7,3,210.56742447134556,16.801585521580595,19.584588802511576,68.31552102443551,34.16376251975196,22.508321741686643,9.64172416696774,9.193204237929365,0,1,1,3
7,4,160.43641360451218,20.647141970924064,19.567177798123595,79.84769515109312,38.16039673152284,25.90723730546388,8.355168477805561,9.64172416696774,0,1,1,4
7,5,99.66472695170552,21.21090441283532,21.29841599699874,75.92689694068889,36.68750221857296,24.863618834736847,7.596460831600832,8.355168477805561,1,1,1,5
7,6,47.26646455406125,22.45727678727262,22.272229609279595,72.36695919000292,35.74779326113881,27.808108123939096,6.549782799705535,7.596460831600832,2,0,0,6
7,7,36.112549765890094,20.366776849835954,20.279907182433288,69.10942189872846,36.17754748869626,29.05835644866782,5.576957394085579,6.549782799705535,3,0,0,7
7,8,23.790970589433453,18.45305902298267,18.277061816626144,66.3736770242022,39.11882801297138,29.015922684104915,6.160789588228319,5.576957394085579,4,0,0,8
7,9,11.973093098,18.04403032267533,18.097334950615817,78.14026879928726,35.36995430602813,30.0,6.022561510933938,6.160789588228319,4,0,0,9
8,0,132.58875048151614,21.0,21.0,40.0,32.21736375634937,19.458250283585784,6.485857822549366,7.7394799538568435,0,0,0,0
8,1,132.58875048151614,19.244347275126987,18.989165005671715,49.30161052718833,32.21736375634937,19.458250283585784,6.485857822549366,6.485857822549366,0,0,0,1
8,2,126.02509746794831,18.104628256338643,18.136556486327603,59.355382527134005,31.47616742569292,24.378121462894168,5.47268384,6.485857822549366,0,0,0,2
8,3,119.3235570290204,16.916223257985525,18.17459060606099,70.71475542908586,34.780299379992755,28.32732785307307,4.797076067101612,5.47268384,0,1,0,3
8,4,98.55594903255948,19.01969352981724,15.442596849177631,65.57108477163821,32.368354523625115,22.38903071277685,4.153521599292188,4.797076067101612,1,1,1,4
8,5,64.5396146749489,18.237189011940725,19.17902797170792,62.40379378499277,36.150887258824426,29.586385037589807,4.252041794701322,4.153521599292188,2,1,1,5
8,6,35.77511885754567,20.305566168618277,19.86773287092671,59.09212757334362,36.34963410056533,28.58555361249489,3.595561977175403,4.252041794701322,3,1,1,6
8,7,15.113207541004464,21.15025189374501,21.117851052823355,53.33264010251982,29.761861114551024,21.574319603094565,2.582738914567651,3.595561977175403,4,1,1,7
8,8,4.424374364351968,22.62009213756594,22.54097217364831,61.74189326661956,25.580041971796938,21.138031162090503,1.7814721961087492,2.582738914567651,4,0,0,8
8,9,4.424374364351968,20.81658467238661,20.77005033133232,71.88567914887919,29.933941262016344,26.420424750537165,1.6816855144504357,1.7814721961087492,4,0,0,9
9,0,190.36379084063964,21.0,21.0,40.0,33.24437219818739,19.98399187856279,6.830282956640339,5.773273185929288,0,0,0,0
9,1,190.36379084063964,19.26488744396375,18.999679837571257,49.58110553381504,33.24437219818739,19.98399187856279,6.830282956640339,6.830282956640339,0,0,0,1
9,2,182.55926009897885,18.05949844498956,18.011222433896705,58.08753008683389,27.85407359904675,19.40384058439131,6.654260394555777,6.830282956640339,0,0,0,2
9,3,182.55926009897885,16.632080386543578,16.635645403570017,66.99291484850224,25.01012455105857,24.46423523598781,6.685748167751662,6.654260394555777,0,1,1,3
9,4,140.45252116524188,18.724841754183725,18.577399159943774,77.57581240610489,33.056264888307936,25.737610431706766,7.017789822289494,6.685748167751662,0,1,1,4
9,5,85.4307013013529,19.967138029117457,19.949757367691184,73.91102780332514,33.02704542917933,29.946373444266555,6.8777274829861215,7.017789822289494,1,1,1,5
9,6,42.28945055155478,21.266704109440774,21.16521002777783,70.67140232414258,35.33541400454128,30.0,5.392656343724765,6.8777274829861215,2,1,1,6
9,7,12.688349071554782,22.38882684145268,22.19285495828797,67.43934224071302,38.349224682063095,27.028219298883776,3.700137685,5.392656343724765,3,0,0,7
9,8,7.0988670354592776,20.22744970982871,20.06504554430788,64.89148518041836,40.11917920538199,29.059392681869905,2.7947410180477528,3.700137685,4,0,0,8
9,9,7.0988670354592776,18.872446541118254,18.663278390877107,78.01248977949496,42.89446999487001,30.0,2.7207304042692377,2.7947410180477528,4,0,0,9
10,0,43.98647629063238,21.0,21.0,40.0,25.90433139596119,21.46027891507768,2.398807380861561,5.763960930748606,0,0,0,0
10,1,24.796017243739893,21.418086627919227,21.329205578301558,33.525629855987,25.90433139596119,21.46027891507768,2.398807380861561,2.398807380861561,1,0,0,1
10,2,15.93866840673794,21.89003044088352,21.731826924433378,27.83797104307545,30.48931019196516,21.24591862519289,1.1071686046252442,2.398807380861561,2,0,0,2
10,3,15.64948436673794,22.50969100509272,22.351224791892303,23.51786032649848,34.814540824005924,24.518177417233144,0.036148005,1.1071686046252442,3,0,0,3
10,4,14.444762738486386,23.33351389406782,23.15762847230017,20.496031898607043,38.858330954607,27.68706666821836,0.1505902035314441,0.036148005,4,0,0,4
10,5,13.64301054387144,24.885545559756174,24.738542518932007,32.16587966959523,37.41046049216204,27.422027124438983,0.1336253657691576,0.1505902035314441,4,0,0,5
10,6,8.069248296592495,26.36175062763641,26.18144367004335,43.69951491133878,37.64807241751762,26.427678925502114,0.9289603745464912,0.1336253657691576,4,0,0,6
10,7,8.069248296592495,24.57427030471789,24.458210843186777,55.02327966164998,35.70869080442363,27.201113363971903,1.7806302475231244,0.9289603745464912,4,0,0,7
10,8,4.180797673087338,22.931511131744195,25.77473053409925,67.54766558658852,39.57992180521409,30.0,1.296150207835052,1.7806302475231244,4,0,0,8
10,9,4.180797673087338,22.986107472735934,21.99862074096381,79.55835378617903,36.72604555328055,30.0,1.3059908441020889,1.296150207835052,4,0,0,9
11,0,204.2983842429609,21.0,21.0,40.0,34.82587986096777,15.596075442048257,7.139526913102904,2.097733795737998,0,0,0,0
11,1,204.2983842429609,19.29651759721936,18.911921508840965,49.07595195454289,34.82587986096777,15.596075442048257,7.139526913102904,7.139526913102904,0,0,0,1
11,2,192.6219533554448,18.03620491226305,18.07773259088813,58.27526444554273,31.8779489654034,19.22934265126242,9.815371048649055,7.139526913102904,0,0,0,2
11,3,192.6219533554448,16.834529326740572,16.53798873100067,67.77372495931408,33.48666984206323,19.282555234444267,10.078831281894056,9.815371048649055,0,1,1,3
11,4,138.85671515943875,18.732848108669245,18.563363492268845,77.4535413304281,33.34954868670936,20.42720893059076,8.960873032667674,10.078831281894056,0,1,1,4
11,5,79.31898593222918,19.85378411837565,19.816664109546725,71.61956964450617,27.660324605054164,23.26205491760185,7.442216153401197,8.960873032667674,1,1,1,5
11,6,38.94894800657835,20.8965505054986,20.886321651235235,64.53478840893945,22.52084021289357,21.452597367291343,5.046254740706354,7.442216153401197,2,1,1,6
11,7,14.69802777656004,21.89098553084225,21.722400995131945,57.84531090353846,27.3761145069524,18.79345490748656,3.0313650287522886,5.046254740706354,3,1,1,7
11,8,0.0,22.459919543643363,22.422932064676587,50.453852748402255,23.323909449951604,18.945767465958323,1.837253472070005,3.0313650287522886,4,0,0,8
11,9,0.0,20.52736588607717,20.526559401824944,58.056774081754384,21.41679412453456,20.82165772742172,1.546024985159424,1.837253472070005,4,0,0,9
12,0,229.9865046835369,21.0,21.0,40.0,26.68594523517113,17.989768671675385,7.893431988743194,5.510491875932469,0,0,0,0
12,1,229.9865046835369,19.133718904703425,18.959795373433508,48.04162850323237,26.68594523517113,17.989768671675385,7.893431988743194,7.893431988743194,0,0,0,1
12,2,215.7140346140299,18.123870502666332,18.15107914753896,57.11597892230178,26.19352513331667,24.21953275040224,9.722816005948197,7.893431988743194,0,0,0,2
12,3,215.7140346140299,16.89415516565903,16.73506916560462,67.62059750663646,32.9525812324119,25.406410902780777,10.191479956704192,9.722816005948197,0,1,1,3
12,4,162.25186689638485,18.843907061469007,18.8197456852926,78.52806337463066,32.095695704802225,28.501336895165583,8.910361286274178,10.191479956704192,0,1,1,4
12,5,104.30745768532393,20.085964255366324,20.035745027458773,73.77916790166276,29.91198137187892,27.03859933385496,7.243051151382616,8.910361286274178,1,1,1,5
12,6,51.76540524822974,21.170406696431,21.236863887759394,68.658757968493,26.158520167291893,28.72809131509836,6.567756554636774,7.243051151382616,2,1,1,6
12,7,8.016785004071716,22.05212462055529,22.203252162090003,62.68956551073374,20.808959032893394,29.362193979555126,5.468577530519753,6.567756554636774,3,0,0,7
12,8,0.0,19.794408459126057,19.7832624528458,56.351360009428845,23.20573386964927,24.915346678656856,4.008392502035858,5.468577530519753,4,0,0,8
12,9,0.0,18.233885490402933,18.272788639854028,66.00098456439417,25.91552896350606,27.693496341856868,3.2483411032172773,4.008392502035858,4,0,0,9
13,0,255.39908975940725,21.0,21.0,40.0,29.72369114070828,15.898684800310212,4.917734207362141,2.2657112237249217,0,0,0,0
13,1,255.39908975940725,19.194473822814167,18.917973696006207,48.21202766938333,29.72369114070828,15.898684800310212,4.917734207362141,4.917734207362141,0,0,0,1
13,2,245.06330857703887,18.203772654289853,18.062559295309395,57.54065446355119,33.51982753892794,18.305876873115736,7.309474058084169,4.917734207362141,0,0,0,2
13,3,245.06330857703887,16.766372758110972,16.744850278713283,67.05306477284032,28.020524147543284,24.82619979295188,8.701565027637658,7.309474058084169,0,1,1,3
13,4,193.54297832433568,18.745783599603072,18.635275887699656,76.3730017906637,28.812825331466435,22.964602545330152,8.586721708783863,8.701565027637658,0,1,1,4
13,5,128.70751009191076,19.90822662710963,19.944339728099024,71.49082537076474,28.031045814821496,28.179085185739893,8.104433529053114,8.586721708783863,1,1,1,5
13,6,66.14353184960687,21.07620173422944,21.12518753323362,66.69754130074213,26.85649546185668,29.847481926906653,7.820497280287988,8.104433529053114,2,1,1,6
13,7,12.93840640282554,22.112128808718914,22.113571228627364,62.12889680078315,28.57253350987129,29.37944149035664,6.650640680847666,7.820497280287988,3,0,0,7
13,8,0.0,19.89236852047479,19.894053752132045,57.909835182115074,29.894102118510705,30.0,6.469203201412769,6.650640680847666,4,0,0,8
13,9,0.0,18.416535003376023,18.369831665137315,68.38580656024446,30.254864713342,27.944976276265702,6.462944993413989,6.469203201412769,4,0,0,9
14,0,76.92788356038369,21.0,21.0,40.0,26.261996141262443,21.0592616014806,4.478147900676209,7.277721786841092,0,0,0,0
14,1,50.05899615632643,22.12523992282525,22.02118523202961,48.51782639369375,26.261996141262443,21.0592616014806,4.478147900676209,4.478147900676209,0,0,0,1
14,2,50.05899615632643,20.27089089404045,20.0888198851944,58.53787142210776,33.165643814379706,22.501273010142626,2.4074503828876264,4.478147900676209,0,0,0,2
14,3,43.761323561192654,21.731850767461463,21.6033648485563,69.30984642409005,34.49983332225874,25.34447224430956,1.049612099188962,2.4074503828876264,0,0,0,3
14,4,39.02052437716763,23.231637273419697,23.21282501335625,80.62606874570497,32.86790178674952,30.0,0.7901331973375043,1.049612099188962,0,0,0,4
14,5,36.09653000407147,24.11983532481016,24.04184649293518,77.11236881290304,33.99720182290064,29.8155763281998,0.3654992966370204,0.7901331973375043,1,0,0,5
14,6,31.579317968247786,24.909508239614585,24.87391876977494,73.25358917367151,32.42248732052146,29.47318135041445,0.5646515044779603,0.3654992966370204,2,0,0,6
14,7,22.982510533457585,25.597768542427534,25.50641777374896,69.17681547358009,32.89298551828559,27.79160503676208,1.0746009293487748,0.5646515044779603,3,0,0,7
14,8,7.309036467934602,26.062204106525787,25.835008458173448,64.23912762521888,34.3158890617833,21.585845113987737,1.959184258190373,1.0746009293487748,4,0,0,8
14,9,7.309036467934602,23.90001538898537,23.754547351083044,74.43146228139557,33.65270902180258,22.97137240140121,3.2220152578563246,1.959184258190373,4,0,0,9
15,0,109.75183083909256,21.0,21.0,40.0,27.966960170684136,18.15766526431868,6.016773721870224,6.7515617982732055,0,0,0,0
15,1,109.75183083909256,19.159339203413683,18.963153305286376,48.3024325783005,27.966960170684136,18.15766526431868,6.016773721870224,6.016773721870224,0,0,0,1
15,2,103.43624555730774,18.22339559755365,18.066911763985942,57.72796742996174,33.754886275556096,18.60919623367299,4.453263300382446,6.016773721870224,0,0,0,2
15,3,93.52318484890772,18.09722105604536,18.177573154211007,67.71637343939324,31.09362215775104,24.397522339090624,3.6863793374208806,4.453263300382446,0,0,0,3
15,4,81.11071370889897,20.18611880789554,18.084527891165138,79.23990972417641,37.885175012142064,26.134471014431107,2.9855406321857028,3.6863793374208806,0,0,0,4
15,5,59.05857377653206,20.15035106883048,20.62704491423466,75.47554353974644,35.054679672512414,27.36550819176548,2.756517491545865,2.9855406321857028,1,0,0,5
15,6,40.34006350206276,21.64948950178634,21.38209750697376,70.66291915575974,31.40786162982004,25.18866957025388,2.3398137843086624,2.756517491545865,2,0,0,6
15,7,15.768806956796594,22.378579975729263,22.497681373673828,65.22472475980602,25.58847613483113,27.53266610987048,3.071407068158271,2.3398137843086624,3,0,0,7
15,8,8.881067626166583,20.12673099336913,20.1691574958522,60.32131246300813,26.092153906678394,30.0,3.443869665315005,3.071407068158271,4,0,0,8
15,9,8.881067626166583,18.73083645600031,18.585630245697207,71.44150778521775,34.2013879395368,27.577474961627782,4.130537653213358,3.443869665315005,4,0,0,9
16,0,32.93220833572912,21.0,21.0,40.0,34.62841056110579,15.575079902738878,2.747501458813862,5.740885074374117,0,0,0,0
16,1,16.447199582845947,22.29256821122212,21.91150159805478,49.03662828349204,34.62841056110579,15.575079902738878,2.747501458813862,2.747501458813862,0,0,0,1
16,2,13.663600819189138,19.59821416619066,22.373942355730204,43.701763295261685,35.31239211518222,18.38280239464918,0.5567197527313617,2.747501458813862,1,0,0,2
16,3,9.631851912244326,22.18737255313325,21.056043394995623,38.186730770487245,33.81239940752076,18.88186434373233,0.5039686133681017,0.5567197527313617,2,0,0,3
16,4,3.3549631234910877,22.320466064350448,22.446772744981924,32.751519105010004,31.89615815503073,21.24155481454018,0.7846110985941548,0.5039686133681017,3,0,0,4
16,5,2.856084440421516,23.355569364290822,23.05418418272072,27.05597490289695,32.433039984202544,19.25838111516936,0.0623598353836964,0.7846110985941548,4,0,0,5
16,6,2.0972653837782707,24.74232669283196,24.654166215177703,36.30540734419037,30.15726869561384,21.228467089349618,0.1264698427738742,0.0623598353836964,4,0,0,6
16,7,2.0972653837782707,26.087561309569804,25.935992753769483,46.03710958974104,31.48292371505573,22.58208876022572,0.0,0.1264698427738742,4,0,0,7
16,8,0.0,24.021823019543056,27.05794970076214,55.69558438981484,27.06269380489693,26.59549952884645,0.6990884612594235,0.0,4,0,0,8
16,9,0.0,23.81737020142825,22.904144677039582,64.11175103117796,23.437928671026736,23.31855266987953,1.2904280770404633,0.6990884612594235,4,0,0,9
17,0,253.508515569126,21.0,21.0,40.0,25.81871451238587,16.634519240858396,5.629555566,2.810798798891432,0,0,0,0
17,1,253.508515569126,19.11637429024772,18.93269038481717,47.64158207558397,25.81871451238587,16.634519240858396,5.629555566,5.629555566,0,0,0,1
17,2,242.9454101483284,18.09629706248961,18.12714315745749,56.28930012919906,26.516221983085657,21.52665609255376,7.024113614054433,5.629555566,0,0,0,2
17,3,242.9454101483284,16.748121629865327,16.63680288424542,65.01244674424899,26.782585747821816,21.67933989134448,7.040460804292091,7.024113614054433,0,1,1,3
17,4,201.6506198302128,18.67904325793348,18.48295898044205,73.38388655570697,28.99099700570732,17.517001946836952,6.882465053019259,7.040460804292091,0,1,1,4
17,5,152.06318007972914,19.83352026301484,19.714033443086304,67.53096001015075,29.866339952854123,20.95073479405577,6.1984299688104585,6.882465053019259,1,1,1,5
17,6,100.84991495623694,21.060865381559054,20.83468149638116,62.45569689219343,34.11946184014111,21.0179652823182,6.401658140436525,6.1984299688104585,2,1,1,6
17,7,50.137467224,21.941143659572923,21.84640041273323,56.42097206200833,28.96850244820124,20.83858182854821,6.339055966529619,6.401658140436525,3,1,1,7
17,8,0.0,22.683839172904925,22.606991258507207,51.290647189412965,30.047536454031103,24.783992031550195,6.267183403,6.339055966529619,4,0,0,8
17,9,0.0,20.747540074373504,20.71825208111504,59.29574186399632,23.54493328550933,20.92781490662042,4.462867536297095,6.267183403,4,0,0,9
18,0,176.3868158833785,21.0,21.0,40.0,34.443744382523725,18.677464581644607,5.635131593856222,3.710905355422147,0,0,0,0
18,1,176.3868158833785,19.28887488765048,18.97354929163289,49.5618176135503,34.443744382523725,18.677464581644607,5.635131593856222,5.635131593856222,0,0,0,1
18,2,168.76183892194777,18.07725899826656,18.18477441295021,59.78810178830429,32.17039161744754,24.64229824229684,6.489297640153488,5.635131593856222,0,0,0,2
18,3,168.76183892194777,16.987316807691055,16.651777636436822,70.4861729242241,37.29897793767242,22.13475059521549,6.462647732471483,6.489297640153488,0,1,1,3
18,4,126.7712771441962,18.143303416484127,18.02387768507605,65.44544607120515,33.166834700111565,22.16246056089426,5.248820222218948,6.462647732471483,1,1,1,4
18,5,90.60711502545934,19.427044551611488,19.302800037807277,60.29118868371181,31.351090865406764,23.34747920407466,4.520520264842107,5.248820222218948,2,1,1,5
18,6,57.34096485469811,20.58930747337148,20.52999711894208,54.853188840241856,28.975704260183488,24.14651883165008,4.158268771345154,4.520520264842107,3,1,1,6
18,7,28.771708067000777,21.745370638773213,21.547436743991533,50.65339631776001,35.39375135420171,24.60740129867693,3.5711570984621663,4.158268771345154,4,1,1,7
18,8,8.090828354513906,23.203274171531547,23.139620554073456,61.39901727818587,32.92479175960908,26.77310246497904,3.4468132854144784,3.5711570984621663,4,0,0,8
18,9,8.090828354513906,21.47360207498352,21.325675755880997,72.88376224819073,36.07762946962353,27.72650925262572,3.32116926890584,3.4468132854144784,4,0,0,9
19,0,96.32150704438476,21.0,21.0,40.0,27.195361581889124,23.8040828251533,2.267431907553209,4.022244520743904,0,0,0,0
19,1,82.71691559906549,22.143907231637783,22.076081656503067,49.17989999326764,27.195361581889124,23.8040828251533,2.267431907553209,2.267431907553209,0,0,0,1
19,2,73.64106972770333,19.551462326097315,22.50220692202259,44.44970500203058,30.267313050831127,26.78715922007411,1.8151691742724327,2.267431907553209,1,0,0,2
19,3,59.01617526319582,22.05966362209454,21.2444731533773,38.82090684113063,24.28029346821377,27.78193897123093,1.8281118080634384,1.8151691742724327,2,0,0,3
19,4,39.85665265067944,22.305594523936414,22.6018452175824,34.1556648638533,27.41532234845933,30.0,2.3949403265645466,1.8281118080634384,3,0,0,4
19,5,12.79477244819799,23.379531493391383,23.26620846983053,29.448370856923468,29.202045367427065,27.97965459407385,3.3827350253101818,2.3949403265645466,4,0,0,5
19,6,12.79477244819799,21.98313885041132,21.7945740736421,40.21729347130669,35.477716024779184,24.34963183290538,3.611356910114296,3.3827350253101818,4,0,0,6
19,7,12.79477244819799,20.536035956569165,20.427858972000724,49.924181373978286,31.08223794740131,22.84491706744089,4.170071902714403,3.611356910114296,4,0,0,7
19,8,12.79477244819799,19.194536237840648,19.052234220782104,60.66887481054219,34.2152484678489,25.47749284639502,4.555529319438115,4.170071902714403,4,0,0,8
19,9,9.08654501195948,18.05072202166997,18.041027960173164,70.04551389252937,28.50838907949843,23.58405026487481,4.559942761740891,4.555529319438115,4,0,0,9
20,0,181.00177924221816,21.0,21.0,40.0,34.03487760059643,23.695520081705304,5.530670999028015,3.018100944219988,0,0,0,0
20,1,181.00177924221816,19.28069755201193,19.07391040163411,50.39147158281431,34.03487760059643,23.695520081705304,5.530670999028015,5.530670999028015,0,0,0,1
20,2,173.9453897259486,18.08075621014012,18.14134428590606,60.58021625569502,32.24508737946167,24.35904969209785,6.680410704530024,5.530670999028015,0,0,0,2
20,3,173.9453897259486,16.78625546441766,16.696708122813746,70.19656629242833,28.49635640722365,24.927810463516977,6.678404481872221,6.680410704530024,0,1,1,3
20,4,127.6582481372245,18.11777567023182,18.060960187279036,66.52449218382688,33.55845294528952,29.37446867359129,5.785892698590509,6.678404481872221,1,1,1,4
20,5,86.71322132416292,19.41376470985457,19.431658556635288,62.31684936677297,29.957539905256056,30.0,5.1181283516326985,5.785892698590509,2,1,1,5
20,6,50.98714456637879,20.677302696231592,20.61244371823923,57.476638638442495,29.708907464702243,26.73436626679511,4.465759594723016,5.1181283516326985,3,1,1,6
20,7,21.60899947683689,21.75649688389414,21.570838087854952,52.20701565734592,32.15673728843194,21.90091281658705,3.672268136192737,4.465759594723016,4,1,1,7
20,8,5.297398884348695,23.17110562485713,23.047845391355903,61.55746976247089,30.44743043317154,21.49953681752274,2.718600098748033,3.672268136192737,4,0,0,8
20,9,5.297398884348695,21.309799292075017,21.1022090890924,70.56073373127677,31.12327340584094,18.89485975419172,2.270032877088619,2.718600098748033,4,0,0,9
21,0,179.20766416132574,21.0,21.0,40.0,34.599403986625305,23.335456982769287,4.635424999011551,7.291819783222505,0,0,0,0
21,1,151.39511416725642,22.29198807973251,22.066709139655387,50.42827497449103,34.599403986625305,23.335456982769287,4.635424999011551,4.635424999011551,0,0,0,1
21,2,151.39511416725642,20.43435533804549,20.329347836118625,62.36484783455082,37.47192643224938,28.842367234749485,2.740063549903083,4.635424999011551,0,0,0,2
21,3,133.1972840575079,22.140166357052635,21.8667124553504,75.90945320507352,45.24780761401495,30.0,3.032971684958091,2.740063549903083,0,0,0,3
21,4,111.98717589688388,23.10477683491245,19.77565608225587,74.30893930949911,47.49971781369669,26.94187165533436,4.242021632124803,3.032971684958091,1,0,0,4
21,5,101.0171545091169,19.1731103881974,19.85202677541232,71.43497538329842,41.67892950288291,25.687937573779973,5.485010693883489,4.242021632124803,2,0,0,5
21,6,86.57439323019595,18.02719306157825,18.113153929867337,68.29462081428133,36.89217430811269,28.99474475290343,5.777138797785983,5.485010693883489,3,0,0,6
21,7,60.13504727308075,18.09928261118195,18.09700495761329,64.86418009735128,34.2753293503886,30.0,4.989442179725419,5.777138797785983,4,0,0,7
21,8,49.9105646958642,18.055556643271878,18.13175017904532,76.18074060549844,32.86978060081759,30.0,4.716433036,4.989442179725419,4,0,0,8
21,9,22.753184478792228,17.96602115915137,18.035590794419083,70.82226478878053,26.599923791479128,26.96409944897689,4.566440939,4.716433036,5,1,0,9
22,0,107.45494990463276,21.0,21.0,40.0,28.166889866459577,18.23033519432189,2.392958601174912,2.6222743122223973,0,0,0,0
22,1,93.0971982975833,22.16333779732919,21.96460670388644,48.35150051094067,28.166889866459577,18.23033519432189,2.392958601174912,2.392958601174912,0,0,0,1
22,2,87.5350454791087,19.36929593942902,19.30674234259159,40.96818635890426,24.2117838105442,18.10313756703134,2.781076409237303,2.392958601174912,1,0,0,2
22,3,68.98984462094384,18.177439649257536,20.072509236386622,35.275498959921094,29.126588814660344,22.580703413210927,3.0945912617380373,2.781076409237303,2,0,0,3
22,4,49.19322421981344,20.465548498224745,18.133268717612477,29.85039517052708,28.80529816515105,24.38856967154888,3.130110453012193,3.0945912617380373,3,0,0,4
22,5,28.615890492240176,18.20798079809798,20.73150353299077,25.049414308141287,33.18678140820518,23.474436022984865,3.439924533274427,3.130110453012193,4,0,0,5
22,6,18.816168832108577,18.81162034935882,20.904952221311408,34.68874436235444,30.516199506748173,23.035634127769363,3.2665738867105327,3.439924533274427,4,0,0,6
22,7,0.0,22.14401989475793,21.32540489201988,45.84063785130118,35.74286794254805,26.212095884933824,3.136028138684763,3.2665738867105327,4,0,0,7
22,8,0.0,20.24221729984629,20.36042364595844,57.49337382101879,35.553164894724866,29.18425715926184,2.932838710040296,3.136028138684763,4,0,0,8
22,9,0.0,18.910887077798392,18.760752375382825,69.32542900825614,35.73363992909633,30.0,3.052730709227171,2.932838710040296,4,0,0,9
23,0,127.43446159361888,21.0,21.0,40.0,25.76796364159105,19.96838472796109,7.497149033777024,6.3965568804569015,0,0,0,0
23,1,127.43446159361888,19.11535927283182,18.999367694559226,48.23254270651938,25.76796364159105,19.96838472796109,7.497149033777024,7.497149033777024,0,0,0,1
23,2,117.9367932076358,18.12701013212991,18.175759593014977,57.81682514539924,29.54670338300439,23.69931016632816,6.688473521913769,7.497149033777024,0,0,0,2
23,3,117.9367932076358,16.68564574617078,16.760778119789673,66.45089693499445,21.739602451765208,26.22746304598596,5.281179815041523,6.688473521913769,0,1,1,3
23,4,91.36497051982256,18.608683803257545,18.660439470366107,75.28828131370287,22.69090546100109,26.405674420712387,4.428637114635541,5.281179815041523,0,1,1,4
23,5,60.45288550572132,19.86248515999874,19.77621594437525,69.38800096709252,27.045561924466508,23.508436149920485,3.864010626762654,4.428637114635541,1,1,1,5
23,6,40.53210010910097,20.95964784980413,21.019841406396058,64.32992532746489,26.75863675896801,28.47427635421184,2.4900981745775432,3.864010626762654,2,1,1,6
23,7,25.211002841732917,22.05514181558961,21.950023457000967,59.57385803593384,30.631875924912688,26.27886134435924,1.9151371584210075,2.4900981745775432,3,0,1,7
23,8,0.0,22.78479292968677,22.71145850818556,54.52959049917634,30.27656062484088,25.03306417095077,3.151375355216614,1.9151371584210075,4,0,0,8
23,9,0.0,20.991820360151685,20.876348433932467,64.49216476879262,31.11062373234024,24.237011098861345,4.057578277553961,3.151375355216614,4,0,0,9
24,0,80.48959575815299,21.0,21.0,40.0,28.41961949667652,21.42062755476349,2.5174397310238072,3.3401175408885475,0,0,0,0
24,1,65.38495737201015,22.168392389933533,22.028412551095272,48.9712444692592,28.41961949667652,21.42062755476349,2.5174397310238072,2.5174397310238072,0,0,0,1
24,2,61.80071370613968,19.535199243472075,19.538588276091357,44.609903892621446,30.516954707366715,28.586708755756867,1.7921218329352309,2.5174397310238072,1,0,0,2
24,3,51.8247718315545,20.34188281818165,20.331520899876985,39.44155021631012,27.543758889885048,27.076498463940936,1.246992734323148,1.7921218329352309,2,0,0,3
24,4,39.19922000931659,21.308497274750163,21.22838620001608,34.7502396033066,30.71573955284951,26.55475704157539,1.5781939777797382,1.246992734323148,3,0,0,4
24,5,16.47806803160611,22.3237619015134,22.15462613126153,29.738283983049712,32.573795038310955,22.91534040470633,2.8401439972138105,1.5781939777797382,4,0,0,5
24,6,3.0813207335611064,20.81499131606981,23.822259120352257,38.79859484537141,26.254353342943705,24.080707003287944,4.465582432681668,2.8401439972138105,4,0,0,6
24,7,3.0813207335611064,21.298909510509983,20.422478397506566,48.360665712876894,25.91757725826013,27.205038672325863,5.825903696137226,4.465582432681668,4,0,0,7
24,8,3.0813207335611064,19.266335634721948,19.489751838151523,57.55351914417935,26.523532237626466,24.547875714053824,6.642772180073447,5.825903696137226,4,0,0,8
24,9,0.0,18.10778706469501,18.01722450109423,66.66592217635606,29.81251653007518,20.81194475979547,7.381225544338564,6.642772180073447,4,0,0,9
25,0,131.8596809414193,21.0,21.0,40.0,32.18852103928587,21.555851194735737,3.915876833570394,2.3289170727994013,0,0,0,0
25,1,120.1120504407081,22.24377042078572,19.03111702389472,49.67398700212389,32.18852103928587,21.555851194735737,3.915876833570394,3.915876833570394,0,0,0,1
25,2,120.1120504407081,18.505679899605887,19.26619694036851,59.66298202960666,32.82918286729137,22.66523395205737,4.876859097871611,3.915876833570394,0,0,0,2
25,3,113.11836088382331,18.14099087756686,18.172992435575967,71.15376791631655,34.654980191227864,29.182719179382627,5.695417134415616,4.876859097871611,0,0,0,3
25,4,101.93262900423292,16.38684856920281,16.26474913139312,66.80619061559833,32.402537313734385,26.77758879338659,5.592865939795212,5.695417134415616,1,1,1,4
25,5,66.40428932740207,17.837514908081822,17.754354237106895,61.88637977784504,30.99528800863112,25.00576289273945,4.441042459603855,5.592865939795212,2,1,1,5
25,6,42.996613895432176,19.280350605958848,19.098277690044927,57.19989436585038,33.82417956350818,23.47312370318817,2.925959428996236,4.441042459603855,3,1,1,6
25,7,26.89173608105662,20.45441216669308,20.38545179500983,53.12308905392126,33.43176362829917,27.252651305427925,2.0131097267969444,2.925959428996236,4,1,1,7
25,8,14.317851530663184,22.180205566609445,21.947789187777527,63.80345198398577,35.995287064157075,23.34006254731237,2.095647425065572,2.0131097267969444,4,0,1,8
25,9,6.327347395169882,20.46231019134467,23.29379357705848,74.8403201587043,36.61400535039012,24.70192895360177,2.663501378497768,2.095647425065572,4,0,0,9
26,0,136.42996698883388,21.0,21.0,40.0,27.940953683034884,18.170431886567712,5.893436323864762,6.383964078185615,0,0,0,0
26,1,136.42996698883388,19.1588190736607,18.963408637731355,48.30004940252847,27.940953683034884,18.170431886567712,5.893436323864762,5.893436323864762,0,0,0,1
26,2,129.1266257776888,18.11562010481989,18.097661441938552,57.09171335809904,28.87827550665968,19.96430202428799,5.172941529936083,5.893436323864762,0,0,0,2
26,3,122.49129924714386,16.68228722092664,18.052579734262533,65.05447177606217,24.08547113150123,20.152075634960617,4.596461237272315,5.172941529936083,0,1,0,3
26,4,109.26593142280224,19.43214798771842,15.930492840363184,73.29712512213958,25.160444128521195,20.632074460797707,4.408455941447205,4.596461237272315,0,1,1,4
26,5,79.40020806285267,18.40699120875604,19.48077494216718,67.08093800336286,23.81730049550588,24.981659955734564,3.733215419993696,4.408455941447205,1,1,1,5
26,6,51.4453770246465,20.34780671995261,20.051990904044903,61.98821079686249,26.86221960127477,28.178184807056525,3.4943538797757703,3.733215419993696,2,1,1,6
26,7,23.367096308201525,21.245819577231217,21.31912230623301,57.06563522403589,28.3788960253002,27.606795236774268,3.5097850895556224,3.4943538797757703,3,1,1,7
26,8,0.0,22.19802883188892,22.115368225034267,53.04148771065957,32.005223833362955,28.97173442565745,2.9208870385251906,3.5097850895556224,4,0,0,8
26,9,0.0,20.506035919938263,20.460722668331147,64.4724906136312,33.50557168317574,30.0,3.101897138949565,2.9208870385251906,4,0,0,9
27,0,126.53172506384318,21.0,21.0,40.0,33.71081447619661,15.18451614086729,2.3233528208611207,2.345153248332065,0,0,0,0
27,1,112.59160813867646,22.27421628952393,21.903690322817347,48.8011595110715,33.71081447619661,15.18451614086729,2.3233528208611207,2.3233528208611207,0,0,0,1
27,2,101.62928648200688,19.504148437252063,22.436814050920752,43.39747011428719,31.118722750848004,22.19411393368359,2.192464331333918,2.3233528208611207,1,0,0,2
27,3,89.73632036528339,19.22120765562035,21.1474705483894,39.262469565799776,35.02898961023811,25.332118453720696,2.3785932233446974,2.192464331333918,2,0,0,3
27,4,67.31678075591607,21.435594714532463,20.82140897145285,34.52051751756394,29.40224952501167,27.586905762567007,2.802442451170915,2.3785932233446974,3,0,0,4
27,5,50.039455509747626,18.940131485026143,22.249756904427503,29.179091396540983,23.695129474110423,29.96361429798427,3.455465049233689,2.802442451170915,4,0,0,5
27,6,50.039455509747626,19.9625642605339,18.939005962343938,40.25512744786697,31.53353361847768,30.0,4.318957928282589,3.455465049233689,4,0,0,6
27,7,50.039455509747626,18.16665672581976,18.482506650693256,50.62618726154889,28.588938597037,29.02806036786257,5.135739828252932,4.318957928282589,4,0,0,7
27,8,40.50759199192275,18.184550536434884,18.012883670661303,61.78488227443939,36.32487164849459,25.66787842311929,5.331252524896281,5.135739828252932,4,0,0,8
27,9,27.18466466706878,18.137874479123315,17.978293851573852,72.24732531044914,37.44505330735414,20.67963022603335,5.201435999053804,5.331252524896281,4,0,1,9
28,0,175.96157389603815,21.0,21.0,40.0,25.97211810438348,22.46236121316544,7.167555802871595,7.672630592867759,0,0,0,0
28,1,175.96157389603815,19.11944236208767,19.04924722426331,48.71820627715881,25.97211810438348,22.46236121316544,7.167555802871595,7.167555802871595,0,0,0,1
28,2,166.77658056941831,18.14317159855453,18.032351961516884,58.030117376247375,31.42300871233525,20.309830727045707,7.206989393791038,7.167555802871595,0,0,0,2
28,3,166.77658056941831,16.81309855653246,16.66939717679883,68.0195299092752,32.17204991842274,23.324686376176302,6.864731372099096,7.206989393791038,0,1,1,3
28,4,133.63123515034687,18.791911716738333,18.65164555915217,78.13463818268156,32.68193726934052,23.513108694028084,5.524224236511907,6.864731372099096,0,1,1,4
28,5,95.07509304834323,19.989419175158176,20.00661331358857,74.03742487706447,30.9076613166444,29.66337587437175,4.819517762750454,5.524224236511907,1,1,1,5
28,6,56.81827921755298,21.382540849342742,21.19563549917148,71.47314885484377,39.08735543210727,30.0,4.782101728848781,4.819517762750454,2,1,1,6
28,7,19.138397184261333,22.41267385355863,22.292323429575912,68.16620421046476,36.89126004702173,28.070158595317093,4.709985254161456,4.782101728848781,3,0,0,7
28,8,9.708879810526364,20.241367771768903,20.057858210222623,64.68006828537393,37.47332298216413,26.4925885451091,4.7147586868674844,4.709985254161456,4,0,0,8
28,9,9.708879810526364,18.7378217374292,18.64188020164016,76.34234705249149,36.17007890387185,28.620358691225714,4.957393087135706,4.7147586868674844,4,0,0,9
29,0,219.8590459281772,21.0,21.0,40.0,30.31986999720141,18.504111555298973,4.941945488069576,4.252747373704692,0,0,0,0
29,1,219.8590459281772,19.20639739994403,18.97008223110598,48.78831667945007,30.31986999720141,18.504111555298973,4.941945488069576,4.941945488069576,0,0,0,1
29,2,212.4482752276342,18.046323456034703,18.11849038774124,58.17599043357589,29.355941699133417,22.79780137934336,5.936607181998901,4.941945488069576,0,0,0,2
29,3,212.4482752276342,16.87024269700095,16.586045226905824,68.01628138377644,33.897826292914075,20.770456763755654,6.813720764,5.936607181998901,0,1,1,3
29,4,167.82624098375828,18.692484001599198,18.6487356008269,77.42263385234168,29.353947902146498,22.9035658121048,7.437005707312654,6.813720764,0,1,1,4
29,5,112.40329590973651,19.984154087737664,19.837131077009246,72.58162978578778,32.2231214224641,24.21574487445868,6.927868134252721,7.437005707312654,1,1,1,5
29,6,61.22056838911891,21.124774814865624,21.04250866218464,67.73477124479021,31.362497116938822,25.04384432196351,6.397840940077202,6.927868134252721,2,1,1,6
29,7,10.499886881315875,22.077589837069,22.04437562941212,62.50877250938842,28.597354849302185,25.702652176243443,6.340085188475379,6.397840940077202,3,0,0,7
29,8,0.0,19.88375584253103,19.760492477856005,57.85039534474991,32.057420772528616,25.396039423924105,5.249943440657939,6.340085188475379,4,0,0,8
29,9,0.0,18.33272916748355,18.222458821420734,67.3973676193782,30.20060131615604,22.83813354288997,4.643374444303599,5.249943440657939,4,0,0,9
30,0,66.41345155495141,21.0,21.0,40.0,26.98377311064561,24.58554254525746,5.380253318,6.900144347563503,0,0,0,0
30,1,50.27269160095141,22.139675462212917,19.09171085090515,49.28247681806255,26.98377311064561,24.58554254525746,5.380253318,5.380253318,0,0,0,1
30,2,50.27269160095141,18.42668830436904,19.255798378604545,58.81931959819316,28.623212673727974,24.359247215886565,4.261016022,5.380253318,0,0,0,2
30,3,44.86751513245135,18.114839611624863,18.19759668304517,69.04710580835925,29.934077220474578,26.886957280448097,3.734951689440178,4.261016022,0,0,0,3
30,4,37.86319189925591,18.067943737568392,18.107485872566297,79.06314602271185,30.2506065420194,25.394061315495023,3.189679277797625,3.734951689440178,0,0,0,4
30,5,19.987128108114668,18.22613010943601,19.41571710262341,75.67360743879433,34.502563422680495,30.0,2.664689005748646,3.189679277797625,1,0,0,5
30,6,6.536111602851902,20.35442258824213,19.86594436350785,70.95794758686284,31.85766469186392,25.277558352961115,1.681377063157846,2.664689005748646,2,0,0,6
30,7,1.6766309045974055,21.158824550039892,21.17763487087106,65.43241829626183,29.51130285750289,23.12464552804701,0.6074350872818121,1.681377063157846,3,0,0,7
30,8,0.0,21.96548908842884,21.83663835235752,58.65755218433552,25.92778512908729,19.76740313798875,0.2095788630746757,0.6074350872818121,4,0,0,8
30,9,0.0,20.01700478093486,20.02822974352245,65.93612240370659,20.90400706520915,19.53249415351907,0.3546719944990188,0.2095788630746757,4,0,0,9
31,0,238.33918605930572,21.0,21.0,40.0,33.50093312201388,19.75388834365709,6.549074611397077,4.599278477463367,0,0,0,0
31,1,238.33918605930572,19.27001866244028,18.995077766873145,49.58586786382077,33.50093312201388,19.75388834365709,6.549074611397077,6.549074611397077,0,0,0,1
31,2,228.9037504332604,18.22291971434036,18.088114759540836,59.63520183260029,35.07472468689059,20.75490847299558,7.601466203172697,6.549074611397077,0,0,0,2
31,3,228.9037504332604,17.02734199626225,16.777075929965825,71.42427569984005,40.01511622740632,25.479738590592348,7.860661311606663,7.601466203172697,0,1,1,3
31,4,165.31329360801453,18.349695868338237,18.109947881800675,67.67659247901807,39.127130658378846,23.38574033705456,7.948807103155732,7.860661311606663,1,1,1,4
31,5,109.80915332792372,19.61948947198085,19.51579882352318,63.80238099280446,35.29534420432466,26.514591983377496,6.938017535011351,7.948807103155732,2,1,1,5
31,6,65.28897388221671,20.79943124415577,20.73305761093777,58.79894549506365,30.205255422380155,25.331214034615343,5.565022430713377,6.938017535011351,3,1,1,6
31,7,28.348769900198885,21.791254076107823,21.84228112808728,54.31891083693715,28.444251899297225,30.0,4.617525497752228,5.565022430713377,4,1,1,7
31,8,5.288055439849494,23.283126067939254,23.250515550116287,64.02135847583197,27.38380349710275,26.51868338564631,3.843452410058232,4.617525497752228,4,0,0,8
31,9,5.288055439849494,21.458054411730057,21.344811482073556,73.99334618343926,30.775617979549487,24.624313729379868,3.2801173257146914,3.843452410058232,4,0,0,9
32,0,203.9169824652916,21.0,21.0,40.0,31.66212388872196,21.294204847178563,5.2520712615241205,4.9164242102509,0,0,0,0
32,1,203.9169824652916,19.23324247777444,19.02588409694357,49.532139172462095,31.66212388872196,21.294204847178563,5.2520712615241205,5.2520712615241205,0,0,0,1
32,2,197.8830160950999,18.177703518349222,18.13450039276712,60.17379471395684,33.58600460806516,25.53430395579454,5.104904316,5.2520712615241205,0,0,0,2
32,3,189.36196528834404,16.789131124974034,18.085424191172503,69.15806533636521,27.39124660607387,22.521367962861547,6.171411245944386,5.104904316,0,1,0,3
32,4,168.20927120387057,19.57158547650653,16.088175457552698,78.94332391248663,29.544326299916992,24.818221345202023,7.050898028157826,6.171411245944386,0,1,1,4
32,5,115.51454833904748,18.657545315501768,19.52156597381271,72.94257018081238,29.522964985285064,20.472847616524625,6.586840358102887,7.050898028157826,1,1,1,5
32,6,71.54741180511257,20.5065612556266,20.070505845434987,67.08537264691934,29.81790383442188,20.97544319950564,5.495892066741863,6.586840358102887,2,1,1,6
32,7,35.70610388632743,21.264835791367048,21.38303989935304,61.473318575176606,26.392940455279607,25.76231470170524,4.480163489848142,5.495892066741863,3,1,1,7
32,8,0.0,22.1924965043491,22.078644162037317,56.39709970819689,29.52583645073378,25.606280954934427,4.463262985790929,4.480163489848142,4,0,0,8
32,9,0.0,20.39214308544707,20.287125251565904,65.58296711320841,28.995636761621714,22.036959932886727,5.421904745512226,4.463262985790929,4,0,0,9
33,0,226.95910164189465,21.0,21.0,40.0,26.00162013788841,16.797779870414136,7.793234250311443,6.069136932602557,0,0,0,0
33,1,226.95910164189465,19.12003240275777,18.935955597408284,47.70389200149446,26.00162013788841,16.797779870414136,7.793234250311443,7.793234250311443,0,0,0,1
33,2,213.84485037216672,18.113089573248825,17.964739165941083,55.04100001855842,25.654478662441235,15.107232543469667,8.756754433038273,7.793234250311443,0,0,1,2
33,3,188.30832050410737,16.72980338032593,19.57242042586967,64.19929325650526,30.48690535495586,20.3925015225266,8.512176622686447,8.756754433038273,0,1,1,3
33,4,139.64764218010737,20.494720531811986,19.430657420708947,73.8109902293846,31.98110819399595,21.417208322000366,8.110113054,8.512176622686447,0,1,1,4
33,5,85.03945011572826,20.97447794496992,21.26088530725892,69.76500631439981,31.24811173442331,29.60753318232789,6.826024008047389,8.110113054,1,1,1,5
33,6,35.33322729625115,22.143752426645577,22.15109188467881,64.51216277326571,24.74389293996263,29.406976275959007,6.213277852434638,6.826024008047389,2,0,0,6
33,7,24.88725747878723,20.0662566817783,19.994028508265743,59.49779879230988,29.48853623324298,25.987219428113484,5.222984908731959,6.213277852434638,3,0,0,7
33,8,12.956312158398656,18.11097530003115,18.293726601070656,55.54426004605378,31.79577150725637,29.57345768020978,5.103819230963974,5.222984908731959,4,0,0,8
33,9,0.0,18.10816285974422,18.041651150191765,65.91180617549742,30.16282877349672,27.434649723412427,5.355966205113231,5.103819230963974,4,0,0,9
34,0,212.91968750061227,21.0,21.0,40.0,28.28820844287196,17.71995470429493,5.2969265193636375,4.118736003062949,0,0,0,0
34,1,212.91968750061227,19.16576416885744,18.9543990940859,48.28146936649004,28.28820844287196,17.71995470429493,5.2969265193636375,5.2969265193636375,0,0,0,1
34,2,204.61430394715924,18.12628896539206,18.11127843922221,57.87470865429316,30.23951126885254,23.056262552275875,6.157083578200977,5.2969265193636375,0,0,0,2
34,3,204.61430394715924,16.88979878857997,16.772854797251,68.98298671902101,33.892506687075425,27.82014922807932,6.825420201567432,6.157083578200977,0,1,1,3
34,4,163.26101149923727,18.880449724927765,18.85844081063577,80.29681572423722,32.85460558453446,30.0,6.892215407986995,6.825420201567432,0,1,1,4
34,5,112.64456197657344,20.10556961773395,20.1268189678504,75.93460788680696,29.18325577808365,29.91558956952605,6.327056190332981,6.892215407986995,1,1,1,5
34,6,64.81800345116801,21.336967277517434,21.238218902612697,71.42893596474495,31.460250574350667,26.841572080860384,5.978319815675677,6.327056190332981,2,1,1,6
34,7,19.83554933119366,22.29686014863436,22.169588755811606,65.99927627607984,30.50667627495129,22.661881010242528,5.622806764996793,5.978319815675677,3,0,0,7
34,8,9.678156103239768,20.097702207842666,19.948251559487623,62.16593228641536,35.70929057264517,26.327687262552125,5.078696613976946,5.622806764996793,4,0,0,8
34,9,9.678156103239768,18.67939224533572,18.482117494372343,73.91598619803729,38.6917872801413,26.5862900066472,4.716536043130282,5.078696613976946,4,0,0,9
35,0,354.0866558679934,21.0,21.0,40.0,33.91127088394596,20.42283520936855,7.586468305,2.128247833012694,0,0,0,0
35,1,354.0866558679934,19.27822541767892,19.00845670418737,49.78013909679661,33.91127088394596,20.42283520936855,7.586468305,7.586468305,0,0,0,1
35,2,342.212359736614,18.09154933943868,18.113636004323205,60.183734345406805,32.48061004231343,25.317141338854327,11.02916842047861,7.586468305,0,0,0,2
35,3,342.212359736614,16.854367216725226,16.68410888604792,70.43670975551856,32.57129553060911,24.38967897001181,11.652346146318983,11.02916842047861,0,1,1,3
35,4,252.003340046265,18.156851326019392,18.09605664904217,66.9825333289854,34.86853655302945,29.27492774400851,11.276127461293624,11.652346146318983,1,1,1,4
35,5,172.3338116496069,19.566144960641974,19.43785991519388,63.60133084388471,35.9375237549187,28.61135132785524,9.958691049582262,11.276127461293624,2,1,1,5
35,6,106.678043214567,20.80711522379917,20.771044950943352,60.072332922296965,33.72778932451251,30.0,8.206971054379984,9.958691049582262,3,1,1,6
35,7,48.71269965584921,21.95213832797167,21.847132786862144,56.71398377076216,35.233584597671275,29.44225344935753,7.245667944839726,8.206971054379984,4,1,1,7
35,8,9.773368956327076,23.616723113432958,23.372583769331214,69.17495791586106,41.50484223058399,27.72279190885437,6.489888449920356,7.245667944839726,4,0,0,8
35,9,9.773368956327076,21.81488097206391,21.679824186296724,81.68261036034174,39.950943737389096,29.536014287503573,5.354143166994714,6.489888449920356,4,0,0,9
36,0,79.21942224291678,21.0,21.0,40.0,27.685076794675016,24.52235008408805,2.7904907897140183,4.960442241307833,0,0,0,0
36,1,62.47647750463267,22.1537015358935,22.090447001681763,49.39733683817735,27.685076794675016,24.52235008408805,2.7904907897140183,2.7904907897140183,0,0,0,1
36,2,59.31283653213838,19.55363187225777,19.45215834057532,44.04053736894024,29.797915439657466,23.7754208423586,1.5818204862471457,2.7904907897140183,1,0,0,2
36,3,47.60418735230138,20.383985766946147,20.16723291929429,38.32329659078084,31.96531496180538,19.60556960397569,1.463581147479624,1.5818204862471457,2,0,0,3
36,4,33.699282830126535,21.252366623074177,21.032975705225088,32.35781441730196,32.20630215506365,17.985463547831475,1.7381130652718553,1.463581147479624,3,0,0,4
36,5,10.765131062671037,22.15995845274213,22.00017104337712,26.51901525352645,31.087897218617087,19.80766298263012,2.866768970931938,1.7381130652718553,4,0,0,5
36,6,1.2091856463766997,20.87290941913937,23.578912458182508,36.48836323085743,36.2409628645229,19.144303676204725,3.1853151387647785,2.866768970931938,4,0,0,6
36,7,1.2091856463766997,21.309183719923944,20.279836017932684,46.36109189563514,32.86291604800712,21.985576534091265,2.933271851544377,3.1853151387647785,4,0,0,7
36,8,1.2091856463766997,19.20920045229284,19.49855880719135,56.19117358472948,27.79193136217813,26.81963357723485,2.6673414910542466,2.933271851544377,4,0,0,8
36,9,0.0,18.17850478264726,18.00827831775819,65.89600194630302,31.89864748896018,22.017065630892795,2.6465244550822216,2.6673414910542466,4,0,0,9
37,0,55.73443532169759,21.0,21.0,40.0,33.93792267834392,22.819069160221524,3.2843431330791875,7.220572235164975,0,0,0,0
37,1,29.45969025706409,21.57875845356688,21.356381383204432,35.21625853094178,33.93792267834392,22.819069160221524,3.2843431330791875,3.2843431330791875,1,0,0,1
37,2,25.326537186550524,18.98257533707645,18.83458674333512,29.764776346422963,31.89120346981068,21.156117727307,2.06657653525678,3.2843431330791875,2,0,0,2
37,3,16.47011695436122,19.88845603587445,19.62989676210889,24.37963044656408,34.281824353146646,19.13403175874846,1.107052529023663,2.06657653525678,3,0,0,3
37,4,15.68578909836122,20.750669870258267,20.674642411068028,19.040091545210917,30.674495195905592,22.994733129910152,0.098040982,1.107052529023663,4,0,0,4
37,5,14.843386437175123,22.46040821541936,22.272374130896303,27.721411413684145,29.385835469428915,18.843719355422373,0.1404004435310161,0.098040982,4,0,0,5
37,6,13.251427966639636,24.03982115227325,23.917608457898464,37.60274090007276,31.91371045548319,22.982564468898016,0.2653264117559145,0.1404004435310161,4,0,0,6
37,7,7.049004846018749,25.41000744371015,25.36466837429817,47.750951650132016,30.239546248830663,26.139402362609644,1.033737186770148,0.2653264117559145,4,0,0,7
37,8,0.0,26.618849704564457,26.4716679368399,58.62204452727913,34.21706742800142,26.177893000593663,1.1748341410031249,1.033737186770148,4,0,0,8
37,9,0.0,24.5062682948537,24.338882561644507,69.86390111001246,36.51588598464552,25.938872808317434,2.007588224141956,1.1748341410031249,4,0,0,9
38,0,89.13586672207946,21.0,21.0,40.0,27.41719516140864,24.44350780714981,2.575014029021886,4.983665124764339,0,0,0,0
38,1,73.68578254794814,22.148343903228174,22.088870156143,49.33492653434052,27.41719516140864,24.44350780714981,2.575014029021886,2.575014029021886,0,0,0,1
38,2,67.82730136352818,19.513826154714632,22.55031080482766,44.55941705893938,27.93529941864322,28.86742571801713,1.1716962368839925,2.575014029021886,1,0,0,2
38,3,60.37715449059335,22.165906084706982,21.21149108335395,39.505173968819925,28.713842685424147,26.54036236946776,0.9312683591168536,1.1716962368839925,2,0,0,3
38,4,51.85549038213307,22.3465312182644,22.57247577234308,34.35062805336893,28.85798222637257,25.83898491001079,1.0652080135575348,0.9312683591168536,3,0,0,4
38,5,41.20628688086174,23.382901926436087,23.253289190921517,29.46369971604203,29.637599961921737,26.54613149737328,1.3311504376589165,1.0652080135575348,4,0,0,5
38,6,27.191923671141502,24.961989582830853,24.905727913138108,41.120009129166064,34.75727451735574,30.0,2.33572720162004,1.3311504376589165,4,0,0,6
38,7,8.410822072,26.45746579712697,26.259410336125747,53.27469084146726,39.13635380411853,28.389655708665888,3.130183599856917,2.33572720162004,4,0,0,7
38,8,8.410822072,24.637146866493268,24.40857588058562,66.0108071162055,42.57779136836207,28.178410157961466,3.884326373605131,3.130183599856917,4,0,0,8
38,9,8.410822072,22.731661711814137,22.5985465503176,78.38101899367686,39.40386109136349,29.319538227921853,4.123240467148195,3.884326373605131,4,0,0,9
39,0,232.25565319971577,21.0,21.0,40.0,26.884939390196006,24.75378607633906,6.144777674852652,3.0368237570879333,0,0,0,0
39,1,232.25565319971577,19.13769878780392,19.095075721526783,49.29497058397631,26.884939390196006,24.75378607633906,6.144777674852652,6.144777674852652,0,0,0,1
39,2,223.2994351937799,18.048178100828096,17.94760051370509,57.18624997270672,25.67244403654346,18.167997011958807,7.495477395861172,6.144777674852652,0,0,1,2
39,3,199.6091978464709,16.6450484963412,19.52292516688766,65.80089793367236,27.73699280911009,20.12216252958788,7.896745782436351,7.495477395861172,0,1,1,3
39,4,151.77726145304723,20.360516543378267,19.34796510900341,74.54795436332901,28.02708980154136,20.56766814099561,7.971989398903939,7.896745782436351,0,1,1,4
39,5,92.94658128122958,20.763006828184565,21.026634641818628,68.24733443944139,25.1683850728276,23.161504238907817,7.353835021477204,7.971989398903939,1,1,1,5
39,6,45.7914361385776,21.98779322340385,21.79841243919335,62.02708949579029,27.145519492865287,21.63089748685088,5.894393142831498,7.353835021477204,2,1,1,6
39,7,6.969724712610496,22.83000506325934,22.78474167035666,57.12285246167224,30.595726720484485,25.491845312193,4.852713928245888,5.894393142831498,3,0,0,7
39,8,0.0,20.52280036758608,20.419144247208635,52.052213682910335,30.51243740408976,24.650680491677463,3.484862356305248,4.852713928245888,4,0,0,8
39,9,0.0,18.917144085597894,18.87516773353781,62.22196044491922,30.076126265468627,26.42246685680295,2.1439163266950447,3.484862356305248,4,0,0,9
40,0,74.36168280403868,21.0,21.0,40.0,26.13526509433376,24.3194108763197,2.160940524443446,5.837801084,0,0,0,0
40,1,57.07415860849111,21.42270530188668,21.386388217526395,34.08184167471762,26.13526509433376,24.3194108763197,2.160940524443446,2.160940524443446,1,0,0,1
40,2,53.54773236849111,21.831729293338025,21.88923974083672,28.78559724466917,25.789493528433376,28.120259637964104,0.44080328,2.160940524443446,2,0,0,2
40,3,46.89874151070847,22.428962466159746,22.434777208095294,23.6880969057738,26.93024659843937,28.08364040769745,0.8311238572228303,0.44080328,3,0,0,3
40,4,37.83876396717781,23.235903402158183,23.180515740436924,19.970886058039177,32.6821619570299,30.0,1.132497192941332,0.8311238572228303,4,0,0,4
40,5,27.98106306914804,24.69061460547045,24.738401861738478,30.49034743827442,28.441452112418013,30.0,1.6429501496716297,1.132497192941332,4,0,0,5
40,6,11.317974782020976,26.17246308492656,26.126799044998247,41.40867322320533,31.111879312116848,29.545486159721573,2.7771813811878427,1.6429501496716297,4,0,0,6
40,7,11.317974782020976,24.480142112904872,24.384222662767897,53.19524118224461,35.48093310577375,30.0,4.2769412997169525,2.7771813811878427,4,0,0,7
40,8,11.317974782020976,22.7967733063562,22.66820373037593,64.90998806025964,36.474598825575775,28.607328274507715,4.827782430960498,4.2769412997169525,4,0,0,8
40,9,11.317974782020976,20.971276545573545,20.915252980788523,75.29113156961273,31.2013706876807,26.47164880872539,5.245410445267625,4.827782430960498,4,0,0,9
41,0,231.1259606997256,21.0,21.0,40.0,26.44633370645822,20.839991102824285,7.741069094668894,2.819660055943652,0,0,0,0
41,1,231.1259606997256,19.128926674129165,19.016799822056488,48.51153846567085,26.44633370645822,20.839991102824285,7.741069094668894,7.741069094668894,0,0,0,1
41,2,218.422922556551,17.926734790602605,18.123659278046063,56.28762674921613,20.533088878220013,22.66740158592044,9.475349362,7.741069094668894,0,1,0,2
41,3,189.2704240030323,19.788457056619222,16.576130419849616,66.22941385100614,31.44730754616413,23.784843019335973,9.717499517839574,9.475349362,0,1,1,3
41,4,135.20442380747295,19.513098417447267,20.42978872260065,75.49354778241509,26.90889751196228,24.558513218087423,9.011000032593229,9.717499517839574,0,1,1,4
41,5,74.05172899190097,21.15294463676665,20.81468954677784,68.89617783030266,24.92183898297999,21.75943906083988,7.644086851946499,9.011000032593229,1,1,1,5
41,6,27.781376285550117,22.002372537685496,21.97583327925129,62.96219329602333,28.383770929439788,21.982981657897223,5.783794088293858,7.644086851946499,2,0,1,6
41,7,11.639467265463733,19.85080341936058,22.78878675435888,56.72634597268575,26.094329609583674,22.595407482985337,3.228381804017276,5.783794088293858,3,0,0,7
41,8,0.0,22.53046809037019,21.597137310887664,50.42542240725408,25.46249568170993,22.865706732558507,1.4549334081829666,3.228381804017276,4,0,0,8
41,9,0.0,20.18195665024818,20.45369792454247,60.381401599806026,27.86194674585024,27.44904876832725,1.643142602749059,1.4549334081829666,4,0,0,9
42,0,130.8444452528566,21.0,21.0,40.0,29.987010434134508,19.76712411690996,3.491291263362929,5.576542457704608,0,0,0,0
42,1,109.89669767267904,22.19974020868269,21.9953424823382,48.955744219188006,29.987010434134508,19.76712411690996,3.491291263362929,3.491291263362929,0,0,0,1
42,2,109.89669767267904,20.280409106410616,20.110634775789897,58.86366113134814,33.29933263576874,21.74465020956532,2.112009550046224,3.491291263362929,0,0,0,2
42,3,96.63301333121412,21.65830713190689,21.57949083599179,68.50507916623688,30.025431641112768,23.53800188604692,2.210614056910818,2.112009550046224,0,0,0,3
42,4,79.97284478852228,23.151380898109323,22.998083282822808,77.95540148502197,30.67445793148462,21.82733272843251,2.7766947571153064,2.210614056910818,0,0,0,4
42,5,63.055582622033846,20.97166772075454,23.829685152036756,73.58822570496861,34.23491916577876,24.83632650059146,3.3834524332976885,2.7766947571153064,1,0,0,5
42,6,43.10365312018318,20.845618012486337,22.75243908950665,68.27978135329604,32.8153302518961,21.026645572145227,3.990385900370133,3.3834524332976885,2,0,0,6
42,7,32.87578619333785,20.19270723637508,19.29511322702774,63.757211228153466,37.24266403063518,20.96527971857273,5.113933463422666,3.990385900370133,3,0,0,7
42,8,16.754947666756316,18.062065736894663,18.14048092509416,58.83529865961974,31.47026491514456,24.51910970411249,5.844461020534741,5.113933463422666,4,0,0,8
42,9,0.0,18.21077622536757,18.10588686276095,69.65944981789158,34.829675058591924,25.30449804291834,6.166486720011398,5.844461020534741,4,0,0,9
43,0,91.36167497173938,21.0,21.0,40.0,29.811094768392017,22.949714610376667,3.286918212,6.568422984102493,0,0,0,0
43,1,71.64016569973938,22.19622189536784,22.058994292207533,49.49694568817837,29.811094768392017,22.949714610376667,3.286918212,3.286918212,0,0,0,1
43,2,69.72914856863572,19.702858525300066,19.514877147489848,45.95800739355175,37.56502398388372,26.107541045968468,0.9555085655518278,3.286918212,1,0,0,2
43,3,61.45321062266483,20.553541296864918,20.43972894538073,42.50247239378896,36.323127454673454,27.81278921331106,1.0344922432463612,0.9555085655518278,2,0,0,3
43,4,51.5639739490659,21.511486474355383,21.452844840313965,39.06727349399868,34.444080987749395,29.80481401341568,1.2361545841998662,1.0344922432463612,3,0,0,4
43,5,34.57688986025221,22.595814988524147,22.459423941375885,35.784648444652504,36.39785218583333,28.698675317799022,2.1233855111017106,1.2361545841998662,4,0,0,5
43,6,10.72327605383864,24.2768257582702,24.099757750698146,46.82646469317733,36.121344844371016,25.22207875854469,3.975602301068928,2.1233855111017106,4,0,0,6
43,7,10.72327605383864,22.644456162080434,22.62792398186262,58.05886779639652,32.942434293400204,29.45980516892865,4.715582084674133,3.975602301068928,4,0,0,7
43,8,10.72327605383864,21.09165249333228,20.925304932008423,67.83651368889944,31.44280786390493,22.87744709444464,5.393763310810511,4.715582084674133,4,0,0,8
43,9,10.72327605383864,19.45744613973277,19.31722968345491,78.1399327219536,33.37362654202585,23.86759030827504,5.049292147680222,5.393763310810511,4,0,0,9
44,0,345.9653566191799,21.0,21.0,40.0,25.90418423101937,18.722284496043383,7.387351990978872,2.421659745766675,0,0,0,0
44,1,345.9653566191799,19.118083684620387,18.97444568992087,48.0327643708713,25.90418423101937,18.722284496043383,7.387351990978872,7.387351990978872,0,0,0,1
44,2,332.5285695899801,18.094277491728228,18.07286721894245,56.24820061192786,25.941797518713987,19.69951493160024,9.225697097092793,7.387351990978872,0,0,0,2
44,3,332.5285695899801,16.722494106536548,16.585578604405885,64.73567462360201,27.15978129825489,19.99285209993484,10.252409363366697,9.225697097092793,0,1,1,3
44,4,268.9591857649924,18.61573874549336,18.475462950097857,73.09240915566457,27.74691262881912,18.67939032708398,10.594897304164617,10.252409363366697,0,1,1,4
44,5,193.8029469697508,19.72150820615635,19.6250522177697,66.00402746708542,25.440185706857164,18.513249356592056,9.394529849405204,10.594897304164617,1,1,1,5
44,6,121.94587113953284,20.835596892903045,20.716147842018263,59.46259064757618,27.205655019715987,19.78636264967712,8.982134478777244,9.394529849405204,2,1,1,6
44,7,59.08128565944754,21.851952701490088,21.733606710820133,54.394801235880834,31.443991504786457,23.7349562080172,7.858073185010663,8.982134478777244,3,1,1,7
44,8,0.0,22.61956985704438,22.560372339114195,49.90255799197047,31.555746089639232,26.82068033308093,7.385160707430942,7.858073185010663,4,0,0,8
44,9,0.0,20.843515659545396,20.844313219442537,60.80417788360208,30.70631986380228,29.85823508970669,7.388889470064255,7.385160707430942,4,0,0,9
45,0,100.54558682796647,21.0,21.0,40.0,30.254637820087137,24.15019091140085,4.706471405544279,4.186657216829217,0,0,0,0
45,1,100.54558682796647,19.205092756401744,19.08300381822802,49.79286917166784,30.254637820087137,24.15019091140085,4.706471405544279,4.706471405544279,0,0,0,1
45,2,95.38860388228338,18.11182993219434,18.10171857661305,59.21313093549671,29.105258078665106,23.22952949816192,4.322788377059762,4.706471405544279,0,0,0,2
45,3,85.91589817628727,18.12079617490752,18.08149919690627,69.4489344949381,31.93629455773724,24.92928077249275,3.563578461605607,4.322788377059762,0,0,0,3
45,4,71.03729221828931,20.121983475540816,18.120507465212956,80.89909339347224,37.20700033061553,26.404993550129674,3.5401861496586355,3.563578461605607,0,0,0,4
45,5,47.730073055503176,18.1427869405786,20.65204742320086,77.93353353100517,36.858000764071846,30.0,3.914533397439822,3.5401861496586355,1,0,0,5
45,6,38.98587555130895,18.1865039547782,18.15509955422197,75.10548829916208,37.621970934205024,30.0,3.042716073903034,3.914533397439822,2,0,0,6
45,7,21.760203474393972,19.58741243808957,19.501137337445996,71.7667560864561,34.784821040522374,30.0,2.153209009614372,3.042716073903034,3,0,0,7
45,8,7.393883275567168,20.697479770440257,20.587525649389804,68.6458599134639,36.39342691166532,29.601594349489066,1.7957900248533507,2.153209009614372,4,0,0,8
45,9,7.393883275567168,19.175452454891065,19.00910837538872,79.56705525498317,35.31991162187953,25.353395831005383,2.6657300580809933,1.7957900248533507,4,0,0,9
46,0,181.0979598536105,21.0,21.0,40.0,29.4495500706672,18.6187221624415,5.635608556225983,5.565058434578892,0,0,0,0
46,1,181.0979598536105,19.188991001413346,18.97237444324883,48.652289001959566,29.4495500706672,18.6187221624415,5.635608556225983,5.635608556225983,0,0,0,1
46,2,173.59296392470867,18.23628344048455,18.058097187701087,58.98074213288544,36.822589690922285,20.557705480888096,5.831586942675515,5.635608556225983,0,0,0,2
46,3,173.59296392470867,16.877467538810034,16.850064548692714,70.21273960173126,33.221464617825134,29.178521320207217,6.267322567,5.831586942675515,0,1,1,3
46,4,121.89234966642344,18.21535664474472,18.172059047350583,66.43777915219192,32.46862777867955,29.89270305721302,6.462576782285655,6.267322567,1,1,1,4
46,5,76.3958897723665,19.588053929873915,19.44011511792186,62.18454170675725,33.87532048638328,25.828915927868483,5.687057486757116,6.462576782285655,2,1,1,5
46,6,40.3628523083665,20.780801904451856,20.61660480751632,56.83303282732503,32.01583273682822,21.586895710770563,4.504129683,5.687057486757116,3,1,1,6
46,7,12.328342432926847,21.79288108836092,21.6907467622989,52.097997346696445,32.298626710154295,24.728953953020262,3.504313734429956,4.504129683,4,1,1,7
46,8,2.6649933619164856,23.271632590509096,23.119533019975226,61.73241048108606,31.33075541544981,22.19376199782585,1.610558178501727,3.504313734429956,4,0,0,8
46,9,2.6649933619164856,21.374343488693853,21.273906006525312,71.4669062627603,30.69194989342392,23.388582226988508,0.8803954859311962,1.610558178501727,4,0,0,9
47,0,97.01465964719736,21.0,21.0,40.0,29.243793583307443,15.3766626812058,2.378815055016228,4.777329732,0,0,0,0
47,1,82.74176931709998,22.18487587166615,21.90753325362412,48.03168212761239,29.243793583307443,15.3766626812058,2.378815055016228,2.378815055016228,0,0,0,1
47,2,74.24180279483595,19.513988604646737,22.249365724225846,41.722048942239184,32.835549464245176,15.444266172570392,1.6999933044528066,2.378815055016228,1,0,0,2
47,3,54.1999251475004,22.06187574336426,21.01375404301901,36.38823872544537,32.53824128736074,21.16281306378475,2.505234705916943,1.6999933044528066,2,0,0,3
47,4,39.70095670637446,22.313245101098648,19.41541101423872,31.964850724152434,34.68624269827398,24.0727128500986,2.899793688225188,2.505234705916943,3,0,0,4
47,5,21.37497112622791,18.52907207923347,22.26214806042405,27.315025677212738,32.15734210240793,25.3436298590382,3.665197116029311,2.899793688225188,4,0,0,5
47,6,21.37497112622791,19.87797726155905,18.638388822768157,38.15343730493163,33.09834007672874,27.11505785504288,3.83180229053476,3.665197116029311,4,0,0,6
47,7,20.95831037617792,18.08778349931083,18.254650337446144,47.97951149367323,29.907189280175064,24.682111768389365,4.145542206926265,3.83180229053476,4,0,0,7
47,8,11.591633655399004,18.104826338785216,18.15623845473137,58.4811288579364,32.179978856086194,26.16233983426476,4.256385115332762,4.145542206926265,4,0,0,8
47,9,0.0,18.15325757129004,18.073355722846436,69.24847569432065,33.283976898865824,26.534616636602195,4.491674244651945,4.256385115332762,4,0,0,9
48,0,187.54133606837016,21.0,21.0,40.0,32.077185826254336,16.38042125620044,6.6251186068522285,7.473919274,0,0,0,0
48,1,187.54133606837016,19.241543716525086,18.92760842512401,48.72236927484186,32.077185826254336,16.38042125620044,6.6251186068522285,6.6251186068522285,0,0,0,1
48,2,179.94181263290696,18.26252228323544,18.247401307615327,60.288923274639885,37.868272213754224,26.39036111845704,5.5964268643967054,6.6251186068522285,0,0,0,2
48,3,172.89372206990117,17.014031057265193,18.103862181344816,71.65513787772619,33.97693430189244,29.16870238192036,5.965579643828574,5.5964268643967054,0,1,0,3
48,4,147.0142424849012,19.04214424572777,15.583812871227003,67.7651249279533,34.14562607144157,27.576524207597902,5.175895917,5.965579643828574,1,1,1,4
48,5,105.58845542580616,18.3043874280998,19.24313550711725,64.45388692794833,34.93756666663909,30.0,5.178223382386878,5.175895917,2,1,1,5
48,6,68.26055763003487,20.344137507485662,19.93675589590126,61.04699178317257,35.346998739268926,29.05913934531021,4.6659872244714125,5.178223382386878,3,1,1,6
48,7,34.31161253213815,21.32469823825539,21.330214371574264,57.89727693458062,35.834917507822496,30.0,4.243618137237089,4.6659872244714125,4,1,1,7
48,8,7.381396307945292,22.950543136545424,22.81173636074688,68.58430850096644,33.11499719058823,26.257400400444176,4.488369370698809,4.243618137237089,4,0,0,8
48,9,7.381396307945292,21.056714111136746,20.99347570784938,78.03024471339863,28.860722601873697,23.61670080052735,4.351844173529709,4.488369370698809,4,0,0,9
49,0,100.01740613876532,21.0,21.0,40.0,34.66788230859014,19.37149424433721,3.935726773728825,7.358534679,0,0,0,0
49,1,76.40304549639238,22.293357646171803,21.987429884886744,49.727087779526926,34.66788230859014,19.37149424433721,3.935726773728825,3.935726773728825,0,0,0,1
49,2,76.40304549639238,20.37635369628029,20.188453127442244,60.504661961080224,36.92967849045933,22.945733629281232,1.9630760674647807,3.935726773728825,0,0,0,2
49,3,70.69492810856288,21.9227524097114,21.641106637425896,71.6731498827881,39.473976133722616,22.573178986876645,0.9513528979715836,1.9630760674647807,0,0,0,3
49,4,61.00610481062797,22.73137404993057,22.56281324785723,68.38488551144147,38.858962312456505,26.206235624506657,1.2111029122418622,0.9513528979715836,1,0,0,4
49,5,44.36590340978015,23.66481158885856,23.46537108213229,64.9049206686532,38.25031634262834,25.74987897521464,2.080025175105979,1.2111029122418622,2,0,0,5
49,6,17.088938882623278,24.486147444108507,24.397460008749757,61.302908109351634,35.37406590857813,27.9480865397465,3.409620565894609,2.080025175105979,3,0,0,6
49,7,8.724417189982507,22.213243365830788,22.15363156740252,57.87887037067473,34.310901451794976,30.0,4.182260846320386,3.409620565894609,4,0,0,7
49,8,8.724417189982507,20.70654013618948,20.65822991676868,69.12142211848368,32.88415438431264,29.574466436848137,4.249714388,4.182260846320386,4,0,0,8
49,9,8.724417189982507,19.175728703283003,19.0761076411958,80.00200355945657,33.0766905338719,27.37098413819972,4.513349779310955,4.249714388,4,0,0,9
50,0,47.00723120192455,21.0,21.0,40.0,29.218066717050583,15.959486398172444,2.0654438238572403,2.993402286830668,0,0,0,0
50,1,34.614568258781105,22.184361334341013,21.91918972796345,48.13195956074014,29.218066717050583,15.959486398172444,2.0654438238572403,2.0654438238572403,0,0,0,1
50,2,25.6437857111871,22.38330657785957,22.330763539507924,41.28851878200612,25.95947195458388,19.354745941338184,1.121347818449251,2.0654438238572403,1,0,0,2
50,3,15.746672500266977,22.875937162305764,22.716252604172627,34.70295049925963,27.759608177781093,18.98723469584954,1.2371391513650158,1.121347818449251,2,0,0,3
50,4,11.590455364274073,23.434756275060845,23.425612281085137,29.080838626473763,27.475923277652807,24.62345520687017,0.5195271419991128,1.2371391513650158,3,0,0,4
50,5,10.023200579136336,24.296541041807885,23.99964999625326,23.408880894616928,33.40208461630324,18.420372428936545,0.1959068481422173,0.5195271419991128,4,0,0,5
50,6,8.039605407845649,25.62455868189592,25.501787961178334,32.946853273989895,31.79031858007983,21.198416860881103,0.3305991952151142,0.1959068481422173,4,0,0,6
50,7,0.0,26.88358712295096,26.71965054741329,42.88389272874197,32.62208216813495,22.58369258048766,1.3399342346409415,0.3305991952151142,4,0,0,7
50,8,0.0,24.904008927987856,24.71199548078353,53.573015508109314,35.721868217105595,23.662147223824093,2.3570083858961146,1.3399342346409415,4,0,0,8
50,9,0.0,22.82107518626325,22.84052614426498,64.30648354143993,30.769015885463187,28.861362077484664,2.969739150353873,2.3570083858961146,4,0,0,9
51,0,75.19661950647854,21.0,21.0,40.0,30.64393802657934,20.32068332507236,3.015526451626599,6.171850198506405,0,0,0,0
51,1,57.10346079671895,22.212878760531588,22.006413666501448,49.17363184329731,30.64393802657934,20.32068332507236,3.015526451626599,3.015526451626599,0,0,0,1
51,2,55.33572127316262,19.48844449370933,19.444704888546877,43.36439939426033,28.17188819807372,22.88793152949864,0.8838697617781637,3.015526451626599,1,0,0,2
51,3,47.31257211345225,20.28432652764877,20.163220215987486,37.30250186033605,28.18376723601623,21.472357575515527,1.0028936449637966,0.8838697617781637,2,0,0,3
51,4,40.58011484287932,21.202120139607416,21.100557826531293,32.33278316250609,31.30924767039048,24.41453734166527,0.8415571588216164,1.0028936449637966,3,0,0,4
51,5,30.77772358392211,22.166623041575814,22.098029416620165,27.294271990921654,30.14736027311659,25.19424432919215,1.2252989073696512,0.8415571588216164,4,0,0,5
51,6,20.76719655474632,23.73117987364828,23.730121664462345,36.5023009225298,26.11876556017168,25.03695072654021,1.6684211715292987,1.2252989073696512,4,0,0,6
51,7,0.0,25.145504788599577,25.14553808620241,46.316452567426936,27.268636475760243,27.254428218112764,3.4611994257910537,1.6684211715292987,4,0,0,7
51,8,0.0,23.210763708009942,23.277523838668245,55.68490143200977,24.35421606980689,27.6927220667644,4.843064963661915,3.4611994257910537,4,0,0,8
51,9,0.0,21.313269628019725,21.328772102441533,64.57683964769254,23.81156553641412,25.58809121737903,5.062932254006196,4.843064963661915,4,0,0,9
52,0,189.2721075068241,21.0,21.0,40.0,26.97908180760525,21.78795921492037,5.487051280769098,5.792119723600514,0,0,0,0
52,1,172.81095366451683,22.139581636152105,19.03575918429841,48.77806738405461,26.97908180760525,21.78795921492037,5.487051280769098,5.487051280769098,0,0,0,1
52,2,172.81095366451683,18.402261972379872,19.295674509116385,58.90792684149646,29.081853463384,27.19514352240409,5.474302849034235,5.487051280769098,0,0,0,2
52,3,166.08051420830412,18.05579789963924,18.15632991921934,69.09421805826933,27.508896327301755,29.081610432547564,5.031784312788423,5.474302849034235,0,0,0,3
52,4,155.30875390804906,18.14315386730169,18.01709473365465,79.71334180498685,32.88090113399442,26.11423079221399,4.887322591539923,5.031784312788423,0,0,0,4
52,5,137.69189225944598,16.542975453233986,18.02871273640792,75.63159575635507,37.35336772691018,23.303598669579863,4.724393558605451,4.887322591539923,1,1,0,5
52,6,100.1257382995134,19.148699227061478,18.13399141321119,72.3691193477669,38.4289474623262,26.779516934406207,4.901636775385383,4.724393558605451,2,1,0,6
52,7,67.31533244500143,19.91224363131207,18.02294372426819,68.35947471385508,37.22669584772122,23.8308339638798,5.401596740240587,4.901636775385383,3,1,0,7
52,8,36.95237593222335,19.97399705503563,18.106148621871583,65.39989355374281,39.69263163843063,27.198584138723422,5.221270872074358,5.401596740240587,4,1,0,8
52,9,22.547466489048205,20.537368573689815,18.094687297298496,77.60205693291513,38.70926911843311,29.08052743252425,4.516298223514285,5.221270872074358,4,1,0,9
53,0,136.2765555355294,21.0,21.0,40.0,32.15040635947739,16.98588571567614,5.906667666199581,6.967597182107072,0,0,0,0
53,1,136.2765555355294,19.243008127189547,18.939717714313524,48.84453257352764,32.15040635947739,16.98588571567614,5.906667666199581,5.906667666199581,0,0,0,1
53,2,129.73601863678832,17.946337381806238,18.059140119875057,57.019560790902105,25.609719925201645,19.8071035046565,5.369467027425401,5.906667666199581,0,1,0,2
53,3,110.20523738391464,19.661145250352067,18.115885593650287,66.31541134258637,26.723253109882407,24.9203610661413,4.316539115878264,5.369467027425401,0,1,0,3
53,4,98.93482620411277,20.44611936355168,18.05019562064846,75.45780786772124,29.276966697170145,21.514125109134675,3.419674861677416,4.316539115878264,0,1,0,4
53,5,71.14373393189811,20.105736838756314,20.695958568691196,70.08422339310297,29.95392794946264,23.526158302658114,3.473886534026832,3.419674861677416,1,1,0,5
53,6,35.706522024503016,21.663406547928503,21.377013715461505,65.15427296328825,30.705517754344644,25.239202080017986,4.429651488424386,3.473886534026832,2,1,0,6
53,7,13.582192063524092,22.41421353946423,19.534224992588197,60.29412384867626,27.31391237481465,29.01859254400765,4.424865992195785,4.429651488424386,3,0,0,7
53,8,5.4128894807543855,18.299155875940844,19.25005962794172,54.38601950436998,23.082586011808587,27.427945408712063,4.084651291384853,4.424865992195785,4,0,0,8
53,9,0.0,18.07413911033521,18.15216175745445,63.98473298760358,25.170508358217145,28.15567765974726,3.490175091142972,4.084651291384853,4,0,0,9
54,0,107.13573999514604,21.0,21.0,40.0,33.19546111629865,19.02161508290255,4.268166451987251,7.251146528503431,0,0,0,0
54,1,81.52674128322255,22.26390922232597,21.98043230165805,49.39907371585622,33.19546111629865,19.02161508290255,4.268166451987251,4.268166451987251,0,0,0,1
54,2,81.52674128322255,20.26740045700825,20.17255831872765,59.34822812283336,32.133670381405466,23.139409657356428,2.6890425279620382,4.268166451987251,0,0,0,2
54,3,73.57483185792502,21.68183408108055,21.589378201939677,68.8941643561793,29.539202552698423,23.493776521445675,1.325318237549589,2.6890425279620382,0,0,0,3
54,4,66.14408035926913,23.1245554322724,23.078571242174107,78.55679316410934,28.6836594235974,24.997611731569428,1.2384585831093164,1.325318237549589,0,0,0,4
54,5,51.65113855259054,23.91231481206001,23.85324036968377,73.43277196716197,29.25501693806712,25.61153196778081,1.8116177258348232,1.2384585831093164,1,0,0,5
54,6,28.26147974310801,24.671108663427333,24.669583341426232,68.79800303871937,29.27349989995337,28.311117164254465,2.923707351185316,1.8116177258348232,2,0,0,6
54,7,19.13361955931203,22.311389757115972,22.320261599419386,64.05456823859902,28.280102745977533,28.7008150311316,4.563930091897991,2.923707351185316,3,0,0,7
54,8,8.610229334551637,20.162708187217717,19.97166779062814,59.67888428165056,34.22146010594014,24.802517911012835,5.261695112380197,4.563930091897991,4,0,0,8
54,9,8.610229334551637,18.62272427748601,18.51647178099127,70.51189515701944,34.18081226281503,26.002581489234323,4.767790069613863,5.261695112380197,4,0,0,9
55,0,90.58285989133957,21.0,21.0,40.0,28.997468520857502,17.531056450986682,3.4418711599988705,5.760294626200038,0,0,0,0
55,1,69.93163293134634,22.17994937041715,21.950621129019734,48.37513449493196,28.997468520857502,17.531056450986682,3.4418711599988705,3.4418711599988705,0,0,0,1
55,2,69.93163293134634,20.084016654802014,19.974373789042254,55.81171921371631,25.11821322887552,16.196146319926427,2.330840189993881,3.4418711599988705,0,0,0,2
55,3,62.12745365554196,21.4138300797954,21.345796708926517,63.84408948669963,24.83529541209621,19.7889838822556,1.3006965459673971,2.330840189993881,0,0,0,3
55,4,53.83765679554195,22.914519597381105,22.836980545145032,73.58592201116268,29.509372488704827,24.611919313867688,1.38163281,1.3006965459673971,0,0,0,4
55,5,41.1929553681008,23.73328446758366,23.5561746383299,67.83521104029828,30.70175814849115,20.68318090226213,1.5805876784301445,1.38163281,1,0,0,5
55,6,28.253078346363832,24.47554268501744,24.31881253581601,62.139789269899495,31.09262808722004,20.599473188342312,1.617484627717121,1.5805876784301445,2,0,0,6
55,7,19.866979168452087,25.037953837121428,25.049634947301143,56.92511927132696,28.064920590705103,26.29802386166976,1.0482623972389682,1.617484627717121,3,0,0,7
55,8,0.0,25.55244256442061,25.530092183276377,52.88977107715232,30.928517329550584,29.98621492503469,2.483372396056511,1.0482623972389682,4,0,0,8
55,9,0.0,23.537174335006146,23.361931518872165,62.88188407533622,32.30456770133104,23.207171177468403,3.4207754607158347,2.483372396056511,4,0,0,9
56,0,257.85296183754986,21.0,21.0,40.0,26.61957445211669,15.038631154240514,7.728012001146649,4.456424009021792,0,0,0,0
56,1,257.85296183754986,19.13239148904233,18.90077262308481,47.498477009144295,26.61957445211669,15.038631154240514,7.728012001146649,7.728012001146649,0,0,0,1
56,2,244.169373894334,18.113168847973228,18.03724817168773,55.639999136544205,27.628218140827848,17.6024603447272,9.11409239217624,7.728012001146649,0,0,0,2
56,3,244.169373894334,16.752433717815784,16.574195654750845,64.42997740001478,29.44196293618293,19.39124963865361,9.658710879041282,9.11409239217624,0,1,1,3
56,4,188.4803625826563,18.73896281603385,18.585692606652284,74.73748651677562,33.800510476306364,23.46342906125385,9.281501885279614,9.658710879041282,0,1,1,4
56,5,121.06147753335466,19.89936910871983,19.84930080446785,69.37711504208232,29.17798008029097,24.37551172696851,8.427360631162706,9.281501885279614,1,1,1,5
56,6,59.93955000520309,21.15154516870872,21.04396541212737,65.37248397278688,33.60769767060292,27.47768527775572,7.640240941018946,8.427360631162706,2,1,1,6
56,7,10.30598866043139,22.107347136539875,22.10199058868764,60.70419602543747,29.63996201691753,27.758438275585707,6.204195168096462,7.640240941018946,3,0,0,7
56,8,0.0,19.98425348320469,19.82605426852263,56.8326384470157,34.90749453588269,26.91718558399636,5.152994330215695,6.204195168096462,4,0,0,8
56,9,0.0,18.4422049332072,18.36188185101741,67.27461848567069,32.20007127223505,25.810928942514856,4.441829557691886,5.152994330215695,4,0,0,9
57,0,214.9493252536608,21.0,21.0,40.0,31.569373378022984,21.37348539219084,7.598820827,6.0967536474952775,0,0,0,0
57,1,214.9493252536608,19.23138746756046,19.027469707843817,49.52971457863849,31.569373378022984,21.37348539219084,7.598820827,7.598820827,0,0,0,1
57,2,205.26009089615957,18.178762425234684,18.036404337331625,58.99671951399151,33.931903163682385,18.662568699389933,7.96998135,7.598820827,0,0,0,2
57,3,205.26009089615957,16.945032748971883,16.72656941971504,70.36698002501147,38.11332586574945,25.05478808436148,7.719059936407361,7.96998135,0,1,1,3
57,4,151.70930123530138,18.350405334782263,18.154169350890925,68.09948286008137,41.91243799745935,28.823688864040044,6.693848707607271,7.719059936407361,1,1,1,4
57,5,105.00500341719103,19.628682055975823,19.52710536563197,64.04582293097403,34.41768733470548,26.39531305914268,5.838037227263794,6.693848707607271,2,1,1,5
57,6,63.45120280143323,20.915247111441055,20.8193583099998,60.69539360891858,35.51896376345633,29.200873336235624,5.194225076969724,5.838037227263794,3,1,1,6
57,7,25.011682300022123,22.10619769646213,21.91403830124192,58.05852190495935,39.86517393587248,28.81887215324292,4.804940062676389,5.194225076969724,4,0,1,7
57,8,10.228545341631795,20.70344135992815,23.530635206562337,70.93260765234623,41.52269859659381,30.0,4.927712319463442,4.804940062676389,4,0,0,8
57,9,0.0,20.38470423207375,19.212000858179376,68.27562504567614,42.39978992351935,26.17252892831344,5.1142726708158985,4.927712319463442,5,0,0,9
58,0,213.4809967187198,21.0,21.0,40.0,25.37415128584443,15.58139350111973,6.931968185400623,4.269489586438487,0,0,0,0
58,1,213.4809967187198,19.10748302571689,18.9116278700224,47.37199806165355,25.37415128584443,15.58139350111973,6.931968185400623,6.931968185400623,0,0,0,1
58,2,201.94297901091443,18.15633698007997,17.990661841447764,55.1639269229165,28.15605093014989,15.1324427435332,7.446575945898799,6.931968185400623,0,0,1,2
58,3,180.7196507666972,16.635936121490175,19.534825264115533,62.57878070861791,24.36715104550054,16.826481097285097,7.074442748072419,7.446575945898799,0,1,1,3
58,4,140.67385558869017,20.414223765698686,19.32901727280724,71.6160910621403,30.4921336234914,19.715146118299657,6.674299196334497,7.074442748072419,0,1,1,4
58,5,87.27537478869016,20.90950887796188,20.998628553454065,66.10038376336107,32.25631431277226,20.434200694009803,6.6748101,6.674299196334497,1,1,1,5
58,6,35.83874422604963,22.13437548623476,21.90971924641008,61.24132316269544,33.11728453868787,23.22126767983641,6.429578820330066,6.6748101,2,0,1,6
58,7,11.08301335063086,20.01564432197527,22.866374471086072,56.65363319619957,34.339751497315454,23.50641535548529,4.951146175083752,6.429578820330066,3,0,0,7
58,8,2.44622074663086,19.784872697170837,18.76198178234908,52.1622795184572,33.382480980706234,24.99888747628065,4.318396302,4.951146175083752,4,0,0,8
58,9,0.0,18.190582683575453,18.102444591229265,62.81659382483774,34.874615162463826,24.31601987298364,4.060415708,4.318396302,4,0,0,9
59,0,226.02495540226005,21.0,21.0,40.0,26.483845303341628,21.9133357931149,7.0424736869756295,2.341308708694496,0,0,0,0
59,1,226.02495540226005,19.129676906066837,19.0382667158623,48.711492597362174,26.483845303341628,21.9133357931149,7.0424736869756295,7.0424736869756295,0,0,0,1
59,2,213.81235083053645,18.112976876449657,18.122597817430545,58.20483748574591,30.00638194150466,22.73442299396057,9.287013822977675,7.0424736869756295,0,0,0,2
59,3,213.81235083053645,16.78734358375301,16.706848153028865,67.81309986597785,28.629846433613373,24.74938901211956,10.440992996153298,9.287013822977675,0,1,1,3
59,4,156.594246704168,18.73344662947877,18.62690351004698,77.0846062841517,29.021478211153376,22.48689077870142,9.536350687728076,10.440992996153298,0,1,1,4
59,5,93.63629028874942,19.936217602087687,19.79802293697819,71.30524323596127,29.86682044516908,21.3589403982174,7.8697445519273215,9.536350687728076,1,1,1,5
59,6,44.95938387476678,21.04913462495785,20.99216511355361,66.0295925161308,29.47277910723153,24.55138356037698,6.084613301747831,7.8697445519273215,2,1,1,6
59,7,7.989514121729184,22.03593460120533,22.028201642789483,61.30359906051655,29.159502363666185,27.918311771810146,4.621233719129699,6.084613301747831,3,0,0,7
59,8,0.0,19.79228812357739,19.753185104726217,56.22466276926629,28.59408296148077,26.522937642684443,3.994757060864592,4.621233719129699,4,0,0,8
59,9,0.0,18.33327433415005,18.1995064836708,66.37004875001952,31.81909662767957,24.54415882094948,3.153054951332821,3.994757060864592,4,0,0,9
60,0,248.46870072382123,21.0,21.0,40.0,28.238716441256617,21.80676443699532,5.895737675284039,6.303220308711328,0,0,0,0
60,1,248.46870072382123,19.16477432882513,19.036135288739903,49.00818655808535,28.238716441256617,21.80676443699532,5.895737675284039,5.895737675284039,0,0,0,1
60,2,242.0237786097962,18.093538691512048,18.080370960091496,58.46772491462403,29.14870320294833,23.404287666710992,5.250696485511845,5.895737675284039,0,0,0,2
60,3,233.84600297965525,16.865485169922735,18.128087617411207,68.62479738434843,34.0953042363352,22.33287615102256,5.474109280589384,5.250696485511845,0,1,0,3
60,4,216.60487142066097,19.703220388947543,16.15676535934161,79.24803777192119,33.70085846057591,25.31714369260612,5.747043852998098,5.474109280589384,0,1,1,4
60,5,169.62044796007166,18.745891513859178,19.76818930195264,74.64018878346063,29.90805416287307,27.82611812345712,5.873052932573664,5.747043852998098,1,1,1,5
60,6,121.03152066762648,20.62614052852238,20.31213616038208,69.32062437552506,27.072974659652346,26.707223074038943,6.073615911555651,5.873052932573664,2,1,1,6
60,7,65.60757348163378,21.475901744013463,21.5481262615132,64.16814347551414,27.903639545750966,26.80479989863286,6.927993398249087,6.073615911555651,3,1,1,7
60,8,11.561554851894591,22.372842324729096,22.342684023174524,60.04456199225601,30.42454731523256,30.0,6.755752328717398,6.927993398249087,4,0,0,8
60,9,11.561554851894591,20.60949127073091,20.633805503477333,70.70716131173559,29.236662885997664,30.0,5.925602710703807,6.755752328717398,4,0,0,9
61,0,74.62756522450381,21.0,21.0,40.0,34.80509278865018,22.839674169226885,5.284903714037762,7.108807753091166,0,0,0,0
61,1,58.77285408239052,22.296101855773006,19.05679348338454,50.37605805241788,34.80509278865018,22.839674169226885,5.284903714037762,5.284903714037762,0,0,0,1
61,2,58.77285408239052,18.65687915529114,19.412977266726784,62.41500537302776,38.833880342049866,28.04916032800504,3.560243604240781,5.284903714037762,0,0,0,2
61,3,51.71523460014145,18.114102925047742,20.463846601372552,73.73343941951991,35.95363782256288,26.92655132461576,2.176339627650459,3.560243604240781,0,0,0,3
61,4,49.75254688333898,20.821054486143677,19.97565089073226,70.35370487777418,35.790527474666575,28.766502848968244,0.2453359646003092,2.176339627650459,1,0,0,4
61,5,43.05713803533898,21.346741750525783,21.628033057218367,65.90467282515172,28.616488596541927,30.0,0.836926106,0.2453359646003092,2,0,0,5
61,6,32.50848176352434,22.649930988131302,22.496454967480982,62.32647048293467,33.45443143212744,30.0,1.3185820339768304,0.836926106,3,0,0,6
61,7,9.832967522896618,23.560757428693066,23.472750239533067,59.17362148688558,36.26000267262987,29.557502904875232,2.834439280078465,1.3185820339768304,4,0,0,7
61,8,9.832967522896618,22.00496540129825,21.866891820815297,71.38023260365115,38.01914653290039,29.79535967135276,3.795817377692595,2.834439280078465,4,0,0,8
61,9,0.0,19.68458906367932,19.570341688711057,68.58125764566951,37.78347245565754,30.0,4.916483761448309,3.795817377692595,5,0,0,9
62,0,132.0544345850627,21.0,21.0,40.0,26.99117210300796,17.055563209259258,4.462930448893935,6.577737058525979,0,0,0,0
62,1,105.27685189169908,22.13982344206016,21.941111264185185,47.9284123562081,26.99117210300796,17.055563209259258,4.462930448893935,4.462930448893935,0,0,0,1
62,2,105.27685189169908,20.12824986374404,20.01224191925877,56.5059590522708,28.21705854636809,19.43597865398028,3.788765335727567,4.462930448893935,0,0,0,2
62,3,105.27685189169908,18.641245187257468,18.44503856520028,66.81322115169249,34.40650874457375,22.85605847443565,3.004737383167191,3.788765335727567,0,0,0,3
62,4,88.52089859805689,20.50026192023139,20.293862642048868,77.89275204768235,37.40800633107499,24.14494309109093,2.792658882273697,3.004737383167191,0,0,0,4
62,5,65.39726114306556,21.53534877304273,21.343598240624107,72.60217444658909,33.312375671575445,20.62885987790645,2.890454681873916,2.792658882273697,1,0,0,5
62,6,35.09898690306556,22.420284465132283,22.403778742033733,66.89927250038184,27.67604444225004,23.974500301043022,3.78728428,2.890454681873916,2,0,0,6
62,7,24.8718100765422,20.32092946185641,20.264243458002472,62.32222503144229,30.49358893919986,27.41170290002481,5.113588413261682,3.78728428,3,0,0,7
62,8,13.639127038148192,18.31074000662956,18.19575107635033,58.07205235777965,33.160499747933585,26.560763176162883,5.616341519197003,5.113588413261682,4,0,0,8
62,9,0.0,18.12253550235016,18.095836585889952,68.76321323880433,32.751633619812885,26.64370460810192,5.779208970750829,5.616341519197003,4,0,0,9
63,0,218.76254596208705,21.0,21.0,40.0,28.010417639701927,24.12407232294737,3.960863727164933,3.658086718561216,0,0,0,0
63,1,206.87995478059224,22.16020835279404,19.08248144645895,49.38420819327688,28.010417639701927,24.12407232294737,3.960863727164933,3.960863727164933,0,0,0,1
63,2,206.87995478059224,18.55349764375509,19.26064831687776,60.01442623464805,34.9325684176997,24.12419847880682,3.888757863,3.960863727164933,0,0,0,2
63,3,202.2203020762701,18.027608409565573,18.06989000937611,70.14102512497406,30.46723001799835,25.79165270603508,4.141915000459443,3.888757863,0,0,0,3
63,4,193.76976402877665,16.22650349689768,16.135960424491113,64.94477145442086,29.17909350449297,25.286163881322544,4.225269023746716,4.141915000459443,1,1,1,4
63,5,160.7366830921614,17.692723298849934,17.649262959688347,60.11799824839143,30.024544838673823,26.49338179449605,4.129135117076903,4.225269023746716,2,1,1,5
63,6,119.1912750521614,19.0783345660885,19.04499513074977,55.15787682577576,29.04799003102562,26.72911317666512,5.193176005,4.129135117076903,3,1,1,6
63,7,71.10541405216138,20.354285284144925,20.297298631025317,51.45446974829319,33.05413687780154,29.70471269173977,6.010732625,5.193176005,4,1,1,7
63,8,31.695601238059364,22.137405160221338,21.99446585810704,63.69478743074487,38.001764902509294,30.0,6.568302135683668,6.010732625,4,0,1,8
63,9,11.414338764852936,20.530879124757814,23.388077755252432,76.16593587200191,39.28415800698361,30.0,6.760420824402143,6.568302135683668,4,0,0,9
64,0,305.68916729023243,21.0,21.0,40.0,34.4068780681242,19.315241752097823,5.533428652391688,2.363734999653362,0,0,0,0
64,1,305.68916729023243,19.28813756136249,18.98630483504196,49.669981567639965,34.4068780681242,19.315241752097823,5.533428652391688,5.533428652391688,0,0,0,1
64,2,296.35320156465167,18.035918926329884,18.125210832646165,58.9116145419689,29.559765129886983,21.78264028305155,7.961128980729184,5.533428652391688,0,0,0,2
64,3,296.35320156465167,16.822089992757,16.70116432928369,69.3844441622538,31.444645679141026,26.737741100219523,9.481031155821697,7.961128980729184,0,1,1,3
64,4,239.6311957254,18.81444402585364,18.717606312897917,79.96584543286346,32.72066660719193,26.06489600730617,9.453667639875276,9.481031155821697,0,1,1,4
64,5,167.012812932,20.036097462094155,19.91538499862172,74.75088806579403,30.92476841434141,23.436579546384007,9.077297849175002,9.453667639875276,1,1,1,5
64,6,90.832407356,21.11677933318936,21.086467195359862,69.17309889093849,27.83595476940409,24.50966092584292,9.522550697,9.077297849175002,2,1,1,6
64,7,16.18036618,22.03341320273772,22.046351258981325,63.27599039553641,25.18969936262513,25.3819201073633,9.331505147,9.522550697,3,0,0,7
64,8,0.0,19.7878734786783,19.826658397649517,58.69199337293775,27.866683207785176,30.0,8.09018309,9.331505147,4,0,0,8
64,9,0.0,18.327518564957675,18.32801650818935,69.38279260263042,29.39332905384817,30.0,6.518653081586344,8.09018309,4,0,0,9
65,0,145.43332996861966,21.0,21.0,40.0,34.33634858119019,18.15807638443375,5.179411705528362,4.370684638871349,0,0,0,0
65,1,145.43332996861966,19.286726971623803,18.96316152768868,49.44899649381231,34.33634858119019,18.15807638443375,5.179411705528362,5.179411705528362,0,0,0,1
65,2,139.22974951822462,18.192508085323023,18.083175874246223,59.64379805237667,35.27061671220827,21.3671697242604,5.154878306542354,5.179411705528362,0,0,0,2
65,3,133.525155925629,16.818713572712163,18.114558065136556,69.876799888758,30.188036044000228,26.661974158118323,4.277698521681051,5.154878306542354,0,1,0,3
65,4,122.11918873342046,19.54284579613926,16.153408207435213,79.51489388472899,26.78958934655997,26.75537729772327,3.801989064069521,4.277698521681051,0,1,1,4
65,5,94.96914131348692,18.77228449065504,19.643939849377556,75.35256374644435,33.73403645198226,26.47524055754748,3.393755927491692,3.801989064069521,1,1,1,5
65,6,63.96604995396059,20.701921552063254,20.27759506775963,71.19679617058634,34.19361476201069,26.052120927667072,3.875386419940792,3.393755927491692,2,1,1,6
65,7,33.21877665064527,21.56927436719054,21.53602142204214,66.44168188349035,32.471788130164946,24.444243608190643,3.843409162914415,3.875386419940792,3,1,1,7
65,8,5.175037578645266,22.52360176430766,22.38697375200726,63.41527386791516,36.92507513063641,29.59488033839036,3.505467384,3.843409162914415,4,0,0,8
65,9,5.175037578645266,20.72797334094918,20.61266090964392,73.37401221072687,31.570682938250407,23.75564118848134,2.6741063870713115,3.505467384,4,0,0,9
66,0,94.08645659603722,21.0,21.0,40.0,29.31504360639344,20.614515398284745,3.9894221197129087,6.489086375840484,0,0,0,0
66,1,70.14992387775978,22.18630087212787,22.012290307965696,48.98732062084207,29.31504360639344,20.614515398284745,3.9894221197129087,3.9894221197129087,0,0,0,1
66,2,70.14992387775978,20.31291345097345,20.164392481822077,59.64317722686864,34.61770514340814,24.58149822340617,2.2523552981377137,3.9894221197129087,0,0,0,2
66,3,69.75421751775977,21.781832271508502,21.55724247734843,69.49736368056205,34.10139227178551,20.64408802651121,0.06595106,2.2523552981377137,0,0,0,3
66,4,63.42488250457346,23.185190222883108,23.114454341178043,79.4789675217465,31.179497835450704,24.27385683779628,1.0548891688643838,0.06595106,0,0,0,4
66,5,47.641433884774045,23.99369326876212,23.92242655674015,74.92823321274687,31.33792494389403,26.7135511172192,1.9729310774749265,1.0548891688643838,1,0,0,5
66,6,30.3843525355168,24.83348970072341,24.77294392827932,71.46556528720303,34.096289302534245,30.0,2.157135168657155,1.9729310774749265,2,0,0,6
66,7,12.154167746009428,25.51715061018453,25.452791312894803,67.61423843037014,33.03161223437124,28.905460783223774,2.2787730986884216,2.157135168657155,3,0,0,7
66,8,3.1375042766203727,23.06355930418305,25.93883285829164,64.71054654607507,37.20171175391626,30.0,1.8033326938778111,2.2787730986884216,4,0,0,8
66,9,3.1375042766203727,23.06857206390945,22.058776820210216,75.60600175673177,33.945482799601685,26.58482392626893,1.7641524261652677,1.8033326938778111,4,0,0,9
67,0,299.30658721849846,21.0,21.0,40.0,25.590782627592905,16.699253631893868,6.449083289865628,2.143775095255414,0,0,0,0
67,1,299.30658721849846,19.111815652551854,18.93398507263788,47.61220652670762,25.590782627592905,16.699253631893868,6.449083289865628,6.449083289865628,0,0,0,1
67,2,285.73490915191894,18.11491089563567,18.028038698694324,55.20075787778387,25.824466749817184,16.334151867273114,8.790136138905629,6.449083289865628,0,0,0,2
67,3,285.73490915191894,16.68189721197778,16.60748458767161,63.71599413018016,26.165291119148453,21.141576949719823,9.678176844432295,8.790136138905629,0,1,1,3
67,4,230.28738068098647,18.66404712061353,18.57218123527764,73.52936498641594,30.11410530523745,24.404621673850244,9.241254745155414,9.678176844432295,0,1,1,4
67,5,159.86609190150264,19.893342111722724,19.75986610644773,68.02609749760681,30.40570680297966,22.353918259191868,8.802661097435477,9.241254745155414,1,1,1,5
67,6,91.8814785276074,21.028670235939384,20.91570976499892,62.53453093887087,30.23739692769644,22.58723330154833,8.498076671736904,8.802661097435477,2,1,1,6
67,7,31.374430823607412,22.078797749432592,21.859302999338706,57.459267900587534,33.90328606694702,21.234141498145576,7.563380963,8.498076671736904,3,0,1,7
67,8,0.0,19.743596571264163,22.73229699272472,52.775002141815264,30.583517425933955,26.72611724755344,6.274886164721483,7.563380963,4,0,0,8
67,9,0.0,20.09386356283964,19.06828245745372,62.84827022577024,31.205574706902144,24.757025759514413,4.399162376309752,6.274886164721483,4,0,0,9
68,0,189.9796605005896,21.0,21.0,40.0,28.73783201908008,24.222883992666183,3.645018368703425,2.812360978347176,0,0,0,0
68,1,179.0446053944793,22.1747566403816,19.08445767985333,49.53292888211433,28.73783201908008,24.222883992666183,3.645018368703425,3.645018368703425,0,0,0,1
68,2,179.0446053944793,18.4686970903184,19.29232768133619,59.55120760272748,30.415029430220592,25.242074573185807,4.793976726399702,3.645018368703425,0,0,0,2
68,3,172.04528575067525,18.034156218033992,17.98938537787129,68.78697020650077,29.82783072068763,21.48196152249732,5.843315242677816,4.793976726399702,0,0,1,3
68,4,152.3519506175002,16.822587354662573,19.697410778734223,77.00757471061443,26.300208210855885,19.369816811997826,6.564445044391689,5.843315242677816,0,1,1,4
68,5,100.9198579321694,19.904772636483184,18.873993663754945,69.43579476261881,24.84224322656957,16.425645951232532,6.429011585666349,6.564445044391689,1,1,1,5
68,6,58.8314342595848,20.426579994281507,20.61823885260972,62.93115735271098,26.5376002541792,20.65885857966617,5.261052959073077,6.429011585666349,2,1,1,6
68,7,26.32476968060127,21.57525546059318,21.370818527759965,56.21409881844562,26.68165262152072,19.334688854782826,4.063333072372941,5.261052959073077,3,1,1,7
68,8,0.0,22.21515920481599,22.031365147324536,48.50092691242515,26.36931758347845,14.113060716407826,3.290596210075159,4.063333072372941,4,0,0,8
68,9,0.0,20.31396274111661,20.227557754042994,56.64645588614805,26.16504947947876,19.08788926342626,2.510986303985067,3.290596210075159,4,0,0,9
69,0,140.37187126879016,21.0,21.0,40.0,34.47897559257653,17.000405795484077,6.261618261169179,5.722465966572539,0,0,0,0
69,1,140.37187126879016,19.28957951185153,18.940008115909684,49.26628864985091,34.47897559257653,17.000405795484077,6.261618261169179,6.261618261169179,0,0,0,1
69,2,133.47423773227754,18.14446524470424,17.973192560481117,58.2284788646824,34.40811370256054,15.38183193539219,5.7449628941737485,6.261618261169179,0,0,1,2
69,3,116.3855064923318,16.791857256737007,19.625992768862652,68.1047926427027,32.86536226747748,22.00304761041306,5.696243746648586,5.7449628941737485,0,1,1,3
69,4,88.0462468157499,20.46100177680384,19.51269842221815,77.21481745691858,27.75719200763277,22.85405696023317,4.723209946096983,5.696243746648586,0,1,1,4
69,5,60.18204261187269,20.9484533358184,21.15075266380213,71.55200807180054,27.99143255669372,23.881848637094976,3.4830255254846505,4.723209946096983,1,1,1,5
69,6,30.902050078626317,22.116695457501223,22.010517740468472,65.89335825660153,27.08539292372149,24.810996991839588,3.659999066655797,3.4830255254846505,2,0,0,6
69,7,21.76044018610075,19.947672061770803,19.98637381479155,61.100652472483375,28.18238409634329,28.52480599188921,4.570804946262781,3.659999066655797,3,0,0,7
69,8,11.252384379402685,18.13904979891897,18.1796362213616,56.84869122243775,29.87014367652861,29.84118271210683,4.381262811052578,4.570804946262781,4,0,0,8
69,9,0.0,18.06936059554761,18.055330135581084,67.12057300915733,29.82276590175704,27.243244024462804,4.533662657154436,4.381262811052578,4,0,0,9
70,0,243.7132554678068,21.0,21.0,40.0,33.24299805047452,19.67141175253978,5.6491956551756255,6.636559600443364,0,0,0,0
70,1,226.76566850227996,22.26485996100949,18.9934282350508,49.52459376454257,33.24299805047452,19.67141175253978,5.6491956551756255,5.6491956551756255,0,0,0,1
70,2,226.76566850227996,18.49760952894965,19.32975824691393,60.1474611288512,33.23998489644054,25.77594490527406,5.122465904731769,5.6491956551756255,0,0,0,2
70,3,220.76393509666715,18.04333140052845,18.11482347726472,70.13306281287635,28.694622394176463,26.78094251707436,5.0459210274491255,5.122465904731769,0,0,0,3
70,4,209.97840227175885,16.280743813023758,16.19303000728239,65.44728091588226,30.307260409695303,26.993951273670845,5.392766412454131,5.0459210274491255,1,1,1,4
70,5,162.6424005804589,17.73576399300786,17.678415805562008,60.36863938890659,29.650887320940804,25.46777086252769,5.917000211412492,5.392766412454131,2,1,1,5
70,6,113.14888496598692,19.190009940125154,19.1098397611908,56.41243033233423,33.111562944279505,28.242831185874,6.186689451809002,5.917000211412492,3,1,1,6
70,7,65.7641371015726,20.309661226928068,20.373312672974286,51.56172108117147,27.20246449317786,29.182484111473507,5.9230934830517885,6.186689451809002,4,1,1,7
70,8,33.52518798980248,21.90417133349197,21.96084621464342,61.1460986555562,24.72901316582481,28.51752891409037,5.3731581852950185,5.9230934830517885,4,1,1,8
70,9,6.816080150628423,23.15369036429679,23.232401010019927,70.98297065413472,24.93181668878156,29.71747219221017,4.451517973195677,5.3731581852950185,4,0,0,9
71,0,181.0860164036937,21.0,21.0,40.0,28.72181787013057,20.095375539056203,6.471504129448637,4.702982681900373,0,0,0,0
71,1,181.0860164036937,19.17443635740261,19.001907510781127,48.78709481365362,28.72181787013057,20.095375539056203,6.471504129448637,6.471504129448637,0,0,0,1
71,2,172.0970429481037,18.113886531913025,18.12418961318142,57.85328595502475,26.29672270524913,24.071005857923826,6.6220906550843415,6.471504129448637,0,0,0,2
71,3,172.0970429481037,16.696572434759773,16.62573619768378,65.89433864137644,24.029890279474827,20.642624644701154,6.404925180137017,6.6220906550843415,0,1,1,3
71,4,135.61139158234903,18.636102243399638,18.617477427761123,75.59716398940579,27.94918480244765,25.955400464382063,6.080941894292447,6.404925180137017,0,1,1,4
71,5,87.53605693704478,19.93564393820236,19.85458039857772,71.18649591439966,31.581085510665662,27.24853629485583,6.009416830663033,6.080941894292447,1,1,1,5
71,6,41.00949223713079,21.149852740516117,21.016869464964888,66.58617863581003,32.82056599543873,24.95544912350779,5.815820587489249,6.009416830663033,2,1,1,6
71,7,7.790557407165698,22.01270374432476,22.12249510527112,61.483826648152046,25.7460572439253,29.240876157974792,4.152366853745637,5.815820587489249,3,0,0,7
71,8,0.0,19.75395787811743,19.81123358694521,56.006747382364495,24.19722966724224,28.70788552282689,3.895278703582849,4.152366853745637,4,0,0,8
71,9,0.0,18.3305194045732,18.2208668408636,66.15986449391303,30.514849364166583,25.89135681110311,4.046631321752656,3.895278703582849,4,0,0,9
72,0,63.9230769965899,21.0,21.0,40.0,33.43253265588527,20.77564676857712,3.277939134256048,6.752898896,0,0,0,0
72,1,44.25544219105361,22.268650653117707,22.015512935371543,49.75747229640323,33.43253265588527,20.77564676857712,3.277939134256048,3.277939134256048,0,0,0,1
72,2,41.87346648241392,19.556952157596303,19.384870675399487,43.50084449622711,30.487714937527382,18.08657506149419,1.1909878543198462,3.277939134256048,1,0,0,2
72,3,40.17886643278408,20.34352932112238,20.10706628479679,37.39613177185844,31.91131834581384,17.506944296582464,0.2118250062037292,1.1909878543198462,2,0,0,3
72,4,37.27986862060368,21.228449642402143,21.08461590587024,32.495205528739874,33.42229884374357,22.68366647226437,0.3623747265225507,0.2118250062037292,3,0,0,4
72,5,30.77622644332546,22.25653192400267,22.0259303134563,27.53284295523958,34.72611947236998,21.038532897072848,0.8129552721597773,0.3623747265225507,4,0,0,5
72,6,24.349611156262217,23.78628157298123,23.79724487940528,37.69663690330053,29.68819038533247,26.77733154833945,1.0711025478438736,0.8129552721597773,4,0,0,6
72,7,13.32493991588622,25.350248249977515,25.253647505922807,49.33644267244799,34.66558760637477,30.0,1.837445206729333,1.0711025478438736,4,0,0,7
72,8,6.663430421232712,23.411923883567763,26.438640404219235,59.43127387011364,28.0977903354171,27.98460520716984,2.2205031648845024,1.837445206729333,4,0,0,8
72,9,6.663430421232712,23.433981785682747,22.452053488155727,70.28471237320991,31.9962738196679,28.300606753089177,2.793687986024838,2.2205031648845024,4,0,0,9
73,0,165.40093276296312,21.0,21.0,40.0,25.474168939060327,20.465489228499244,3.635294543,5.709522278,0,0,0,0
73,1,143.58916550496312,22.109483378781206,22.009309784569982,48.269138470160726,25.474168939060327,20.465489228499244,3.635294543,3.635294543,0,0,0,1
73,2,143.58916550496312,20.13665896712465,20.10918631899889,57.48821319175268,27.046659053039008,24.17042273358294,2.6504879990323245,3.635294543,0,0,0,2
73,3,126.66761110284412,21.698581210430483,21.49077500653989,67.8697640965101,34.238841360311966,23.436441443895887,2.8202590670198324,2.6504879990323245,0,0,0,3
73,4,116.79550959656956,23.090211258661025,20.043560157471106,77.57122971461449,29.673339664773003,24.22369154691809,3.290700502091522,2.8202590670198324,0,0,0,4
73,5,95.36868813340357,19.125672795849265,22.899654548554857,72.64693557395661,31.488411272790582,24.4877323902212,4.285364292633201,3.290700502091522,1,0,0,5
73,6,85.38348029494011,19.820042749198127,18.44261673910698,68.80571947902918,37.127409065521626,24.86583485154816,4.992603919231721,4.285364292633201,2,0,0,6
73,7,66.91728939022263,18.101046361476115,18.19025356742097,65.30521672433268,36.61674376091208,27.26935204632958,5.288483573577294,4.992603919231721,3,0,0,7
73,8,33.43205346875271,18.059092354213416,18.02682008042987,61.06618441140191,33.6214063436187,26.16174747343252,6.152355495634294,5.288483573577294,4,0,0,8
73,9,14.13507337015805,18.09305072540305,18.02326075256162,71.01470786177424,31.339245037803185,23.930329686487603,7.097063738,6.152355495634294,4,0,0,9
74,0,162.26665468271264,21.0,21.0,40.0,27.61324893252996,23.59697709440789,6.327921876227935,5.401997669740535,0,0,0,0
74,1,162.26665468271264,19.1522649786506,19.07193954188816,49.21784068484881,27.61324893252996,23.59697709440789,6.327921876227935,6.327921876227935,0,0,0,1
74,2,153.26016476336514,18.136125554962284,18.1952869760328,59.4207810643405,28.16021775687547,28.522784351411705,7.028749972938243,6.327921876227935,0,0,0,2
74,3,153.26016476336514,16.72224464655088,16.7764518406356,68.2932997175834,22.84699463775018,26.444775658043657,7.245431212902815,7.028749972938243,0,1,1,3
74,4,117.32009134965912,18.64966441803991,18.68153890317273,77.26599629266197,23.72074106904016,26.127573236951893,5.9900122356176695,7.245431212902815,0,1,1,4
74,5,77.4097430669909,19.861701440588977,19.81494804605372,71.2044030009991,25.758683748044064,23.89913129827333,4.988793535333528,5.9900122356176695,1,1,1,5
74,6,46.27693261015694,21.005216272899712,20.943122951260023,65.55859517663089,27.886850654539508,24.08088365452599,3.891601307104245,4.988793535333528,2,1,1,6
74,7,19.913789638934347,21.957657053476563,21.928155826096493,59.98067160746983,27.375665126907545,24.969203933308822,3.295392871402824,3.891601307104245,3,1,1,7
74,8,0.0,22.77220446650725,22.65428432963613,55.27529467859381,31.76543782469518,25.426912570438063,2.4892237048667933,3.295392871402824,4,0,0,8
74,9,0.0,20.88434505687983,20.849132982027516,64.59072954962318,27.640910872922845,24.11150507724029,2.8693953134373538,2.4892237048667933,4,0,0,9
75,0,155.87105579607473,21.0,21.0,40.0,28.476900101995167,21.864983821136708,4.384479734241937,3.786440956371011,0,0,0,0
75,1,142.7176165933489,22.169538002039904,19.03729967642273,49.061539106163735,28.476900101995167,21.864983821136708,4.384479734241937,4.384479734241937,0,0,0,1
75,2,142.7176165933489,18.567459702576905,19.187034599611376,59.445294399935655,36.84617972118896,20.84134968865505,4.522328400487565,4.384479734241937,0,0,0,2
75,3,137.36852142524663,18.05582258776156,18.166641335923373,69.70407010597029,33.35517542493694,23.638022941922184,4.149914079872511,4.522328400487565,0,0,0,3
75,4,128.69450531497623,18.06731002139228,18.13592468554469,80.14253308556499,30.82881828472181,27.16264271302652,3.841837875999029,4.149914079872511,0,0,0,4
75,5,98.58530789415671,18.141446807855026,19.359494260196417,75.72653483768478,32.01872256474113,26.78128716925768,4.523196449779826,3.841837875999029,1,0,0,5
75,6,82.73548168035562,17.95317351603937,18.20371458886148,70.51062947030641,25.79242610977573,28.5636551825667,3.848054361168289,4.523196449779826,2,1,0,6
75,7,56.964114765800765,19.466100778137506,18.00075796991817,65.31493824687918,30.76074358481608,23.70763850725488,3.817481683667972,3.848054361168289,3,1,0,7
75,8,31.88795503519001,19.709980308142963,18.027518465670443,60.35801400100358,33.84950972191625,21.945355578774866,4.1000791853602685,3.817481683667972,4,1,0,8
75,9,18.359940674700702,20.39352037917255,18.08306550036289,71.33294627633965,37.836015281993966,23.13583069209533,3.888689910765792,4.1000791853602685,4,1,0,9
76,0,331.70707715045404,21.0,21.0,40.0,33.50485911613399,19.047745093036703,6.663612885840164,4.563244356244908,0,0,0,0
76,1,331.70707715045404,19.270097182322683,18.98095490186073,49.459468757650725,33.50485911613399,19.047745093036703,6.663612885840164,6.663612885840164,0,0,0,1
76,2,322.539113497356,18.199439859247324,18.11593573270819,60.35841048385528,37.44561764597466,23.10405861071733,7.877303764,6.663612885840164,0,0,0,2
76,3,322.539113497356,16.85290123181907,16.845149800956737,71.15501925362258,30.810646636622188,29.17051319541834,8.386627783419202,7.877303764,0,1,1,3
76,4,252.84233151335604,18.14362163381009,18.098524172610396,66.31142637629819,29.39781426889224,27.026669745972203,8.712097748,8.386627783419202,1,1,1,4
76,5,182.76169556235743,19.422156218008794,19.421851323266168,61.5774214461422,28.86250629935225,28.170799644225564,8.760079493874821,8.712097748,2,1,1,5
76,6,114.49115432235746,20.643178219675896,20.624938366034904,56.55400963321222,28.171028015677887,27.254461912488868,8.533817655,8.760079493874821,3,1,1,6
76,7,50.90124274567144,21.758362760618407,21.711400680970797,52.74144449363281,32.3870588391105,29.765357052115,7.948738947085753,8.533817655,4,1,1,7
76,8,9.904035362537687,23.29571677717973,23.26114295897477,63.97940647252605,32.43312210496244,30.0,6.832867897188958,7.948738947085753,4,0,0,8
76,9,9.904035362537687,21.55818062062929,21.398774288217894,75.150128558924,35.274245520149904,26.785321626505382,5.805902652947137,6.832867897188958,4,0,0,9
77,0,155.90113134341942,21.0,21.0,40.0,28.620354843606734,16.604283629544724,4.358596106030133,2.6426070858766666,0,0,0,0
77,1,155.90113134341942,19.17240709687213,18.932085672590897,48.14043492516726,28.620354843606734,16.604283629544724,4.358596106030133,4.358596106030133,0,0,0,1
77,2,148.8044008226256,18.10083506580264,18.135022397258677,57.52132579335056,29.906747967338028,22.209312411458072,5.124352194955377,4.358596106030133,0,0,0,2
77,3,148.8044008226256,16.849295232220605,16.75102713942369,68.0824734569773,31.53681862185452,27.13622395384961,5.535129941013032,5.124352194955377,0,1,1,3
77,4,116.22368347073892,18.952029829460777,18.824890498309944,80.24345342697028,37.69599389139493,29.865005941899373,5.430119558647781,5.535129941013032,0,1,1,4
77,5,77.70974411272562,20.315692084699496,20.16139014548193,77.77544707403557,39.62218692814047,30.0,4.814242419751664,5.430119558647781,1,1,1,5
77,6,46.1093753198076,21.51286463512491,21.43783229446428,74.66735337586864,36.06614612129484,30.0,3.950046099114752,4.814242419751664,2,1,1,6
77,7,21.118336656209788,22.60865059440283,22.48177356772672,71.8118339357374,37.46933644371529,30.0,3.123879832949727,3.950046099114752,3,0,0,7
77,8,5.621414708090627,20.337567591498168,23.3024275252722,68.27066250379661,33.66015871144008,30.0,3.099384389623832,3.123879832949727,4,0,0,8
77,9,5.621414708090627,20.62666047391511,19.70056371416808,79.40041152032998,31.83193898074097,30.0,2.872550832225003,3.099384389623832,4,0,0,9
78,0,124.83357577368407,21.0,21.0,40.0,33.4912242231306,22.07624053967252,5.978618560808513,7.151510518360688,0,0,0,0
78,1,106.89772009125852,22.26982448446261,19.04152481079345,50.00214365730456,33.4912242231306,22.07624053967252,5.978618560808513,5.978618560808513,0,0,0,1
78,2,106.89772009125852,18.663824317082938,19.245774444590182,60.93529499041327,40.03335917902833,20.706370449353376,5.433251308,5.978618560808513,0,0,0,2
78,3,101.86359614438472,18.153076414131373,18.043172021820748,72.00947219632718,39.99732777369208,21.52587892582965,4.875402238,5.433251308,0,0,0,3
78,4,88.33322428200191,18.131095162899268,16.20880549285522,68.15168727572014,36.336047909632015,25.56514697588437,3.617898391540053,4.875402238,1,0,1,4
78,5,62.23943804963153,18.378198023394567,18.69864549371079,62.92139184843228,33.54405402495851,20.732082490108937,3.2617232790462976,3.617898391540053,2,0,1,5
78,6,39.98904980484836,19.946125422795127,19.68111705626888,57.44414167145493,30.673935977514184,22.230229705945003,2.7812985305978963,3.2617232790462976,3,0,1,6
78,7,22.512319706486373,21.06608094772201,20.926467113183765,53.627718369563766,36.54339944048313,25.58758221567705,2.184591262295248,2.7812985305978963,4,0,1,7
78,8,7.530380449444963,22.626811895739216,22.48987708578822,63.86958814034913,32.92011225999333,23.979164244369805,2.4969898761735685,2.184591262295248,4,0,0,8
78,9,7.530380449444963,20.781455265913564,20.76169262133786,73.98143014486448,29.60952720156772,26.56737282351751,2.93188576008116,2.4969898761735685,4,0,0,9
79,0,89.98446880454473,21.0,21.0,40.0,30.807503813548443,18.64224440194048,3.6273035798374194,6.196018325853443,0,0,0,0
79,1,68.22064732552022,22.21615007627097,21.97284488803881,48.900954678788,30.807503813548443,18.64224440194048,3.6273035798374194,3.6273035798374194,0,0,0,1
79,2,68.22064732552022,20.12524137605749,20.07227377563368,57.116423602724,25.969725933269896,19.67176808859674,2.6849557474450427,3.6273035798374194,0,0,0,2
79,3,60.24542328052021,18.455657398294758,21.514965336607627,65.92084725777174,23.3712909204894,25.542173829775805,2.658408015,2.6849557474450427,0,0,0,3
79,4,53.62219226671237,22.088820578412022,18.123691390169125,75.4027190526681,27.52195293232688,25.15511259487516,2.207743671269281,2.658408015,0,0,0,4
79,5,35.957326290712366,20.56182871425764,21.77409510978273,69.93599475389937,25.913130416003447,27.049512368614696,2.208108247,2.207743671269281,1,0,0,5
79,6,22.802141319203024,22.41999619935179,22.031237912452934,65.27611878541488,29.34952596024305,28.09560754817648,1.6443981214386678,2.208108247,2,0,0,6
79,7,9.209589946032406,22.984227886448583,23.08629688995092,59.08715369776745,24.83905904294019,24.11113491457406,1.6990689216463275,1.6443981214386678,3,0,0,7
79,8,0.0,23.67357427814659,23.62344387835723,53.52037464784107,26.69113399644885,25.71564905951573,1.1511987432540507,1.6990689216463275,4,0,0,8
79,9,0.0,21.812757322864865,21.753368515278613,64.17835189307617,31.46619053595176,27.744794159798808,0.9304819900810778,1.1511987432540507,4,0,0,9
80,0,218.14378731739944,21.0,21.0,40.0,26.668875993709456,19.651798152097108,6.424478732307885,3.1904456542051083,0,0,0,0
80,1,218.14378731739944,19.13337751987419,18.993035963041944,48.33772134624518,26.668875993709456,19.651798152097108,6.424478732307885,6.424478732307885,0,0,0,1
80,2,206.30048525967777,18.05606755573384,18.029491218417085,55.151539950461896,22.803377786691687,15.051170014512271,7.894977424338023,6.424478732307885,0,0,0,2
80,3,206.30048525967777,16.624882502160865,16.517088578959598,62.80494537954829,24.153630135147267,18.365288915332712,8.022512928951674,7.894977424338023,0,1,1,3
80,4,158.82919204611457,18.501142468211697,18.383934142145588,70.65197734606336,25.53597359375954,18.058648442435253,7.911882202260536,8.022512928951674,0,1,1,4
80,5,104.01968467011456,19.699152037781666,19.592300092736878,64.73723420721149,28.78718568591612,21.686463542684567,6.851188422,7.911882202260536,1,1,1,5
80,6,58.50475071563689,20.934223184980336,20.771943186358413,60.03196929206007,33.4548759001857,23.738096793417515,5.689366744309711,6.851188422,2,1,1,6
80,7,25.18315011834099,21.854167239624363,21.89775570699569,55.21063643417197,28.401463700136645,28.14668708937397,4.165200074661987,5.689366744309711,3,1,1,7
80,8,0.0,22.629632185206617,22.635287366975177,50.13564476656093,27.101174540470343,28.03776063946832,3.147893764792624,4.165200074661987,4,0,0,8
80,9,0.0,20.916786688848536,20.74522329472128,60.11657801564148,31.971485570696498,23.47814359086209,2.891563854731685,3.147893764792624,4,0,0,9
81,0,106.69631076445263,21.0,21.0,40.0,32.4798363971435,15.52353309201925,5.891490264543936,6.472981752872061,0,0,0,0
81,1,106.69631076445263,19.249596727942876,18.910470661840385,48.640606508049295,32.4798363971435,15.52353309201925,5.891490264543936,5.891490264543936,0,0,0,1
81,2,100.57511446212004,18.1281461213027,18.11594070208489,58.56006221066407,32.14212797589164,22.96595926085714,4.769981565596694,5.891490264543936,0,0,0,2
81,3,90.39433240604684,18.017024036923004,18.018951025920504,67.85108133448428,30.19706997924777,21.41970293086449,3.962362554902545,4.769981565596694,0,0,0,3
81,4,77.79431888264097,19.924281045329,18.159408083516908,78.06525726480456,30.75490601936556,25.99051581574712,2.909266697265241,3.962362554902545,0,0,0,4
81,5,60.83734833823836,19.98594709328909,20.5242127752328,73.410122368225,28.51564156338798,28.95583123339225,2.119621318050327,2.909266697265241,1,0,0,5
81,6,41.20013778401176,21.48616239157473,21.318574641042108,68.72046072674918,28.79252992241598,28.487127624940552,2.454651319278325,2.119621318050327,2,0,0,6
81,7,14.130959334963102,22.445488146693503,22.283685366883603,63.79596061512203,33.289477314166845,22.685522065682303,3.3836473061310826,2.454651319278325,3,0,0,7
81,8,5.555277038382666,20.22068162658625,19.979936532644828,59.22652681860242,36.20594320677768,21.741646812557875,4.287841148290218,3.3836473061310826,4,0,0,8
81,9,5.555277038382666,18.67015725664981,18.5601367131324,70.34285722649524,35.43479736997602,26.322593784984075,3.9744948078670768,4.287841148290218,4,0,0,9
82,0,302.9875897791396,21.0,21.0,40.0,32.118625764341864,20.045580003349063,7.573231765605503,3.035752208542616,0,0,0,0
82,1,302.9875897791396,19.24237251528684,19.00091160006698,49.38955703818437,32.118625764341864,20.045580003349063,7.573231765605503,7.573231765605503,0,0,0,1
82,2,291.2728015714333,18.159677317816453,18.141792843621047,60.27781829239496,35.79955243282704,24.69078786834289,10.115367987554286,7.573231765605503,0,0,0,2
82,3,291.2728015714333,16.94413121447883,16.718543689903623,70.86867589381804,35.1928705636875,23.64522722199628,10.33958047570259,10.115367987554286,0,1,1,3
82,4,210.73366466513068,18.13247415375196,18.041194546735174,65.6953357030796,31.270173857682444,23.32238063821515,10.067392113287829,10.33958047570259,1,1,1,4
82,5,138.50566901813872,19.41023007673097,19.38344725294253,61.06302342657061,30.15330021258947,27.44496491791611,9.028499455873993,10.067392113287829,2,1,1,5
82,6,76.49109775171532,20.748093766985587,20.625594679865628,57.3974330778762,34.74781961003898,28.221122897214283,7.751821408302924,9.028499455873993,3,1,1,6
82,7,31.251394984988508,21.8654957517472,21.77923976246353,54.30448451665313,36.15028577098298,30.0,5.654962845840851,7.751821408302924,4,1,1,7
82,8,4.861266054244576,23.493915555697587,23.30800415606231,66.33071248776061,38.70089371914127,28.111483898122447,4.398354821790655,5.654962845840851,4,0,0,8
82,9,4.861266054244576,21.60191905766597,21.57623773659908,77.5072657405156,33.08234978158966,29.00961273371587,3.079235623343481,4.398354821790655,4,0,0,9
83,0,230.42348811136364,21.0,21.0,40.0,30.29744152613354,20.98275176836561,4.247883074612051,2.888479401241957,0,0,0,0
83,1,230.42348811136364,19.205948830522672,19.019655035367315,49.23043479300985,30.29744152613354,20.98275176836561,4.247883074612051,4.247883074612051,0,0,0,1
83,2,224.3140949793464,17.9626571902232,18.13988973922793,57.45846328425728,22.03478574494472,23.67648365087439,4.807940176849033,4.247883074612051,0,1,0,2
83,3,199.05593527144217,19.79362498066793,18.17804731174661,67.85731806731748,30.67995391883464,27.09146154261088,5.601271316312742,4.807940176849033,0,1,0,3
83,4,181.1255864844846,20.54064791693475,18.124745969099216,78.68456050368275,30.15134686869589,30.0,5.779412730689313,5.601271316312742,0,1,0,4
83,5,150.9222056363255,20.196387408826524,18.10694035363118,74.6343236894495,30.83201769870422,30.0,5.805637585810726,5.779412730689313,1,1,0,5
83,6,118.32340569687317,20.2224791896282,18.0925522941392,71.12588228900569,34.9699377400764,28.87205447968017,6.0759748517792485,5.805637585810726,2,1,0,6
83,7,85.03102238614113,20.11476230422733,18.11500344258004,67.37392094189156,32.4891036271437,30.0,6.152671514563528,6.0759748517792485,3,1,0,7
83,8,51.43226844228308,20.08514542888632,18.08699345072624,64.87500710571001,39.45047868788029,30.0,6.009510818743253,6.152671514563528,4,1,0,8
83,9,32.438927555,20.40864691683689,18.02699171564018,75.50929124187101,31.18061580238675,27.89874050961884,6.157599233055826,6.009510818743253,4,1,0,9
84,0,237.7971042181652,21.0,21.0,40.0,33.42525817019494,23.205074348317183,4.847267611431168,5.258178004627418,0,0,0,0
84,1,223.2553013838717,22.2685051634039,19.064101486966344,50.19345985333218,33.42525817019494,23.205074348317183,4.847267611431168,4.847267611431168,0,0,0,1
84,2,223.2553013838717,18.583345829850924,19.37288707601469,61.37413390774845,35.35192434812153,26.762931509746625,4.457872366427597,4.847267611431168,0,0,0,2
84,3,217.73456500818807,18.170472167432862,18.099675213781296,72.79824371388847,35.93110764562279,27.53616905515513,5.3829205372674505,4.457872366427597,0,0,0,3
84,4,204.8139863699793,16.40758204254081,16.324890962906597,69.53361520545565,35.196508286484296,30.0,6.460289319104372,5.3829205372674505,1,1,1,4
84,5,153.23137379679412,17.972260365205294,17.884721612708947,66.3447298929351,35.61730381933035,30.0,6.447826571648151,6.460289319104372,2,1,1,5
84,6,98.95582719731554,19.458509256643666,19.33459870572965,63.24114753318962,36.799908972835375,29.291300139689685,6.784443324934822,6.447826571648151,3,1,1,6
84,7,48.94695190203952,20.6189507725781,20.544791693159603,58.72196345998032,31.896683691736225,26.330071457100964,6.251109411909503,6.784443324934822,4,1,1,7
84,8,12.049976172243545,22.304753656277704,22.12096543183309,69.45842951087735,34.97441551480144,24.672618101293164,6.149495954965994,6.251109411909503,4,0,0,8
84,9,12.049976172243545,20.538404087334698,20.50575820137735,80.67625726521308,33.355191483200976,28.966073818664164,5.638351813642405,6.149495954965994,4,0,0,9
85,0,252.01625717388276,21.0,21.0,40.0,32.71446738656055,22.068956455189312,5.913198822623208,2.419124038747968,0,0,0,0
85,1,252.01625717388276,19.254289347731213,19.041379129103788,49.86101629151497,32.71446738656055,22.068956455189312,5.913198822623208,5.913198822623208,0,0,0,1
85,2,243.82418700494284,18.21461826498244,18.060281711810013,60.82484854131957,37.541562901541525,23.36861626403956,7.613413010358632,5.913198822623208,0,0,0,2
85,3,243.82418700494284,17.008038964830106,16.716530802943986,72.18797840889226,40.0094778280926,23.119021436200143,7.694488460032919,7.613413010358632,0,1,1,3
85,4,185.28872195287065,18.24657982897435,18.14035079248812,68.43264711345965,36.07722797232219,26.39315371971887,7.316933131509027,7.694488460032919,1,1,1,4
85,5,129.78200530889234,19.6065844443498,19.427398485074452,64.23566367480714,35.28474609260663,24.73201258154608,6.938339580497287,7.316933131509027,2,1,1,5
85,6,82.92348139599713,20.832154979608116,20.792170212132216,60.87932867213365,34.68702776292505,30.0,5.857315489111903,6.938339580497287,3,1,1,6
85,7,39.45992761199714,21.948422709572235,21.879649149717014,57.40624958301552,34.03844950489925,30.0,5.432944223,5.857315489111903,4,1,1,7
85,8,8.288890970344086,23.49349101512311,23.42565346897093,69.00247610999423,34.42348070543724,30.0,5.195172773608842,5.432944223,4,0,0,8
85,9,8.288890970344086,21.750543845093432,21.63108555145266,81.06076212737206,36.99047787432122,30.0,4.914102238100115,5.195172773608842,4,0,0,9
86,0,121.53115865601876,21.0,21.0,40.0,28.11959436668013,18.532111711560244,3.1314226891323096,6.118588394934509,0,0,0,0
86,1,102.7426225212249,22.162391887333605,21.970642234231207,48.39730709408327,28.11959436668013,18.532111711560244,3.1314226891323096,3.1314226891323096,0,0,0,1
86,2,102.7426225212249,20.106237267452077,20.02549387160607,56.474002730556286,25.89197295128752,18.97855836245149,2.658266097458461,3.1314226891323096,0,0,0,2
86,3,94.88076175877366,18.479031013354085,21.40365582676861,65.01985383491424,26.228430423365204,21.24852015640127,2.620620254150414,2.658266097458461,0,0,0,3
86,4,86.883760700639,21.999214848704085,18.12558927138743,73.88877010624319,26.030347516210725,23.24140954672781,2.613791426700345,2.620620254150414,0,0,0,4
86,5,69.37105383616174,20.65000160134916,21.7683054174005,69.8739281326241,31.608924279649404,29.419731422466786,2.1890883580596587,2.613791426700345,1,0,0,5
86,6,42.53978739780716,22.61779528283156,22.10779474197035,67.015951503969,38.09057759932536,29.36510779703524,3.353908304794323,2.1890883580596587,2,0,0,6
86,7,34.438268544886604,20.37859474352019,20.345720690602526,64.48881944055327,39.29371075880148,30.0,4.050759426460276,3.353908304794323,3,0,0,7
86,8,26.526699562065804,18.422631992169187,18.32357815160536,61.26906394850543,35.44580282195648,30.0,3.955784491410399,4.050759426460276,4,0,0,8
86,9,19.860604751262112,17.92598217805743,18.1011503904455,71.7588320037647,28.63926629506424,29.63722290082053,3.374513679525193,3.955784491410399,4,1,0,9
87,0,108.46477559264264,21.0,21.0,40.0,28.89998725413445,17.394499605093863,5.585876845274029,6.115968445105075,0,0,0,0
87,1,108.46477559264264,19.17799974508269,18.94788999210188,48.33300763466109,28.89998725413445,17.394499605093863,5.585876845274029,5.585876845274029,0,0,0,1
87,2,100.86615292564784,18.13246979954659,18.12323646998605,57.34172391359977,29.504415487248508,20.544008284633048,5.325463386587771,5.585876845274029,0,0,0,2
87,3,94.78952384007292,16.81484837112638,18.033139492466617,66.56828548866812,29.693532379162782,21.56514303788363,4.409460844345565,5.325463386587771,0,1,0,3
87,4,84.26893854177094,19.481196137652702,16.104104349289187,75.8985964064171,26.20764162611661,25.62741902804437,3.5068617661006662,4.409460844345565,0,1,1,4
87,5,57.55943483228741,18.546838256509098,19.51820937349855,69.47439936263187,24.865585366364343,22.777764390384416,3.338687963685441,3.5068617661006662,1,1,1,5
87,6,31.727487292408068,20.39477089368976,20.05371637549914,63.38389898226998,25.98968963189492,23.507530477205744,3.2289934424849176,3.338687963685441,2,1,1,6
87,7,12.000184026265767,21.287756122825265,21.263273005557096,57.94172248765642,29.719496555318408,23.37952291905067,2.4659129082677875,3.2289934424849176,3,1,1,7
87,8,0.0,22.201161757477536,22.099671908624053,53.91719777304888,33.20830094916067,27.766561747464124,1.500023003283221,2.4659129082677875,4,0,0,8
87,9,0.0,20.421355160955613,20.440618429837837,64.50689916439174,29.695429342520125,29.13624505382905,1.5245973850857035,1.500023003283221,4,0,0,9
88,0,235.7916955713181,21.0,21.0,40.0,33.9930016225108,23.28203541412352,6.497727972973101,5.696390751651309,0,0,0,0
88,1,235.7916955713181,19.279860032450216,19.065640708282476,50.309506666594174,33.9930016225108,23.28203541412352,6.497727972973101,6.497727972973101,0,0,0,1
88,2,229.07478730034504,18.00335120698838,18.155073816307635,60.56529586491822,29.56054408436665,27.41606257298917,6.761858263957461,6.497727972973101,0,0,0,2
88,3,229.07478730034504,16.730746286231998,16.681401874951305,70.06007839649496,26.470086633169405,26.27870520892363,6.897318008279126,6.761858263957461,0,1,1,3
88,4,173.27668405232282,18.068249524730536,18.000165223560852,65.96871925590798,32.37397077888328,28.22958955118908,6.974762906002781,6.897318008279126,1,1,1,4
88,5,116.53608791632284,19.408572270077546,19.30471193535145,61.46542587398393,32.26465901046929,26.05037775661933,7.092574517,6.974762906002781,2,1,1,5
88,6,66.95492234765365,20.594891014966134,20.59507222104576,56.79749293411609,29.474608636600063,27.925763919689707,6.197645696083647,7.092574517,3,1,1,6
88,7,25.38687481980776,21.76968855167625,21.589183237737306,52.619945057517015,34.57364081232357,25.551093206570474,5.196005940980736,6.197645696083647,4,1,1,7
88,8,2.5311963864118647,23.202666816340656,23.221086196416877,63.558168908460296,31.2772604941457,29.490649788872524,3.809279738899316,5.196005940980736,4,0,0,8
88,9,2.5311963864118647,21.44583692647857,21.36895713620454,74.52760783889698,32.25451310193657,28.686814289378347,2.498019401498973,3.809279738899316,4,0,0,9
89,0,251.3992038615512,21.0,21.0,40.0,25.451274024758565,22.90210619952161,4.661039615902083,2.9972505039013466,0,0,0,0
89,1,251.3992038615512,19.109025480495173,19.058042123990436,48.70360844037043,25.451274024758565,22.90210619952161,4.661039615902083,4.661039615902083,0,0,0,1
89,2,242.92980290488407,18.17287035744652,18.08612661618507,58.29476353961411,29.74789561369203,23.5362993821062,6.375820927301481,4.661039615902083,0,0,0,2
89,3,242.92980290488407,16.864924864718617,16.668570843135633,68.06704119351122,32.70464430430528,21.585787106234186,7.201787180292011,6.375820927301481,0,1,1,3
89,4,197.3383477468984,18.77059904918005,18.70335738131125,78.0426420646887,30.863699278529857,24.556305561345123,7.598575859664281,7.201787180292011,0,1,1,4
89,5,131.99989859140726,20.049134286334414,19.93321732135139,73.57606767725679,32.661752224058645,25.85727895687513,8.167306144436386,7.598575859664281,1,1,1,5
89,6,68.92151192127203,21.112738815121013,21.08225570559663,67.67397034146055,26.90340682049278,23.64049686952814,7.884798333766904,8.167306144436386,2,1,1,6
89,7,12.005380900834442,22.061383255462733,22.078623544883595,62.38588415713984,26.775154462798177,27.179922290975707,7.114516377554699,7.884798333766904,3,0,0,7
89,8,0.0,19.807148014239992,19.853122115055204,57.72556846836662,27.442690617926555,30.0,6.002690450417221,7.114516377554699,4,0,0,8
89,9,0.0,18.35223992867922,18.2810773559666,67.84592775251262,29.546367684329223,26.67785056092639,4.9913483036184445,6.002690450417221,4,0,0,9
90,0,152.1156249290458,21.0,21.0,40.0,28.98970170703149,22.45824879712918,4.602837564512955,5.999467881936184,0,0,0,0
90,1,138.3071122355069,22.17979403414063,19.049164975942585,49.26063109074892,28.98970170703149,22.45824879712918,4.602837564512955,4.602837564512955,0,0,0,1
90,2,138.3071122355069,18.43458462635289,19.250570073161292,58.84114717432724,29.69262644288172,23.53246291033116,3.920945036,4.602837564512955,0,0,0,2
90,3,133.79135300208904,18.053945015628788,18.111475099965578,68.63091836241225,29.19788334720543,25.18973436437796,3.353854236427508,3.920945036,0,0,0,3
90,4,117.67307443009445,19.951302014657667,18.17083108501304,78.95485121239454,28.776417583859995,28.57876491604169,3.8008164152501633,3.353854236427508,0,0,0,4
90,5,94.01040732071375,18.0590771483271,20.564735632611,74.64467688823399,29.38792042133023,30.0,3.917190322985927,3.8008164152501633,1,0,0,5
90,6,82.45141287775216,18.202706077048276,18.079127235026174,71.14057408001429,36.46004152857455,27.406053981315985,3.7984524976281984,3.917190322985927,2,0,0,6
90,7,59.39009541115938,18.148540515451057,18.0346971098398,66.80834659405615,33.09977791155359,26.16562494423448,4.385223467890149,3.7984524976281984,3,0,0,7
90,8,29.39819668530074,18.11482048590317,18.070583021814635,62.12894122555427,31.810792574570463,25.525844267085763,5.272515943030613,4.385223467890149,4,0,0,8
90,9,13.202640364915986,18.143216684906164,18.11611764646359,73.26895351390657,33.332479299534256,28.55647785797851,6.134442882265449,5.272515943030613,4,0,0,9
91,0,110.83882626055208,21.0,21.0,40.0,34.971743829866924,22.02957570915735,4.008022018649581,5.627254834601294,0,0,0,0
91,1,86.79069414865458,22.29943487659734,22.04059151418315,50.260237517024365,34.971743829866924,22.02957570915735,4.008022018649581,4.008022018649581,0,0,0,1
91,2,86.79069414865458,20.253223338509816,20.26248142660025,60.11605840731774,29.087153266660543,25.66740723496929,2.932646486745111,4.008022018649581,0,0,0,2
91,3,80.42033936514477,18.83916613715109,21.63327549859587,70.8595163012736,34.920768897524106,24.765108291119624,2.123451594503272,2.932646486745111,0,0,0,3
91,4,66.12638672780247,21.698286776949157,20.678427635320155,66.35447699252228,33.693326916690914,24.61201025691284,1.7867440796677885,2.123451594503272,1,0,0,4
91,5,47.9975406926589,22.04264873953833,22.22604054392299,60.75260203466807,29.170051347450265,23.04175444224856,2.266105754392947,1.7867440796677885,2,0,0,5
91,6,24.518090179040183,23.084801067298717,22.987694746835924,55.02868116584307,26.81910595417078,24.714666996801395,2.9349313142023394,2.266105754392947,3,0,0,6
91,7,7.161754443438425,23.79421667353761,20.86279329347609,49.985863004851055,26.6727203466978,28.6449565366799,3.471267147120351,2.9349313142023394,4,0,0,7
91,8,7.161754443438425,20.44445123345301,21.22807309047788,61.64810941779337,34.790257849679534,30.0,3.749236389605119,3.471267147120351,4,0,0,8
91,9,7.161754443438425,19.53023404636436,19.141034143369893,73.81076787118609,37.637996017710336,29.932328723360296,3.9668120745158246,3.749236389605119,4,0,0,9
92,0,206.5531041021625,21.0,21.0,40.0,27.065947488318407,17.376935257325343,6.102571632378794,2.12326619575354,0,0,0,0
92,1,206.5531041021625,19.14131894976637,18.94753870514651,47.999718894215874,27.065947488318407,17.376935257325343,6.102571632378794,6.102571632378794,0,0,0,1
92,2,194.5031529958222,18.089982907095063,18.05373885045545,56.284248755851024,29.49427817771545,16.530887720257606,8.434462045118662,6.102571632378794,0,0,0,2
92,3,194.5031529958222,16.726690291304074,16.59611478644897,65.09403998909401,28.00786036073844,20.935424268389266,8.861088397779568,8.434462045118662,0,1,1,3
92,4,144.5947977412883,18.701326768239763,18.581712698014563,75.05798228595853,31.6472855333335,23.70794944924712,8.318059209088986,8.861088397779568,0,1,1,4
92,5,92.72670980929948,19.836247516837755,19.875578171598,69.70310203559552,26.705838462230226,26.878160146864204,6.483510991498598,8.318059209088986,1,1,1,5
92,6,54.75418176431273,21.130588137023583,20.89977482056297,64.51058057754489,32.71834895067292,21.76764294904577,4.746566005623345,6.483510991498598,2,1,1,6
92,7,24.51759485277389,21.98717161726801,21.90184625663496,58.29710971659578,28.2712592755334,20.542791496971606,3.779573363942356,4.746566005623345,3,1,1,7
92,8,0.0,22.74100597693161,22.55191120052312,52.363627765449664,30.552081972887542,19.81746274296733,3.064699356596736,3.779573363942356,4,0,0,8
92,9,0.0,20.819720398377044,20.73721305670329,61.17209149341395,27.948849164808426,20.987060434993165,3.005376219331403,3.064699356596736,4,0,0,9
93,0,57.85878547198486,21.0,21.0,40.0,28.27672314685522,22.63261691160744,3.143835890702841,7.072668928105348,0,0,0,0
93,1,32.70809834636213,21.465534462937107,21.35265233823215,34.16368121052328,28.27672314685522,22.63261691160744,3.143835890702841,3.143835890702841,1,0,0,1
93,2,31.825200751218645,18.800605444275668,18.766745841137308,27.4112214593938,24.6029400383865,21.2167280108942,0.4414487975717424,3.143835890702841,2,0,0,2
93,3,31.825200751218645,19.59963221270865,19.53152102849438,20.564746988000707,24.6054086528025,20.69195539501366,0.0,0.4414487975717424,3,0,0,3
93,4,27.02294588544442,20.437375264811863,20.529849635723345,14.238738069448251,22.293394279507464,25.89544506186779,0.6002818582217777,0.0,4,0,0,4
93,5,12.187657954808,22.28125539188111,22.184772367385037,24.22977443888368,29.47139663455322,26.034360973421364,2.472547988439404,0.6002818582217777,4,0,0,5
93,6,0.8187257157860236,20.903136651592835,23.798066849561422,33.96578109921623,30.394830679874104,23.694095210862294,3.789644079673992,2.472547988439404,4,0,0,6
93,7,0.8187257157860236,21.487459790226687,20.41178171114008,44.6105144825429,34.74867933497493,24.388728350173245,4.306063195587853,3.789644079673992,4,0,0,7
93,8,0.8187257157860236,19.4438277193776,19.5883648159794,54.84769937006037,32.890782865653094,23.98246650944396,4.552591167102747,4.306063195587853,4,0,0,8
93,9,0.0,18.16185774236471,18.176212316020663,65.75711901127801,33.41978176381356,27.18810513184,4.489877429685743,4.552591167102747,4,0,0,9
94,0,370.6567822040609,21.0,21.0,40.0,29.554693354139125,18.02535461582833,7.406259817,4.270221716340168,0,0,0,0
94,1,370.6567822040609,19.191093867082785,18.96050709231657,48.56440863459415,29.554693354139125,18.02535461582833,7.406259817,7.406259817,0,0,0,1
94,2,358.6767705573517,18.118413640659288,18.0883233625013,57.73064214428688,29.99998355987032,20.923535938422617,8.958786726692955,7.406259817,0,0,0,2
94,3,358.6767705573517,16.77463718681926,16.68688506843984,67.27846448564271,28.9412087716588,24.102248680318056,9.176924472210986,8.958786726692955,0,1,1,3
94,4,299.18675708769166,18.764563461587024,18.63740509554265,77.18915946258642,31.36680830824302,23.692608230333143,9.91500224494334,9.176924472210986,0,1,1,4
94,5,216.53488308457003,19.824680159235832,19.86793001554021,70.69801395319566,23.508148256082208,23.76326558063576,10.331484250390202,9.91500224494334,1,1,1,5
94,6,137.39772496618812,20.98826427998362,20.90376694676126,64.41615257821366,26.005111144437336,22.42899232788485,9.892144764797736,10.331484250390202,2,1,1,6
94,7,63.06738692320215,21.94201040305674,21.88262613022108,58.74373667145582,28.028292634620712,23.7916189945024,9.291292255373246,9.892144764797736,3,1,1,7
94,8,0.0,22.653255776203025,22.569964425457133,52.70447079722216,27.41859394204349,22.36326231221393,7.883423365400269,9.291292255373246,4,0,0,8
94,9,0.0,20.85236558681645,20.718829819432877,62.20583758964352,30.355764849687365,22.42960621932021,6.452270354918949,7.883423365400269,4,0,0,9
95,0,153.3303459407984,21.0,21.0,40.0,32.571571039308665,22.40559973019679,5.367180878111128,7.515389393,0,0,0,0
95,1,137.228803306465,22.251431420786176,19.048111994603936,49.895890738510985,32.571571039308665,22.40559973019679,5.367180878111128,5.367180878111128,0,0,0,1
95,2,137.228803306465,18.49278585095558,19.245087272718784,59.37913895654508,31.559716313492576,21.124996008919044,3.204682637650718,5.367180878111128,0,0,0,2
95,3,118.11396379046502,20.53688167096822,20.264551415359023,68.58395620135263,26.734932518137946,24.40294106412629,3.185806586,3.204682637650718,0,0,0,3
95,4,106.78394980995031,21.943928102344305,18.976995660699835,77.71197029987451,26.571382676297155,24.13980675993552,3.776671326838233,3.185806586,0,0,0,4
95,5,85.21337738387979,18.086587154553097,21.837550908290677,71.7412611766075,28.3932145748782,21.76951251808285,4.308391272,3.776671326838233,1,0,0,5
95,6,74.2880937740573,18.72265332811531,18.031736623933377,65.85098484663857,29.70733183874901,20.90224410586804,4.185172068648779,4.308391272,2,0,0,6
95,7,54.10816352172415,18.12558261751425,18.05871045362449,59.8660236374394,30.28628131414441,19.79726752363799,4.021299507924048,4.185172068648779,3,0,0,7
95,8,30.0852814242838,18.10501519109628,18.01116459834765,53.998512197417085,31.99471994760506,18.741327607826527,4.1777582127254895,4.021299507924048,4,0,0,8
95,9,16.88315120962021,18.078993477557518,17.989970390599524,62.37198129146621,29.710029860088312,16.80924288462907,4.682558248197385,4.1777582127254895,4,0,1,9
96,0,155.05141827006747,21.0,21.0,40.0,30.951060259904587,16.20258696163729,4.098079703346385,3.1145352940634696,0,0,0,0
96,1,142.75717916002833,22.219021205198093,18.92405173923275,48.48765649987754,30.951060259904587,16.20258696163729,4.098079703346385,4.098079703346385,0,0,0,1
96,2,142.75717916002833,18.43141572971038,19.117687734091398,57.53938859382839,32.69917114618926,17.58822937575991,4.508671965013072,4.098079703346385,0,0,0,2
96,3,137.06366955097414,18.013926189546982,18.158044689731778,66.832558346962,29.51185402832009,22.116866822422164,3.719756460272961,4.508671965013072,0,0,0,3
96,4,120.02112918605155,19.91275011550738,18.04062923092045,75.30274909752096,26.05201732458676,21.00459795629633,3.989299819349728,3.719756460272961,0,0,0,4
96,5,101.13514045174566,18.190355646780784,18.12110124924858,70.07512359462623,29.51778233903909,24.77318708932355,4.742618555000527,3.989299819349728,1,0,0,5
96,6,71.34680332830969,18.15503727485748,18.096967469474464,65.25855500352473,31.799020835715226,24.775598102609774,5.684578934815219,4.742618555000527,2,0,0,6
96,7,40.117472753245856,18.16967737695312,18.055995620552796,60.74862295681078,34.18837897981699,24.08977631621657,5.839555206841875,5.684578934815219,3,0,0,7
96,8,10.961645497485678,18.05340620286742,18.062537727636293,55.56971756221535,31.67229611085739,22.889340585834667,5.172962555863445,5.839555206841875,4,0,0,8
96,9,0.0,18.0795854044962,18.10978825782089,65.44003932371817,28.469086418503974,26.36603447873395,3.9519484502017344,5.172962555863445,4,0,0,9
97,0,78.57141779125689,21.0,21.0,40.0,25.74624457539805,23.99470783301664,2.946959183963936,4.984230543366618,0,0,0,0
97,1,60.88966268747328,22.11492489150796,22.07989415666033,48.95337143351465,25.74624457539805,23.99470783301664,2.946959183963936,2.946959183963936,0,0,0,1
97,2,57.349179799389375,19.484659976972736,19.42221194902335,43.10587624694095,27.24755569183167,23.5996932716478,1.7702414440419505,2.946959183963936,1,0,0,2
97,3,49.03874239103578,20.23178200813558,20.22796158632971,37.36659776618497,26.28809719711157,25.1603556875774,1.0388046760441996,1.7702414440419505,2,0,0,3
97,4,38.73258136195069,21.221528220586688,21.106053686442408,32.52222004465327,31.125578401785297,25.294545367483057,1.2882701286356366,1.0388046760441996,3,0,0,4
97,5,28.816136743812297,22.29080094468428,22.1333038796718,28.71705824729755,35.900258416517154,26.29328715372887,1.239555577267299,1.2882701286356366,4,0,0,5
97,6,20.8812847098123,23.831074428150792,23.859155779643253,38.69388104015976,28.19259084712164,27.2342024465573,1.322475339,1.239555577267299,4,0,0,6
97,7,14.558632127396503,25.26628285110361,25.299096489095938,49.1227386491992,27.938097827996906,30.0,1.053775430402632,1.322475339,4,0,0,7
97,8,4.952932162322046,26.44997809278332,26.430103868559407,59.79521187604266,29.896512284109445,29.39500564279867,1.6009499941790766,1.053775430402632,4,0,0,8
97,9,4.952932162322046,24.32741638640596,24.30631291792533,70.83880349777291,31.353286787390346,30.0,1.8567033471551009,1.6009499941790766,4,0,0,9
98,0,236.4508003375892,21.0,21.0,40.0,32.36557186423817,17.598937635510342,5.544229310768006,5.539910512101999,0,0,0,0
98,1,236.4508003375892,19.247311437284765,18.951978752710207,48.993611709954735,32.36557186423817,17.598937635510342,5.544229310768006,5.544229310768006,0,0,0,1
98,2,229.17535083346573,18.28713178451536,18.1197578584002,59.57352431007583,36.255569754784936,22.52172246811,5.4400243317361925,5.544229310768006,0,0,0,2
98,3,221.14338572305303,16.98936970653517,18.170500826007174,70.93260073629412,36.20402772264635,26.90195242301085,6.098865858018704,5.4400243317361925,0,1,0,3
98,4,186.2464025264991,19.139008517418507,15.60010446118216,67.72097446048238,37.35960057705839,28.131364557320808,6.979396639310782,6.098865858018704,1,1,1,4
98,5,134.94420935505485,18.305758142486923,19.209626824632554,63.203932268267565,33.06439061197947,25.174263875715987,6.412774146430532,6.979396639310782,2,1,1,5
98,6,92.1149848985559,20.23184251685539,19.85098830723573,58.2747914514199,30.71694896648893,25.2322687176907,5.3536530570623695,6.412774146430532,3,1,1,6
98,7,50.04473232147225,21.155926558536752,21.153416901489397,53.61926114689234,31.65378604131045,25.8154900446476,5.258781572135456,5.3536530570623695,4,1,1,7
98,8,14.351315484513464,22.83606158066671,22.60363532819423,64.20215953080431,35.2264186949781,23.56746121564393,5.948902806159799,5.258781572135456,4,0,0,8
98,9,14.351315484513464,21.00674617150188,20.92737454394284,75.21639277765783,34.322579934890555,26.86760476985126,6.851766520649955,5.948902806159799,4,0,0,9
99,0,229.54765129864617,21.0,21.0,40.0,30.8160831342532,21.123359991682484,5.025377196,4.810805480371773,0,0,0,0
99,1,229.54765129864617,19.216321662685065,19.022467199833653,49.34909976266842,30.8160831342532,21.123359991682484,5.025377196,5.025377196,0,0,0,1
99,2,224.086400265478,18.06636323538667,18.10497312165794,59.07921261437672,30.55420238786085,23.50198012162969,4.705083320026059,5.025377196,0,0,0,2
99,3,218.68893100936756,16.861880669232626,18.11113234195752,69.84462293434213,33.584646196717216,26.223188914201728,3.833256217835444,4.705083320026059,0,1,0,3
99,4,201.29126850258265,19.634833669093,18.11340953678121,80.48594276962378,30.84424824181074,28.27419528753179,3.547103092373995,3.833256217835444,0,1,0,4
99,5,169.52861225111957,19.93845034215034,20.316941445103183,76.25500711769973,31.86247105206172,27.96566421502689,3.9703320314328834,3.547103092373995,1,1,0,5
99,6,146.83390738100394,21.39789146980577,18.18432102591849,71.62624610246453,31.30957500493805,26.30841935486638,4.5389409740231255,3.9703320314328834,2,1,0,6
99,7,117.25600520883496,20.448640485127616,18.423597960727545,67.09177913016971,28.798766516115133,29.343083637802536,5.915580434433794,4.5389409740231255,3,1,0,7
99,8,78.35354072826867,20.24563646845913,18.09705470161648,63.1555103992332,33.209022408591885,28.25615130842749,7.281065810187256,5.915580434433794,4,1,0,8
99,9,56.29617010790292,20.482001749404187,17.98876097231942,73.19539190827632,32.13915431045234,23.637965184231728,7.274358210990655,7.281065810187256,4,1,1,9
