day,hour,cost_to_go,T1,T2,H,Occ1,Occ2,price_t,price_previous,vent_counter,low_override_r1,low_override_r2,current_time
0,0,34.440587318266324,21.0,21.0,40.0,32.969097664154,15.4710408718597,3.48812593193225,0.0,0,0,0,0
0,1,34.440587318266324,19.259381953283082,18.909420817437194,48.71922493648246,32.969097664154,15.4710408718597,3.48812593193225,3.48812593193225,0,0,0,1
0,2,31.515329770855743,18.1511592829508,18.093195283351317,58.35209347337499,34.098941577065816,19.416994739003783,2.237250383112821,3.48812593193225,0,0,0,2
0,3,27.43492066531895,17.85990088680678,15.941156650126265,53.14002304022256,33.61700679934285,20.76037968314361,1.1091079406719566,2.237250383112821,1,1,1,3
0,4,23.19888164399917,18.024272382975212,18.38754272756008,48.98910121625781,35.44515142724666,24.827505106282526,0.5295048776649726,1.1091079406719566,2,1,1,4
0,5,18.814861763465295,19.632576074296743,19.473531346365636,45.23967383725861,32.503181227782214,30.0,0.5480024850667341,0.5295048776649726,3,1,1,5
0,6,16.548891489039,20.778787895794903,20.816287385770526,41.03588126398217,30.24481328432489,29.73411686413934,0.2832462843032866,0.5480024850667341,4,1,1,6
0,7,10.447733536840946,22.457957208373273,22.548435238301224,50.80461173374795,24.59216549300006,29.67855933903202,1.016859658699676,0.2832462843032866,4,0,0,7
0,8,0.0,23.873017715640344,23.840786899680904,60.00838268395104,25.69321559175705,25.438845242704595,1.7412889228068242,1.016859658699676,4,0,0,8
0,9,0.0,21.96478105651418,21.83381142327388,69.38258938756618,29.555435016300837,22.523491114894377,2.587035092277435,1.7412889228068242,4,0,0,9
1,0,95.9389558992763,21.0,21.0,40.0,25.7342414983848,16.144992366405123,3.0877237926443666,0.0,0,0,0,0
1,1,95.9389558992763,19.114684829967697,18.922899847328104,47.53826209566218,25.7342414983848,16.144992366405123,3.0877237926443666,3.0877237926443666,0,0,0,1
1,2,93.04162084865406,18.02222710660369,18.071537238394118,55.19141872958136,22.844535639400757,19.67300121570576,1.9380198740122785,3.0877237926443666,0,0,0,2
1,3,87.28083148535714,17.972661989294366,15.870552447267915,49.195871334705856,28.60173119013869,21.42300550499739,1.4607419500760848,1.9380198740122785,1,1,1,3
1,4,73.84540630762281,17.79383778053666,18.40767387586479,42.810747536539736,24.350130853755847,23.510292489765718,1.679428147216791,1.4607419500760848,2,1,1,4
1,5,52.53223541743009,19.614997312228752,19.183107479712742,37.992754477536714,34.47682771181968,22.089877515941293,2.66414636127409,1.679428147216791,3,1,1,5
1,6,25.919586439586347,20.638620886216753,20.556351976400347,32.682861426364525,32.21286023602414,21.62106725746368,3.326581122230468,2.66414636127409,4,1,1,6
1,7,0.0,22.508515223110617,22.23055714147315,43.28654075079518,37.02063365464495,21.88869592552539,4.319931073264391,3.326581122230468,4,0,0,7
1,8,0.0,20.89889576208621,20.68930745130265,53.525191748541694,35.76509059783254,21.116303834092516,5.473906504024445,4.319931073264391,4,0,0,8
1,9,0.0,19.397490013526713,19.13321450955312,65.10577819743516,40.34709562158727,23.989495761154217,5.904224431669166,5.473906504024445,4,0,0,9
2,0,46.76970201314007,21.0,21.0,40.0,27.721293233033787,22.818338600598924,2.160487259115344,0.0,0,0,0,0
2,1,40.288240235794035,22.154425864660677,19.05636677201198,49.09713373005388,27.721293233033787,22.818338600598924,2.160487259115344,2.160487259115344,0,0,0,1
2,2,40.288240235794035,18.365241147270407,19.282916873803302,58.49182733229344,26.389921148875032,25.80282108578918,0.7137980780762005,2.160487259115344,0,0,0,2
2,3,36.82177178203797,17.907993448188954,16.48712741814958,52.689503662570885,27.307563536933053,23.790638297941637,1.127224405034616,0.7137980780762005,1,1,1,3
2,4,29.037296366548567,18.251195342844625,18.54936401401273,47.22536708732025,29.69078795928531,23.286231067100054,0.9730594269361756,1.127224405034616,2,1,1,4
2,5,18.518111092728468,19.706430069031192,19.49083105869977,41.14749467672955,27.937397972883996,21.629977523834345,1.3148981592275122,0.9730594269361756,3,1,1,5
2,6,9.56381105817161,20.828432908940375,20.738128218546503,35.94872968949066,31.100262650557788,23.35104297589282,1.119287504319607,1.3148981592275122,4,1,1,6
2,7,5.757301252463577,22.434764042009824,22.406448578876244,44.46180637519686,25.032606994366216,22.26226348177931,0.6344183009513386,1.119287504319607,4,0,0,7
2,8,0.0,23.796321963587467,23.723220984955297,53.25517891327986,26.46592526731451,22.386144388702185,0.9595502087439296,0.6344183009513386,4,0,0,8
2,9,0.0,21.798742539648664,21.68041731863367,61.3280115242492,25.930922895586534,18.918147165354213,2.5247596241545507,0.9595502087439296,4,0,0,9
3,0,84.86116159498395,21.0,21.0,40.0,32.26903443186937,16.978933102062314,3.585774298766909,0.0,0,0,0,0
3,1,84.86116159498395,19.24538068863739,18.93957866204125,48.864634156107705,32.26903443186937,16.978933102062314,3.585774298766909,3.585774298766909,0,0,0,1
3,2,81.3576537481645,18.202868130612288,18.133411483472113,58.77483826478002,33.350904657636065,21.70578483498792,2.587347300506578,3.585774298766909,0,0,0,2
3,3,73.21418765629174,17.864646796218047,16.076465004156393,53.853798115216335,30.62293243831953,25.37128895299335,2.1985683194967263,2.587347300506578,1,1,1,3
3,4,56.863058493777665,18.074417579800315,18.465698704145552,49.723147318071454,33.82197200642916,26.56330134276599,2.043891145314259,2.1985683194967263,2,1,1,4
3,5,43.11336472777138,19.759754101533638,19.52706525743634,46.56088787921501,35.765225339686424,30.0,1.7187117207507852,2.043891145314259,3,1,1,5
3,6,24.08011545218335,20.88483782857292,20.873169768000274,42.35971944071693,32.03362218255116,27.959886492459493,2.379156159448504,1.7187117207507852,4,1,1,6
3,7,5.885481989164408,22.663629340605876,22.543109917021802,52.61181945749844,31.57855164606743,25.377559558274285,3.032438910503157,2.379156159448504,4,0,0,7
3,8,5.885481989164408,21.127045750524044,20.984892176957093,63.775981048419766,35.46929499083572,26.55382495872718,3.450322844313641,3.032438910503157,4,0,0,8
3,9,5.885481989164408,19.474939889309077,19.431514318991514,74.49606348015257,31.929797814504514,27.62621569512222,3.5145769360620824,3.450322844313641,4,0,0,9
4,0,145.04809131715237,21.0,21.0,40.0,31.365327650566044,22.007154082152155,6.196280805323791,0.0,0,0,0,0
4,1,145.04809131715237,19.22730655301132,19.040143081643045,49.607046711889275,31.365327650566044,22.007154082152155,6.196280805323791,6.196280805323791,0,0,0,1
4,2,137.40670968380908,18.13365127811403,18.092709832840036,59.675716691222405,31.633591567781178,24.30346387295844,6.631269941074765,6.196280805323791,0,0,0,2
4,3,137.40670968380908,16.930045463394592,16.794158243867248,71.42871682747575,36.35146392844239,28.94298127296512,5.966692813805103,6.631269941074765,0,1,1,3
4,4,93.83344377615461,18.378520590682946,18.155358691321208,68.99888856706754,41.51534535158693,28.31894209058969,5.446658238456807,5.966692813805103,1,1,1,4
4,5,58.618582295634944,19.655865505214543,19.61642506011862,65.75638970120758,35.319450745222504,30.0,4.401857685064957,5.446658238456807,2,1,1,5
4,6,36.64736128720628,21.014098822975388,20.74394374510964,61.67321923477422,37.37420676699273,23.27484619726643,2.746402626053583,4.401857685064957,3,1,1,6
4,7,17.53083134662804,22.07995398493351,21.869828888285554,58.21242852263234,39.33264963313126,24.77406863274712,2.3895662425722803,2.746402626053583,4,0,1,7
4,8,4.429401281314776,23.60440231019974,23.479444903945847,70.30512040724344,38.29068417179338,28.890937409379404,2.1835716775522105,2.3895662425722803,4,0,0,8
4,9,0.0,21.07632477221874,20.986974589110094,66.76434399424842,35.002111755189766,28.660241505949053,2.214700640657388,2.1835716775522105,5,0,0,9
5,0,200.38184810132168,21.0,21.0,40.0,32.81367886473842,16.657447977782923,7.626198917282052,0.0,0,0,0,0
5,1,200.38184810132168,19.25627357729477,18.93314895955566,48.90480283165384,32.81367886473842,16.657447977782923,7.626198917282052,7.626198917282052,0,0,0,1
5,2,190.38372557412146,18.11162529305689,18.073849352713065,58.18749294771116,31.606218228676816,19.96428241608611,7.878775016079938,7.626198917282052,0,0,0,2
5,3,190.38372557412146,16.86232856456191,16.614943582425376,68.04928940948483,33.86182316647451,20.925934954490288,7.568433150630026,7.878775016079938,0,1,1,3
5,4,147.62794033802274,18.825984648058586,18.656544161781024,78.55745253781963,35.28074154611529,23.09794250018918,7.125964206016454,7.568433150630026,0,1,1,4
5,5,96.1903840104814,20.062671874208938,19.883676402077942,73.69741189507597,33.91224422051305,22.42086331979994,6.429694540942667,7.125964206016454,1,1,1,5
5,6,56.11210011572142,21.150018930971296,21.121403672468322,68.7747942881088,30.050576373092493,25.934881365978743,5.009785486844997,6.429694540942667,2,1,1,6
5,7,20.87567650688183,22.103559744888774,22.102349300371692,63.46076083796737,27.15033819019525,26.66058708679685,4.404552951104948,5.009785486844997,3,0,0,7
5,8,12.002659503317798,19.901379210317188,19.780979032068455,58.46542998320365,30.809830415752774,24.771664835559893,4.436508501782018,4.404552951104948,4,0,0,8
5,9,12.002659503317798,18.541253499550912,18.29912221218745,70.27040139514993,39.74787077635845,25.835303734454214,5.475309228596505,4.436508501782018,4,0,0,9
6,0,72.90787804644772,21.0,21.0,40.0,29.01257819165574,17.67497995388691,5.474584484043433,0.0,0,0,0,0
6,1,72.90787804644772,19.180251563833117,18.95349959907774,48.40376046619768,29.01257819165574,17.67497995388691,5.474584484043433,5.474584484043433,0,0,0,1
6,2,67.58045319121182,18.098271929778914,18.194946727356303,57.73349632378941,27.85689903172367,23.974966843785936,3.747444294252605,5.474584484043433,0,0,0,2
6,3,58.006265569488335,17.929893186358395,16.042426619611923,53.005564988063384,31.18282104234684,25.88422709250853,2.551421025749117,3.747444294252605,1,1,1,3
6,4,39.7633658439583,17.956871794881756,18.463163863543944,47.54140371591035,27.98713844472981,24.989743376642245,2.2803624656912547,2.551421025749117,2,1,1,4
6,5,27.249128065679223,19.66321415323174,19.34307215439289,42.826999881659106,32.77745991641811,24.364741004408312,1.5642797222848843,2.2803624656912547,3,1,1,5
6,6,17.919912914143143,20.746394272652832,20.70786264602638,38.16439305801254,32.079336702378924,25.35062538847351,1.1661518939420097,1.5642797222848843,4,1,1,6
6,7,6.435838058113419,22.503581624822107,22.404999095583513,48.193446730736774,30.61203285489704,25.1049319935709,1.914012476004954,1.1661518939420097,4,0,0,7
6,8,0.0,20.895843600552134,23.84665670966667,58.44775391779578,30.453227872145572,26.515145389293345,2.145279352704473,1.914012476004954,4,0,0,8
6,9,0.0,21.09304460140517,20.153013540698613,68.9167164535822,30.45012968760041,27.7107732889908,2.16845960480527,2.145279352704473,4,0,0,9
7,0,232.61795367981156,21.0,21.0,40.0,30.779173783334635,20.680614680722343,7.845378414083635,0.0,0,0,0,0
7,1,232.61795367981156,19.215583475666694,19.013612293614447,49.262761923530256,30.779173783334635,20.680614680722343,7.845378414083635,7.845378414083635,0,0,0,1
7,2,223.38996219208158,18.060417456122536,18.01869446424429,58.11454585737656,31.01902742537257,18.15754998488469,7.8555193269582,7.845378414083635,0,0,0,2
7,3,223.38996219208158,16.81991206746589,16.59932014946806,68.31552102443551,34.16376251975196,22.508321741686643,7.363419334507431,7.8555193269582,0,1,1,3
7,4,184.47194590968866,18.861478742863543,18.682593129741715,79.84769515109312,38.16039673152284,25.90723730546388,6.486336047065486,7.363419334507431,0,1,1,4
7,5,130.6946960661943,20.144454643388034,19.961642659647865,75.92689694068889,36.68750221857296,24.863618834736847,6.722156230436796,6.486336047065486,1,1,1,5
7,6,75.78559613383621,21.335277854027904,21.231327746405963,72.36695919000292,35.74779326113881,27.808108123939096,6.86363749154476,6.722156230436796,2,1,1,6
7,7,20.71092963549226,22.40563605213836,22.294437263624374,69.10942189872846,36.17754748869626,29.05835644866782,6.884333312292993,6.86363749154476,3,0,0,7
7,8,7.999877301422392,20.273434832388048,20.10473636236491,66.3736770242022,39.11882801297138,29.015922684104915,6.355526167034934,6.884333312292993,4,0,0,8
7,9,7.999877301422392,18.75956625494344,18.70277670982982,78.14026879928726,35.36995430602813,30.0,5.547577588169711,6.355526167034934,4,0,0,9
8,0,73.81118962744794,21.0,21.0,40.0,32.21736375634937,19.458250283585784,2.6155685206487416,0.0,0,0,0,0
8,1,65.96448406550172,22.244347275126987,18.989165005671715,49.30161052718833,32.21736375634937,19.458250283585784,2.6155685206487416,2.6155685206487416,0,0,0,1
8,2,65.96448406550172,18.453621436142498,19.288215197723108,59.355382527134005,31.47616742569292,24.378121462894168,1.0817492472498542,2.6155685206487416,0,0,0,2
8,3,63.164988311026036,17.893797520658957,16.632478879751407,55.714755429085855,34.780299379992755,28.32732785307307,0.9714126554572792,1.0817492472498542,1,1,1,3
8,4,54.33047652476569,18.38769877283352,18.566507888888818,50.57108477163821,32.368354523625115,22.389030712776854,1.104313973282543,0.9714126554572792,2,1,1,4
8,5,41.15183445210689,19.921937208672322,19.73700442943104,47.40379378499277,36.150887258824426,29.586385037589807,1.6473302590823506,1.104313973282543,3,1,1,5
8,6,30.042248843100236,21.145776502271627,21.0459747262826,44.09212757334361,36.34963410056533,28.58555361249489,1.3886982011258318,1.6473302590823506,4,1,1,6
8,7,19.96314371563213,22.809260107054556,22.675449809622133,53.33264010251982,29.761861114551024,21.574319603094565,1.679850854578018,1.3886982011258318,4,0,0,7
8,8,7.282037169004058,24.05235385563807,24.00365672867367,61.741893266619556,25.580041971796938,21.138031162090503,2.113517757771345,1.679850854578018,4,0,0,8
8,9,7.282037169004058,22.123873920823463,22.068212728683203,71.88567914887919,29.933941262016344,26.420424750537165,2.6739149201227184,2.113517757771345,4,0,0,9
9,0,143.33617480455234,21.0,21.0,40.0,33.24437219818739,19.98399187856279,4.816835470534411,0.0,0,0,0,0
9,1,143.33617480455234,19.26488744396375,18.999679837571257,49.581105533815034,33.24437219818739,19.98399187856279,4.816835470534411,4.816835470534411,0,0,0,1
9,2,139.56450274538386,18.00054058681351,18.051803313134677,58.08753008683389,27.85407359904675,19.40384058439131,3.2669729024753416,4.816835470534411,0,0,0,2
9,3,129.3504749713317,17.76596592584094,15.912444952435782,51.99291484850224,25.01012455105857,24.464235235987815,2.6687820699070857,3.2669729024753416,1,1,1,3
9,4,108.808735132973,17.931087145292395,18.34077034818192,47.57581240610489,33.056264888307936,25.737610431706766,2.567717479794837,2.6687820699070857,2,1,1,4
9,5,83.9860292223023,19.587034359392945,19.402515958827827,43.91102780332515,33.02704542917933,29.946373444266555,3.102838238833836,2.567717479794837,3,1,1,5
9,6,47.305749529444476,20.824328163205408,20.772975403284114,40.671402324142576,35.33541400454128,30.0,4.58503496160723,3.102838238833836,4,1,1,6
9,7,11.387510053522874,22.720773282885837,22.509759003198635,52.43934224071302,38.349224682063095,27.028219298883776,5.986373245986933,4.58503496160723,4,0,0,7
9,8,11.387510053522874,21.217176069205056,21.059284622640977,64.89148518041836,40.11917920538199,29.059392681869905,6.334199935528179,5.986373245986933,4,0,0,8
9,9,11.387510053522874,19.765907895931015,19.555385930002846,78.01248977949496,42.89446999487001,30.0,5.905328841960904,6.334199935528179,4,0,0,9
10,0,59.067226470872264,21.0,21.0,40.0,25.90433139596119,21.46027891507768,3.540414306427775,0.0,0,0,0,0
10,1,59.067226470872264,19.118086627919226,19.029205578301553,48.525629855987,25.90433139596119,21.46027891507768,3.540414306427775,3.540414306427775,0,0,0,1
10,2,57.32720999347489,18.14363267681455,18.079357283599634,57.83797104307545,30.489310191965156,21.24591862519289,1.297423150968267,3.540414306427775,0,0,0,2
10,3,54.60035619536558,17.994058463625887,16.0076452412008,53.51786032649848,34.814540824005924,24.518177417233144,0.7176368103101821,1.297423150968267,1,1,1,3
10,4,45.94452180951991,18.17267640121287,18.545175082212623,50.49603189860704,38.858330954607,27.68706666821836,1.0819792982307084,0.7176368103101821,2,1,1,4
10,5,36.14514173193929,19.869822277847163,19.55830400619277,47.16587966959523,37.41046049216204,27.422027124438983,1.224922509697578,1.0819792982307084,3,1,1,5
10,6,21.86693811942704,21.048890535420163,20.91793814707617,43.69951491133878,37.64807241751762,26.427678925502114,1.7847754515640313,1.224922509697578,4,1,1,6
10,7,7.328990534170258,22.822308963272707,22.69144313096687,55.02327966164998,35.70869080442363,27.201113363971903,2.4229912642094638,1.7847754515640313,4,0,0,7
10,8,7.328990534170258,21.345862101978696,21.193523415566172,67.54766558658852,39.57992180521409,30.0,2.8478227644657115,2.4229912642094638,4,0,0,8
10,9,7.328990534170258,19.761688492686442,19.672869187544585,79.55835378617903,36.72604555328055,30.0,3.4331580719918824,2.8478227644657115,4,0,0,9
11,0,73.97897040536432,21.0,21.0,40.0,34.82587986096777,15.596075442048257,4.799463810209832,0.0,0,0,0,0
11,1,73.97897040536432,19.296517597219356,18.911921508840965,49.07595195454289,34.82587986096777,15.596075442048257,4.799463810209832,4.799463810209832,0,0,0,1
11,2,70.0962975066868,18.067933342812214,18.113386150100233,58.27526444554273,31.8779489654034,19.22934265126242,3.0888686722699545,4.799463810209832,0,0,0,2
11,3,62.007338200690675,17.913990621304478,15.867721857093802,52.77372495931408,33.48666984206323,19.282555234444267,2.157889836550654,3.0888686722699545,1,1,1,3
11,4,45.39307587150935,17.954526372694296,18.30996020683513,47.4535413304281,33.34954868670936,20.42720893059076,2.0767827911476653,2.157889836550654,2,1,1,4
11,5,33.88446544412451,19.468245626322933,19.27365008233164,41.619569644506186,27.660324605054164,23.26205491760185,1.4385763034231056,2.0767827911476653,3,1,1,5
11,6,22.94973464917679,20.455080541553734,20.49209434783908,34.53478840893947,22.52084021289357,21.452597367291343,1.3668413493684646,1.4385763034231056,4,1,1,6
11,7,13.847955045575395,22.2220081596211,22.03925082574618,42.84531090353848,27.3761145069524,18.79345490748656,1.5169632672668991,1.3668413493684646,4,0,0,7
11,8,0.0,23.449336230645557,23.416600591128162,50.45385274840227,23.323909449951604,18.945767465958323,2.307992507595899,1.5169632672668991,4,0,0,8
11,9,0.0,21.420392008048772,21.418309971961733,58.0567740817544,21.41679412453456,20.82165772742172,3.1948679005549963,2.307992507595899,4,0,0,9
12,0,44.5690264851841,21.0,21.0,40.0,26.68594523517113,17.989768671675385,3.320456356147975,0.0,0,0,0,0
12,1,44.5690264851841,19.133718904703425,18.959795373433508,48.041628503232374,26.68594523517113,17.989768671675385,3.320456356147975,3.320456356147975,0,0,0,1
12,2,42.596046837017006,18.079720277711687,18.157028637234973,57.11597892230178,26.19352513331667,24.21953275040224,1.379961674883056,3.320456356147975,0,0,0,2
12,3,38.69914530204552,17.93535215572244,16.010363877540637,52.62059750663646,32.9525812324119,25.406410902780777,1.0389320555536008,1.379961674883056,1,1,1,3
12,4,28.995434852960013,18.021442985649646,18.527052292911453,48.52806337463066,32.095695704802225,28.501336895165583,1.212963806135689,1.0389320555536008,2,1,1,4
12,5,20.631058052598256,19.66360899719183,19.454458564252807,43.77916790166276,29.91198137187892,27.03859933385496,1.0455471000452197,1.212963806135689,3,1,1,5
12,6,12.730119243865651,20.69492824105507,20.809064793892908,38.658757968493006,26.158520167291893,28.728091315098357,0.9876173510915758,1.0455471000452197,4,1,1,6
12,7,6.555920645409692,22.35280162762262,22.4896253607045,47.68956551073374,20.808959032893394,29.362193979555126,1.02903309974266,0.9876173510915758,4,0,0,7
12,8,1.3043465471657671,23.756435480414957,23.749580616670542,56.351360009428845,23.20573386964927,24.915346678656856,0.8752623497073209,1.02903309974266,4,0,0,8
12,9,0.0,24.80228449508445,21.83990030177479,66.00098456439417,25.91552896350606,27.693496341856868,0.434782182388589,0.8752623497073209,4,0,0,9
13,0,135.50193645464603,21.0,21.0,40.0,29.72369114070828,15.898684800310212,4.21110481848003,0.0,0,0,0,0
13,1,135.50193645464603,19.194473822814167,18.917973696006207,48.21202766938333,29.72369114070828,15.898684800310212,4.21110481848003,4.21110481848003,0,0,0,1
13,2,130.82481334605032,18.172033170712204,18.046073317034246,57.54065446355119,33.51982753892794,18.305876873115736,3.424457236432632,4.21110481848003,0,0,0,2
13,3,118.24192031729874,17.78554254908207,16.02086079508415,52.053064772840315,28.020524147543284,24.82619979295188,3.3656848806544994,3.424457236432632,1,1,1,3
13,4,85.44451307411157,17.917140846716926,18.329580917193574,46.3730017906637,28.812825331466435,22.964602545330152,4.099675905398395,3.3656848806544994,2,1,1,4
13,5,51.18433447086936,19.476216818940138,19.35544558521551,41.49082537076475,28.031045814821496,28.179085185739893,4.282522325405276,4.099675905398395,3,1,1,5
13,6,22.819168644814166,20.593262306048484,20.68931340546687,36.69754130074215,26.85649546185668,29.847481926906653,3.5456457282568987,4.282522325405276,4,1,1,6
13,7,0.0,22.405722503604576,22.393045333388766,47.12889680078318,28.57253350987129,29.37944149035664,3.803194774135694,3.5456457282568987,4,0,0,7
13,8,0.0,20.84813109179733,20.85405220049186,57.9098351821151,29.894102118510705,30.0,4.471584176260079,3.803194774135694,4,0,0,8
13,9,0.0,19.279262843788672,19.231288742438785,68.38580656024449,30.254864713342,27.944976276265702,4.6814320876455815,4.471584176260079,4,0,0,9
14,0,240.14121182140792,21.0,21.0,40.0,26.261996141262443,21.0592616014806,6.718174782949236,0.0,0,0,0,0
14,1,240.14121182140792,19.12523992282525,19.021185232029612,48.517826393693746,26.261996141262443,21.0592616014806,6.718174782949236,6.718174782949236,0,0,0,1
14,2,230.60701611494244,18.202235880635424,18.101125108209146,58.53787142210776,33.165643814379706,22.501273010142626,7.095742357852822,6.718174782949236,0,0,0,2
14,3,230.60701611494244,16.918637397248805,16.765863407417704,69.30984642409005,34.49983332225874,25.34447224430956,7.694860524137188,7.095742357852822,0,1,1,3
14,4,188.30131220228836,18.885172397672736,18.87364655888708,80.62606874570497,32.86790178674952,30.0,7.050950652109013,7.694860524137188,0,1,1,4
14,5,135.13079618255978,20.212388789404567,20.132214031146248,77.11236881290304,33.99720182290064,29.8155763281998,6.646314502466072,7.050950652109013,1,1,1,5
14,6,84.21914251009518,21.391494801919546,21.356561109994907,73.25358917367151,32.42248732052146,29.47318135041445,6.363956709058075,6.646314502466072,2,1,1,6
14,7,27.57735879404451,22.431949915251007,22.340402413197925,69.17681547358009,32.89298551828559,27.79160503676208,7.0802229645063335,6.363956709058075,3,0,0,7
14,8,13.769057729403668,20.21284930204221,19.985712673702224,64.23912762521888,34.3158890617833,21.585845113987737,6.904150532320421,7.0802229645063335,4,0,0,8
14,9,13.769057729403668,18.635631476957563,18.49014573305153,74.43146228139557,33.65270902180258,22.97137240140121,7.120588356391643,6.904150532320421,4,0,0,9
15,0,269.30966745772787,21.0,21.0,40.0,27.966960170684136,18.15766526431868,7.050567612508024,0.0,0,0,0,0
15,1,269.30966745772787,19.159339203413683,18.963153305286376,48.302432578300504,27.966960170684136,18.15766526431868,7.050567612508024,7.050567612508024,0,0,0,1
15,2,259.18144824126654,18.199572256860375,18.05826242436985,57.72796742996174,33.754886275556096,18.60919623367299,7.3089941957224385,7.050567612508024,0,0,0,2
15,3,259.18144824126654,16.82399647652256,16.73246742989651,67.71637343939324,31.09362215775104,24.397522339090624,7.830606684433463,7.3089941957224385,0,1,1,3
15,4,210.53811522493834,18.937087999449997,18.729532633483593,79.23990972417641,37.885175012142064,26.134471014431107,8.107222169388034,7.830606684433463,0,1,1,4
15,5,144.90733118815362,20.16264467168789,20.07112785186287,75.47554353974644,35.054679672512414,27.36550819176548,8.20384800459809,8.107222169388034,1,1,1,5
15,6,85.35640196802956,21.31962734522049,21.222698549976673,70.66291915575974,31.40786162982004,25.18866957025388,7.443866152515507,8.20384800459809,2,1,1,6
15,7,28.00545134722804,22.183981954561258,22.25194439263519,65.22472475980602,25.58847613483113,27.532666109870476,7.168868827600191,7.443866152515507,3,0,0,7
15,8,13.49199137050754,19.92090939839554,19.978677588839798,60.32131246300813,26.092153906678394,30.0,7.25672998836025,7.168868827600191,4,0,0,8
15,9,13.49199137050754,18.554802033300792,18.40499331660934,71.44150778521775,34.2013879395368,27.577474961627782,7.582481516187621,7.25672998836025,4,0,0,9
16,0,191.7931651667525,21.0,21.0,40.0,34.62841056110579,15.575079902738878,7.829453572332031,0.0,0,0,0,0
16,1,191.7931651667525,19.292568211222118,18.91150159805478,49.036628283492036,34.62841056110579,15.575079902738878,7.829453572332031,7.829453572332031,0,0,0,1
16,2,182.29164135383252,18.161761659820165,18.00853105359347,58.701763295261685,35.31239211518222,18.38280239464918,7.930253572494083,7.829453572332031,0,0,0,2
16,3,182.29164135383252,16.837190019940063,16.5845485005323,68.18673077048724,33.81239940752076,18.88186434373233,6.4602827464301935,7.930253572494083,0,1,1,3
16,4,149.2648688843553,18.7325143677145,18.595214756727014,77.75151910501,31.89615815503073,21.24155481454018,5.504462078246204,6.4602827464301935,0,1,1,4
16,5,110.34202999921905,19.968249062347095,19.74594576826268,72.05597490289695,32.433039984202544,19.258381115169357,4.865354860642032,5.504462078246204,1,1,1,5
16,6,67.83206561269881,21.041187553574012,20.929302509674052,66.30540734419037,30.157268695613837,21.228467089349618,5.313745548315031,4.865354860642032,2,1,1,6
16,7,26.983561751495586,22.042301344490234,21.89785015856362,61.037109589741036,31.48292371505573,22.58208876022572,5.106062982650403,5.313745548315031,3,0,1,7
16,8,0.0,19.68535947289567,22.71935094315264,55.69558438981484,27.062693804896934,26.59549952884645,5.396712350299118,5.106062982650403,4,0,0,8
16,9,0.0,19.913271882868333,19.0006869217683,64.11175103117796,23.437928671026736,23.31855266987953,6.212880434788941,5.396712350299118,4,0,0,9
17,0,56.35985885863203,21.0,21.0,40.0,25.81871451238587,16.634519240858396,2.162420574632746,0.0,0,0,0,0
17,1,49.872597134733795,22.11637429024772,18.93269038481717,47.64158207558397,25.81871451238587,16.634519240858396,2.162420574632746,2.162420574632746,0,0,0,1
17,2,49.872597134733795,18.282145859313847,19.137459713132372,56.28930012919906,26.516221983085657,21.52665609255376,0.0,2.162420574632746,0,0,0,2
17,3,49.872597134733795,17.862597751582207,16.351407129042425,50.01244674424899,26.782585747821816,21.67933989134448,0.0,0.0,1,1,1,3
17,4,45.73986148707264,18.14214864132675,18.366025926911277,43.38388655570696,28.990997005707317,17.517001946836952,0.5165919559576447,0.0,2,1,1,4
17,5,35.138783032007986,19.602292045914357,19.356816757063033,37.530960010150736,29.866339952854123,20.95073479405577,1.3251348068830813,0.5165919559576447,3,1,1,5
17,6,16.308629653616112,20.77716690481495,20.588779560313892,32.455696892193416,34.11946184014111,21.0179652823182,2.353769172298984,1.3251348068830813,4,1,1,6
17,7,0.0,22.408492954909327,22.302410745866588,41.42097206200832,28.96850244820124,20.838581828548215,2.718104942269352,2.353769172298984,4,0,0,7
17,8,0.0,20.797650161385857,20.724203935649058,51.29064718941295,30.047536454031103,24.783992031550195,3.485124369501524,2.718104942269352,4,0,0,8
17,9,0.0,19.052010977202894,19.021702477346157,59.295741863996305,23.54493328550933,20.92781490662042,4.446323825838461,3.485124369501524,4,0,0,9
18,0,217.0264330236181,21.0,21.0,40.0,34.443744382523725,18.677464581644607,5.439305139141203,0.0,0,0,0,0
18,1,217.0264330236181,19.288874887650476,18.973549291632892,49.5618176135503,34.443744382523725,18.677464581644607,5.439305139141203,5.439305139141203,0,0,0,1
18,2,211.32034296093343,18.063321359242142,18.126611689246865,59.78810178830429,32.17039161744754,24.64229824229684,5.173678751356942,5.439305139141203,0,0,0,2
18,3,211.32034296093343,16.948237881761724,16.62596623591117,70.4861729242241,37.29897793767242,22.13475059521549,4.217622972729792,5.173678751356942,0,1,1,3
18,4,175.45819726203516,18.11609289838994,17.992686909360756,65.44544607120515,33.166834700111565,22.16246056089426,4.482768212362283,4.217622972729792,1,1,1,4
18,5,134.09604455954104,19.400166930754057,19.277116494236168,60.29118868371181,31.351090865406764,23.34747920407466,5.170269087811764,4.482768212362283,2,1,1,5
18,6,87.32530519798547,20.56583406097159,20.506165483356284,54.853188840241856,28.975704260183488,24.14651883165008,5.846342420194445,5.170269087811764,3,1,1,6
18,7,41.97294366919581,21.724029633701768,21.526203205875863,50.65339631776001,35.39375135420171,24.60740129867693,5.669045191098707,5.846342420194445,4,1,1,7
18,8,9.256604174963998,23.184131747140714,23.120445889595885,61.39901727818587,32.92479175960908,26.77310246497904,5.452723249038635,5.669045191098707,4,0,0,8
18,9,9.256604174963998,21.456354548979732,21.308437901903222,72.88376224819073,36.07762946962353,27.72650925262572,5.09481180561829,5.452723249038635,4,0,0,9
19,0,68.90831711027779,21.0,21.0,40.0,27.195361581889124,23.8040828251533,2.545518663374168,0.0,0,0,0,0
19,1,61.27176112015529,22.143907231637783,19.076081656503067,49.17989999326764,27.195361581889124,23.8040828251533,2.545518663374168,2.545518663374168,0,0,0,1
19,2,61.27176112015529,18.451462326097317,19.302206922022588,59.44970500203058,30.267313050831127,26.78715922007411,0.3549780248563962,2.545518663374168,0,0,0,2
19,3,61.27176112015529,17.767370799523068,16.624473153377302,53.820906841130636,24.28029346821377,27.78193897123093,0.0,0.3549780248563962,1,1,1,3
19,4,55.58718238703726,18.24590667716497,18.64046952403952,49.15566486385332,27.41532234845933,30.0,0.7105723416397536,0.0,2,1,1,4
19,5,47.48261019151101,19.78479972323423,19.641983053704802,44.44837085692348,29.202045367427065,27.97965459407385,1.0130715244407815,0.7105723416397536,3,1,1,5
19,6,31.113228780361425,21.030184069688737,20.850467386710086,40.217293471306704,35.477716024779184,24.34963183290538,2.046172676393698,1.0130715244407815,4,1,1,6
19,7,8.092299682671081,22.683685510193182,22.57285409748757,49.9241813739783,31.08223794740131,22.84491706744089,3.836821516281724,2.046172676393698,4,0,0,7
19,8,8.092299682671081,21.12582817921996,20.98432249060257,60.668874810542206,34.2152484678489,25.47749284639502,3.9305006163559337,3.836821516281724,4,0,0,8
19,9,8.092299682671081,19.405804631405015,19.34976956169776,70.04551389252939,28.50838907949843,23.58405026487481,4.076617915245646,3.9305006163559337,4,0,0,9
20,0,122.61491868662523,21.0,21.0,40.0,34.03487760059643,23.695520081705304,4.413504388883472,0.0,0,0,0,0
20,1,122.61491868662523,19.28069755201193,19.07391040163411,50.39147158281431,34.03487760059643,23.695520081705304,4.413504388883472,4.413504388883472,0,0,0,1
20,2,118.97937994188524,18.064790817477256,18.09535931026196,60.58021625569502,32.24508737946167,24.35904969209785,3.656268232980983,4.413504388883472,0,0,0,2
20,3,110.46231823072294,17.825630668264218,15.9733333945228,55.19656629242833,28.496356407223654,24.927810463516977,2.2581158873762464,3.656268232980983,1,1,1,3
20,4,92.31092958395716,17.99556339441122,18.46757289109968,51.52449218382688,33.55845294528952,29.37446867359129,2.2689235808457227,2.2581158873762464,2,1,1,4
20,5,72.59543640816278,19.621068649400783,19.48031500228912,47.31684936677297,29.957539905256056,30.0,2.464436646974297,2.2689235808457227,3,1,1,5
20,6,40.56979377298454,20.768687745487753,20.75142301566311,42.476638638442495,29.708907464702243,26.73436626679511,4.00320532939728,2.464436646974297,4,1,1,6
20,7,9.511629573161688,22.567299977125316,22.367362906635808,52.20701565734591,32.15673728843194,21.90091281658705,5.176360699970475,4.00320532939728,4,0,0,7
20,8,9.511629573161688,20.892261444094995,20.773284692928872,61.55746976247088,30.44743043317154,21.49953681752274,5.582599594033492,5.176360699970475,4,0,0,8
20,9,9.511629573161688,19.261409618790157,19.052534371107008,70.56073373127676,31.12327340584094,18.89485975419172,5.259059928808536,5.582599594033492,4,0,0,9
21,0,92.58286410993733,21.0,21.0,40.0,34.599403986625305,23.335456982769287,2.858771193312025,0.0,0,0,0,0
21,1,92.58286410993733,19.29198807973251,19.066709139655387,50.428274974491025,34.599403986625305,23.335456982769287,2.858771193312025,2.858771193312025,0,0,0,1
21,2,91.74961008255161,18.14885519791894,18.206355244198818,62.36484783455082,37.47192643224938,28.842367234749485,0.8403912450439786,2.858771193312025,0,0,0,2
21,3,91.08704334548159,18.04815198779547,16.158514593698527,60.90945320507352,45.24780761401495,30.0,0.1857265619816808,0.8403912450439786,1,0,1,3
21,4,80.06242297506641,18.022550236940322,18.60798810220601,59.30893930949911,47.49971781369669,26.941871655334356,1.4562996934998558,0.1857265619816808,2,0,1,4
21,5,60.463045170152654,19.947841620775847,19.45239042261408,56.43497538329842,41.67892950288291,25.687937573779973,2.44992222561422,1.4562996934998558,3,0,1,5
21,6,36.38365863269735,20.993630225963457,20.9843169943078,53.29462081428133,36.89217430811269,28.99474475290343,3.009923317181913,2.44992222561422,4,0,1,6
21,7,26.583478870515563,19.816890949693974,22.7341783321829,64.86418009735128,34.2753293503886,30.0,3.2667265873939293,3.009923317181913,4,0,0,7
21,8,26.583478870515563,20.33567499454677,19.403093167783737,76.18074060549844,32.86978060081759,30.0,3.187670722431196,3.2667265873939293,4,0,0,8
21,9,17.481153184248953,17.96933404152184,18.070296019310007,70.82226478878053,26.599923791479128,26.96409944897689,3.2638060420261024,3.187670722431196,5,1,0,9
22,0,52.56213077825492,21.0,21.0,40.0,28.166889866459577,18.23033519432189,2.6887926733070837,0.0,0,0,0,0
22,1,52.56213077825492,19.16333779732919,18.96460670388644,48.35150051094067,28.166889866459577,18.23033519432189,2.6887926733070837,2.6887926733070837,0,0,0,1
22,2,51.51122068533646,18.000506998657062,18.026876449600437,55.96818635890426,24.211783810544198,18.10313756703134,0.7776770281755178,2.6887926733070837,0,0,0,2
22,3,47.34544451569842,17.974877145809764,15.867276104026105,50.275498959921094,29.126588814660344,22.580703413210927,1.0496384388982352,0.7776770281755178,1,1,1,3
22,4,39.35701089768371,17.881639867774098,18.425585610437153,44.85039517052708,28.80529816515105,24.38856967154888,0.9985542022518386,1.0496384388982352,2,1,1,4
22,5,34.935608411229616,19.62628405307111,19.268853422567787,40.04941430814129,33.18678140820518,23.474436022984865,0.5526753108067615,0.9985542022518386,3,1,1,5
22,6,22.407037578498706,20.659521259596968,20.61713914116839,34.68874436235444,30.516199506748173,23.035634127769363,1.5660713540913638,0.5526753108067615,4,1,1,6
22,7,9.323238859471036,22.52570231974357,22.34780151411986,45.84063785130118,35.74286794254805,26.212095884933824,2.1806331198379447,1.5660713540913638,4,0,0,7
22,8,0.0,20.970160000601965,23.89615208757982,57.49337382101879,35.553164894724866,29.18425715926184,3.107746286490346,2.1806331198379447,4,0,0,8
22,9,0.0,21.250706952997927,20.25823652832264,69.32542900825614,35.73363992909633,30.0,4.690460433701024,3.107746286490346,4,0,0,9
23,0,87.3446198152418,21.0,21.0,40.0,25.76796364159105,19.968384727961094,5.173609915985651,0.0,0,0,0,0
23,1,87.3446198152418,19.11535927283182,18.999367694559222,48.23254270651938,25.76796364159105,19.968384727961094,5.173609915985651,5.173609915985651,0,0,0,1
23,2,83.03738901741931,18.083339420605085,18.11004966493095,57.81682514539924,29.54670338300439,23.69931016632816,3.286395155416964,5.173609915985651,0,0,0,2
23,3,74.87208402091724,17.708379149162518,16.014862714449574,51.45089693499445,21.739602451765208,26.227463045985957,2.162845408407277,3.286395155416964,1,1,1,3
23,4,66.36364134991494,17.76795458095101,18.350304890559116,45.288281313702875,22.69090546100109,26.405674420712387,1.0635553338752883,2.162845408407277,2,1,1,4
23,5,53.878827731162566,19.424185645422586,19.178738037049232,39.38800096709254,27.045561924466508,23.508436149920485,1.5606017023440475,1.0635553338752883,3,1,1,5
23,6,30.055560424230034,20.469671251035674,20.57761832545256,34.329925327464906,26.75863675896801,28.47427635421184,2.9779084133665665,1.5606017023440475,4,1,1,6
23,7,0.0,22.342814987392977,22.22337057345684,44.57385803593385,30.631875924912688,26.27886134435924,5.009260070705006,2.9779084133665665,4,0,0,7
23,8,0.0,20.7351031511013,20.666066546204334,54.52959049917635,30.27656062484088,25.03306417095077,5.620503144535842,5.009260070705006,4,0,0,8
23,9,0.0,19.14967824938731,19.032916978186822,64.49216476879263,31.11062373234024,24.237011098861345,5.905771797368791,5.620503144535842,4,0,0,9
24,0,176.78220216646295,21.0,21.0,40.0,28.419619496676518,21.42062755476349,5.087325733921341,0.0,0,0,0,0
24,1,176.78220216646295,19.168392389933533,19.028412551095272,48.971244469259204,28.419619496676518,21.42062755476349,5.087325733921341,5.087325733921341,0,0,0,1
24,2,170.56855068667903,18.143017101097072,18.170998630470823,59.609903892621446,30.516954707366715,28.586708755756867,5.010087191728491,5.087325733921341,0,0,0,2
24,3,160.7599163926267,16.10367438809683,16.085934720765827,54.44155021631012,27.543758889885048,27.076498463940936,4.904317147026156,5.010087191728491,1,1,1,3
24,4,122.8129956568293,17.489683038258022,17.411785288231837,49.750239603306596,30.71573955284951,26.55475704157539,4.743365091974677,4.904317147026156,2,1,1,4
24,5,86.01163782784047,18.888157083495212,18.718357315830975,44.73828398304971,32.573795038310955,22.91534040470633,4.600169728623603,4.743365091974677,3,1,1,5
24,6,51.40300639211453,20.02254858140602,20.03001558491218,38.79859484537141,26.254353342943705,24.080707003287944,4.326078929465744,4.600169728623603,4,1,1,6
24,7,26.124644600077374,21.7858305688468,21.809339696076268,48.360665712876894,25.91757725826013,27.205038672325863,4.2130602986728585,4.326078929465744,4,1,1,7
24,8,0.0,23.244528731364813,23.197962862724523,57.55351914417935,26.523532237626466,24.547875714053824,4.354107433346229,4.2130602986728585,4,0,0,8
24,9,0.0,21.395681569333178,21.22963989451967,66.66592217635606,29.81251653007518,20.81194475979547,3.806267622593431,4.354107433346229,4,0,0,9
25,0,45.555964548336455,21.0,21.0,40.0,32.18852103928587,21.555851194735737,3.82053127158419,0.0,0,0,0,0
25,1,45.555964548336455,19.24377042078572,19.031117023894716,49.67398700212389,32.18852103928587,21.555851194735737,3.82053127158419,3.82053127158419,0,0,0,1
25,2,43.660110280260966,18.08948897105864,18.04622327843925,59.66298202960666,32.82918286729137,22.66523395205737,1.782093593711708,3.82053127158419,0,0,0,2
25,3,40.9202149465253,17.9406987267578,16.05850965144213,56.15376791631655,34.654980191227864,29.182719179382627,0.7237441636289053,1.782093593711708,1,1,1,3
25,4,36.99154462065248,18.058071253479792,18.510229005667536,51.806190615598325,32.402537313734385,26.77758879338659,0.4910837907341021,0.7237441636289053,2,1,1,4
25,5,32.6733110871851,19.686169637929567,19.430731809955407,46.88637977784503,30.99528800863112,25.005762892739455,0.5397791916834228,0.4910837907341021,3,1,1,5
25,6,24.39855611295376,20.84077356862228,20.710383799808127,42.19989436585037,33.82417956350818,23.473123703188172,1.0343443717789171,0.5397791916834228,4,1,1,6
25,7,13.17365438323569,22.589802721350026,22.50533740553685,53.12308905392125,33.43176362829917,27.252651305427925,1.8708169549530116,1.0343443717789171,4,0,0,7
25,8,6.43506349012284,21.092754099322743,23.864989203729802,63.80345198398575,35.995287064157075,23.34006254731237,2.24619696437095,1.8708169549530116,4,0,0,8
25,9,6.43506349012284,21.286394760730023,20.216482701472138,74.84032015870429,36.61400535039012,24.70192895360177,2.925182112335702,2.24619696437095,4,0,0,9
26,0,254.53998923365754,21.0,21.0,40.0,27.940953683034884,18.170431886567712,6.965563246551776,0.0,0,0,0,0
26,1,254.53998923365754,19.1588190736607,18.963408637731355,48.300049402528465,27.940953683034884,18.170431886567712,6.965563246551776,6.965563246551776,0,0,0,1
26,2,243.2859070962314,18.1047655624348,18.09679628641211,57.09171335809904,28.87827550665968,19.96430202428799,8.037966652431532,6.965563246551776,0,0,0,2
26,3,243.2859070962314,16.678511764895248,16.60223463777124,65.05447177606217,24.08547113150123,20.152075634960617,7.895794746741033,8.037966652431532,0,1,1,3
26,4,197.8352339441425,18.560808293014222,18.49312403779696,73.29712512213958,25.160444128521195,20.632074460797707,7.57511219201482,7.895794746741033,0,1,1,4
26,5,138.02972813821717,19.683168018805045,19.726760484574797,67.08093800336286,23.81730049550588,24.981659955734564,7.475688225740667,7.57511219201482,1,1,1,5
26,6,80.49940953016497,20.87825108841189,20.891492652796597,61.98821079686249,26.86221960127477,28.178184807056525,7.191289826006526,7.475688225740667,2,1,1,6
26,7,34.184740207679056,21.908653937020016,21.889239451934085,57.06563522403589,28.3788960253002,27.606795236774268,5.789333665310738,7.191289826006526,3,1,1,7
26,8,0.0,22.738949427246197,22.68410398461787,53.04148771065957,32.005223833362955,28.97173442565745,4.273092525959882,5.789333665310738,4,0,0,8
26,9,0.0,21.009553554295614,20.955895753420595,64.4724906136312,33.50557168317574,30.0,3.819352347703983,4.273092525959882,4,0,0,9
27,0,62.451202802558655,21.0,21.0,40.0,33.71081447619661,15.18451614086729,2.9478453291346094,0.0,0,0,0,0
27,1,62.451202802558655,19.274216289523935,18.903690322817347,48.8011595110715,33.71081447619661,15.18451614086729,2.9478453291346094,2.9478453291346094,0,0,0,1
27,2,60.55613948850583,18.113663124827106,18.161678318634088,58.39747011428719,31.118722750848004,22.19411393368359,1.4201837540545412,2.9478453291346094,0,0,0,2
27,3,57.66304282698028,17.98250582355653,16.03063864124842,54.262469565799776,35.02898961023811,25.332118453720696,0.772826815944811,1.4201837540545412,1,1,1,3
27,4,53.75301090633247,17.99388502062873,18.54313830007227,49.520517517563945,29.40224952501167,27.586905762567007,0.4887539900809765,0.772826815944811,2,1,1,4
27,5,45.29088886060936,19.540656174026676,19.501249886671086,44.17909139654099,23.695129474110423,29.96361429798427,1.0577652557153892,0.4887539900809765,3,1,1,5
27,6,27.278194043091762,20.793617456580208,20.774768670417334,40.25512744786697,31.53353361847768,30.0,2.2515868521897,1.0577652557153892,4,1,1,6
27,7,10.506107380430109,22.51743030947769,22.531867380743062,50.62618726154889,28.588938597036996,29.02806036786257,2.7953477771102757,2.2515868521897,4,0,0,7
27,8,10.506107380430109,21.09355205257152,20.8760810666844,61.78488227443939,36.32487164849459,25.66787842311929,4.320651884373138,2.7953477771102757,4,0,0,8
27,9,10.506107380430109,19.509910223616693,19.239843057756417,72.24732531044914,37.44505330735414,20.67963022603335,5.413786653702503,4.320651884373138,4,0,0,9
28,0,206.6603553141513,21.0,21.0,40.0,25.97211810438348,22.462361213165437,6.63486851691597,0.0,0,0,0,0
28,1,206.6603553141513,19.11944236208767,19.04924722426331,48.71820627715881,25.97211810438348,22.462361213165437,6.63486851691597,6.63486851691597,0,0,0,1
28,2,198.74694032146132,18.14320753033282,18.027079896652683,58.030117376247375,31.42300871233525,20.309830727045707,6.234863696921138,6.63486851691597,0,0,0,2
28,3,198.74694032146132,16.809946097147424,16.667837116406538,68.0195299092752,32.17204991842274,23.324686376176302,5.693844945486135,6.234863696921138,0,1,1,3
28,4,163.94323293353733,18.790029942687443,18.649286065403466,78.13463818268156,32.68193726934052,23.513108694028084,5.800617897987333,5.693844945486135,0,1,1,4
28,5,116.04908858004973,19.987438946693686,20.004776401033425,74.03742487706447,30.9076613166444,29.66337587437175,5.98676804418595,5.800617897987333,1,1,1,5
28,6,71.7316062663715,21.380844633270307,21.19389628832624,71.47314885484377,39.08735543210727,30.0,5.539685289209778,5.98676804418595,2,1,1,6
28,7,27.05108421105713,22.411121462229758,22.29078393667888,68.16620421046476,36.89126004702173,28.070158595317093,5.585065256914295,5.539685289209778,3,0,0,7
28,8,13.9588507058292,20.239978358632023,20.05646492755619,64.68006828537393,37.47332298216413,26.4925885451091,6.546116752613965,5.585065256914295,4,0,0,8
28,9,13.9588507058292,18.73656894388827,18.640628568958103,76.34234705249149,36.17007890387185,28.620358691225714,7.114802477509094,6.546116752613965,4,0,0,9
29,0,122.80650898451206,21.0,21.0,40.0,30.31986999720141,18.504111555298973,6.086083192820235,0.0,0,0,0,0
29,1,122.80650898451206,19.20639739994403,18.97008223110598,48.78831667945007,30.31986999720141,18.504111555298973,6.086083192820235,6.086083192820235,0,0,0,1
29,2,115.12496059984439,18.091695152485638,18.13778333568458,58.17599043357589,29.355941699133417,22.79780137934336,5.850459089465539,6.086083192820235,0,0,0,2
29,3,115.12496059984439,16.895429974702235,16.619056129159386,68.01628138377644,33.897826292914075,20.770456763755654,4.963154538235211,5.850459089465539,0,1,1,3
29,4,90.58800228869146,18.719846726261714,18.67375123812374,77.42263385234168,29.353947902146498,22.9035658121048,4.089493051858822,4.963154538235211,0,1,1,4
29,5,65.69507302175371,20.00737228751452,19.86105340299581,72.58162978578778,32.2231214224641,24.21574487445868,3.1116161583672173,4.089493051858822,1,1,1,5
29,6,43.383045498280815,21.146093670390616,21.063616279846727,67.73477124479021,31.362497116938822,25.04384432196351,2.789003440434112,3.1116161583672173,2,1,1,6
29,7,22.393829979029995,22.09665006432375,22.06349922802574,62.50877250938842,28.597354849302185,25.702652176243443,2.6236519399063525,2.789003440434112,3,0,0,7
29,8,0.0,19.900948069875625,22.77766569379294,57.85039534474991,32.057420772528616,25.396039423924105,4.478765995805999,2.6236519399063525,4,0,0,8
29,9,0.0,20.14819076524909,19.137926122608572,67.3973676193782,30.20060131615604,22.83813354288997,5.009997585552624,4.478765995805999,4,0,0,9
30,0,134.55571346067333,21.0,21.0,40.0,26.98377311064561,24.58554254525746,4.959174443712167,0.0,0,0,0,0
30,1,134.55571346067333,19.139675462212914,19.09171085090515,49.28247681806255,26.98377311064561,24.58554254525746,4.959174443712167,4.959174443712167,0,0,0,1
30,2,128.20861584877136,18.135299999246936,18.168443810755207,58.81931959819316,28.623212673727974,24.359247215886565,4.803832261004551,4.959174443712167,0,0,0,2
30,3,119.56012153819577,16.14763273232421,16.076747190071202,54.04710580835925,29.934077220474578,26.886957280448097,4.32424715528779,4.803832261004551,1,1,1,3
30,4,88.02247691612496,17.488055362892858,17.412190121038275,49.06314602271185,30.2506065420194,25.394061315495023,3.9422055777588527,4.32424715528779,2,1,1,4
30,5,58.28562731541646,18.926487048256917,18.85919535235968,45.673607438794335,34.502563422680495,30.0,3.7171062000885615,3.9422055777588527,3,1,1,5
30,6,31.67268767396098,20.230616619730164,20.11920200172128,40.95794758686284,31.85766469186392,25.277558352961115,3.3266174551819354,3.7171062000885615,4,1,1,6
30,7,13.489579526415277,21.97363734241436,21.879328581227906,50.43241829626183,29.51130285750289,23.12464552804701,3.0305180245909504,3.3266174551819354,4,1,1,7
30,8,0.0,23.33094915235528,23.23603414088925,58.657552184335515,25.92778512908729,19.76740313798875,2.2482632544025463,3.0305180245909504,4,0,0,8
30,9,0.0,21.266280273231832,21.26732451843784,65.93612240370659,20.90400706520915,19.53249415351907,1.87231872392484,2.2482632544025463,4,0,0,9
31,0,215.4109554807218,21.0,21.0,40.0,33.50093312201388,19.75388834365709,7.58331455309953,0.0,0,0,0,0
31,1,215.4109554807218,19.27001866244028,18.995077766873145,49.58586786382077,33.50093312201388,19.75388834365709,7.58331455309953,7.58331455309953,0,0,0,1
31,2,206.1562398211613,18.16045995527386,18.03391554616041,59.63520183260029,35.07472468689059,20.75490847299558,8.229294183696464,7.58331455309953,0,0,0,2
31,3,206.1562398211613,16.976084540514048,16.7233403105118,71.42427569984005,40.01511622740632,25.479738590592348,7.787299070881485,8.229294183696464,0,1,1,3
31,4,142.9507440619935,18.30207725994136,18.063072722515546,67.67659247901807,39.127130658378846,23.38574033705456,7.900686969895974,7.787299070881485,1,1,1,4
31,5,87.2347789498425,19.577078793890713,19.473165110699515,63.80238099280446,35.29534420432466,26.514591983377496,6.964495639018876,7.900686969895974,2,1,1,5
31,6,48.45869603345728,20.761127813034523,20.69482109023659,58.79894549506365,30.205255422380155,25.331214034615343,4.847010364548152,6.964495639018876,3,1,1,6
31,7,20.360839250750832,21.75682113435074,21.807828113204177,54.31891083693715,28.444251899297225,30.0,3.512232097838306,4.847010364548152,4,1,1,7
31,8,3.421501761433486,23.252124376482268,23.219519880597108,64.02135847583197,27.38380349710275,26.51868338564631,2.823222914886224,3.512232097838306,4,0,0,8
31,9,3.421501761433486,21.43015650258145,21.31691176634361,73.99334618343926,30.775617979549487,24.624313729379868,2.5918647187003905,2.823222914886224,4,0,0,9
32,0,244.19703750955534,21.0,21.0,40.0,31.66212388872196,21.294204847178563,7.35711691912836,0.0,0,0,0,0
32,1,244.19703750955534,19.23324247777444,19.02588409694357,49.532139172462095,31.66212388872196,21.294204847178563,7.35711691912836,7.35711691912836,0,0,0,1
32,2,235.21828575238007,18.135325464226863,18.138922594899977,60.17379471395684,33.58600460806516,25.53430395579454,7.848297385853472,7.35711691912836,0,0,0,2
32,3,235.21828575238007,16.77907103001704,16.680594317950856,69.15806533636521,27.39124660607387,22.521367962861547,8.75668234581866,7.848297385853472,0,1,1,3
32,4,180.87638396992787,18.725669524086445,18.660690438612008,78.94332391248663,29.544326299916992,24.818221345202023,9.0569836304087,8.75668234581866,0,1,1,4
32,5,112.76291614781618,19.947279518411328,19.785770896678446,72.94257018081238,29.522964985285064,20.472847616524625,8.51418347776396,9.0569836304087,1,1,1,5
32,6,56.405584179209214,21.052004470218904,20.923607844040447,67.08537264691934,29.81790383442188,20.97544319950564,7.044666496075872,8.51418347776396,2,1,1,6
32,7,20.659382192995142,21.940329954908016,21.966236427690067,61.473318575176606,26.392940455279607,25.76231470170524,4.468275248276759,7.044666496075872,3,1,1,7
32,8,0.0,22.745062670413606,22.658899618663003,56.39709970819689,29.52583645073378,25.606280954934427,2.582422774124393,4.468275248276759,4,0,0,8
32,9,0.0,20.906066209241832,20.792741588192314,65.58296711320841,28.995636761621714,22.036959932886727,2.258648202625749,2.582422774124393,4,0,0,9
33,0,268.91899555994996,21.0,21.0,40.0,26.00162013788841,16.797779870414136,7.6579645831349055,0.0,0,0,0,0
33,1,268.91899555994996,19.12003240275777,18.935955597408284,47.70389200149446,26.00162013788841,16.797779870414136,7.6579645831349055,7.6579645831349055,0,0,0,1
33,2,254.9539763533443,18.039848316244647,17.986464699406145,55.04100001855842,25.654478662441235,15.107232543469667,9.65702320297105,7.6579645831349055,0,0,1,2
33,3,224.46209657978412,16.720866323303714,19.53499333170668,64.19929325650526,30.48690535495586,20.3925015225266,10.16395992452006,9.65702320297105,0,1,1,3
33,4,168.32536643835243,20.469583158207527,19.414067058246722,73.8109902293846,31.98110819399595,21.417208322000366,9.356121690238613,10.16395992452006,0,1,1,4
33,5,99.35914575824236,20.956982515411244,21.240825774357575,69.76500631439981,31.24811173442331,29.60753318232789,8.620777585013757,9.356121690238613,1,1,1,5
33,6,38.16865649429623,22.12646807803717,22.1345767670732,64.51216277326571,24.74389293996263,29.406976275959007,7.648811157993268,8.620777585013757,2,0,0,6
33,7,9.755546952236726,20.051162306632413,22.978703363819015,59.49779879230988,29.48853623324298,25.987219428113484,5.6826219084119005,7.648811157993268,3,0,0,7
33,8,1.0700638981691173,19.831191238738747,18.908482645041833,55.54426004605378,31.79577150725637,29.57345768020978,4.342741527033804,5.6826219084119005,4,0,0,8
33,9,0.0,18.06632820131622,18.068847754928797,65.91180617549742,30.16282877349672,27.434649723412427,3.5323790611115102,4.342741527033804,4,0,0,9
34,0,135.32931299589146,21.0,21.0,40.0,28.28820844287196,17.71995470429493,5.676146240065776,0.0,0,0,0,0
34,1,135.32931299589146,19.16576416885744,18.9543990940859,48.28146936649004,28.28820844287196,17.71995470429493,5.676146240065776,5.676146240065776,0,0,0,1
34,2,129.19611613355988,18.110740001543398,18.193648228449923,57.87470865429316,30.23951126885254,23.056262552275875,4.332161365992684,5.676146240065776,0,0,0,2
34,3,121.96850013536528,16.234555972962,16.088236355710116,53.982986719021014,33.892506687075425,27.820149228079316,3.613807999097305,4.332161365992684,1,1,1,3
34,4,97.64170271972952,17.573105815317845,17.55990958880272,50.29681572423722,32.85460558453446,30.0,3.040849676954469,3.613807999097305,2,1,1,4
34,5,75.09545370281748,18.934247711751144,18.95285325553453,45.934607886806965,29.18325577808365,29.91558956952605,2.8182811271140045,3.040849676954469,3,1,1,5
34,6,43.517926308109836,20.281191278333075,20.18323604532825,41.42893596474495,31.460250574350667,26.841572080860384,3.947190924338456,2.8182811271140045,4,1,1,6
34,7,18.07752644500209,22.047137634508385,21.919628299115654,50.99927627607984,30.50667627495129,22.661881010242528,4.240066643851292,3.947190924338456,4,0,1,7
34,8,6.208010770395656,20.572809179587296,23.423429914003254,62.165932286415355,35.70929057264517,26.327687262552125,3.956505224868811,4.240066643851292,4,0,0,8
34,9,6.208010770395656,20.907031349568484,19.809735183773814,73.91598619803729,38.6917872801413,26.5862900066472,3.8222970293201737,3.956505224868811,4,0,0,9
35,0,191.29092781124655,21.0,21.0,40.0,33.91127088394596,20.42283520936855,4.080045843852792,0.0,0,0,0,0
35,1,191.29092781124655,19.27822541767892,19.008456704187374,49.78013909679661,33.91127088394596,20.42283520936855,4.080045843852792,4.080045843852792,0,0,0,1
35,2,186.6538481851219,18.075529065757678,18.133916145669183,60.183734345406805,32.48061004231343,25.317141338854327,4.290070929384669,4.080045843852792,0,0,0,2
35,3,176.97419675672347,16.161729219428512,15.980580764243115,55.436709755518564,32.57129553060911,24.38967897001181,4.839825714199206,4.290070929384669,1,1,1,3
35,4,131.99294894262542,17.52694305374749,17.4694154141227,51.9825333289854,34.86853655302945,29.27492774400851,5.622655976762259,4.839825714199206,2,1,1,4
35,5,85.43649886679901,19.001187738008728,18.871922581354895,48.60133084388471,35.9375237549187,28.61135132785524,5.8195562594783,5.622655976762259,3,1,1,5
35,6,39.32915578287607,20.298065656705806,20.262289417211708,45.072332922296965,33.72778932451251,30.0,5.763417885490367,5.8195562594783,4,1,1,6
35,7,9.524511186154747,22.194170137604676,22.08907638648663,56.71398377076215,35.233584597671275,29.44225344935753,4.967440766120221,5.763417885490367,4,0,0,7
35,8,9.524511186154747,20.834498816097547,20.590385934998366,69.17495791586106,41.50484223058399,27.72279190885437,5.014560465496604,4.967440766120221,4,0,0,8
35,9,9.524511186154747,19.310894982263584,19.175830257595624,81.68261036034174,39.950943737389096,29.536014287503573,5.234779722672472,5.014560465496604,4,0,0,9
36,0,194.4521757321931,21.0,21.0,40.0,27.685076794675016,24.52235008408805,7.375738873931075,0.0,0,0,0,0
36,1,194.4521757321931,19.1537015358935,19.090447001681763,49.39733683817735,27.685076794675016,24.52235008408805,7.375738873931075,7.375738873931075,0,0,0,1
36,2,186.89173964969626,18.11414182367761,18.00439519498386,59.04053736894024,29.797915439657466,23.7754208423586,6.794390280786736,7.375738873931075,0,0,0,2
36,3,186.89173964969626,16.78348086501722,16.569209946468753,68.32329659078084,31.96531496180538,19.60556960397569,6.620683228736877,6.794390280786736,0,1,1,3
36,4,146.15242915259046,18.713401368800174,18.49326587222007,77.35781441730197,32.20630215506365,17.985463547831475,6.7898850828509705,6.620683228736877,0,1,1,4
36,5,97.25283641401955,19.87444297665692,19.714878940911216,71.51901525352646,31.087897218617087,19.807662982630116,6.112449092321362,6.7898850828509705,1,1,1,5
36,6,53.51294858278014,21.116079514834265,20.82201554179161,66.48836323085743,36.2409628645229,19.144303676204725,5.467485978904927,6.112449092321362,2,1,1,6
36,7,17.97570388383694,22.027996598797877,21.898669000432353,61.36109189563514,32.86291604800712,21.985576534091265,4.4421555873679,5.467485978904927,3,0,1,7
36,8,0.0,19.69614410545482,22.715496429265617,56.19117358472948,27.79193136217813,26.81963357723485,3.5951407767673875,4.4421555873679,4,0,0,8
36,9,0.0,20.083408940662533,18.979971606357953,65.89600194630302,31.89864748896018,22.017065630892795,3.3091032055361915,3.5951407767673875,4,0,0,9
37,0,147.0999934899725,21.0,21.0,40.0,33.93792267834392,22.819069160221524,7.953062398517254,0.0,0,0,0,0
37,1,147.0999934899725,19.27875845356688,19.05638138320443,50.21625853094178,33.93792267834392,22.819069160221524,7.953062398517254,7.953062398517254,0,0,0,1
37,2,138.425703787685,18.097234506823682,18.056983273930545,59.76477634642296,31.89120346981068,21.156117727307,8.053705764268091,7.953062398517254,0,0,0,2
37,3,138.425703787685,16.85629170515588,16.56541122313586,69.37963044656408,34.281824353146646,19.13403175874846,7.64205416651797,8.053705764268091,0,1,1,3
37,4,98.55655143145437,18.702329247658877,18.63599815094497,79.04009154521091,30.674495195905592,22.994733129910152,6.644858726038436,7.64205416651797,0,1,1,4
37,5,63.08698774245295,19.92271947256571,19.73177647929975,72.72141141368414,29.385835469428915,18.843719355422373,4.433695461125177,6.644858726038436,1,1,1,5
37,6,37.60416433870171,21.05415593845923,20.93281591670731,67.60274090007275,31.91371045548319,22.982564468898016,3.185352925468905,4.433695461125177,2,1,1,6
37,7,19.513401200575803,22.023432354851252,21.977831483652405,62.750951650131995,30.239546248830663,26.139402362609644,2.2613453922657376,3.185352925468905,3,0,1,7
37,8,0.0,22.87077504351933,22.72367181633083,58.622044527279115,34.21706742800142,26.177893000593663,2.4391751500719754,2.2613453922657376,4,0,0,8
37,9,0.0,21.133048224234724,20.96563892886471,69.86390111001245,36.51588598464552,25.938872808317434,2.5055689530439653,2.4391751500719754,4,0,0,9
38,0,164.24085243018098,21.0,21.0,40.0,27.41719516140864,24.44350780714981,6.733652532076555,0.0,0,0,0,0
38,1,164.24085243018098,19.148343903228174,19.088870156143,49.33492653434052,27.41719516140864,24.44350780714981,6.733652532076555,6.733652532076555,0,0,0,1
38,2,155.91626068747706,18.082938646571545,18.192938268512012,59.55941705893938,27.93529941864322,28.867425718017135,6.869949038682512,6.733652532076555,0,0,0,2
38,3,155.91626068747706,16.82221631047467,16.7457468175734,69.50517396881992,28.713842685424147,26.54036236946776,6.498408300365173,6.869949038682512,0,1,1,3
38,4,122.24304180910036,18.763977726526377,18.726538628069523,79.35062805336892,28.85798222637257,25.83898491001079,5.612203146396117,6.498408300365173,0,1,1,4
38,5,78.85646726036688,20.000573592350545,19.949975952596635,74.46369971604203,29.637599961921737,26.54613149737328,5.423321818591685,5.612203146396117,1,1,1,5
38,6,43.78576754053449,21.26530313961026,21.18533694118932,71.12000912916606,34.75727451735574,30.0,4.383837464979049,5.423321818591685,2,1,1,6
38,7,13.51356764001008,22.416225280991526,22.225281178608753,68.27469084146726,39.13635380411853,28.389655708665888,3.784024987565551,4.383837464979049,3,0,0,7
38,8,5.871467564680882,20.304297217142437,20.073592823649257,66.0108071162055,42.57779136836207,28.178410157961466,3.8210500376646,3.784024987565551,4,0,0,8
38,9,5.871467564680882,18.83081698284707,18.698341843626192,78.38101899367686,39.40386109136349,29.319538227921853,3.4429446129317776,3.8210500376646,4,0,0,9
39,0,87.04895399270127,21.0,21.0,40.0,26.884939390196006,24.75378607633906,3.549699653460328,0.0,0,0,0,0
39,1,87.04895399270127,19.13769878780392,19.095075721526783,49.29497058397631,26.884939390196006,24.75378607633906,3.549699653460328,3.549699653460328,0,0,0,1
39,2,83.90870070858244,18.046292468175256,17.951300176698588,57.18624997270672,25.67244403654346,18.167997011958807,2.6241006566328373,3.549699653460328,0,0,1,2
39,3,71.35308387654875,17.90763512437338,18.822903686194003,50.80089793367236,27.73699280911009,20.12216252958788,1.8037262674076469,2.6241006566328373,1,1,1,3
39,4,58.914907242742686,19.619279643371726,19.195510641614625,44.54795436332901,28.02708980154136,20.56766814099561,1.5547720792257582,1.8037262674076469,2,1,1,4
39,5,40.45128206505369,20.44916307774933,20.536156161598065,38.24733443944139,25.1683850728276,23.161504238907817,2.307953147211124,1.5547720792257582,3,1,1,5
39,6,18.938941370606457,21.599353010140945,21.462962644866035,32.0270894957903,27.145519492865287,21.63089748685088,2.689042586805904,2.307953147211124,4,1,1,6
39,7,0.0,23.212203122684077,23.15104260410072,42.122852461672245,30.595726720484485,25.491845312192996,3.15649022843441,2.689042586805904,4,0,0,7
39,8,0.0,21.557240345659935,21.458353362986696,52.05221368291035,30.51243740408976,24.650680491677463,2.84357949728947,3.15649022843441,4,0,0,8
39,9,0.0,19.851001548486888,19.807594455115545,62.22196044491923,30.076126265468627,26.42246685680295,3.1455647244653067,2.84357949728947,4,0,0,9
40,0,221.58165897976914,21.0,21.0,40.0,26.13526509433376,24.3194108763197,7.44725631006753,0.0,0,0,0,0
40,1,221.58165897976914,19.122705301886675,19.086388217526395,49.08184167471762,26.13526509433376,24.3194108763197,7.44725631006753,7.44725631006753,0,0,0,1
40,2,211.87790522585837,18.052476821830115,18.117842220298964,58.78559724466917,25.789493528433376,28.120259637964104,8.158871391106395,7.44725631006753,0,0,0,2
40,3,211.87790522585837,16.732348212384718,16.735806469029225,68.68809690577379,26.93024659843937,28.08364040769745,8.292765895521203,8.158871391106395,0,1,1,3
40,4,162.74351779014756,18.807536682586033,18.752855966452085,79.97088605803917,32.6821619570299,30.0,8.189064572618467,8.292765895521203,0,1,1,4
40,5,105.98981454993461,20.005508725207907,20.05308389779973,75.49034743827441,28.441452112418013,30.0,7.094212905026619,8.189064572618467,1,1,1,5
40,6,60.710520379563775,21.25574054248455,21.2101401276591,71.40867322320533,31.111879312116848,29.545486159721573,5.659911771296353,7.094212905026619,2,1,1,6
40,7,18.215870485007745,22.35512999976878,22.259191462100947,68.1952411822446,35.48093310577375,30.0,5.311831236819503,5.659911771296353,3,0,0,7
40,8,7.109557403090577,20.1842509520152,20.055687102294193,64.90998806025962,36.474598825575775,28.607328274507715,5.553156540958584,5.311831236819503,4,0,0,8
40,9,7.109557403090577,18.620009862422204,18.563984579759403,75.29113156961272,31.2013706876807,26.47164880872539,4.821941149821948,5.553156540958584,4,0,0,9
41,0,150.76837515930805,21.0,21.0,40.0,26.44633370645822,20.839991102824285,3.102958583894277,0.0,0,0,0,0
41,1,150.76837515930805,19.128926674129165,19.016799822056488,48.51153846567085,26.44633370645822,20.839991102824285,3.102958583894277,3.102958583894277,0,0,0,1
41,2,147.43842370974804,17.939178944459513,18.070374968459145,56.28762674921613,20.533088878220013,22.667401585920437,2.561894358551016,3.102958583894277,0,1,0,2
41,3,132.45875583407906,19.06021971702414,15.86761161928769,51.22941385100614,31.44730754616413,23.784843019335973,2.9959335751337983,2.561894358551016,1,1,1,3
41,4,105.41142820965132,18.169515935231587,19.080290678675023,45.49354778241509,26.90889751196228,24.558513218087423,3.380915953053469,2.9959335751337983,2,1,1,4
41,5,69.96768665752171,19.940171065746572,19.603690644270742,38.89617783030267,24.92183898297999,21.75943906083988,4.430467694016202,3.380915953053469,3,1,1,5
41,6,29.20881709293606,20.911941124875213,20.884869465887114,32.96219329602333,28.383770929439788,21.982981657897223,5.094858695573207,4.430467694016202,4,1,1,6
41,7,0.0,22.56909570749899,22.50723876266345,41.72634597268575,26.094329609583674,22.595407482985337,4.86813618215601,5.094858695573207,4,0,0,7
41,8,0.0,20.87702698179445,20.843648286262088,50.42542240725407,25.46249568170993,22.865706732558507,5.241234641353593,4.86813618215601,4,0,0,8
41,9,0.0,19.23383090290011,19.235586552009355,60.38140159980602,27.86194674585024,27.449048768327252,5.14979609092859,5.241234641353593,4,0,0,9
42,0,178.95137266367794,21.0,21.0,40.0,29.987010434134508,19.76712411690996,5.834657414711694,0.0,0,0,0,0
42,1,178.95137266367794,19.19974020868269,18.995342482338202,48.955744219188006,29.987010434134508,19.76712411690996,5.834657414711694,5.834657414711694,0,0,0,1
42,2,171.39388288365674,18.149981224121007,18.108947512213206,58.86366113134814,33.29933263576874,21.74465020956532,5.9607067277296135,5.834657414711694,0,0,0,2
42,3,171.39388288365674,16.818166409073996,16.70072792754502,68.50507916623688,30.025431641112768,23.53800188604692,5.919797200873134,5.9607067277296135,0,1,1,3
42,4,139.74736068054153,18.77208093619139,18.63036997658904,77.95540148502197,30.67445793148462,21.82733272843251,5.274420367185867,5.919797200873134,0,1,1,4
42,5,103.97812507147833,20.0372497484389,19.89179118301586,73.58822570496861,34.23491916577876,24.83632650059146,4.471154451132899,5.274420367185867,1,1,1,5
42,6,66.58065424797675,21.20255623937911,21.010420115411005,68.27978135329604,32.8153302518961,21.026645572145227,4.674683852937698,4.471154451132899,2,1,1,6
42,7,25.21195441307755,22.254577319985522,21.98667047093471,63.757211228153466,37.24266403063518,20.96527971857273,5.1710874793624,4.674683852937698,3,0,1,7
42,8,0.0,19.89048587517186,22.831834825666462,58.83529865961974,31.470264915144558,24.51910970411249,5.04239088261551,5.1710874793624,4,0,0,8
42,9,0.0,20.27013506081079,19.197226835348935,69.65944981789158,34.829675058591924,25.30449804291834,4.839419026145672,5.04239088261551,4,0,0,9
43,0,50.97078630710521,21.0,21.0,40.0,29.811094768392017,22.949714610376667,2.890251659731517,0.0,0,0,0,0
43,1,50.97078630710521,19.19622189536784,19.058994292207533,49.496945688178364,29.811094768392017,22.949714610376667,2.890251659731517,2.890251659731517,0,0,0,1
43,2,49.94747120857373,18.258434232808423,18.161467107472223,60.95800739355175,37.56502398388372,26.107541045968468,0.8512263544070675,2.890251659731517,0,0,0,2
43,3,47.42848182443616,17.8668615895808,16.167051357880457,57.50247239378896,36.323127454673454,27.81278921331106,0.7078410405916155,0.8512263544070675,1,1,1,3
43,4,43.45731278935497,18.14187600966999,18.559033739693415,54.06727349399867,34.444080987749395,29.80481401341568,0.4963961293851486,0.7078410405916155,2,1,1,4
43,5,36.23938834951466,19.848645188746197,19.569514332378485,50.78464844465249,36.39785218583333,28.698675317799022,0.9022405549800392,0.4963961293851486,3,1,1,5
43,6,25.11181065495237,21.018729052938372,20.88448298813216,46.826464693177314,36.121344844371016,25.22207875854469,1.3909472118202864,0.9022405549800392,4,1,1,6
43,7,16.5826108952526,22.737862292941294,22.70848352989373,58.058867796396505,32.942434293400204,29.45980516892865,1.4215332932832951,1.3909472118202864,4,0,0,7
43,8,7.11096512523957,24.168010061409205,24.00551647493427,67.83651368889943,31.44280786390493,22.87744709444464,1.578607628335505,1.4215332932832951,4,0,0,8
43,9,7.11096512523957,22.228480335911357,22.087107687178822,78.13993272195358,33.37362654202585,23.867590308275037,2.4838392107567238,1.578607628335505,4,0,0,9
44,0,73.97786364429423,21.0,21.0,40.0,25.90418423101937,18.722284496043383,4.654610242215172,0.0,0,0,0,0
44,1,73.97786364429423,19.118083684620387,18.97444568992087,48.0327643708713,25.90418423101937,18.722284496043383,4.654610242215172,4.654610242215172,0,0,0,1
44,2,71.4199909185865,18.11883595037428,18.07541274962944,56.24820061192786,25.941797518713987,19.69951493160024,1.7241495182611497,4.654610242215172,0,0,0,2
44,3,67.50268458307286,17.92509301048137,15.901077338799613,49.73567462360201,27.15978129825489,19.992852099934836,1.006061654220312,1.7241495182611497,1,1,1,3
44,4,54.72054663062893,17.865817657313045,18.29167191278287,43.09240915566457,27.74691262881912,18.67939032708398,1.5977672440554924,1.006061654220312,2,1,1,4
44,5,37.79246913405716,19.386257257313265,19.119962253667012,36.00402746708543,25.440185706857164,18.513249356592056,2.116009687071472,1.5977672440554924,3,1,1,5
44,6,17.228034770470074,20.431967629788506,20.363470283481604,29.462590647576185,27.205655019715987,19.786362649677116,2.5705542954483858,2.116009687071472,4,1,1,6
44,7,0.0,22.21925738743373,22.085625885390414,39.39480123588084,31.443991504786457,23.7349562080172,2.871339128411679,2.5705542954483858,4,0,0,7
44,8,0.0,20.64097276756964,20.586360903051464,49.90255799197047,31.555746089639232,26.82068033308093,3.297581507654737,2.871339128411679,4,0,0,8
44,9,0.0,19.065529671065335,19.06495153493887,60.80417788360208,30.70631986380228,29.85823508970669,4.743905309020032,3.297581507654737,4,0,0,9
45,0,38.46238312259696,21.0,21.0,40.0,30.254637820087137,24.15019091140085,3.5976983036800734,0.0,0,0,0,0
45,1,38.46238312259696,19.205092756401744,19.08300381822802,49.79286917166784,30.254637820087137,24.15019091140085,3.5976983036800734,3.5976983036800734,0,0,0,1
45,2,36.18047586404288,18.067130695012754,18.049996756043146,59.21313093549671,29.105258078665106,23.22952949816192,2.0809784299933503,3.5976983036800734,0,0,0,2
45,3,33.904932448145495,17.938101453951468,15.961157960957966,54.4489344949381,31.93629455773724,24.92928077249275,0.5922896772768235,2.0809784299933503,1,1,1,3
45,4,29.695929365258138,18.094970317685018,18.472013229973346,50.89909339347224,37.20700033061553,26.404993550129674,0.5261253853609194,0.5922896772768235,2,1,1,4
45,5,22.670758773093862,19.791564146883434,19.5412912579155,47.933533531005175,36.858000764071846,30.0,0.8781463240205345,0.5261253853609194,3,1,1,5
45,6,16.46468558447638,21.014683417498432,20.937325865504715,45.105488299162076,37.621970934205024,30.0,0.7757591485771851,0.8781463240205345,4,1,1,6
45,7,11.562061883283281,22.80520206367529,22.732712908462958,56.7667560864561,34.784821040522374,30.0,0.8171039501988502,0.7757591485771851,4,0,0,7
45,8,4.326089489663839,24.30176200072615,24.187672096046327,68.6458599134639,36.39342691166532,29.601594349489066,1.205995398936574,0.8171039501988502,4,0,0,8
45,9,4.326089489663839,22.416824991970746,22.25172164755721,79.56705525498317,35.31991162187953,25.353395831005383,1.573667991162541,1.205995398936574,4,0,0,9
46,0,108.69834547211616,21.0,21.0,40.0,29.4495500706672,18.6187221624415,4.5438854064702365,0.0,0,0,0,0
46,1,108.69834547211616,19.188991001413346,18.97237444324883,48.652289001959566,29.4495500706672,18.6187221624415,4.5438854064702365,4.5438854064702365,0,0,0,1
46,2,104.42358181141964,18.222083600429393,18.073465719521867,58.98074213288544,36.822589690922285,20.557705480888096,3.318594556676413,4.5438854064702365,0,0,0,2
46,3,94.24707004002421,17.868243021502106,16.146155204205858,55.21273960173126,33.221464617825134,29.178521320207217,2.760994152168577,3.318594556676413,1,1,1,3
46,4,75.57473964648116,18.090243682860223,18.555351533619767,51.43777915219192,32.46862777867955,29.89270305721302,2.3340412991928807,2.760994152168577,2,1,1,4
46,5,56.63523907889376,19.78049553307008,19.480035086671915,47.184541706757244,33.87532048638328,25.828915927868483,2.3674375709484248,2.3340412991928807,3,1,1,5
46,6,30.52743692694862,20.86248636666074,20.744045760059034,41.83303282732503,32.01583273682822,21.586895710770563,3.263475268993142,2.3674375709484248,4,1,1,6
46,7,9.666285157921084,22.59385099854921,22.477989725387044,52.097997346696445,32.298626710154295,24.728953953020262,3.4768586281712563,3.263475268993142,4,0,0,7
46,8,9.666285157921084,20.984269341418468,20.83628785501464,61.73241048108606,31.33075541544981,22.19376199782585,4.762002933142295,3.4768586281712563,4,0,0,8
46,9,9.666285157921084,19.318187414990316,19.216514507582758,71.4669062627603,30.691949893423917,23.388582226988508,4.7117340763246425,4.762002933142295,4,0,0,9
47,0,74.6718919259018,21.0,21.0,40.0,29.243793583307443,15.3766626812058,4.877650132873091,0.0,0,0,0,0
47,1,74.6718919259018,19.18487587166615,18.907533253624116,48.031682127612385,29.243793583307443,15.3766626812058,4.877650132873091,4.877650132873091,0,0,0,1
47,2,69.1408099460189,18.17370430536861,18.036862573159084,56.722048942239184,32.835549464245176,15.444266172570392,3.821886412746363,4.877650132873091,0,0,0,2
47,3,64.78193131839463,16.132288562940765,15.945832518132102,51.388238725445376,32.53824128736074,21.16281306378475,2.179439313812137,3.821886412746363,1,1,1,3
47,4,49.919816569351624,17.493616032039455,17.337282248518544,46.96485072415244,34.68624269827398,24.072712850098597,1.857764343630376,2.179439313812137,2,1,1,4
47,5,39.60732497398237,18.836306099083608,18.746931989272483,42.315025677212745,32.15734210240793,25.3436298590382,1.2890614494211567,1.857764343630376,3,1,1,5
47,6,28.75625636859766,20.161017824823148,20.068164413332767,38.153437304931636,33.09834007672874,27.11505785504288,1.356383575673089,1.2890614494211567,4,1,1,6
47,7,15.73187695217127,21.930052879362588,21.85340735257399,47.97951149367323,29.907189280175064,24.682111768389365,2.170729902737732,1.356383575673089,4,1,1,7
47,8,0.0,23.42736495078738,23.330005828387527,58.4811288579364,32.179978856086194,26.16233983426476,2.621979492028545,2.170729902737732,4,0,0,8
47,9,0.0,21.59918742193356,21.493407953408244,69.24847569432065,33.283976898865824,26.534616636602195,3.019997386790584,2.621979492028545,4,0,0,9
48,0,126.94006709756701,21.0,21.0,40.0,32.077185826254336,16.38042125620044,5.698919282270699,0.0,0,0,0,0
48,1,126.94006709756701,19.241543716525086,18.92760842512401,48.72236927484186,32.077185826254336,16.38042125620044,5.698919282270699,5.698919282270699,0,0,0,1
48,2,120.35205220833092,18.248286143092386,18.186015712714013,60.288923274639885,37.868272213754224,26.39036111845704,5.13764505915,5.698919282270699,0,0,0,2
48,3,110.72053244456009,16.27292885828149,16.19544534899556,56.65513787772619,33.97693430189244,29.16870238192036,4.815759881885412,5.13764505915,1,1,1,3
48,4,74.99246861173927,17.6747634866231,17.566626502132003,52.765124927953295,34.14562607144157,27.576524207597902,4.466007979102603,4.815759881885412,2,1,1,4
48,5,47.52985333322619,19.0838613789114,19.017551140925946,49.45388692794833,34.93756666663909,30.0,3.432826909814134,4.466007979102603,3,1,1,5
48,6,24.858317901994216,20.442629073014366,20.33676495653083,46.04699178317258,35.346998739268926,29.05913934531021,2.833941928903997,3.432826909814134,4,1,1,6
48,7,6.87826491256357,22.29425114429174,22.209312029080355,57.89727693458063,35.834917507822496,30.0,2.996675498238441,2.833941928903997,4,0,0,7
48,8,6.87826491256357,20.76886760285998,20.657197401620518,68.58430850096646,33.11499719058823,26.257400400444176,3.4115616200073817,2.996675498238441,4,0,0,8
48,9,6.87826491256357,19.109488075555294,19.038108699900203,78.03024471339864,28.860722601873697,23.61670080052735,3.813120106325147,3.4115616200073817,4,0,0,9
49,0,94.95790038763018,21.0,21.0,40.0,34.66788230859014,19.37149424433721,3.408745208019633,0.0,0,0,0,0
49,1,94.95790038763018,19.293357646171803,18.987429884886744,49.727087779526926,34.66788230859014,19.37149424433721,3.408745208019633,3.408745208019633,0,0,0,1
49,2,92.96350008244247,18.210194747155185,18.164813616464,60.504661961080224,36.92967849045933,22.945733629281232,1.647990222651701,3.408745208019633,0,0,0,2
49,3,90.36073130129029,17.97572951392728,16.034319414657357,56.673149882788096,39.473976133722616,22.573178986876645,0.7195915587041898,1.647990222651701,1,1,1,3
49,4,82.85949958201226,18.183194847534214,18.512563343556188,53.38488551144147,38.858962312456505,26.206235624506657,0.9376539649097528,0.7195915587041898,2,1,1,4
49,5,65.32853661217354,19.87020788555903,19.521388589404165,49.904920668653205,38.25031634262834,25.74987897521464,2.1913703712298416,0.9376539649097528,3,1,1,5
49,6,41.09036406179607,20.981376837481772,20.937503038951597,46.302908109351634,35.37406590857813,27.9480865397465,3.029771568797183,2.1913703712298416,4,1,1,6
49,7,25.703814328370942,22.785838001963874,22.712782112487027,57.87887037067473,34.310901451794976,30.0,2.564424955570855,3.029771568797183,4,0,0,7
49,8,9.480000541116542,24.213808854080114,24.16953186197388,69.12142211848368,32.88415438431264,29.574466436848137,2.7039689645424,2.564424955570855,4,0,0,8
49,9,9.480000541116542,22.334690485773315,22.233859455491743,80.00200355945657,33.0766905338719,27.37098413819972,3.462652050004342,2.7039689645424,4,0,0,9
50,0,180.1732468221114,21.0,21.0,40.0,29.218066717050583,15.959486398172444,7.9803937171331825,0.0,0,0,0,0
50,1,180.1732468221114,19.184361334341013,18.91918972796345,48.13195956074014,29.218066717050583,15.959486398172444,7.9803937171331825,7.9803937171331825,0,0,0,1
50,2,168.40397154708845,18.087097148764016,18.097975603273188,56.288518782006115,25.95947195458388,19.354745941338184,8.00085261415287,7.9803937171331825,0,0,0,2
50,3,168.40397154708845,16.747401571836253,16.56869056584487,64.70295049925963,27.759608177781093,18.98723469584954,7.5448545155498685,8.00085261415287,0,1,1,3
50,4,134.85045779993393,18.60765837492334,18.604222315305098,74.08083862647376,27.475923277652807,24.62345520687017,5.592252291192419,7.5448545155498685,0,1,1,4
50,5,96.01520489062251,19.955577692298608,19.656974266436748,68.40888089461693,33.40208461630324,18.420372428936545,4.854406613663929,5.592252291192419,1,1,1,5
50,6,61.076414414510104,21.01666423915323,20.89440723252781,62.9468532739899,31.79031858007983,21.198416860881103,4.367348809514051,4.854406613663929,2,1,1,6
50,7,23.650429963476725,22.036790352937842,21.87269966317252,57.88389272874197,32.62208216813495,22.58369258048766,4.678248056379172,4.367348809514051,3,0,1,7
50,8,0.0,19.84179936643946,22.64983215350343,53.57301550810931,35.721868217105595,23.662147223824093,4.730085992695345,4.678248056379172,4,0,0,8
50,9,0.0,20.065114321430674,19.184551409151915,64.30648354143992,30.769015885463187,28.861362077484664,5.528298786979815,4.730085992695345,4,0,0,9
51,0,96.75302793703503,21.0,21.0,40.0,30.64393802657934,20.32068332507236,2.1840935358026163,0.0,0,0,0,0
51,1,90.20074732962718,22.212878760531588,19.006413666501448,49.17363184329731,30.64393802657934,20.32068332507236,2.1840935358026163,2.1840935358026163,0,0,0,1
51,2,90.20074732962718,18.388444493709336,19.244704888546874,58.36439939426033,28.17188819807372,22.88793152949864,0.3721148471313862,2.1840935358026163,0,0,0,2
51,3,88.62528437508684,17.88977965762296,16.44322021598749,52.30250186033605,28.18376723601623,21.472357575515527,0.5156233421108458,0.3721148471313862,1,1,1,3
51,4,78.59288534245972,18.251756078599673,18.547829704515813,47.33278316250609,31.30924767039048,24.41453734166527,1.2540498790783896,0.5156233421108458,2,1,1,4
51,5,57.14377030275846,19.749876950064206,19.561992543410877,42.29427199092166,30.14736027311659,25.19424432919215,2.681139379962658,1.2540498790783896,3,1,1,5
51,6,27.895196054940502,20.78453392226922,20.81926294759259,36.5023009225298,26.11876556017168,25.03695072654021,3.656071780977245,2.681139379962658,4,1,1,6
51,7,0.0,22.51499577306401,22.50429290031405,46.316452567426936,27.268636475760243,27.254428218112764,4.649199342490084,3.656071780977245,4,0,0,7
51,8,0.0,20.836863891816257,20.906844873580393,55.68490143200977,24.35421606980689,27.6927220667644,4.738441990791925,4.649199342490084,4,0,0,8
51,9,0.0,19.178692304108907,19.193228523198968,64.57683964769254,23.81156553641412,25.58809121737903,4.8353946008621,4.738441990791925,4,0,0,9
52,0,190.84969868685374,21.0,21.0,40.0,26.97908180760525,21.78795921492037,7.628802819259527,0.0,0,0,0,0
52,1,190.84969868685374,19.139581636152105,19.03575918429841,48.77806738405461,26.97908180760525,21.78795921492037,7.628802819259527,7.628802819259527,0,0,0,1
52,2,179.81120877457073,18.121786652441873,18.14686127748554,58.90792684149646,29.081853463384,27.19514352240409,8.686858000619516,7.628802819259527,0,0,0,2
52,3,179.81120877457073,16.782125590457436,16.806057485049255,69.09421805826933,27.508896327301755,29.081610432547564,8.68636343132109,8.686858000619516,0,1,1,3
52,4,132.80510011418653,18.868595289159156,18.726082313946005,79.71334180498685,32.88090113399442,26.11423079221399,7.834351443397368,8.68636343132109,0,1,1,4
52,5,79.21093715435902,20.186000427966036,19.947758939383377,75.63159575635507,37.35336772691018,23.303598669579863,6.69927036997844,7.834351443397368,1,1,1,5
52,6,41.57156180104915,21.393034441266362,21.23151827728276,72.3691193477669,38.4289474623262,26.779516934406207,4.704921919163732,6.69927036997844,2,1,1,6
52,7,11.872597840697418,22.444060314016475,22.224597925534727,68.35947471385508,37.22669584772122,23.830833963879797,3.712370495043966,4.704921919163732,3,0,0,7
52,8,5.850122194675466,20.254534580606876,20.07049234715726,65.39989355374281,39.69263163843063,27.198584138723422,3.011237823010976,3.712370495043966,4,0,0,8
52,9,5.850122194675466,18.8001360665326,18.662773902849306,77.60205693291513,38.70926911843311,29.08052743252425,2.481526182660171,3.011237823010976,4,0,0,9
53,0,153.4584934675911,21.0,21.0,40.0,32.15040635947739,16.98588571567614,6.51305022031198,0.0,0,0,0,0
53,1,153.4584934675911,19.243008127189547,18.939717714313524,48.84453257352764,32.15040635947739,16.98588571567614,6.51305022031198,6.51305022031198,0,0,0,1
53,2,145.36023321137995,17.98248894471053,18.05354257585782,57.019560790902105,25.609719925201645,19.8071035046565,6.485602323948595,6.51305022031198,0,1,0,2
53,3,125.96574067245948,19.668632192813014,16.611258262594003,66.31541134258637,26.723253109882407,24.9203610661413,6.464830846306827,6.485602323948595,0,1,1,3
53,4,91.1852594667096,19.545589047656193,20.307544394961187,75.45780786772124,29.276966697170145,21.514125109134675,5.796746867624979,6.464830846306827,0,1,1,4
53,5,52.6706167826825,21.189987008575308,20.83284501144772,70.08422339310297,29.95392794946264,23.526158302658114,4.814330335503388,5.796746867624979,1,1,1,5
53,6,23.044660820976254,22.07081346452812,22.068629750179863,65.15427296328825,30.705517754344644,25.239202080017986,3.703244495213281,4.814330335503388,2,0,0,6
53,7,6.690120603321816,19.951405235275132,22.986153952963466,60.294123848676264,27.31391237481465,29.01859254400765,3.2709080435308877,3.703244495213281,3,0,0,7
53,8,1.678248620491823,19.631470760909277,18.807953333540844,54.38601950436998,23.082586011808587,27.427945408712063,2.5059359914149963,3.2709080435308877,4,0,0,8
53,9,0.0,18.070909360440886,18.14642270861402,63.98473298760358,25.170508358217145,28.15567765974726,2.2656475064263253,2.5059359914149963,4,0,0,9
54,0,107.24110383074897,21.0,21.0,40.0,33.19546111629865,19.02161508290255,4.375828190331141,0.0,0,0,0,0
54,1,107.24110383074897,19.263909222325974,18.980432301658052,49.39907371585622,33.19546111629865,19.02161508290255,4.375828190331141,4.375828190331141,0,0,0,1
54,2,103.81607696352299,18.0355827838425,18.11041492760289,59.34822812283336,32.133670381405466,23.139409657356428,3.096660304303766,4.375828190331141,0,0,0,2
54,3,97.10164743984026,17.87253245949946,15.931644580702796,53.8941643561793,29.539202552698423,23.493776521445675,1.7681045383487723,3.096660304303766,1,1,1,3
54,4,80.52404220657955,17.887124773055948,18.39567018285439,48.55679316410933,28.6836594235974,24.997611731569428,2.072200654157589,1.7681045383487723,2,1,1,4
54,5,57.83583764864151,19.531344978703245,19.305911656357985,43.432771967161955,29.25501693806712,25.61153196778081,2.8360255697422554,2.072200654157589,3,1,1,5
54,6,33.745188912302325,20.62842048542483,20.676802827414434,38.798003038719365,29.27349989995337,28.311117164254465,3.011331092042398,2.8360255697422554,4,1,1,6
54,7,12.103042623933225,22.402914995308148,22.396814538414343,49.05456823859901,28.280102745977533,28.7008150311316,3.6070243813948495,3.011331092042398,4,0,0,7
54,8,12.103042623933225,20.936097522072338,20.749548815241933,59.67888428165055,34.22146010594014,24.802517911012835,4.484597988090421,3.6070243813948495,4,0,0,8
54,9,12.103042623933225,19.321469692710675,19.213869689288185,70.51189515701942,34.18081226281503,26.002581489234323,4.81569859788665,4.484597988090421,4,0,0,9
55,0,175.95502201384343,21.0,21.0,40.0,28.997468520857502,17.531056450986682,6.586273447994834,0.0,0,0,0,0
55,1,175.95502201384343,19.17994937041715,18.950621129019734,48.375134494931956,28.997468520857502,17.531056450986682,6.586273447994834,6.586273447994834,0,0,0,1
55,2,167.14281707328598,17.972399724324426,18.024008284942727,55.81171921371631,25.11821322887552,16.196146319926427,6.586015885204269,6.586273447994834,0,1,0,2
55,3,148.1742809336676,19.610125698192405,16.493716899410103,63.84408948669963,24.83529541209621,19.7889838822556,6.322845379872796,6.586015885204269,0,1,1,3
55,4,114.88477114855885,19.462160397190363,20.29913397332831,73.58592201116268,29.509372488704827,24.611919313867688,5.5482516308514604,6.322845379872796,0,1,1,4
55,5,76.98551240981973,21.174868764436404,20.723405146670437,67.83521104029828,30.70175814849115,20.68318090226213,4.73740734234239,5.5482516308514604,1,1,1,5
55,6,40.05517328208137,22.008356279077585,21.93393226642982,62.139789269899495,31.09262808722004,20.599473188342312,4.616292390967295,4.73740734234239,2,0,1,6
55,7,14.801083725934985,19.866869753707757,22.853859022921377,56.92511927132696,28.064920590705103,26.29802386166976,5.050817911229276,4.616292390967295,3,0,0,7
55,8,3.5266028799155653,19.68365178476865,18.768708955914246,52.88977107715232,30.928517329550584,29.986214925034695,5.63724042300971,5.050817911229276,4,0,0,8
55,9,0.0,18.103161128099007,18.002224515586448,62.88188407533622,32.30456770133104,23.207171177468403,6.1499460162947726,5.63724042300971,4,0,0,9
56,0,245.69100361806215,21.0,21.0,40.0,26.619574452116694,15.038631154240514,7.097909666639003,0.0,0,0,0,0
56,1,245.69100361806215,19.132391489042334,18.900772623084812,47.498477009144295,26.619574452116694,15.038631154240514,7.097909666639003,7.097909666639003,0,0,0,1
56,2,234.05688429795276,18.117041090733647,18.091680300560718,55.639999136544205,27.628218140827848,17.6024603447272,7.459345216170991,7.097909666639003,0,0,0,2
56,3,234.05688429795276,16.7862546679677,16.59284863906899,64.42997740001478,29.44196293618293,19.39124963865361,7.350310155337353,7.459345216170991,0,1,1,3
56,4,188.63633458363708,18.760300891670312,18.611581072038877,74.73748651677562,33.800510476306364,23.46342906125385,7.5700916190526115,7.350310155337353,0,1,1,4
56,5,125.30805905450568,19.921303610642724,19.869870189465708,69.37711504208232,29.17798008029097,24.37551172696851,7.916034441141425,7.5700916190526115,1,1,1,5
56,6,67.56947615328329,21.1704671502843,21.063296928780463,65.37248397278688,33.60769767060292,27.47768527775572,7.217322862652798,7.916034441141425,2,1,1,6
56,7,12.74951660956975,22.124622641004404,22.119143232628918,60.70419602543747,29.63996201691753,27.758438275585707,6.852494942964192,7.217322862652798,3,0,0,7
56,8,0.0,19.999727720908812,19.841565364383733,56.8326384470157,34.90749453588269,26.917185583996357,6.374758304784875,6.852494942964192,4,0,0,8
56,9,0.0,18.4561538620351,18.375819722398216,67.27461848567069,32.20007127223505,25.810928942514856,6.010626798466414,6.374758304784875,4,0,0,9
57,0,257.82339338605357,21.0,21.0,40.0,31.569373378022984,21.37348539219084,7.750110584172605,0.0,0,0,0,0
57,1,257.82339338605357,19.23138746756046,19.027469707843817,49.52971457863849,31.569373378022984,21.37348539219084,7.750110584172605,7.750110584172605,0,0,0,1
57,2,247.34520249992477,18.171630869118317,17.986261877162654,58.99671951399151,33.931903163682385,18.662568699389933,9.04507127154356,7.750110584172605,0,0,1,2
57,3,219.35031765646218,16.91280780603559,19.707247747994533,70.36698002501147,38.11332586574945,25.05478808436148,9.3316282811542,9.04507127154356,0,1,1,3
57,4,148.30582326583703,20.12914484886907,19.029037883613,68.09948286008137,41.91243799745935,28.823688864040044,8.880561798828143,9.3316282811542,1,1,1,4
57,5,85.41112771689612,20.687225029835115,20.85680963390068,64.04582293097403,34.41768733470548,26.39531305914268,7.861836943617614,8.880561798828143,2,1,1,5
57,6,33.61499090010767,22.030632564560072,21.853395374795987,60.69539360891858,35.51896376345633,29.200873336235624,6.474517102098555,7.861836943617614,3,0,1,6
57,7,7.4217073321518825,20.061235571275546,22.89348069255218,58.05852190495935,39.86517393587248,28.818872153242918,5.238656713591158,6.474517102098555,4,0,0,7
57,8,7.4217073321518825,20.677618157158335,19.59749064884347,70.93260765234623,41.52269859659381,30.0,3.9557327294411153,5.238656713591158,4,0,0,8
57,9,0.0,18.164061025679707,18.01656356920183,68.27562504567614,42.39978992351935,26.17252892831344,3.4567956262222816,3.9557327294411153,5,0,0,9
58,0,115.31797748871907,21.0,21.0,40.0,25.37415128584443,15.58139350111973,5.08344749683471,0.0,0,0,0,0
58,1,115.31797748871907,19.10748302571689,18.911627870022397,47.37199806165355,25.37415128584443,15.58139350111973,5.08344749683471,5.08344749683471,0,0,0,1
58,2,108.51347125834127,18.116103914187498,17.957806512600293,55.1639269229165,28.15605093014989,15.1324427435332,4.609003204200628,5.08344749683471,0,0,1,2
58,3,91.17452005805882,15.90415300441395,18.800828825925805,47.57878070861791,24.36715104550054,16.826481097285097,3.46779024005649,4.609003204200628,1,1,1,3
58,4,70.13053712154752,19.05429096766198,17.96974847110459,41.6160910621403,30.4921336234914,19.715146118299657,2.6304978670639123,3.46779024005649,2,1,1,4
58,5,47.14762569803811,19.685967757529276,19.77488823412125,36.10038376336107,32.25631431277226,20.434200694009803,2.8728639279386754,2.6304978670639123,3,1,1,5
58,6,20.361530264226005,21.033068958505293,20.808472478350666,31.241323162695444,33.11728453868787,23.22126767983641,3.348261929226514,2.8728639279386754,4,1,1,6
58,7,0.0,22.724504302820783,22.575216524030566,41.65363319619958,34.339751497315454,23.50641535548529,3.393588377371001,3.348261929226514,4,0,0,7
58,8,0.0,21.122835923191182,20.999950386739737,52.16227951845722,33.382480980706234,24.99888747628065,3.55344643383984,3.393588377371001,4,0,0,8
58,9,0.0,19.54160821393799,19.36730196908382,62.81659382483777,34.874615162463826,24.31601987298364,3.9171450458364174,3.55344643383984,4,0,0,9
59,0,240.80551737443193,21.0,21.0,40.0,26.483845303341628,21.9133357931149,7.650094558098215,0.0,0,0,0,0
59,1,240.80551737443193,19.129676906066834,19.0382667158623,48.711492597362174,26.483845303341628,21.9133357931149,7.650094558098215,7.650094558098215,0,0,0,1
59,2,229.29447774846625,18.151756336128827,18.119888134449706,58.20483748574591,30.00638194150466,22.73442299396057,8.519821414727545,7.650094558098215,0,0,0,2
59,3,229.29447774846625,16.797351611868255,16.729302923942114,67.81309986597785,28.629846433613373,24.74938901211956,9.1054755409023,8.519821414727545,0,1,1,3
59,4,177.06421708120968,18.749921900461295,18.6396447581901,77.0846062841517,29.021478211153376,22.48689077870142,8.705043444542765,9.1054755409023,0,1,1,4
59,5,111.66438397388622,19.948804932268317,19.81173047401064,71.30524323596127,29.86682044516908,21.3589403982174,8.17497913841543,8.705043444542765,1,1,1,5
59,6,52.83819911723347,21.06113534623151,21.003829772771724,66.0295925161308,29.47277910723153,24.55138356037698,7.353273107081593,8.17497913841543,2,1,1,6
59,7,8.3306759560728,22.046533613118296,22.03890147331911,61.30359906051655,29.159502363666185,27.918311771810146,5.563440395145084,7.353273107081593,3,0,0,7
59,8,0.0,19.801887725469054,19.762754461032888,56.22466276926629,28.59408296148077,26.522937642684443,4.1653379780364,5.563440395145084,4,0,0,8
59,9,0.0,18.341895828501556,18.208137051697804,66.37004875001952,31.81909662767957,24.544158820949477,2.637130635304324,4.1653379780364,4,0,0,9
60,0,139.08223079157315,21.0,21.0,40.0,28.238716441256617,21.80676443699532,6.108384533467637,0.0,0,0,0,0
60,1,139.08223079157315,19.164774328825132,19.036135288739906,49.00818655808535,28.238716441256617,21.80676443699532,6.108384533467637,6.108384533467637,0,0,0,1
60,2,130.98992836554595,18.16510536474478,18.079823671034713,58.46772491462403,29.14870320294833,23.404287666710992,6.232227172576165,6.108384533467637,0,0,0,2
60,3,130.98992836554595,16.88662679845848,16.67696274486525,68.62479738434843,34.0953042363352,22.33287615102256,5.994257226585736,6.232227172576165,0,1,1,3
60,4,100.7144190449623,18.838887953980695,18.73411287469927,79.24803777192119,33.70085846057591,25.31714369260612,5.045918220097278,5.994257226585736,0,1,1,4
60,5,68.71404225634785,20.03300029258372,20.022794095579826,74.64018878346063,29.90805416287307,27.826118123457118,4.000047098576806,5.045918220097278,1,1,1,5
60,6,44.470500786119715,21.165036038316057,21.16078286570496,69.32062437552506,27.072974659652346,26.707223074038943,3.0304426837785177,4.000047098576806,2,1,1,6
60,7,22.87371851696147,22.146758420145296,22.126057578986266,64.16814347551414,27.903639545750966,26.80479989863286,2.69959778364478,3.0304426837785177,3,0,0,7
60,8,6.569480235546746,19.920858118052486,22.91857742409554,60.04456199225601,30.42454731523256,30.0,3.2608476562829454,2.69959778364478,4,0,0,8
60,9,6.569480235546746,20.21943204928054,19.335382999747672,70.70716131173559,29.236662885997664,30.0,3.1088326505662414,3.2608476562829454,4,0,0,9
61,0,111.56655655247904,21.0,21.0,40.0,34.80509278865018,22.839674169226885,5.950740135573955,0.0,0,0,0,0
61,1,111.56655655247904,19.296101855773006,19.05679348338454,50.376058052417875,34.80509278865018,22.839674169226885,5.950740135573955,5.950740135573955,0,0,0,1
61,2,106.33966835626497,18.19988937751776,18.131522750941834,62.41500537302776,38.833880342049866,28.04916032800504,5.4358662334361165,5.950740135573955,0,0,0,2
61,3,106.33966835626497,16.965248121959203,16.805216379973036,73.73343941951991,35.95363782256288,26.92655132461576,4.309642334651941,5.4358662334361165,0,1,1,3
61,4,80.01594866583446,18.2812199123774,18.18874894245928,70.35370487777418,35.790527474666575,28.766502848968244,3.290464961303813,4.309642334651941,1,1,1,4
61,5,59.62718486264463,19.512650209432113,19.568061728476707,65.90467282515172,28.616488596541927,30.0,2.548595475398728,3.290464961303813,2,1,1,5
61,6,35.00016601494539,20.863720728558206,20.778008644202284,62.32647048293467,33.45443143212744,30.0,3.078377355962405,2.548595475398728,3,1,1,6
61,7,14.66192794454528,21.993826556853914,21.885490186805598,59.17362148688558,36.26000267262987,29.557502904875232,2.5422797588000146,3.078377355962405,4,1,1,7
61,8,2.983720069320106,23.582530108110024,23.450555281893568,71.38023260365115,38.01914653290039,29.79535967135276,1.9463679792041957,2.5422797588000146,4,0,0,8
61,9,0.0,21.108056552369813,20.991979551121602,68.58125764566951,37.78347245565754,30.0,1.491860034660053,1.9463679792041957,5,0,0,9
62,0,133.1006215541065,21.0,21.0,40.0,26.99117210300796,17.055563209259258,4.628507097592875,0.0,0,0,0,0
62,1,133.1006215541065,19.13982344206016,18.941111264185185,47.9284123562081,26.99117210300796,17.055563209259258,4.628507097592875,4.628507097592875,0,0,0,1
62,2,127.47178589791528,18.07052164625506,18.0825850837102,56.5059590522708,28.21705854636809,19.43597865398028,3.984692125971716,4.628507097592875,0,0,0,2
62,3,120.97426698486598,16.166132620681633,15.931504584042324,51.81322115169249,34.40650874457375,22.85605847443565,3.248759456524652,3.984692125971716,1,1,1,3
62,4,95.47567526230884,17.549607761563866,17.35473490775598,47.89275204768235,37.40800633107499,24.14494309109093,3.187323965319643,3.248759456524652,2,1,1,4
62,5,64.97586416988995,18.88667588486674,18.691467425135723,42.60217444658909,33.312375671575445,20.62885987790645,3.812476386552361,3.187323965319643,3,1,1,5
62,6,35.804753825402415,20.034404109386454,20.018935764481622,36.89927250038184,27.67604444225004,23.974500301043022,3.646388793060941,3.812476386552361,4,1,1,6
62,7,17.17424931839181,21.874259568601392,21.81726235128934,47.32222503144228,30.49358893919986,27.41170290002481,3.1050840845017684,3.646388793060941,4,1,1,7
62,8,0.0,23.40855037462518,23.29365480838338,58.07205235777964,33.160499747933585,26.560763176162883,2.862374886398635,3.1050840845017684,4,0,0,8
62,9,0.0,21.56108557150135,21.473395661139676,68.7632132388043,32.751633619812885,26.643704608101917,3.2634216898493698,2.862374886398635,4,0,0,9
63,0,148.9806506286113,21.0,21.0,40.0,28.010417639701927,24.12407232294737,4.690605438706013,0.0,0,0,0,0
63,1,148.9806506286113,19.16020835279404,19.08248144645895,49.384208193276876,28.010417639701927,24.12407232294737,4.690605438706013,4.690605438706013,0,0,0,1
63,2,143.6398519591337,18.257077894506114,18.079325836427067,60.01442623464805,34.9325684176997,24.12419847880682,4.369617276530197,4.690605438706013,0,0,0,2
63,3,135.8711648293284,16.141358372255556,16.101172443440007,55.141025124974064,30.46723001799835,25.791652706035077,3.8843435649026543,4.369617276530197,1,1,1,3
63,4,108.10136074748242,17.479397946143013,17.41359513232427,49.94477145442086,29.17909350449297,25.286163881322544,3.4712255102307457,3.8843435649026543,2,1,1,4
63,5,77.44994813384913,18.835172458323427,18.784290041585496,45.11799824839144,30.024544838673823,26.49338179449605,3.831426576704161,3.4712255102307457,3,1,1,5
63,6,48.4260025323383,20.102085563068837,20.07097275100301,40.15787682577577,29.04799003102562,26.72911317666512,3.6279932001888544,3.831426576704161,4,1,1,6
63,7,29.11170863752215,21.97699715539097,21.919342515289486,51.45446974829321,33.05413687780154,29.704712691739772,3.2190489824693582,3.6279932001888544,4,1,1,7
63,8,10.476028117804649,23.597445052153653,23.454706146133915,63.69478743074488,38.001764902509294,30.0,3.10594675328625,3.2190489824693582,4,0,0,8
63,9,10.476028117804649,21.845035265153633,21.702173776819883,76.16593587200192,39.28415800698361,30.0,4.324745483419124,3.10594675328625,4,0,0,9
64,0,196.30701981679238,21.0,21.0,40.0,34.4068780681242,19.315241752097823,7.994737768917611,0.0,0,0,0,0
64,1,196.30701981679238,19.288137561362486,18.986304835041956,49.669981567639965,34.4068780681242,19.315241752097823,7.994737768917611,7.994737768917611,0,0,0,1
64,2,186.42208377179577,17.98020540227505,18.0840144696222,58.9116145419689,29.559765129886983,21.78264028305155,9.1885897638927,7.994737768917611,0,1,0,2
64,3,159.71090461145445,19.78065811772617,16.6553773059436,69.3844441622538,31.444645679141026,26.737741100219523,8.903726386780443,9.1885897638927,0,1,1,3
64,4,114.84663159803048,19.674542249340334,20.479011080877385,79.96584543286346,32.72066660719193,26.06489600730617,7.477378835570661,8.903726386780443,0,1,1,4
64,5,62.67881043276215,21.350969789927845,20.959865363107582,74.75088806579403,30.92476841434141,23.436579546384007,6.520977645658543,7.477378835570661,1,1,1,5
64,6,26.5768186146822,22.137929250230986,22.188734701405842,69.17309889093849,27.83595476940409,24.50966092584292,4.512748977259994,6.520977645658543,2,0,0,6
64,7,8.223286811057232,20.001118681477788,22.989721461020096,63.27599039553641,25.189699362625134,25.3819201073633,3.6707063607249935,4.512748977259994,3,0,0,7
64,8,1.470354262664717,19.744207243523583,18.89029274550519,58.691993372937745,27.866683207785176,30.0,3.376466274196257,3.6707063607249935,4,0,0,8
64,9,0.0,18.090905462289665,18.141808398709912,69.38279260263042,29.39332905384817,30.0,3.2019387883291253,3.376466274196257,4,0,0,9
65,0,181.27617379763672,21.0,21.0,40.0,34.33634858119019,18.15807638443375,7.0228212557817855,0.0,0,0,0,0
65,1,181.27617379763672,19.286726971623803,18.963161527688676,49.44899649381231,34.33634858119019,18.15807638443375,7.0228212557817855,7.0228212557817855,0,0,0,1
65,2,172.32482960084567,18.1669787983395,18.06600148101651,59.64379805237667,35.27061671220827,21.3671697242604,7.711789031980055,7.0228212557817855,0,0,0,2
65,3,172.32482960084567,16.800750150679274,16.760522108158536,69.876799888758,30.188036044000228,26.661974158118323,7.232430986993362,7.711789031980055,0,1,1,3
65,4,132.05618453326173,18.725035195342585,18.73641936712207,79.51489388472899,26.78958934655997,26.75537729772327,6.711440844597323,7.232430986993362,0,1,1,4
65,5,82.38927903398132,20.07674800622815,19.928156836805606,75.35256374644435,33.73403645198226,26.475240557547476,6.2083631874100496,6.711440844597323,1,1,1,5
65,6,46.26863649834037,21.263790799192023,21.145538273331915,71.19679617058634,34.19361476201069,26.052120927667072,4.515080316955119,6.2083631874100496,2,1,1,6
65,7,19.306772540287014,22.25860106467254,22.133525931991084,66.44168188349035,32.471788130164946,24.444243608190643,3.37023299475667,4.515080316955119,3,0,0,7
65,8,6.693228199140092,20.088902479521625,22.97982112348114,63.41527386791516,36.92507513063641,29.59488033839036,2.522708868229384,3.37023299475667,4,0,0,8
65,9,6.693228199140092,20.353271978397697,19.32969555021446,73.37401221072687,31.570682938250407,23.75564118848134,2.969838635278109,2.522708868229384,4,0,0,9
66,0,131.32894830154945,21.0,21.0,40.0,29.31504360639344,20.614515398284745,2.814576139775495,0.0,0,0,0,0
66,1,131.32894830154945,19.18630087212787,19.012290307965696,48.98732062084207,29.31504360639344,20.614515398284745,2.814576139775495,2.814576139775495,0,0,0,1
66,2,129.58626398868472,18.171559986929086,18.130787557937712,59.643177226868644,34.61770514340814,24.58149822340617,1.4225511163806484,2.814576139775495,0,0,0,2
66,3,123.11142678926107,17.917755325620906,15.962348921756503,54.497363680562046,34.10139227178551,20.64408802651121,1.7506694934024931,1.4225511163806484,1,1,1,3
66,4,102.80076245081852,17.969031005761675,18.417540106967905,49.4789675217465,31.179497835450704,24.27385683779628,2.5388330423053187,1.7506694934024931,2,1,1,4
66,5,72.75374152798011,19.610696963099613,19.383656756204243,44.928233212746875,31.33792494389403,26.713551117219197,3.7558776153548017,2.5388330423053187,3,1,1,5
66,6,38.25503454542937,20.795328928703114,20.781515204721043,41.465565287203034,34.096289302534245,30.0,4.312338372818843,3.7558776153548017,4,1,1,6
66,7,11.596892986001123,22.610845144443466,22.532466232615143,52.614238430370136,33.03161223437124,28.905460783223774,4.443023593238041,4.312338372818843,4,0,0,7
66,8,11.596892986001123,21.139472616292935,21.01895205476311,64.71054654607507,37.20171175391626,30.0,4.57614573852026,4.443023593238041,4,0,0,8
66,9,11.596892986001123,19.539417575425293,19.428360566417588,75.60600175673177,33.945482799601685,26.58482392626893,5.640570580478364,4.57614573852026,4,0,0,9
67,0,172.69220181733672,21.0,21.0,40.0,25.590782627592905,16.699253631893868,5.1715351288320885,0.0,0,0,0,0
67,1,172.69220181733672,19.111815652551858,18.933985072637878,47.61220652670762,25.590782627592905,16.699253631893868,5.1715351288320885,5.1715351288320885,0,0,0,1
67,2,166.35782181491263,18.05715654847258,17.993965428244344,55.20075787778387,25.824466749817184,16.334151867273114,4.362102633009901,5.1715351288320885,0,0,1,2
67,3,146.36622234781143,15.944126945558864,18.862609998238767,48.715994130180164,26.165291119148453,21.141576949719823,3.99831989342024,4.362102633009901,1,1,1,3
67,4,113.15846600855429,19.095791287028153,18.106056698596436,43.52936498641595,30.11410530523745,24.404621673850244,4.150969542407144,3.99831989342024,2,1,1,4
67,5,74.8032944858284,19.743190639638385,19.879075245292146,38.02609749760683,30.40570680297966,22.353918259191868,4.794396440340735,4.150969542407144,3,1,1,5
67,6,32.14371603320669,21.05515027762073,20.86138162340164,32.53453093887089,30.237396927696437,22.58723330154833,5.3324473065777145,4.794396440340735,4,1,1,6
67,7,0.0,22.754144876978625,22.558892581868328,42.459267900587555,33.90328606694702,21.234141498145576,5.357286005534448,5.3324473065777145,4,0,0,7
67,8,0.0,21.06595445904575,21.047382144011227,52.775002141815285,30.583517425933955,26.72611724755344,6.118986718450916,5.357286005534448,4,0,0,8
67,9,0.0,19.479622019946017,19.356222735508624,62.848270225770264,31.205574706902144,24.757025759514413,6.654304997452504,6.118986718450916,4,0,0,9
68,0,221.86874401462725,21.0,21.0,40.0,28.73783201908008,24.222883992666183,6.008913957213684,0.0,0,0,0,0
68,1,221.86874401462725,19.174756640381602,19.084457679853326,49.53292888211433,28.73783201908008,24.222883992666183,6.008913957213684,6.008913957213684,0,0,0,1
68,2,214.10920129521742,18.112281036780672,18.16623795660281,59.55120760272748,30.415029430220592,25.242074573185807,6.373371290740911,6.008913957213684,0,0,0,2
68,3,214.10920129521742,16.837278601097157,16.654174141186708,68.78697020650077,29.82783072068763,21.48196152249732,6.460852410503342,6.373371290740911,0,1,1,3
68,4,176.53212517086496,18.66239732757077,18.57872083756675,77.00757471061443,26.300208210855885,19.369816811997826,6.26284602072541,6.460852410503342,0,1,1,4
68,5,125.46401703826717,19.785501663655154,19.642272665149623,69.43579476261881,24.842243226569572,16.425645951232532,6.383513516574722,6.26284602072541,1,1,1,5
68,6,76.24846196751116,20.851766103269906,20.7771599693313,62.93115735271098,26.5376002541792,20.65885857966617,6.151944383844501,6.383513516574722,2,1,1,6
68,7,33.24215192675842,21.79816396332265,21.67360652816948,56.21409881844562,26.68165262152072,19.334688854782826,5.375788755094094,6.151944383844501,3,1,1,7
68,8,0.0,22.463704555880536,22.255946649085075,48.50092691242515,26.36931758347845,14.113060716407826,4.155268990844802,5.375788755094094,4,0,0,8
68,9,0.0,20.523275247492297,20.444059415209885,56.646455886148054,26.16504947947876,19.08788926342626,2.72163668981307,4.155268990844802,4,0,0,9
69,0,182.62374021333403,21.0,21.0,40.0,34.47897559257653,17.000405795484077,4.6768886963296925,0.0,0,0,0,0
69,1,182.62374021333403,19.28957951185153,18.940008115909684,49.26628864985091,34.47897559257653,17.000405795484077,4.6768886963296925,4.6768886963296925,0,0,0,1
69,2,177.6419583070296,18.134211742725785,17.954050489051934,58.2284788646824,34.40811370256054,15.38183193539219,4.253408460395866,4.6768886963296925,0,0,1,2
69,3,156.89632193511886,16.077295963285962,18.914098046246828,53.104792642702705,32.86536226747748,22.00304761041306,4.149127274382144,4.253408460395866,1,1,1,3
69,4,123.37928783725191,19.119496555199028,18.170393229362773,47.214817456918574,27.75719200763277,22.85405696023317,4.189629262233371,4.149127274382144,2,1,1,4
69,5,82.17598986260737,19.74061865362373,19.943157972982632,41.55200807180054,27.99143255669372,23.881848637094976,5.150412246830568,4.189629262233371,3,1,1,5
69,6,36.69008078475774,21.029788238351127,20.923538523905822,35.89335825660154,27.08539292372149,24.810996991839588,5.685738634731204,5.150412246830568,4,1,1,6
69,7,0.0,22.66941236608818,22.70813571833269,46.10065247248339,28.18238409634329,28.52480599188921,6.1150134641262905,5.685738634731204,4,0,0,7
69,8,0.0,21.115813112669127,21.10361688770734,56.848691222437765,29.87014367652861,29.84118271210683,6.498255311827925,6.1150134641262905,4,0,0,8
69,9,0.0,19.5006642861478,19.45273271609045,67.12057300915734,29.82276590175704,27.243244024462804,6.703457272273133,6.498255311827925,4,0,0,9
70,0,186.01200251583006,21.0,21.0,40.0,33.24299805047452,19.67141175253978,6.786970779366362,0.0,0,0,0,0
70,1,186.01200251583006,19.264859961009492,18.993428235050796,49.52459376454257,33.24299805047452,19.67141175253978,6.786970779366362,6.786970779366362,0,0,0,1
70,2,178.56821125830908,18.071096576285715,18.176118048630624,60.1474611288512,33.23998489644054,25.77594490527406,6.647151138405601,6.786970779366362,0,0,0,2
70,3,178.56821125830908,16.808187151635135,16.738407112389616,70.13306281287635,28.694622394176463,26.78094251707436,6.1577138514755845,6.647151138405601,0,1,1,3
70,4,137.30376382756938,18.0843507194307,18.03901854848387,65.44728091588226,30.307260409695303,26.993951273670845,5.158055928842461,6.1577138514755845,1,1,1,4
70,5,102.85684750905858,19.384439189650834,19.314376511766618,60.36863938890659,29.650887320940804,25.46777086252769,4.305864539813851,5.158055928842461,2,1,1,5
70,6,69.02168406250928,20.66618892284081,20.589833091037967,56.412430332334225,33.111562944279505,28.242831185874,4.229395430818664,4.305864539813851,3,1,1,6
70,7,34.05911055833859,21.640510919651067,21.70301806155783,51.56172108117147,27.20246449317786,29.182484111473507,4.370321688021336,4.229395430818664,4,1,1,7
70,8,6.732502953001046,23.101249474459,23.15826764685228,61.1460986555562,24.72901316582481,28.51752891409037,4.55443460088959,4.370321688021336,4,0,0,8
70,9,6.732502953001046,21.231266665912216,21.3098743242628,70.98297065413472,24.93181668878156,29.71747219221017,4.017515900285096,4.55443460088959,4,0,0,9
71,0,115.43408537444434,21.0,21.0,40.0,28.72181787013057,20.095375539056203,6.050453322083965,0.0,0,0,0,0
71,1,115.43408537444434,19.174436357402612,19.001907510781127,48.78709481365362,28.72181787013057,20.095375539056203,6.050453322083965,6.050453322083965,0,0,0,1
71,2,108.46149430976911,18.03573276606974,18.149860881163757,57.85328595502475,26.29672270524913,24.071005857923826,5.343228179213513,6.050453322083965,0,0,0,2
71,3,108.46149430976911,16.68852906579619,16.586545318572508,65.89433864137644,24.029890279474827,20.642624644701154,3.471033156431753,5.343228179213513,0,1,1,3
71,4,86.877435333079,17.910174705243797,17.900894142649594,60.597163989405786,27.94918480244765,25.955400464382063,2.698007372086262,3.471033156431753,1,1,1,4
71,5,66.63425639570856,19.287915705688693,19.20404889015076,56.18649591439966,31.581085510665662,27.24853629485583,2.5303973671713065,2.698007372086262,2,1,1,5
71,6,45.44968304581546,20.56521536570584,20.433073072928597,51.58617863581003,32.82056599543873,24.95544912350779,2.648071668736638,2.5303973671713065,3,1,1,6
71,7,20.285267592600576,21.4870346966599,21.596573762774064,46.483826648152046,25.7460572439253,29.240876157974792,3.145551931651861,2.648071668736638,4,1,1,7
71,8,0.0,22.980704358319738,23.03805575559718,56.00674738236449,24.19722966724224,28.70788552282689,3.380877932100096,3.145551931651861,4,0,0,8
71,9,0.0,21.234636649825074,21.124961379580576,66.15986449391303,30.514849364166583,25.89135681110311,3.745234305208885,3.380877932100096,4,0,0,9
72,0,257.203925295481,21.0,21.0,40.0,33.43253265588527,20.77564676857712,5.925435235459448,0.0,0,0,0,0
72,1,257.203925295481,19.268650653117707,19.015512935371543,49.75747229640323,33.43253265588527,20.77564676857712,5.925435235459448,5.925435235459448,0,0,0,1
72,2,250.24319588117493,18.055829401107882,17.96296810633724,58.50084449622711,30.487714937527382,18.08657506149419,6.463224790188449,5.925435235459448,0,0,1,2
72,3,228.89220152152078,16.7400509527385,19.479821860185066,67.39613177185845,31.91131834581384,17.506944296582464,7.116998119884714,6.463224790188449,0,1,1,3
72,4,182.9633588311965,20.471059477119944,19.434355557456392,77.49520552873987,33.42229884374357,22.68366647226437,7.654807115054047,7.116998119884714,0,1,1,4
72,5,121.97720341109701,21.039158665369705,21.076418109762823,72.53284295523959,34.72611947236998,21.038532897072848,7.623269427512436,7.654807115054047,1,1,1,5
72,6,62.251454873386066,22.151362273175256,22.08196726311746,67.69663690330053,29.68819038533247,26.77733154833945,7.465718567213869,7.623269427512436,2,0,0,6
72,7,26.859920760143314,20.130605890263034,23.058112641152878,64.33644267244799,34.66558760637477,30.0,7.07830682264855,7.465718567213869,3,0,0,7
72,8,12.885328494515237,19.82871025679146,18.94819452895957,59.43127387011364,28.0977903354171,27.98460520716984,6.987296132814039,7.07830682264855,4,0,0,8
72,9,10.886724812139766,18.17975852128703,18.079466745968837,70.28471237320991,31.9962738196679,28.300606753089177,5.887188673327382,6.987296132814039,4,0,0,9
73,0,260.6612042786488,21.0,21.0,40.0,25.474168939060327,20.465489228499244,7.0736347763371406,0.0,0,0,0,0
73,1,260.6612042786488,19.109483378781206,19.009309784569986,48.269138470160726,25.474168939060327,20.465489228499244,7.0736347763371406,7.0736347763371406,0,0,0,1
73,2,250.51641063133962,18.11639155084713,18.13850643288018,57.48821319175268,27.046659053039008,24.17042273358294,7.199726216458332,7.0736347763371406,0,0,0,2
73,3,250.51641063133962,16.910093053876,16.687410590937766,67.8697640965101,34.238841360311966,23.436441443895887,7.442096102201857,7.199726216458332,0,1,1,3
73,4,205.253417370345,18.7716461623334,18.729457938857777,77.57122971461449,29.673339664773003,24.22369154691809,7.543832210165772,7.442096102201857,0,1,1,4
73,5,143.7107572650698,20.041641935782984,19.914284825174285,72.64693557395661,31.488411272790582,24.4877323902212,7.692832513159404,7.543832210165772,1,1,1,5
73,6,84.56141351858551,21.3036116571499,21.096587306053042,68.80571947902918,37.127409065521626,24.86583485154816,7.393667968310534,7.692832513159404,2,1,1,6
73,7,23.37519909657896,22.324075854307523,22.19923532534493,65.30521672433268,36.61674376091208,27.26935204632958,7.64827680275082,7.393667968310534,3,0,0,7
73,8,9.848167620812426,20.081897176684077,19.97015615796913,61.066184411401906,33.6214063436187,26.16174747343252,6.763515737883267,7.64827680275082,4,0,0,8
73,9,9.848167620812426,18.54074265023028,18.42608664881845,71.01470786177424,31.339245037803185,23.930329686487603,5.917140363314141,6.763515737883267,4,0,0,9
74,0,104.61729446934598,21.0,21.0,40.0,27.61324893252996,23.59697709440789,4.492950277699023,0.0,0,0,0,0
74,1,104.61729446934598,19.1522649786506,19.07193954188816,49.21784068484881,27.61324893252996,23.59697709440789,4.492950277699023,4.492950277699023,0,0,0,1
74,2,100.66295616385908,18.11382464672206,18.13095179437113,59.4207810643405,28.16021775687547,28.522784351411705,3.309782832618107,4.492950277699023,0,0,0,2
74,3,89.48238514145014,17.729412975010185,16.04377074119296,53.293299717583395,22.84699463775018,26.444775658043657,2.9795312639405687,3.309782832618107,1,1,1,3
74,4,64.38393854920102,17.81220625691212,18.366035570415523,47.26599629266197,23.72074106904016,26.127573236951893,3.13730582403114,2.9795312639405687,2,1,1,4
74,5,41.6081407791015,19.421161992596314,19.21782214954988,41.2044030009991,25.758683748044064,23.89913129827333,2.8469747212624408,3.13730582403114,3,1,1,5
74,6,21.043061394456515,20.514778900599612,20.499661513513274,35.55859517663089,27.886850654539508,24.08088365452599,2.5706349230806227,2.8469747212624408,4,1,1,6
74,7,0.0,22.244448979138483,22.20085497139241,44.98067160746983,27.375665126907545,24.969203933308822,3.507176899076086,2.5706349230806227,4,0,0,7
74,8,0.0,20.72186153138338,20.60816922862206,55.275294678593816,31.76543782469518,25.426912570438063,3.5045569298143717,3.507176899076086,4,0,0,8
74,9,0.0,19.041573115734224,19.005092690648965,64.59072954962318,27.640910872922845,24.11150507724029,4.128791438126283,3.5045569298143717,4,0,0,9
75,0,220.7043002157682,21.0,21.0,40.0,28.476900101995167,21.864983821136708,7.152679963622342,0.0,0,0,0,0
75,1,220.7043002157682,19.169538002039904,19.037299676422734,49.061539106163735,28.476900101995167,21.864983821136708,7.152679963622342,7.152679963622342,0,0,0,1
75,2,212.82457851730845,18.216132170286336,18.03950671988819,59.445294399935655,36.84617972118896,20.84134968865505,6.560177498422845,7.152679963622342,0,0,0,2
75,3,212.82457851730845,16.86294209320507,16.721586678664217,69.70407010597029,33.35517542493694,23.638022941922184,5.914280742715407,6.560177498422845,0,1,1,3
75,4,175.9371068044403,18.801116099166972,18.77019921209532,80.14253308556499,30.82881828472181,27.16264271302652,6.147911952144689,5.914280742715407,0,1,1,4
75,5,126.65860700711679,20.085533906614593,19.99006026482642,75.72653483768478,32.01872256474113,26.78128716925768,6.159812474665438,6.147911952144689,1,1,1,5
75,6,73.93539560736728,21.135544853075743,21.219611527068015,70.51062947030641,25.79242610977573,28.5636551825667,6.590401424968687,6.159812474665438,2,1,1,6
75,7,22.82696197302494,22.230350342172336,22.06406823842343,65.31493824687918,30.76074358481608,23.70763850725488,6.3885542042927925,6.590401424968687,3,0,0,7
75,8,10.712975814544729,19.97724133845657,19.789042886718413,60.35801400100358,33.84950972191625,21.945355578774866,6.056993079240105,6.3885542042927925,4,0,0,8
75,9,10.712975814544729,18.530613340895417,18.293069184618886,71.33294627633965,37.836015281993966,23.13583069209533,5.524540110751405,6.056993079240105,4,0,0,9
76,0,86.7752151983809,21.0,21.0,40.0,33.50485911613399,19.047745093036703,2.7940986427010595,0.0,0,0,0,0
76,1,78.39291927027773,22.270097182322683,18.980954901860734,49.459468757650725,33.50485911613399,19.047745093036703,2.7940986427010595,2.7940986427010595,0,0,0,1
76,2,78.39291927027773,18.575809350420254,19.275720853853695,60.35841048385528,37.44561764597466,23.10405861071733,1.420482864278352,2.7940986427010595,0,0,0,2
76,3,77.1809453282575,17.809988429081955,16.718907032004143,56.155019253622584,30.810646636622188,29.17051319541834,0.425507038066358,1.420482864278352,1,1,1,3
76,4,72.75057378959883,18.355002131617404,18.634903660282344,51.311426376298186,29.39781426889224,27.026669745972203,0.5537964423323327,0.425507038066358,2,1,1,4
76,5,57.37158309576144,19.80739805995416,19.70959346825214,46.577421446142196,28.86250629935225,28.170799644225564,1.922373836729674,0.5537964423323327,3,1,1,5
76,6,34.1914200967984,20.93139605925109,20.942406114697917,41.55400963321221,28.171028015677887,27.254461912488868,2.897520374870379,1.922373836729674,4,1,1,6
76,7,11.695204110102923,22.735308761688767,22.679571709314814,52.7414444936328,32.3870588391105,29.765357052115,3.749369331115913,2.897520374870379,4,0,0,7
76,8,11.695204110102923,21.169703194507253,21.13776186812019,63.97940647252604,32.43312210496244,30.0,4.305853257486647,3.749369331115913,4,0,0,8
76,9,11.695204110102923,19.6463478913148,19.486151811358035,75.15012855892398,35.274245520149904,26.785321626505382,5.016752035089215,4.305853257486647,4,0,0,9
77,0,144.79098134983872,21.0,21.0,40.0,28.620354843606734,16.604283629544724,4.139397285665213,0.0,0,0,0,0
77,1,144.79098134983872,19.172407096872135,18.932085672590897,48.14043492516726,28.620354843606734,16.604283629544724,4.139397285665213,4.139397285665213,0,0,0,1
77,2,140.9658289326204,18.07528990281756,18.17048169814647,57.521325793350556,29.906747967338028,22.209312411458072,2.742404308123496,4.139397285665213,0,0,0,2
77,3,130.56632524488452,17.90466382954035,16.04633783189898,53.0824734569773,31.53681862185452,27.13622395384961,2.7793106005651573,2.742404308123496,1,1,1,3
77,4,106.10924998045763,18.145826824141874,18.54670486444438,50.24345342697028,37.69599389139493,29.865005941899373,3.0571344080533605,2.7793106005651573,2,1,1,4
77,5,75.38358276176459,19.906919802784486,19.594212652130924,47.77544707403556,39.62218692814047,30.0,3.840708402336632,3.0571344080533605,3,1,1,5
77,6,39.69238441675992,21.0499264545398,21.02241567730997,44.667353375868636,36.06614612129484,30.0,4.461399793125583,3.840708402336632,4,1,1,6
77,7,9.033464913640465,22.920519169934714,22.779385674229356,56.81183393573739,37.46933644371529,30.0,5.109819917186576,4.461399793125583,4,0,0,7
77,8,9.033464913640465,21.309695428059317,21.27883230254212,68.2706625037966,33.66015871144008,30.0,5.938657512520356,5.109819917186576,4,0,0,8
77,9,9.033464913640465,19.704141691245404,19.676761849285747,79.40041152032998,31.83193898074097,30.0,5.167599464527142,5.938657512520356,4,0,0,9
78,0,113.46364875364752,21.0,21.0,40.0,33.4912242231306,22.07624053967252,4.663755522675906,0.0,0,0,0,0
78,1,113.46364875364752,19.269824484462614,19.04152481079345,50.00214365730456,33.4912242231306,22.07624053967252,4.663755522675906,4.663755522675906,0,0,0,1
78,2,109.2236940994019,18.236689558744263,18.057365530365292,60.93529499041327,40.03335917902833,20.706370449353376,3.909751409048031,4.663755522675906,0,0,0,2
78,3,102.44249069358473,16.312667643003813,15.997035874560254,57.00947219632718,39.99732777369208,21.52587892582965,3.390601702908586,3.909751409048031,1,1,1,3
78,4,79.41725507333162,17.61144787414242,17.490719386000535,53.151687275720136,36.336047909632015,25.56514697588437,2.878154452531639,3.390601702908586,2,1,1,4
78,5,57.289911932817134,18.991452172654704,18.771431288400276,47.92139184843228,33.54405402495851,20.732082490108937,2.765917892564311,2.878154452531639,3,1,1,5
78,6,41.21778784207355,20.17377314438686,20.070905284231806,42.44414167145493,30.673935977514184,22.230229705945003,2.0090155113429478,2.765917892564311,4,1,1,6
78,7,23.41200946298381,22.06824820097729,21.879992214527682,53.62771836956376,36.54339944048313,25.58758221567705,2.967629729848289,2.0090155113429478,4,0,1,7
78,8,10.614982692815232,20.49957713252215,23.37723496814456,63.86958814034912,32.92011225999333,23.979164244369805,4.265675590056193,2.967629729848289,4,0,0,8
78,9,10.614982692815232,20.67569956636225,19.751559128114522,73.98143014486446,29.60952720156772,26.56737282351751,5.11797380976956,4.265675590056193,4,0,0,9
79,0,119.61634166239122,21.0,21.0,40.0,30.807503813548443,18.64224440194048,4.007768253181071,0.0,0,0,0,0
79,1,119.61634166239122,19.21615007627097,18.97284488803881,48.900954678788004,30.807503813548443,18.64224440194048,4.007768253181071,4.007768253181071,0,0,0,1
79,2,116.38777591190441,17.9850365057365,18.030717728578054,57.116423602724,25.969725933269896,19.67176808859674,2.6501905878231597,4.007768253181071,0,1,0,2
79,3,104.93295451779701,18.888662308965085,15.918375600298345,50.92084725777174,23.371290920489397,25.542173829775805,2.2909642788214786,2.6501905878231597,1,1,1,3
79,4,84.79760072376277,18.160768209827555,19.00451741567854,45.402719052668104,27.52195293232688,25.15511259487516,2.5169192242542806,2.2909642788214786,2,1,1,4
79,5,58.43330473272184,19.911908618987944,19.681511496284873,39.935994753899365,25.913130416003447,27.049512368614696,3.295536998880117,2.5169192242542806,3,1,1,5
79,6,27.97562152303776,20.96947000267217,21.01351077124176,35.27611878541488,29.34952596024305,28.09560754817648,3.8072104012105097,3.295536998880117,4,1,1,6
79,7,0.0,22.638433742717993,22.610663029579797,44.08715369776745,24.83905904294019,24.11113491457406,4.66260358717296,3.8072104012105097,4,0,0,7
79,8,0.0,20.98445571880474,20.973277234007533,53.520374647841074,26.69113399644885,25.71564905951573,4.748235062965594,4.66260358717296,4,0,0,8
79,9,0.0,19.415921768452495,19.344847386368592,64.17835189307618,31.466190535951757,27.744794159798808,5.403708387483926,4.748235062965594,4,0,0,9
80,0,142.7215592286871,21.0,21.0,40.0,26.668875993709456,19.651798152097108,4.345339683436851,0.0,0,0,0,0
80,1,142.7215592286871,19.13337751987419,18.993035963041944,48.33772134624518,26.668875993709456,19.651798152097108,4.345339683436851,4.345339683436851,0,0,0,1
80,2,137.77317057058463,18.026192643609757,17.94168654178933,55.151539950461896,22.803377786691687,15.051170014512271,3.579495477606298,4.345339683436851,0,0,1,2
80,3,117.92106535971841,15.863237222546987,18.772822228696825,47.80494537954829,24.153630135147267,18.365288915332712,3.9704210421732458,3.579495477606298,1,1,1,3
80,4,86.07784297054167,18.926089074169866,17.90366706929843,40.651977346063354,25.53597359375954,18.058648442435253,3.9804027986470927,3.9704210421732458,2,1,1,4
80,5,52.925382766754254,19.538475775860825,19.703187934457624,34.73723420721148,28.78718568591612,21.686463542684567,4.144057525473427,3.9804027986470927,3,1,1,5
80,6,23.140328105167328,20.95255301143654,20.708803781722132,30.031969292060054,33.4548759001857,23.738096793417515,3.7231318326983662,4.144057525473427,4,1,1,6
80,7,4.911255585555645,22.521782544779455,22.589811781478527,40.21063643417197,28.401463700136645,28.14668708937397,3.038178753268614,3.7231318326983662,4,0,0,7
80,8,0.0,20.945150421442843,23.94347337241308,50.13564476656093,27.101174540470343,28.03776063946832,1.6370851951852148,3.038178753268614,4,0,0,8
80,9,0.0,21.196353762982145,20.126990038094387,60.11657801564148,31.971485570696498,23.47814359086209,1.460620370893315,1.6370851951852148,4,0,0,9
81,0,29.431511295012854,21.0,21.0,40.0,32.4798363971435,15.52353309201925,3.696061366009841,0.0,0,0,0,0
81,1,29.431511295012854,19.249596727942873,18.910470661840385,48.640606508049295,32.4798363971435,15.52353309201925,3.696061366009841,3.696061366009841,0,0,0,1
81,2,26.905328115350642,18.07988934265528,18.15430195795726,58.56006221066407,32.14212797589164,22.96595926085714,1.9838421851704933,3.696061366009841,0,0,0,2
81,3,21.304437969080897,17.831693278456896,15.929913153285153,52.85108133448428,30.19706997924777,21.41970293086449,1.5121565208146883,1.9838421851704933,1,1,1,3
81,4,17.388656017902537,17.915259094207958,18.39050532768711,48.06525726480456,30.754906019365556,25.99051581574712,0.489472743897295,1.5121565208146883,2,1,1,4
81,5,14.749816402232764,19.5218988544549,19.388128777811232,43.410122368225004,28.51564156338798,28.95583123339225,0.3298549519587216,0.489472743897295,3,1,1,5
81,6,11.24816563919616,20.66529752147153,20.69932049851512,38.72046072674918,28.79252992241598,28.487127624940552,0.4377063453795754,0.3298549519587216,4,1,1,6
81,7,7.341173113642223,22.52767620014635,22.305390202063585,48.79596061512203,33.289477314166845,22.685522065682303,0.651165420925656,0.4377063453795754,4,0,0,7
81,8,1.9032834691286336,23.958360943730092,23.735760815270528,59.22652681860242,36.20594320677768,21.741646812557875,0.9063149407522648,0.651165420925656,4,0,0,8
81,9,1.9032834691286336,22.04495562136838,21.92949158820641,70.34285722649524,35.43479736997602,26.322593784984075,0.6669692918988646,0.9063149407522648,4,0,0,9
82,0,49.870784810570214,21.0,21.0,40.0,32.118625764341864,20.045580003349063,2.3580738591899677,0.0,0,0,0,0
82,1,42.79656323300031,22.24237251528684,19.00091160006698,49.389557038184364,32.118625764341864,20.045580003349063,2.3580738591899677,2.3580738591899677,0,0,0,1
82,2,42.79656323300031,18.546544664970295,19.29680764824657,60.277818292394954,35.79955243282704,24.69078786834289,0.916266914162338,2.3580738591899677,0,0,0,2
82,3,41.37188657026053,17.947573378880417,16.59716853958359,55.868675893818036,35.1928705636875,23.64522722199628,0.4922228837134313,0.916266914162338,1,1,1,3
82,4,37.56619098769778,18.360681712880414,18.606847300280112,50.69533570307961,31.270173857682444,23.32238063821515,0.4757119478203432,0.4922228837134313,2,1,1,4
82,5,36.213477034625264,19.818083996596467,19.690067614483088,46.06302342657061,30.15330021258947,27.44496491791611,0.1690892441340645,0.4757119478203432,3,1,1,5
82,6,36.213477034625264,21.05442215986957,20.962293140247095,42.397433077876194,34.74781961003898,28.221122897214283,0.0,0.1690892441340645,4,1,1,6
82,7,28.810618260112776,22.859413345841272,22.764046336308354,54.30448451665313,36.15028577098298,30.0,1.2338097957520815,0.0,4,0,0,7
82,8,11.028825860521364,24.382974778232704,24.199796684672204,66.33071248776061,38.70089371914127,28.111483898122447,2.9636320665985685,1.2338097957520815,4,0,0,8
82,9,11.028825860521364,22.403712341592446,22.377211028703115,77.5072657405156,33.08234978158966,29.00961273371587,4.735385102262343,2.9636320665985685,4,0,0,9
83,0,45.41033319180681,21.0,21.0,40.0,30.29744152613354,20.98275176836561,2.111446034459793,0.0,0,0,0,0
83,1,39.075995088427426,22.205948830522672,19.019655035367315,49.23043479300985,30.29744152613354,20.98275176836561,2.111446034459793,2.111446034459793,0,0,0,1
83,2,39.075995088427426,18.2715682869636,19.2602903836288,57.458463284257284,22.034785744944717,23.67648365087439,0.5773363591575897,2.111446034459793,0,0,0,2
83,3,37.437072660295165,17.977470576132244,16.490152219806536,52.85731806731748,30.67995391883464,27.09146154261088,0.5254755446074306,0.5773363591575897,1,1,1,3
83,4,37.23047922010403,18.28306454041,18.726233109933794,48.68456050368274,30.15134686869589,30.0,0.0258241800238916,0.5254755446074306,2,1,1,4
83,5,33.13989981526743,19.880004680369844,19.730413755538624,44.6343236894495,30.83201769870422,30.0,0.5113224256045756,0.0258241800238916,3,1,1,5
83,6,31.736931749420183,21.101648412235654,21.024568024477098,41.12588228900569,34.9699377400764,28.87205447968017,0.175371008230905,0.5113224256045756,4,1,1,6
83,7,24.232846627950877,22.837722509212313,22.81106455299701,52.373920941891555,32.4891036271437,30.0,1.2506808535782177,0.175371008230905,4,0,0,7
83,8,8.38968554344642,24.41967015663199,24.238657969738977,64.87500710571001,39.45047868788029,30.0,2.640526847417409,1.2506808535782177,4,0,0,8
83,9,8.38968554344642,22.40000304656823,22.388669196780782,75.50929124187101,31.18061580238675,27.898740509618836,3.649793515350097,2.640526847417409,4,0,0,9
84,0,178.17139300359756,21.0,21.0,40.0,33.42525817019494,23.205074348317183,4.985180508612881,0.0,0,0,0,0
84,1,178.17139300359756,19.2685051634039,19.064101486966344,50.19345985333218,33.42525817019494,23.205074348317183,4.985180508612881,4.985180508612881,0,0,0,1
84,2,173.533959749751,18.156365490860512,18.1432381615222,61.374133907748444,35.35192434812153,26.762931509746625,4.444664822477446,4.985180508612881,0,0,0,2
84,3,164.77512014568805,16.258769598771444,16.09480902576359,57.79824371388847,35.93110764562279,27.53616905515513,4.379419802031475,4.444664822477446,1,1,1,3
84,4,124.08452413102563,17.63115155913176,17.576409565304427,54.533615205455646,35.196508286484296,30.0,5.0863245018328005,4.379419802031475,2,1,1,4
84,5,82.04862229734755,19.090242381621273,18.99431890338287,51.344729892935106,35.61730381933035,30.0,5.25448772920976,5.0863245018328005,3,1,1,5
84,6,38.669098722035145,20.45966223597281,20.33826710278142,48.24114753318962,36.799908972835375,29.291300139689685,5.42244044691405,5.25448772920976,4,1,1,6
84,7,10.133625831794703,22.221497704607906,22.146583999872615,58.721963459980316,31.896683691736225,26.330071457100964,4.755912148373406,5.42244044691405,4,0,0,7
84,8,10.133625831794703,20.746593119914454,20.563031283064873,69.45842951087735,34.97441551480144,24.672618101293164,4.525128556229441,4.755912148373406,4,0,0,8
84,9,10.133625831794703,19.136195437164794,19.103481634928936,80.67625726521308,33.355191483200976,28.966073818664164,4.1343955875923895,4.525128556229441,4,0,0,9
85,0,219.6231494072867,21.0,21.0,40.0,32.71446738656055,22.068956455189312,7.212015054668651,0.0,0,0,0,0
85,1,219.6231494072867,19.254289347731213,19.041379129103788,49.86101629151497,32.71446738656055,22.068956455189312,7.212015054668651,7.212015054668651,0,0,0,1
85,2,210.84091093005804,18.2094260958173,18.116949454074753,60.82484854131957,37.541562901541525,23.36861626403956,7.789259514443041,7.212015054668651,0,0,0,2
85,3,210.84091093005804,17.040481959439408,16.730415824124325,72.18797840889226,40.0094778280926,23.119021436200143,7.858237884307617,7.789259514443041,0,1,1,3
85,4,154.02557633745232,18.264643740065342,18.163982095607807,68.43264711345965,36.07722797232219,26.39315371971887,7.101916824075714,7.858237884307617,1,1,1,4
85,5,105.55814869392601,19.626182399548902,19.445326222664956,64.23566367480714,35.28474609260663,24.73201258154608,6.05842845544079,7.101916824075714,2,1,1,5
85,6,67.42833261143404,20.848791008722145,20.80930730652883,60.87932867213365,34.68702776292505,30.0,4.766227010311496,6.05842845544079,3,1,1,6
85,7,32.299633402009995,21.963695774944412,21.89477189550442,57.40624958301552,34.03844950489925,30.0,4.391087401178006,4.766227010311496,4,1,1,7
85,8,6.984036872237912,23.507146582207202,23.439354131930457,69.00247610999423,34.42348070543724,30.0,4.219266088295347,4.391087401178006,4,0,0,8
85,9,6.984036872237912,21.762860912994377,21.643389090590976,81.06076212737206,36.99047787432122,30.0,3.725028458529561,4.219266088295347,4,0,0,9
86,0,72.54429357755572,21.0,21.0,40.0,28.11959436668013,18.532111711560244,6.032954694450151,0.0,0,0,0,0
86,1,72.54429357755572,19.162391887333605,18.970642234231207,48.39730709408327,28.11959436668013,18.532111711560244,6.032954694450151,6.032954694450151,0,0,0,1
86,2,65.86946647274007,18.015182634286788,18.017207343646884,56.474002730556286,25.89197295128752,18.97855836245149,5.131881555186517,6.032954694450151,0,0,0,2
86,3,59.15356012320217,15.946742706628987,15.846537088481682,50.019853834914244,26.228430423365204,21.24852015640127,3.3579531747689524,5.131881555186517,1,1,1,3
86,4,43.460721133895426,17.205257113714406,17.179540039768938,43.88877010624318,26.030347516210725,23.24140954672781,1.9616048736633425,3.3579531747689524,2,1,1,4
86,5,38.85297799969827,18.64418474188116,18.608116006921147,39.873928132624094,31.608924279649404,29.419731422466786,0.5759678917746444,1.9616048736633425,3,1,1,5
86,6,29.347665279127238,20.119936578703545,19.956247803145743,37.015951503969,38.09057759932536,29.365107797035236,1.1881640900713784,0.5759678917746444,4,1,1,6
86,7,17.599757879566315,22.03830896898702,21.901541386478335,49.488819440553264,39.29371075880148,30.0,1.957984566593487,1.1881640900713784,4,0,1,7
86,8,8.101839534223673,20.55403867733472,23.4861528956482,61.26906394850543,35.44580282195648,30.0,3.1659727817808805,1.957984566593487,4,0,0,8
86,9,8.101839534223673,20.737983568178137,19.87830843479922,71.7588320037647,28.63926629506424,29.63722290082053,4.006147371966305,3.1659727817808805,4,0,0,9
87,0,254.15872107546053,21.0,21.0,40.0,28.89998725413445,17.394499605093863,7.169425421129109,0.0,0,0,0,0
87,1,254.15872107546053,19.17799974508269,18.947889992101878,48.333007634661094,28.89998725413445,17.394499605093863,7.169425421129109,7.169425421129109,0,0,0,1
87,2,243.08586231932887,18.103573281610284,18.06162739871005,57.34172391359977,29.504415487248508,20.544008284633048,8.285949072393771,7.169425421129109,0,0,0,2
87,3,243.08586231932887,16.769213972979887,16.619229951024376,66.56828548866812,29.693532379162782,21.56514303788363,9.229554426245931,8.285949072393771,0,1,1,3
87,4,187.0772524513522,18.61916009334341,18.652550847968616,75.8985964064171,26.20764162611661,25.627419028044372,9.334768311329446,9.229554426245931,0,1,1,4
87,5,124.31152350614369,19.817295342423968,19.765521696516803,69.47439936263187,24.865585366364343,22.777764390384416,7.845716118151063,9.334768311329446,1,1,1,5
87,6,77.62581329628179,20.92429541327517,20.890184323953537,63.38389898226998,25.98968963189492,23.507530477205744,5.835713776232738,7.845716118151063,2,1,1,6
87,7,36.289707933039416,21.948494247773525,21.831928101844664,57.94172248765642,29.719496555318408,23.37952291905067,5.167013170405298,5.835713776232738,3,1,1,7
87,8,0.0,22.740576252734556,22.66671131247928,53.91719777304888,33.20830094916067,27.766561747464124,4.536213491629927,5.167013170405298,4,0,0,8
87,9,0.0,20.923403151845854,20.934378948148616,64.50689916439174,29.695429342520125,29.13624505382905,4.132317525556623,4.536213491629927,4,0,0,9
88,0,82.20004705390019,21.0,21.0,40.0,33.9930016225108,23.28203541412352,2.1900827343048066,0.0,0,0,0,0
88,1,75.62979885098578,22.279860032450216,19.065640708282473,50.309506666594174,33.9930016225108,23.28203541412352,2.1900827343048066,2.1900827343048066,0,0,0,1
88,2,75.62979885098578,18.471848218079394,19.393224385102172,60.56529586491822,29.56054408436665,27.41606257298917,0.665652896477803,2.1900827343048066,0,0,0,2
88,3,74.67274598529181,17.804849216740248,16.633945252244274,55.06007839649496,26.470086633169405,26.27870520892363,0.3310841508743067,0.665652896477803,1,1,1,3
88,4,67.93987589482848,18.36200643025879,18.630389995053694,50.968719255907985,32.37397077888328,28.22958955118908,0.841608761307918,0.3310841508743067,2,1,1,4
88,5,53.24761473444987,19.874834204631725,19.67003351011625,46.46542587398393,32.26465901046929,26.05037775661933,1.8365326450473267,0.841608761307918,3,1,1,5
88,6,31.102572860258107,20.95396254019127,20.984425854207704,41.79749293411609,29.474608636600063,27.925763919689707,2.76813023427397,1.8365326450473267,4,1,1,6
88,7,9.600338534184113,22.811022189140957,22.621432242820966,52.61994505751702,34.57364081232357,25.551093206570474,3.583705721012332,2.76813023427397,4,0,0,7
88,8,9.600338534184113,21.134416310630268,21.155561080420796,63.5581689084603,31.2772604941457,29.490649788872524,4.123291512711265,3.583705721012332,4,0,0,8
88,9,9.600338534184113,19.586046705167806,19.508349297979482,74.52760783889698,32.25451310193657,28.686814289378347,4.632790858059635,4.123291512711265,4,0,0,9
89,0,100.19380144876729,21.0,21.0,40.0,25.451274024758565,22.90210619952161,2.1076070372282003,0.0,0,0,0,0
89,1,93.87098033708268,22.109025480495173,19.058042123990433,48.70360844037043,25.451274024758565,22.90210619952161,2.1076070372282003,2.1076070372282003,0,0,0,1
89,2,93.87098033708268,18.419785732504167,19.210848814823873,58.29476353961411,29.74789561369203,23.536299382106197,0.1630536790164121,2.1076070372282003,0,0,0,2
89,3,91.65230619578224,17.88778771409594,16.454136727761863,53.067041193511216,32.70464430430528,21.585787106234186,0.7460348938421937,0.1630536790164121,1,1,1,3
89,4,74.96875706222059,18.24879743476898,18.55274485632551,48.042642064688714,30.863699278529857,24.556305561345123,2.085443641695208,0.7460348938421937,2,1,1,4
89,5,47.10813442874772,19.802226287019657,19.574952595209027,43.576067677256795,32.661752224058645,25.857278956875135,3.4825778291841094,2.085443641695208,3,1,1,5
89,6,20.88308705907211,20.82370757964117,20.826631488165063,37.67397034146056,26.90340682049278,23.64049686952814,3.278130921209451,3.4825778291841094,4,1,1,6
89,7,0.0,22.521299354359837,22.52851753836622,47.385884157139856,26.775154462798177,27.179922290975707,3.480514509845352,3.278130921209451,4,0,0,7
89,8,0.0,20.915059239998698,20.964039972438254,57.72556846836663,27.442690617926555,30.0,3.683303640843687,3.480514509845352,4,0,0,8
89,9,0.0,19.351164010836662,19.279099448636735,67.84592775251264,29.546367684329223,26.67785056092639,4.973497430452348,3.683303640843687,4,0,0,9
90,0,174.2651356368815,21.0,21.0,40.0,28.98970170703149,22.45824879712918,6.617059226320238,0.0,0,0,0,0
90,1,174.2651356368815,19.17979403414063,19.049164975942585,49.26063109074892,28.98970170703149,22.45824879712918,6.617059226320238,6.617059226320238,0,0,0,1
90,2,167.22984016539897,18.05841628627169,18.070911069503296,58.84114717432724,29.69262644288172,23.53246291033116,6.148805805650116,6.617059226320238,0,0,0,2
90,3,167.22984016539897,16.75132409621511,16.667412681589077,68.63091836241225,29.19788334720543,25.18973436437796,6.079983234448373,6.148805805650116,0,1,1,3
90,4,133.3104108354632,18.694078287807663,18.71529865883911,78.95485121239454,28.776417583859995,28.57876491604169,5.653238221655965,6.079983234448373,0,1,1,4
90,5,95.45684219329442,19.967866188384857,19.973741668648817,74.64467688823399,29.38792042133023,30.0,4.731696080271095,5.653238221655965,1,1,1,5
90,6,55.92231814723218,21.303805688276235,21.12096329325188,71.14057408001429,36.46004152857455,27.406053981315985,4.941815505757779,4.731696080271095,2,1,1,6
90,7,16.215468363128487,22.268420338977556,22.18458999813848,66.80834659405615,33.09977791155359,26.16562494423448,4.963356223012962,4.941815505757779,3,0,0,7
90,8,7.668465694771074,20.02020105038025,19.91965118648228,62.12894122555427,31.810792574570463,25.525844267085763,4.273501334178706,4.963356223012962,4,0,0,8
90,9,7.668465694771074,18.531795514681644,18.46644044501992,73.26895351390657,33.332479299534256,28.55647785797851,3.9874483760263217,4.273501334178706,4,0,0,9
91,0,195.47603978931562,21.0,21.0,40.0,34.971743829866924,22.02957570915735,4.682381795911601,0.0,0,0,0,0
91,1,195.47603978931562,19.29943487659734,19.04059151418315,50.260237517024365,34.971743829866924,22.02957570915735,4.682381795911601,4.682381795911601,0,0,0,1
91,2,191.51164115836866,18.024143486405812,18.092773215109087,60.11605840731774,29.087153266660543,25.66740723496929,3.9595998477428873,4.682381795911601,0,0,0,2
91,3,184.05044846436985,16.168617254625197,15.94491512388612,55.8595163012736,34.920768897524106,24.765108291119624,3.7305963469993983,3.9595998477428873,1,1,1,3
91,4,149.51115931075458,17.484105887365537,17.369590193391694,51.35447699252228,33.693326916690914,24.61201025691284,4.31741114420191,3.7305963469993983,2,1,1,4
91,5,107.09866886959091,18.793092007506168,18.704880777594283,45.752602034668065,29.170051347450265,23.041754442248557,5.301561305145457,4.31741114420191,3,1,1,5
91,6,63.710723942542195,19.997238187891835,19.981612777718016,40.028681165843054,26.81910595417078,24.714666996801395,5.423493115881088,5.301561305145457,4,1,1,6
91,7,34.35028616791523,21.764298628244802,21.808430975096588,49.98586300485104,26.6727203466978,28.6449565366799,4.893406295771161,5.423493115881088,4,1,1,7
91,8,8.401497712495281,23.40285842883747,23.29381356778834,61.64810941779336,34.790257849679534,30.0,4.324798075903325,4.893406295771161,4,0,0,8
91,9,8.401497712495281,21.65720049136597,21.535800603793707,73.81076787118607,37.637996017710336,29.932328723360296,4.21290674893594,4.324798075903325,4,0,0,9
92,0,48.323984643057564,21.0,21.0,40.0,27.065947488318407,17.376935257325343,4.661795681377699,0.0,0,0,0,0
92,1,48.323984643057564,19.14131894976637,18.94753870514651,47.999718894215874,27.065947488318407,17.376935257325343,4.661795681377699,4.661795681377699,0,0,0,1
92,2,44.01631268431715,18.136230924686025,18.064193035052654,56.284248755851024,29.494278177715454,16.530887720257606,2.900088198674786,4.661795681377699,0,0,0,2
92,3,38.749172023987676,17.838570101526546,15.926999852382712,50.094039989094014,28.00786036073844,20.935424268389266,1.3891117352713782,2.900088198674786,1,1,1,3
92,4,31.76453010176311,17.93342175086675,18.34810610392817,45.05798228595852,31.6472855333335,23.70794944924712,0.873080240278071,1.3891117352713782,2,1,1,4
92,5,24.821917414072065,19.465712055174016,19.34475318294827,39.70310203559552,26.705838462230226,26.878160146864204,0.8678265859613807,0.873080240278071,3,1,1,5
92,6,16.034671067163096,20.70093250533463,20.51820604696981,34.510580577544886,32.71834895067292,21.76764294904577,1.098405793363621,0.8678265859613807,4,1,1,6
92,7,10.197304997237657,22.32933366360543,22.229582245543636,43.297109716595784,28.2712592755334,20.542791496971606,0.9728943449875732,1.098405793363621,4,0,0,7
92,8,0.0,23.740296184178042,23.55552922499818,52.363627765449664,30.552081972887542,19.81746274296733,1.6995508328729427,0.9728943449875732,4,0,0,8
92,9,0.0,21.721678275236002,21.63787258839366,61.17209149341395,27.948849164808426,20.987060434993165,1.87858257132217,1.6995508328729427,4,0,0,9
93,0,70.52432735854796,21.0,21.0,40.0,28.27672314685522,22.63261691160744,3.072379387462028,0.0,0,0,0,0
93,1,70.52432735854796,19.165534462937106,19.05265233823215,49.16368121052328,28.27672314685522,22.63261691160744,3.072379387462028,3.072379387462028,0,0,0,1
93,2,69.9374611857316,17.954403079800954,18.01880114030372,57.4112214593938,24.6029400383865,21.2167280108942,0.5121653530295818,3.072379387462028,0,1,0,2
93,3,68.99537143610101,18.897004682866083,15.799416199559477,50.56474698800071,24.6054086528025,20.69195539501366,0.1884179499261205,0.5121653530295818,1,1,1,3
93,4,61.86051410886736,17.987324108498147,18.988641669137333,44.23873806944825,22.293394279507464,25.89544506186779,0.8918571659042063,0.1884179499261205,2,1,1,4
93,5,47.6426216229396,19.921515265035392,19.552379283621,39.22977443888368,29.47139663455322,26.034360973421364,1.7772365607409708,0.8918571659042063,3,1,1,5
93,6,22.3163347414245,20.9157787632807,20.892504848324783,33.96578109921623,30.394830679874104,23.694095210862294,3.165785860189388,1.7772365607409708,4,1,1,6
93,7,0.0,22.74791522299106,22.547698377781803,44.6105144825429,34.74867933497493,24.388728350173245,3.71938912357075,3.165785860189388,4,0,0,7
93,8,0.0,21.103514349191947,20.985413075630543,54.84769937006037,32.890782865653094,23.98246650944396,3.8348572223139703,3.71938912357075,4,0,0,8
93,9,0.0,19.4979926870997,19.408789536528648,65.75711901127801,33.41978176381356,27.18810513184,3.66131683950656,3.8348572223139703,4,0,0,9
94,0,221.76433252810403,21.0,21.0,40.0,29.554693354139125,18.02535461582833,7.811426527632514,0.0,0,0,0,0
94,1,221.76433252810403,19.191093867082785,18.96050709231657,48.564408634594145,29.554693354139125,18.02535461582833,7.811426527632514,7.811426527632514,0,0,0,1
94,2,211.14630212468967,18.132459543354834,18.07844772696342,57.730642144286875,29.99998355987032,20.923535938422617,7.915596555623323,7.811426527632514,0,0,0,2
94,3,211.14630212468967,16.772925576305195,16.692349919395802,67.27846448564271,28.9412087716588,24.102248680318056,7.713137180669317,7.915596555623323,0,1,1,3
94,4,171.78441675204965,18.767328889006386,18.638017584521002,77.18915946258642,31.36680830824302,23.692608230333143,6.560314228773335,7.713137180669317,0,1,1,4
94,5,125.80926526752205,19.825877280848648,19.869773018685333,70.69801395319566,23.508148256082208,23.76326558063576,5.74689393556595,6.560314228773335,1,1,1,5
94,6,83.5796103237313,20.98972921835454,20.905038120672483,64.41615257821366,26.005111144437336,22.42899232788485,5.278706867973844,5.74689393556595,2,1,1,6
94,7,41.35712612972765,21.94321258891475,21.883886445417,58.74373667145582,28.028292634620712,23.791618994502397,5.277810524250457,5.278706867973844,3,1,1,7
94,8,0.0,22.654372621077982,22.57106383153071,52.70447079722216,27.41859394204349,22.36326231221393,5.169640766215956,5.277810524250457,4,0,0,8
94,9,0.0,20.853360283923084,20.719829748179926,62.20583758964352,30.355764849687365,22.42960621932021,4.993070247271379,5.169640766215956,4,0,0,9
95,0,140.48750633105257,21.0,21.0,40.0,32.571571039308665,22.40559973019679,5.317958751712844,0.0,0,0,0,0
95,1,140.48750633105257,19.251431420786176,19.048111994603936,49.895890738510985,32.571571039308665,22.40559973019679,5.317958751712844,5.317958751712844,0,0,0,1
95,2,135.3043093644719,18.115330798333822,18.07127294930368,59.37913895654508,31.559716313492576,21.124996008919044,4.512108285838666,5.317958751712844,0,0,0,2
95,3,127.28324760588008,16.01935656113263,15.98593408676144,53.583956201352635,26.734932518137946,24.40294106412629,4.010530879295906,4.512108285838666,1,1,1,3
95,4,102.27239960342087,17.321500172235076,17.282895396219207,47.711970299874515,26.571382676297155,24.13980675993552,3.126356000307401,4.010530879295906,2,1,1,4
95,5,79.17383617709285,18.676756679212097,18.555864070880947,41.7412611766075,28.393214574878197,21.76951251808285,2.887320428291002,3.126356000307401,3,1,1,5
95,6,48.99158535569312,19.930692083067175,19.790858110908907,35.85098484663857,29.70733183874901,20.90224410586804,3.772781352674967,2.887320428291002,4,1,1,6
95,7,24.849676389356826,21.70215321606087,21.534323131898223,44.8660236374394,30.286281314144414,19.79726752363799,4.023651494389383,3.772781352674967,4,1,1,7
95,8,0.0,23.16383934122178,22.949120519675002,53.998512197417085,31.99471994760506,18.741327607826527,4.141612731559471,4.023651494389383,4,0,0,8
95,9,0.0,21.22011961306082,21.026519520015665,62.37198129146621,29.710029860088312,16.80924288462907,4.606456320129894,4.141612731559471,4,0,0,9
96,0,130.00795822785858,21.0,21.0,40.0,30.951060259904587,16.20258696163729,5.189564356705251,0.0,0,0,0,0
96,1,130.00795822785858,19.219021205198093,18.92405173923275,48.48765649987754,30.951060259904587,16.20258696163729,5.189564356705251,5.189564356705251,0,0,0,1
96,2,124.31698382220696,18.109045698454118,18.078824568340465,57.53938859382839,32.69917114618926,17.58822937575991,4.25090791983298,5.189564356705251,0,0,0,2
96,3,117.70725237542312,16.077540432794436,15.93870702771057,51.832558346962,29.51185402832009,22.116866822422164,3.3048657233919205,4.25090791983298,1,1,1,3
96,4,96.13519634493485,17.300231791268892,17.240933425428242,45.30274909752096,26.05201732458676,21.00459795629633,2.696507003811034,3.3048657233919205,2,1,1,4
96,5,74.32556821106645,18.667690337730882,18.59058794248876,40.075123594626234,29.51778233903909,24.77318708932355,2.7262035167335497,2.696507003811034,3,1,1,5
96,6,46.607987888802306,19.990640283526826,19.87330254743735,35.258555003524734,31.799020835715226,24.775598102609774,3.464697540283019,2.7262035167335497,4,1,1,6
96,7,24.791631616410104,21.84764629142928,21.680875558984116,45.74862295681078,34.18837897981699,24.08977631621657,3.6360593787320337,3.464697540283019,4,1,1,7
96,8,0.0,23.28897024334889,23.16334235258198,55.569717562215345,31.67229611085739,22.889340585834667,4.131938602735017,3.6360593787320337,4,0,0,8
96,9,0.0,21.36137311461145,21.35700044304612,65.44003932371817,28.469086418503974,26.36603447873395,4.592179556820354,4.131938602735017,4,0,0,9
97,0,251.2748726825535,21.0,21.0,40.0,25.74624457539805,23.994707833016637,7.161468431630273,0.0,0,0,0,0
97,1,251.2748726825535,19.11492489150796,19.079894156660334,48.95337143351465,25.74624457539805,23.994707833016637,7.161468431630273,7.161468431630273,0,0,0,1
97,2,241.28273199059498,18.070077199584254,18.063400984127732,58.10587624694095,27.24755569183167,23.5996932716478,8.146168038116139,7.161468431630273,0,0,0,2
97,3,241.28273199059498,16.692120595981663,16.671568630427934,67.36659776618497,26.28809719711157,25.1603556875774,8.945759258582381,8.146168038116139,0,1,1,3
97,4,189.94139381239657,18.72579402339945,18.615338952379524,77.52222004465327,31.125578401785297,25.294545367483057,8.5568896963664,8.945759258582381,0,1,1,4
97,5,126.99219460321629,20.04765184509038,19.88864894114059,73.71705824729756,35.900258416517154,26.29328715372887,7.868649901147535,8.5568896963664,1,1,1,5
97,6,70.6424216016617,21.1113367351539,21.139869838327552,68.69388104015977,28.19259084712164,27.2342024465573,7.043721625194324,7.868649901147535,2,1,1,6
97,7,17.26562123493087,22.118789978415123,22.15146809090309,64.1227386491992,27.938097827996906,30.0,6.672100045841353,7.043721625194324,3,0,0,7
97,8,7.2916655039868115,19.917153192061065,19.89731962548846,59.79521187604267,29.896512284109445,29.39500564279867,4.986977865472029,6.672100045841353,4,0,0,8
97,9,7.2916655039868115,18.447898370346717,18.426782704570694,70.83880349777293,31.353286787390346,30.0,4.023472954179632,4.986977865472029,4,0,0,9
98,0,103.65350039850838,21.0,21.0,40.0,32.36557186423817,17.598937635510342,4.164480213099557,0.0,0,0,0,0
98,1,103.65350039850838,19.247311437284765,18.951978752710207,48.993611709954735,32.36557186423817,17.598937635510342,4.164480213099557,4.164480213099557,0,0,0,1
98,2,100.1379007695383,18.204968403177112,18.069131797267307,59.573524310075825,36.255569754784936,22.52172246811,2.918470662313587,4.164480213099557,0,0,0,2
98,3,89.23358477858916,17.940253014525883,16.08905453123419,55.93260073629412,36.20402772264635,26.90195242301085,2.9424141428703865,2.918470662313587,1,1,1,3
98,4,67.9428967400215,18.175405732951926,18.54620055754469,52.72097446048238,37.35960057705839,28.131364557320808,2.661336004820958,2.9424141428703865,2,1,1,4
98,5,49.786446624909736,19.784334964964465,19.515293982861365,48.203932268267565,33.06439061197947,25.174263875715987,2.269556264388969,2.661336004820958,3,1,1,5
98,6,29.8114174870277,20.85881585853594,20.829834548190902,43.2747914514199,30.71694896648893,25.2322687176907,2.4968786422352545,2.269556264388969,4,1,1,6
98,7,9.42026102953341,22.631326305614017,22.52325477878427,53.61926114689235,31.65378604131045,25.815490044647596,3.3985260762490483,2.4968786422352545,4,0,0,7
98,8,9.42026102953341,21.100584231166813,20.899826539629053,64.20215953080432,35.2264186949781,23.567461215643934,4.217509699698926,3.3985260762490483,4,0,0,8
98,9,9.42026102953341,19.4638176935128,19.374945497673348,75.21639277765784,34.322579934890555,26.86760476985126,4.536949672707271,4.217509699698926,4,0,0,9
99,0,98.17183817648744,21.0,21.0,40.0,30.8160831342532,21.123359991682484,2.3091296276005293,0.0,0,0,0,0
99,1,91.24444929368585,22.216321662685065,19.022467199833653,49.34909976266842,30.8160831342532,21.123359991682484,2.3091296276005293,2.3091296276005293,0,0,0,1
99,2,91.24444929368585,18.446755768150442,19.263867661681246,59.07921261437672,30.55420238786085,23.50198012162969,1.1908137979180042,2.3091296276005293,0,0,0,2
99,3,86.68356783050388,17.944870835895525,16.57897243936619,54.84462293434213,33.584646196717216,26.223188914201728,1.533824359173963,1.1908137979180042,1,1,1,3
99,4,71.32391325938535,18.34043477753707,18.698803237410292,50.485942769623776,30.84424824181074,28.27419528753179,1.9199568213898148,1.533824359173963,2,1,1,4
99,5,54.501334969432776,19.901366895061013,19.715920220358353,46.255007117699726,31.86247105206172,27.96566421502689,2.1028222862440717,1.9199568213898148,3,1,1,5
99,6,32.99635259420733,21.026153700832076,20.981764590241443,41.62624610246452,31.30957500493805,26.30841935486638,2.6881227969031807,2.1028222862440717,4,1,1,6
99,7,9.724753585223583,22.715585293029278,22.739788368640212,52.0917791301697,28.798766516115133,29.343083637802536,3.878599834830625,2.6881227969031807,4,0,0,7
99,8,9.724753585223583,21.21543415557723,21.109115810890668,63.15551039923319,33.209022408591885,28.25615130842749,5.148069847758547,3.878599834830625,4,0,0,8
99,9,9.724753585223583,19.580177721104132,19.442049441985688,73.19539190827632,32.13915431045234,23.637965184231728,5.428476534698603,5.148069847758547,4,0,0,9
