day,hour,cost_to_go,T1,T2,H,Occ1,Occ2,price_t,price_previous,vent_counter,low_override_r1,low_override_r2,current_time
0,0,50.87252071348618,21.0,21.0,40.0,32.969097664154,15.4710408718597,3.48812593193225,0.0,0,0,0,0
0,1,33.90242180614331,21.124486951926944,21.909420817437194,48.71922493648246,32.969097664154,15.4710408718597,3.48812593193225,3.48812593193225,0,0,0,1
0,2,33.90242180614331,19.922272309269232,19.393153212854912,58.35209347337499,34.098941577065816,19.416994739003783,2.237250383112821,3.48812593193225,0,0,0,2
0,3,33.81030389882576,18.19220865816809,18.176867698882777,68.14002304022256,33.61700679934285,20.76037968314361,1.1091079406719566,2.237250383112821,0,0,0,3
0,4,32.55765752145345,18.221973089183034,18.266752705087736,78.98910121625781,35.44515142724666,24.827505106282526,0.5295048776649726,1.1091079406719566,0,0,0,4
0,5,28.17363764091958,19.61941227267568,19.55591476334863,75.23967383725861,32.503181227782214,30.0,0.5480024850667341,0.5295048776649726,1,0,0,5
0,6,25.907667366493285,20.82426880549838,20.833104129892785,71.03588126398216,30.24481328432489,29.73411686413934,0.2832462843032866,0.5480024850667341,2,0,0,6
0,7,17.772790096895875,21.781691527757673,21.88076880735999,65.80461173374793,24.59216549300006,29.67855933903202,1.016859658699676,0.2832462843032866,3,0,0,7
0,8,7.4275266469388725,21.3370348034618,21.708383648639458,60.00838268395103,25.69321559175705,25.438845242704595,1.7412889228068242,1.016859658699676,4,0,0,8
0,9,1.310354897760551,19.426358271770848,19.135235857780184,54.38258938756617,29.555435016300837,22.523491114894377,2.587035092277435,1.7412889228068242,5,0,0,9
1,0,148.7762285643033,21.0,21.0,40.0,25.7342414983848,16.144992366405123,3.0877237926443666,0.0,0,0,0,0
1,1,132.48018048312082,21.392374537837043,21.922899847328104,47.53826209566218,25.7342414983848,16.144992366405123,3.0877237926443666,3.0877237926443666,0,0,0,1
1,2,132.48018048312082,19.785637884223508,19.56304960290229,55.19141872958136,22.844535639400757,19.67300121570576,1.9380198740122785,3.0877237926443666,0,0,0,2
1,3,132.15700488073094,18.265143911014746,18.18500008578583,64.19587133470586,28.60173119013869,21.42300550499739,1.4607419500760848,1.9380198740122785,0,0,0,3
1,4,125.54040725837369,18.464266069652826,19.423274216791956,72.81074753653974,24.350130853755847,23.510292489765718,1.679428147216791,1.4607419500760848,0,0,0,4
1,5,104.22723636818097,20.4254860035199,19.89004455546059,67.9927544775367,34.47682771181968,22.089877515941293,2.66414636127409,1.679428147216791,1,0,0,5
1,6,79.84359386826083,20.635870481207608,21.25472631389939,62.68286142636451,32.21286023602414,21.62106725746368,3.326581122230468,2.66414636127409,2,0,0,6
1,7,69.71515354152747,19.393960355577192,18.91575732862704,58.28654075079517,37.02063365464495,21.88869592552539,4.319931073264391,3.326581122230468,3,0,0,7
1,8,38.13556103076681,19.37982126011082,18.791077081406687,53.52519174854169,35.76509059783254,21.116303834092516,5.473906504024445,4.319931073264391,4,0,0,8
1,9,36.227590787791314,17.90622990385011,17.87205364191625,65.10577819743516,40.34709562158727,23.989495761154217,5.904224431669166,5.473906504024445,4,1,1,9
2,0,48.8173184454488,21.0,21.0,40.0,27.721293233033787,22.818338600598924,2.160487259115344,0.0,0,0,0,0
2,1,38.51774627036688,20.93745645110009,22.0405812279244,49.09713373005388,27.721293233033787,22.818338600598924,2.160487259115344,2.160487259115344,0,0,0,1
2,2,38.51774627036688,19.790678996749683,19.447999562440675,58.49182733229344,26.389921148875032,25.80282108578918,0.7137980780762005,2.160487259115344,0,0,0,2
2,3,38.37487660918939,18.16835284776115,18.10975634424305,67.68950366257089,27.307563536933053,23.790638297941637,1.127224405034616,0.7137980780762005,0,0,0,3
2,4,30.59040119369999,19.302880518372366,19.192368331584092,62.22536708732025,29.69078795928531,23.286231067100054,0.9730594269361756,1.127224405034616,1,0,0,4
2,5,20.07121591987989,20.407738212232328,20.314743459287822,56.14749467672955,27.937397972883996,21.629977523834345,1.3148981592275122,0.9730594269361756,2,0,0,5
2,6,13.594525248089782,19.778251279825227,20.947448949331918,50.94872968949066,31.100262650557788,23.35104297589282,1.119287504319607,1.3148981592275122,3,0,0,6
2,7,9.83114798621774,19.65100183219863,20.96544843353367,44.46180637519686,25.032606994366216,22.26226348177931,0.6344183009513386,1.119287504319607,4,0,0,7
2,8,2.805874094362039,20.71801717628875,20.92066361546581,38.25517891327986,26.46592526731451,22.386144388702185,0.9595502087439296,0.6344183009513386,5,0,0,8
2,9,1.81737926183523,19.453654379555427,19.12424991170376,46.3280115242492,25.930922895586534,18.918147165354213,2.5247596241545507,0.9595502087439296,5,0,0,9
3,0,132.33188379638312,21.0,21.0,40.0,32.26903443186937,16.978933102062314,3.585774298766909,0.0,0,0,0,0
3,1,114.75405978559466,21.14748063866302,21.93957866204125,48.864634156107705,32.26903443186937,16.978933102062314,3.585774298766909,3.585774298766909,0,0,0,1
3,2,114.75405978559466,19.93230438366389,19.46177258019746,58.77483826478002,33.350904657636065,21.70578483498792,2.587347300506578,3.585774298766909,0,0,0,2
3,3,114.73059007459891,18.17650841367155,18.22331008236011,68.85379811521634,30.62293243831953,25.37128895299335,2.1985683194967263,2.587347300506578,0,0,0,3
3,4,110.01801249353906,18.249390987987148,18.20925044442041,79.72314731807145,33.82197200642916,26.56330134276599,2.043891145314259,2.1985683194967263,0,0,0,4
3,5,101.09083983264037,18.18886506666514,18.218733973144683,76.56088787921502,35.765225339686424,30.0,1.7187117207507852,2.043891145314259,1,0,0,5
3,6,89.59369578408288,17.982662838544808,18.016492631536703,72.35971944071693,32.03362218255116,27.959886492459493,2.379156159448504,1.7187117207507852,2,1,0,6
3,7,66.77486509737128,19.3789705617193,18.769712047422342,67.61181945749844,31.57855164606743,25.377559558274285,3.032438910503157,2.379156159448504,3,1,0,7
3,8,39.56253563246642,20.177609395098393,20.06897123747724,63.775981048419766,35.46929499083572,26.55382495872718,3.450322844313641,3.032438910503157,4,1,0,8
3,9,14.71370497291102,20.940556418993467,19.95729580127247,59.49606348015257,31.929797814504514,27.62621569512222,3.5145769360620824,3.450322844313641,5,1,0,9
4,0,149.68074407822945,21.0,21.0,40.0,31.365327650566044,22.007154082152155,6.196280805323791,0.0,0,0,0,0
4,1,120.95380860011164,20.863464335504954,22.040143081643045,49.607046711889275,31.365327650566044,22.007154082152155,6.196280805323791,6.196280805323791,0,0,0,1
4,2,120.95380860011164,19.873091882680452,19.37348570494257,59.675716691222405,31.633591567781178,24.30346387295844,6.631269941074765,6.196280805323791,0,0,0,2
4,3,120.6868035183148,18.244357447213225,18.242790348000135,71.42871682747575,36.35146392844239,28.94298127296512,5.966692813805103,6.631269941074765,0,0,0,3
4,4,91.05105522874055,18.28868782508786,18.17292941297746,68.99888856706754,41.51534535158693,28.31894209058969,5.446658238456807,5.966692813805103,1,0,0,4
4,5,69.03098867759915,18.02608210787271,18.183621158188206,65.75638970120758,35.319450745222504,30.0,4.401857685064957,5.446658238456807,2,0,0,5
4,6,55.24550899567076,18.098390022122917,17.922791825632842,61.67321923477422,37.37420676699273,23.27484619726643,2.746402626053583,4.401857685064957,3,0,1,6
4,7,39.78663132018704,17.98187395563524,19.27405803193103,58.21242852263234,39.33264963313126,24.77406863274712,2.3895662425722803,2.746402626053583,4,1,1,7
4,8,26.685201254873775,20.817515787597547,20.241865629460527,70.30512040724344,38.29068417179338,28.890937409379404,2.1835716775522105,2.3895662425722803,4,1,1,8
4,9,8.967596129614668,21.29771125074689,21.343568893203184,66.76434399424842,35.002111755189766,28.660241505949053,2.214700640657388,2.1835716775522105,5,1,1,9
5,0,259.6116965209752,21.0,21.0,40.0,32.81367886473842,16.657447977782923,7.626198917282052,0.0,0,0,0,0
5,1,223.67056604278284,20.96912343448177,21.93314895955566,48.90480283165384,32.81367886473842,16.657447977782923,7.626198917282052,7.626198917282052,0,0,0,1
5,2,223.67056604278284,19.840045672338977,19.317999298564995,58.18749294771116,31.606218228676816,19.96428241608611,7.878775016079938,7.626198917282052,0,0,0,2
5,3,222.06787683428598,18.19511209875594,18.169233050768067,68.04928940948483,33.86182316647451,20.925934954490288,7.568433150630026,7.878775016079938,0,0,0,3
5,4,205.23817077873395,18.213788564217772,18.228850347538934,78.55745253781963,35.28074154611529,23.09794250018918,7.125964206016454,7.568433150630026,0,0,0,4
5,5,171.49101173868658,18.122630053487956,18.136458416392212,73.69741189507597,33.91224422051305,22.42086331979994,6.429694540942667,7.125964206016454,1,0,0,5
5,6,145.6668298712698,17.980061544739105,18.127575262611092,68.7747942881088,30.050576373092493,25.934881365978743,5.009785486844997,6.429694540942667,2,1,0,6
5,7,116.35456139910636,19.356275483104778,17.957219212728845,63.46076083796737,27.15033819019525,26.66058708679685,4.404552951104948,5.009785486844997,3,1,1,7
5,8,80.86249338485021,19.59011587919628,19.889069448705204,58.46542998320365,30.809830415752774,24.771664835559893,4.436508501782018,4.404552951104948,4,1,1,8
5,9,48.01063801327119,21.51272875019669,21.14479133850593,70.27040139514993,39.74787077635845,25.835303734454214,5.475309228596505,4.436508501782018,4,1,1,9
6,0,99.98397520462994,21.0,21.0,40.0,29.01257819165574,17.67497995388691,5.474584484043433,0.0,0,0,0,0
6,1,72.64011206679793,21.18573803026811,21.9427050983125,48.40376046619768,29.01257819165574,17.67497995388691,5.474584484043433,5.474584484043433,0,0,0,1
6,2,72.64011206679793,19.835777350389918,19.53104858621785,57.73349632378941,27.85689903172367,23.974966843785936,3.747444294252605,5.474584484043433,0,0,0,2
6,3,72.59258027651948,18.216518440212464,18.18818520497445,68.00556498806338,31.18282104234684,25.88422709250853,2.551421025749117,3.747444294252605,0,0,0,3
6,4,67.39372794077283,18.121496544672617,18.16752052230763,77.54140371591035,27.98713844472981,24.989743376642245,2.2803624656912547,2.551421025749117,0,0,0,4
6,5,58.798109718869355,18.245806429433763,18.13749995255532,72.8269998816591,32.77745991641811,24.364741004408312,1.5642797222848843,2.2803624656912547,1,0,0,5
6,6,52.93613231494996,18.043332437406733,18.077012589368817,68.16439305801254,32.079336702378924,25.35062538847351,1.1661518939420097,1.5642797222848843,2,0,0,6
6,7,42.68025032004222,17.913359021362847,18.153016118869566,63.19344673073677,30.61203285489704,25.1049319935709,1.914012476004954,1.1661518939420097,3,1,0,7
6,8,27.603820532841414,19.267587033485988,18.144651598949082,58.447753917795765,30.453227872145572,26.515145389293345,2.145279352704473,1.914012476004954,4,1,0,8
6,9,14.6362923418391,20.18336456485477,20.445522515881056,68.91671645358218,30.45012968760041,27.7107732889908,2.16845960480527,2.145279352704473,4,1,0,9
7,0,272.7661041108954,21.0,21.0,40.0,30.779173783334635,20.680614680722343,7.845378414083635,0.0,0,0,0,0
7,1,235.93342811420652,21.09683591685515,21.827184506207978,49.262761923530256,30.779173783334635,20.680614680722343,7.845378414083635,7.845378414083635,0,0,0,1
7,2,235.93342811420652,19.8030369289763,19.326702803360693,58.11454585737656,31.01902742537257,18.15754998488469,7.8555193269582,7.845378414083635,0,0,0,2
7,3,233.83402235249605,18.21289470188759,18.23701543513602,68.31552102443551,34.16376251975196,22.508321741686643,7.363419334507431,7.8555193269582,0,0,0,3
7,4,219.2589049070893,18.265342880860373,18.253388507900496,79.84769515109312,38.16039673152284,25.90723730546388,6.486336047065486,7.363419334507431,0,0,0,4
7,5,185.20191460187607,18.120542109741002,18.129127630585458,75.92689694068889,36.68750221857296,24.863618834736847,6.722156230436796,6.486336047065486,1,0,0,5
7,6,150.4797017587462,18.03850072253883,18.116184687471563,72.36695919000292,35.74779326113881,27.808108123939096,6.86363749154476,6.722156230436796,2,0,0,6
7,7,116.1291840709873,17.951300182863633,17.967710064807058,69.10942189872846,36.17754748869626,29.05835644866782,6.884333312292993,6.86363749154476,3,1,1,7
7,8,65.28497473470783,19.34109775231524,19.134116681154882,66.3736770242022,39.11882801297138,29.015922684104915,6.355526167034934,6.884333312292993,4,1,1,8
7,9,31.999509205689566,20.89749332219558,20.852188557423126,78.14026879928726,35.36995430602813,30.0,5.547577588169711,6.355526167034934,4,1,1,9
8,0,69.45743664840533,21.0,21.0,40.0,32.21736375634937,19.458250283585784,2.6155685206487416,0.0,0,0,0,0
8,1,57.23656609529008,20.96316443737628,21.942705098312498,49.30161052718833,32.21736375634937,19.458250283585784,2.6155685206487416,2.6155685206487416,0,0,0,1
8,2,57.23656609529008,19.841390640401755,19.40556752286492,59.355382527134005,31.47616742569292,24.378121462894168,1.0817492472498542,2.6155685206487416,0,0,0,2
8,3,57.19182081569699,18.216082639085993,18.22898412780358,70.71475542908586,34.780299379992755,28.32732785307307,0.9714126554572792,1.0817492472498542,0,0,0,3
8,4,48.35730902943665,19.442287457192936,19.238830534360694,65.57108477163821,32.368354523625115,22.389030712776854,1.104313973282543,0.9714126554572792,1,0,0,4
8,5,35.178666956777846,20.64170740126327,20.571454433688253,62.40379378499277,36.150887258824426,29.586385037589807,1.6473302590823506,1.104313973282543,2,0,0,5
8,6,26.667655346112767,20.365630889338274,21.353688326670056,59.09212757334362,36.34963410056533,28.58555361249489,1.3886982011258318,1.6473302590823506,3,0,0,6
8,7,23.307953636956732,19.05984458340702,18.59967652197836,53.33264010251982,29.761861114551024,21.574319603094565,1.679850854578018,1.3886982011258318,4,0,0,7
8,8,6.3998115747859705,19.782065225957545,19.831275428192015,46.741893266619556,25.580041971796938,21.138031162090503,2.113517757771345,1.679850854578018,5,0,0,8
8,9,0.4855581322815929,19.559309318610623,19.246207462183296,56.88567914887919,29.933941262016344,26.420424750537165,2.6739149201227184,2.113517757771345,5,0,0,9
9,0,191.30571578504313,21.0,21.0,40.0,33.24437219818739,19.98399187856279,4.816835470534411,0.0,0,0,0,0
9,1,169.00070334897774,21.0805709517047,21.814632475181302,49.581105533815034,33.24437219818739,19.98399187856279,4.816835470534411,4.816835470534411,0,0,0,1
9,2,169.00070334897774,19.727327144288644,19.338104026952553,58.08753008683389,27.85407359904675,19.40384058439131,3.2669729024753416,4.816835470534411,0,0,0,2
9,3,167.98292632039733,18.093121019040236,18.251207893031918,66.99291484850224,25.01012455105857,24.464235235987815,2.6687820699070857,3.2669729024753416,0,0,0,3
9,4,161.59951138856079,18.34633300336994,18.21087770053934,77.57581240610489,33.056264888307936,25.737610431706766,2.567717479794837,2.6687820699070857,0,0,0,4
9,5,145.6595404669845,18.149415610817428,18.234175260251195,73.91102780332514,33.02704542917933,29.946373444266555,3.102838238833836,2.567717479794837,1,0,0,5
9,6,108.97926077412667,19.692038119486774,19.559901944565816,70.67140232414258,35.33541400454128,30.0,4.58503496160723,3.102838238833836,2,0,0,6
9,7,61.088274806231205,20.95324219453927,20.766462939351968,67.43934224071302,38.349224682063095,27.028219298883776,5.986373245986933,4.58503496160723,3,0,0,7
9,8,48.419874935174846,18.940939104393088,18.775777150479037,64.89148518041836,40.11917920538199,29.059392681869905,6.334199935528179,5.986373245986933,4,0,0,8
9,9,45.550040214091496,17.870095619164776,17.833401949737613,78.01248977949496,42.89446999487001,30.0,5.905328841960904,6.334199935528179,4,1,1,9
10,0,78.05407153088663,21.0,21.0,40.0,25.90433139596119,21.46027891507768,3.540414306427775,0.0,0,0,0,0
10,1,60.66836976344413,21.117781996703496,21.94015067774667,48.525629855987,25.90433139596119,21.46027891507768,3.540414306427775,3.540414306427775,0,0,0,1
10,2,60.66836976344413,19.866506111185867,19.43492767553747,57.83797104307545,30.489310191965156,21.24591862519289,1.297423150968267,3.540414306427775,0,0,0,2
10,3,60.611378483848725,18.236504612640818,18.21544517584079,68.51786032649848,34.814540824005924,24.518177417233144,0.7176368103101821,1.297423150968267,0,0,0,3
10,4,51.95554409800306,19.570090206701344,19.35298275201358,65.49603189860704,38.858330954607,27.68706666821836,1.0819792982307084,0.7176368103101821,1,0,0,4
10,5,42.15616402042244,20.773731021374278,20.639094590426147,62.16587966959523,37.41046049216204,27.422027124438983,1.224922509697578,1.0819792982307084,2,0,0,5
10,6,31.391691028637016,20.237863658842183,21.546470219945874,58.69951491133878,37.64807241751762,26.427678925502114,1.7847754515640313,1.224922509697578,3,0,0,6
10,7,20.556133955675456,19.568046140772417,20.8534359248887,55.02327966164998,35.70869080442363,27.201113363971903,2.4229912642094638,1.7847754515640313,4,0,0,7
10,8,1.7925393442812927,20.155529764505985,20.989563560242544,52.54766558658852,39.57992180521409,30.0,2.8478227644657115,2.4229912642094638,5,0,0,8
10,9,1.7925393442812927,19.28221287825045,18.89748182846387,64.55835378617903,36.72604555328055,30.0,3.4331580719918824,2.8478227644657115,5,0,0,9
11,0,113.72805351589577,21.0,21.0,40.0,34.82587986096777,15.596075442048257,4.799463810209832,0.0,0,0,0,0
11,1,90.83169019395737,21.06712619587808,21.911921508840965,49.07595195454289,34.82587986096777,15.596075442048257,4.799463810209832,4.799463810209832,0,0,0,1
11,2,90.83169019395737,19.862144645063587,19.355733924891904,58.27526444554273,31.8779489654034,19.22934265126242,3.0888686722699545,4.799463810209832,0,0,0,2
11,3,90.47094787080968,18.18217441753318,18.151064251663623,67.77372495931408,33.48666984206323,19.282555234444267,2.157889836550654,3.0888686722699545,0,0,0,3
11,4,85.42413538802546,18.182667773517874,18.20830327054789,77.4535413304281,33.34954868670936,20.42720893059076,2.0767827911476653,2.157889836550654,0,0,0,4
11,5,76.41305182641113,18.036215518366895,19.08340609740329,71.61956964450617,27.660324605054164,23.26205491760185,1.4385763034231056,2.0767827911476653,1,0,0,5
11,6,70.27800799585326,17.9545052138443,18.021105750681304,64.53478840893945,22.52084021289357,21.452597367291343,1.3668413493684646,1.4385763034231056,2,1,0,6
11,7,59.94284965683827,19.289242403013606,17.910666796345495,57.84531090353846,27.3761145069524,18.79345490748656,1.5169632672668991,1.3668413493684646,3,1,1,7
11,8,41.47890959607108,19.392356086022897,19.718365928343463,50.453852748402255,23.323909449951604,18.945767465958323,2.307992507595899,1.5169632672668991,4,1,1,8
11,9,22.309702192741103,20.984357166991156,20.874651486352725,58.056774081754384,21.41679412453456,20.82165772742172,3.1948679005549963,2.307992507595899,4,1,1,9
12,0,53.00722612608468,21.0,21.0,40.0,26.68594523517113,17.989768671675385,3.320456356147975,0.0,0,0,0,0
12,1,36.25067235621184,21.19727026004533,21.942705098312498,48.041628503232374,26.68594523517113,17.989768671675385,3.320456356147975,3.320456356147975,0,0,0,1
12,2,36.25067235621184,19.805969541354948,19.542859242216508,57.11597892230178,26.19352513331667,24.21953275040224,1.379961674883056,3.320456356147975,0,0,0,2
12,3,36.18500859456179,18.28518112198189,18.17373756304757,67.62059750663646,32.9525812324119,25.406410902780777,1.0389320555536008,1.379961674883056,0,0,0,3
12,4,26.481298145476284,19.42441588683164,19.385961778319203,63.52806337463066,32.095695704802225,28.501336895165583,1.212963806135689,1.0389320555536008,1,0,0,4
12,5,18.116921345114527,20.59984655879108,20.553915150584327,58.77916790166276,29.91198137187892,27.03859933385496,1.0455471000452197,1.212963806135689,2,0,0,5
12,6,11.540737338862002,20.53307549347479,21.461677827119267,53.658757968493006,26.158520167291893,28.728091315098357,0.9876173510915758,1.0455471000452197,3,0,0,6
12,7,6.709162604115301,19.646694222957837,20.932673896068305,47.68956551073374,20.808959032893394,29.362193979555126,1.02903309974266,0.9876173510915758,4,0,0,7
12,8,0.44779241956656124,20.464139136433797,20.958830734480813,41.351360009428845,23.20573386964927,24.915346678656856,0.8752623497073209,1.02903309974266,5,0,0,8
12,9,0.21680941391817465,19.405078989766192,19.293625637435692,51.00098456439417,25.91552896350606,27.693496341856868,0.434782182388589,0.8752623497073209,5,0,0,9
13,0,186.2916783491285,21.0,21.0,40.0,29.72369114070828,15.898684800310212,4.21110481848003,0.0,0,0,0,0
13,1,165.21042752170234,21.200583083004773,21.917973696006207,48.21202766938333,29.72369114070828,15.898684800310212,4.21110481848003,4.21110481848003,0,0,0,1
13,2,165.21042752170234,19.93865059497123,19.419154397754557,57.54065446355119,33.51982753892794,18.305876873115736,3.424457236432632,4.21110481848003,0,0,0,2
13,3,164.91542226482653,18.100793201782484,18.280406458396705,67.05306477284032,28.020524147543284,24.82619979295188,3.3656848806544994,3.424457236432632,0,0,0,3
13,4,155.13607166182004,18.201256220303417,18.14817825167252,76.3730017906637,28.812825331466435,22.964602545330152,4.099675905398395,3.3656848806544994,0,0,0,4
13,5,120.87589305857782,19.452609831703448,19.47149400971109,71.49082537076474,28.031045814821496,28.179085185739893,4.282522325405276,4.099675905398395,1,0,0,5
13,6,111.09454243309516,18.03380389462822,18.09066283651085,66.69754130074213,26.85649546185668,29.847481926906653,3.5456457282568987,4.282522325405276,2,0,0,6
13,7,91.49325538745948,17.977025859272775,17.93334428958148,62.12889680078315,28.57253350987129,29.37944149035664,3.803194774135694,3.5456457282568987,3,1,1,7
13,8,55.72058197737885,19.14370147221342,19.158923900750594,57.909835182115074,29.894102118510705,30.0,4.471584176260079,3.803194774135694,4,1,1,8
13,9,27.631989451505362,20.75085697806874,20.700092480766056,68.38580656024446,30.254864713342,27.944976276265702,4.6814320876455815,4.471584176260079,4,1,1,9
14,0,303.8951533390099,21.0,21.0,40.0,26.261996141262443,21.0592616014806,6.718174782949236,0.0,0,0,0,0
14,1,270.5067598472346,21.24015786648028,21.876128086952676,48.517826393693746,26.261996141262443,21.0592616014806,6.718174782949236,6.718174782949236,0,0,0,1
14,2,270.5067598472346,19.918331990090802,19.51425350786434,58.53787142210776,33.165643814379706,22.501273010142626,7.095742357852822,6.718174782949236,0,0,0,2
14,3,270.5067598472346,18.281343269878533,18.21945959298749,69.30984642409005,34.49983332225874,25.34447224430956,7.694860524137188,7.095742357852822,0,0,0,3
14,4,255.43322690528692,18.15277156591477,18.278520751738764,80.62606874570497,32.86790178674952,30.0,7.050950652109013,7.694860524137188,0,0,0,4
14,5,221.07797076151635,18.172586000723022,18.146311526564,77.11236881290304,33.99720182290064,29.8155763281998,6.646314502466072,7.050950652109013,1,0,0,5
14,6,189.56794348078535,18.02580061163993,18.05044700213181,73.25358917367151,32.42248732052146,29.47318135041445,6.363956709058075,6.646314502466072,2,0,0,6
14,7,153.50508429790753,17.952115062267765,17.909073572039436,69.17681547358009,32.89298551828559,27.79160503676208,7.0802229645063335,6.363956709058075,3,1,1,7
14,8,98.27188003934415,19.21010154145214,18.968413109564732,64.23912762521888,34.3158890617833,21.585845113987737,6.904150532320421,7.0802229645063335,4,1,1,8
14,9,41.307173188211,20.02442741029805,19.883307207456244,59.43146228139557,33.65270902180258,22.97137240140121,7.120588356391643,6.904150532320421,5,1,1,9
15,0,340.3182568214839,21.0,21.0,40.0,27.966960170684136,18.15766526431868,7.050567612508024,0.0,0,0,0,0
15,1,305.6968740958314,21.0902264882616,21.9427050983125,48.302432578300504,27.966960170684136,18.15766526431868,7.050567612508024,7.050567612508024,0,0,0,1
15,2,305.6968740958314,19.92508363266462,19.36642624881169,57.72796742996174,33.754886275556096,18.60919623367299,7.3089941957224385,7.050567612508024,0,0,0,2
15,3,304.8704074395874,18.126548183928936,18.26576652210834,67.71637343939324,31.09362215775104,24.397522339090624,7.830606684433463,7.3089941957224385,0,0,0,3
15,4,286.04135094461844,18.321241253712774,18.220149170131766,79.23990972417641,37.885175012142064,26.134471014431107,8.107222169388034,7.830606684433463,0,0,0,4
15,5,244.63697716377825,18.093390093207407,18.17462074354669,75.47554353974644,35.054679672512414,27.36550819176548,8.20384800459809,8.107222169388034,1,0,0,5
15,6,207.23172621904246,17.984358540833668,18.01375812925728,70.66291915575974,31.40786162982004,25.18866957025388,7.443866152515507,8.20384800459809,2,1,0,6
15,7,159.18966614790557,19.258037060813574,17.989585029104816,65.22472475980602,25.58847613483113,27.532666109870476,7.168868827600191,7.443866152515507,3,1,1,7
15,8,101.13582624102358,19.485710312153017,19.944402843532075,60.32131246300813,26.092153906678394,30.0,7.25672998836025,7.168868827600191,4,1,1,8
15,9,40.47597411152262,20.7036774602434,20.433591441271506,56.44150778521775,34.2013879395368,27.577474961627782,7.582481516187621,7.25672998836025,5,1,1,9
16,0,256.7992679820995,21.0,21.0,40.0,34.62841056110579,15.575079902738878,7.829453572332031,0.0,0,0,0,0
16,1,219.49640016660848,21.056996210043526,21.91150159805478,49.036628283492036,34.62841056110579,15.575079902738878,7.829453572332031,7.829453572332031,0,0,0,1
16,2,219.49640016660848,19.927542565837086,19.332599155023047,58.701763295261685,35.31239211518222,18.38280239464918,7.930253572494083,7.829453572332031,0,0,0,2
16,3,218.72928187414234,18.161365152602883,18.159981238981644,68.18673077048724,33.81239940752076,18.88186434373233,6.4602827464301935,7.930253572494083,0,0,0,3
16,4,205.2856616512238,18.14708537157516,18.232604006041115,77.75151910501,31.89615815503073,21.24155481454018,5.504462078246204,6.4602827464301935,0,0,0,4
16,5,178.96353183271708,18.160737636583434,18.11033652601258,72.05597490289695,32.433039984202544,19.258381115169357,4.865354860642032,5.504462078246204,1,0,0,5
16,6,151.13653765327385,18.01177947591574,18.09669662117112,66.30540734419037,30.157268695613837,21.228467089349618,5.313745548315031,4.865354860642032,2,0,0,6
16,7,124.20380783632226,17.969218198701324,17.969777531730003,61.037109589741036,31.48292371505573,22.58208876022572,5.106062982650403,5.313745548315031,3,1,1,7
16,8,81.03010903392932,19.106590953058824,19.097079267629205,55.69558438981484,27.062693804896934,26.59549952884645,5.396712350299118,5.106062982650403,4,1,1,8
16,9,43.75282642519568,20.566278321603217,20.566744307209163,64.11175103117796,23.437928671026736,23.31855266987953,6.212880434788941,5.396712350299118,4,1,1,9
17,0,57.275987373021074,21.0,21.0,40.0,25.81871451238587,16.634519240858396,2.162420574632746,0.0,0,0,0,0
17,1,45.99114168181538,21.334991715362747,21.93269038481717,47.64158207558397,25.81871451238587,16.634519240858396,2.162420574632746,2.162420574632746,0,0,0,1
17,2,45.99114168181538,20.966898537279402,22.005406025747018,56.28930012919906,26.516221983085657,21.52665609255376,0.0,2.162420574632746,0,0,0,2
17,3,45.99114168181538,22.236259793275984,21.822642629606154,50.01244674424899,26.782585747821816,21.67933989134448,0.0,0.0,1,0,0,3
17,4,42.88178955197222,22.229578421782676,21.157975182460024,43.38388655570696,28.990997005707317,17.517001946836952,0.5165919559576447,0.0,2,0,0,4
17,5,37.545721832818906,19.957030668331598,21.220330495188037,37.530960010150736,29.866339952854123,20.95073479405577,1.3251348068830813,0.5165919559576447,3,0,0,5
17,6,28.051137987192313,19.033803260357622,20.362348984093515,32.455696892193416,34.11946184014111,21.0179652823182,2.353769172298984,1.3251348068830813,4,0,0,6
17,7,18.028245133740867,19.59820793319431,21.027337143891582,41.42097206200832,28.96850244820124,20.838581828548215,2.718104942269352,2.353769172298984,4,0,0,7
17,8,5.465350542613179,20.05865857919453,21.391091916921823,51.29064718941295,30.047536454031103,24.783992031550195,3.485124369501524,2.718104942269352,4,0,0,8
17,9,4.306817151491398,19.306616096452693,18.962763949729293,59.295741863996305,23.54493328550933,20.92781490662042,4.446323825838461,3.485124369501524,4,0,0,9
18,0,232.9126982607733,21.0,21.0,40.0,34.443744382523725,18.677464581644607,5.439305139141203,0.0,0,0,0,0
18,1,207.97606828580018,20.873399810793565,21.973549291632892,49.5618176135503,34.443744382523725,18.677464581644607,5.439305139141203,5.439305139141203,0,0,0,1
18,2,207.97606828580018,19.846852252254273,19.36624554049946,59.78810178830429,32.17039161744754,24.64229824229684,5.173678751356942,5.439305139141203,0,0,0,2
18,3,207.73411006330184,18.252571726404494,18.099849047058356,70.4861729242241,37.29897793767242,22.13475059521549,4.217622972729792,5.173678751356942,0,0,0,3
18,4,182.27397279786544,18.10276733187375,18.185964395938548,65.44544607120515,33.166834700111565,22.16246056089426,4.482768212362283,4.217622972729792,1,0,0,4
18,5,154.10559534440662,18.113685123305903,18.17370037286361,60.29118868371181,31.351090865406764,23.34747920407466,5.170269087811764,4.482768212362283,2,0,0,5
18,6,123.92694265267676,18.00978716958305,18.07327569423902,54.853188840241856,28.975704260183488,24.14651883165008,5.846342420194445,5.170269087811764,3,0,0,6
18,7,94.09189751266828,18.07106604019284,17.951922747653004,50.65339631776001,35.39375135420171,24.60740129867693,5.669045191098707,5.846342420194445,4,0,1,7
18,8,58.33868335860174,17.800620808108146,19.156383596023673,46.39901727818587,32.92479175960908,26.77310246497904,5.452723249038635,5.669045191098707,5,1,1,8
18,9,27.769812524891996,20.462863891126634,19.88911265041202,57.883762248190735,36.07762946962353,27.72650925262572,5.09481180561829,5.452723249038635,5,1,1,9
19,0,73.01491516235976,21.0,21.0,40.0,27.195361581889124,23.8040828251533,2.545518663374168,0.0,0,0,0,0
19,1,60.82845658693521,21.137345501398677,21.870060093116265,49.17989999326764,27.195361581889124,23.8040828251533,2.545518663374168,2.545518663374168,0,0,0,1
19,2,60.82845658693521,19.825880868993504,19.536463414863082,59.44970500203058,30.267313050831127,26.78715922007411,0.3549780248563962,2.545518663374168,0,0,0,2
19,3,60.82845658693521,20.36254308066769,20.519401226967165,53.820906841130636,24.28029346821377,27.78193897123093,0.0,0.3549780248563962,1,0,0,3
19,4,55.14387785381718,21.36141520566228,21.36605131480325,49.15566486385332,27.41532234845933,30.0,0.7105723416397536,0.0,2,0,0,4
19,5,50.95204894908143,20.209323676254353,20.612182693085042,44.44837085692348,29.202045367427065,27.97965459407385,1.0130715244407815,0.7105723416397536,3,0,0,5
19,6,39.84407776549785,19.97861718571855,20.585943266567135,40.217293471306704,35.477716024779184,24.34963183290538,2.046172676393698,1.0130715244407815,4,0,0,6
19,7,17.48437367042687,19.49648788560477,21.003233159029072,34.9241813739783,31.08223794740131,22.84491706744089,3.836821516281724,2.046172676393698,5,0,0,7
19,8,3.118610253979423,20.19822431674605,21.285734605932383,45.668874810542206,34.2152484678489,25.47749284639502,3.9305006163559337,3.836821516281724,5,0,0,8
19,9,3.118610253979423,19.308370741860728,18.883630878812358,55.045513892529385,28.50838907949843,23.58405026487481,4.076617915245646,3.9305006163559337,5,0,0,9
20,0,166.22677639068306,21.0,21.0,40.0,34.03487760059643,23.695520081705304,4.413504388883472,0.0,0,0,0,0
20,1,146.9264661185463,20.685763846085095,22.041856700626326,50.39147158281431,34.03487760059643,23.695520081705304,4.413504388883472,4.413504388883472,0,0,0,1
20,2,146.9264661185463,19.833039823478074,19.268491213368428,60.58021625569502,32.24508737946167,24.35904969209785,3.656268232980983,4.413504388883472,0,0,0,2
20,3,146.56076532989306,18.07502538055524,18.16137521542837,70.19656629242833,28.496356407223654,24.927810463516977,2.2581158873762464,3.656268232980983,0,0,0,3
20,4,133.16466313480046,18.286652127386283,18.274343360826457,66.52449218382688,33.55845294528952,29.37446867359129,2.2689235808457227,2.2581158873762464,1,0,0,4
20,5,120.71670631198512,18.077981739199334,18.162510626528174,62.31684936677297,29.957539905256056,30.0,2.464436646974297,2.2689235808457227,2,0,0,5
20,6,88.69106367680689,19.51507904697075,19.430229556813956,57.476638638442495,29.708907464702243,26.73436626679511,4.00320532939728,2.464436646974297,3,0,0,6
20,7,50.43902456569525,20.088256629698822,20.518839649870863,52.20701565734592,32.15673728843194,21.90091281658705,5.176360699970475,4.00320532939728,4,0,0,7
20,8,39.27382537762826,18.33943448580808,18.031301707443493,46.55746976247089,30.44743043317154,21.49953681752274,5.582599594033492,5.176360699970475,5,0,0,8
20,9,28.534888719485064,17.828106662828418,17.762496262108414,55.56073373127677,31.12327340584094,18.89485975419172,5.259059928808536,5.582599594033492,5,1,1,9
21,0,120.44310691447892,21.0,21.0,40.0,34.599403986625305,23.335456982769287,2.858771193312025,0.0,0,0,0,0
21,1,107.80166818165209,20.837975511142055,21.9427050983125,50.428274974491025,34.599403986625305,23.335456982769287,2.858771193312025,2.858771193312025,0,0,0,1
21,2,107.80166818165209,19.92374914266262,19.41973908256149,62.36484783455082,37.47192643224938,28.842367234749485,0.8403912450439786,2.858771193312025,0,0,0,2
21,3,107.80166818165209,18.441219246303493,18.287466112053536,75.90945320507352,45.24780761401495,30.0,0.1857265619816808,0.8403912450439786,0,0,0,3
21,4,96.15127063365324,19.84754489570959,19.48251391281733,74.30893930949911,47.49971781369669,26.941871655334356,1.4562996934998558,0.1857265619816808,1,0,0,4
21,5,76.55189282873948,21.020055504773417,20.809744961059035,71.43497538329842,41.67892950288291,25.687937573779973,2.44992222561422,1.4562996934998558,2,0,0,5
21,6,60.306168898872315,19.849747112028115,21.712199667440647,68.29462081428133,36.89217430811269,28.99474475290343,3.009923317181913,2.44992222561422,3,0,0,6
21,7,40.5056871625444,20.27171639730348,21.56621326576155,64.86418009735128,34.2753293503886,30.0,3.2667265873939293,3.009923317181913,4,0,0,7
21,8,34.130345717682005,19.071343588976813,18.625598916423037,61.18074060549844,32.86978060081759,30.0,3.187670722431196,3.2667265873939293,5,0,0,8
21,9,20.977383821098744,17.689192667188248,17.753871792354555,55.82226478878053,26.599923791479128,26.96409944897689,3.2638060420261024,3.187670722431196,6,1,1,9
22,0,70.04813047118456,21.0,21.0,40.0,28.166889866459577,18.23033519432189,2.6887926733070837,0.0,0,0,0,0
22,1,56.57779527170461,21.173145854754495,21.96460670388644,48.35150051094067,28.166889866459577,18.23033519432189,2.6887926733070837,2.6887926733070837,0,0,0,1
22,2,56.57779527170461,19.77223835665661,19.41262717704677,55.96818635890426,24.211783810544198,18.10313756703134,0.7776770281755178,2.6887926733070837,0,0,0,2
22,3,56.18656060920497,18.248296100082307,18.239551316923578,65.2754989599211,29.126588814660344,22.580703413210927,1.0496384388982352,0.7776770281755178,0,0,0,3
22,4,48.19812699119026,19.387030681794343,19.301319546869923,59.85039517052708,28.80529816515105,24.38856967154888,0.9985542022518386,1.0496384388982352,1,0,0,4
22,5,43.776724504736165,20.603341659136845,20.434808091909765,55.04941430814128,33.18678140820518,23.474436022984865,0.5526753108067615,0.9985542022518386,2,0,0,5
22,6,35.11243044265497,20.201115005437483,20.53675918609073,49.68874436235444,30.516199506748173,23.035634127769363,1.5660713540913638,0.5526753108067615,3,0,0,6
22,7,21.85189433829173,20.215602249877694,20.854042652471897,45.84063785130118,35.74286794254805,26.212095884933824,2.1806331198379447,1.5660713540913638,4,0,0,7
22,8,2.948964427467251,19.804457775205524,21.32090158619691,42.49337382101879,35.553164894724866,29.18425715926184,3.107746286490346,2.1806331198379447,5,0,0,8
22,9,1.816056282675456,19.42688443954058,18.956736115217026,54.32542900825613,35.73363992909633,30.0,4.690460433701024,3.107746286490346,5,0,0,9
23,0,130.20514672317273,21.0,21.0,40.0,25.76796364159105,19.968384727961094,5.173609915985651,0.0,0,0,0,0
23,1,104.6303632868646,21.058674260165137,21.999367694559222,48.23254270651938,25.76796364159105,19.968384727961094,5.173609915985651,5.173609915985651,0,0,0,1
23,2,104.6303632868646,19.865451864132677,19.466295969480928,57.81682514539924,29.54670338300439,23.69931016632816,3.286395155416964,5.173609915985651,0,0,0,2
23,3,104.58296047356919,17.993857981375218,18.200563057593158,66.45089693499445,21.739602451765208,26.227463045985957,2.162845408407277,3.286395155416964,0,1,0,3
23,4,99.99725858041462,19.865018436500968,18.188974424119486,75.28828131370287,22.69090546100109,26.405674420712387,1.0635553338752883,2.162845408407277,0,1,0,4
23,5,87.57314381377483,19.956506522223798,20.349682691736092,69.38800096709252,27.045561924466508,23.508436149920485,1.5606017023440475,1.0635553338752883,1,1,0,5
23,6,64.57662264833957,21.331934306888154,20.97066779784895,64.32992532746489,26.75863675896801,28.47427635421184,2.9779084133665665,1.5606017023440475,2,1,0,6
23,7,39.530322294814546,22.137323587586554,19.158643248687248,59.57385803593384,30.631875924912688,26.27886134435924,5.009260070705006,2.9779084133665665,3,0,0,7
23,8,4.971134866242954,20.08879414541605,21.117949822187406,54.52959049917634,30.27656062484088,25.03306417095077,5.620503144535842,5.009260070705006,4,0,0,8
23,9,4.971134866242954,19.226915513271578,18.780696557570593,64.49216476879262,31.11062373234024,24.237011098861345,5.905771797368791,5.620503144535842,4,0,0,9
24,0,186.72060527740166,21.0,21.0,40.0,28.419619496676518,21.42062755476349,5.087325733921341,0.0,0,0,0,0
24,1,161.938418386571,21.14938550317614,21.918777826718483,48.971244469259204,28.419619496676518,21.42062755476349,5.087325733921341,5.087325733921341,0,0,0,1
24,2,161.938418386571,19.863716342818783,19.59429372672388,59.609903892621446,30.516954707366715,28.586708755756867,5.010087191728491,5.087325733921341,0,0,0,2
24,3,161.938418386571,18.17386121836518,18.24534279467477,69.44155021631012,27.543758889885048,27.076498463940936,4.904317147026156,5.010087191728491,0,0,0,3
24,4,150.95410615571387,18.24884980988425,18.17497536817765,79.7502396033066,30.71573955284951,26.55475704157539,4.743365091974677,4.904317147026156,0,0,0,4
24,5,126.62961750369324,18.187161109709226,18.077211667262617,74.73828398304971,32.573795038310955,22.91534040470633,4.600169728623603,4.743365091974677,1,0,0,5
24,6,104.27732316427031,17.93090606778017,18.080602233659146,68.79859484537141,26.254353342943705,24.080707003287944,4.326078929465744,4.600169728623603,2,1,0,6
24,7,75.89957490617164,19.288689804007227,18.00519173169324,63.360665712876894,25.91757725826013,27.205038672325863,4.2130602986728585,4.326078929465744,3,1,0,7
24,8,50.04304437111176,19.512897723283125,17.79685674083455,57.55351914417935,26.523532237626466,24.547875714053824,4.354107433346229,4.2130602986728585,4,1,1,8
24,9,19.592903390364313,19.335528593774686,19.670329453103665,51.66592217635606,29.81251653007518,20.81194475979547,3.806267622593431,4.354107433346229,5,1,1,9
25,0,58.54948617899593,21.0,21.0,40.0,32.18852103928587,21.555851194735737,3.82053127158419,0.0,0,0,0,0
25,1,40.777055757771,20.98792084578693,21.938788337249687,49.67398700212389,32.18852103928587,21.555851194735737,3.82053127158419,3.82053127158419,0,0,0,1
25,2,40.777055757771,19.873527815119232,19.384988589375727,59.66298202960666,32.82918286729137,22.66523395205737,1.782093593711708,3.82053127158419,0,0,0,2
25,3,40.74102259608341,18.193446003673277,18.280349704546495,71.15376791631655,34.654980191227864,29.182719179382627,0.7237441636289053,1.782093593711708,0,0,0,3
25,4,37.45131053536846,18.327765467855613,19.16654476616423,66.80619061559833,32.402537313734385,26.77758879338659,0.4910837907341021,0.7237441636289053,1,0,0,4
25,5,33.13307700190107,20.160867358540326,19.78944306672991,61.886379777845036,30.99528800863112,25.005762892739455,0.5397791916834228,0.4910837907341021,2,0,0,5
25,6,25.031244594251408,21.031228793399688,21.10281580920693,57.19989436585038,33.82417956350818,23.473123703188172,1.0343443717789171,0.5397791916834228,3,0,0,6
25,7,13.37459164076326,20.627219824042328,21.823300998160004,53.12308905392126,33.43176362829917,27.252651305427925,1.8708169549530116,1.0343443717789171,4,0,0,7
25,8,2.0407524458718385,20.02350285386471,21.19987352641841,48.80345198398577,35.995287064157075,23.34006254731237,2.24619696437095,1.8708169549530116,5,0,0,8
25,9,1.1056858612033122,19.583022480361407,18.878585732702316,59.84032015870431,36.61400535039012,24.70192895360177,2.925182112335702,2.24619696437095,5,0,0,9
26,0,240.54813847853495,21.0,21.0,40.0,27.940953683034884,18.170431886567712,6.965563246551776,0.0,0,0,0,0
26,1,205.7823490560182,21.17061783279881,21.9427050983125,48.300049402528465,27.940953683034884,18.170431886567712,6.965563246551776,6.965563246551776,0,0,0,1
26,2,205.7823490560182,19.851668820647856,19.441763171346313,57.09171335809904,28.87827550665968,19.96430202428799,8.037966652431532,6.965563246551776,0,0,0,2
26,3,204.6416447479705,18.054143912496816,18.153755472213437,65.05447177606217,24.08547113150123,20.152075634960617,7.895794746741033,8.037966652431532,0,0,0,3
26,4,184.0862004602966,18.206909656565355,18.1950101731417,73.29712512213958,25.160444128521195,20.632074460797707,7.57511219201482,7.895794746741033,0,0,0,4
26,5,142.69322814962658,18.123137127339692,18.236991709898735,67.08093800336286,23.81730049550588,24.981659955734564,7.475688225740667,7.57511219201482,1,0,0,5
26,6,105.19428589121974,18.118193283802892,18.121225398713957,61.98821079686249,26.86221960127477,28.178184807056525,7.191289826006526,7.475688225740667,2,0,0,6
26,7,75.76296293201965,17.973038626792995,17.93127730690684,57.06563522403589,28.3788960253002,27.606795236774268,5.789333665310738,7.191289826006526,3,1,1,7
26,8,41.57822272434059,19.183487547161747,19.135346154973483,53.04148771065957,32.005223833362955,28.97173442565745,4.273092525959882,5.789333665310738,4,1,1,8
26,9,18.662108638116695,20.813660292483643,20.75799127647661,64.4724906136312,33.50557168317574,30.0,3.819352347703983,4.273092525959882,4,1,1,9
27,0,88.35558553330287,21.0,21.0,40.0,33.71081447619661,15.18451614086729,2.9478453291346094,0.0,0,0,0,0
27,1,74.09951099555174,21.110316201840654,21.903690322817347,48.8011595110715,33.71081447619661,15.18451614086729,2.9478453291346094,2.9478453291346094,0,0,0,1
27,2,74.09951099555174,19.85497841094708,19.438473998310787,58.39747011428719,31.118722750848004,22.19411393368359,1.4201837540545412,2.9478453291346094,0,0,0,2
27,3,74.05696974296472,18.228205337187802,18.212760090400728,69.26246956579978,35.02898961023811,25.332118453720696,0.772826815944811,1.4201837540545412,0,0,0,3
27,4,70.59629275846946,18.457478961157122,19.345194442996725,64.52051751756395,29.40224952501167,27.586905762567007,0.4887539900809765,0.772826815944811,1,0,0,4
27,5,62.13417071274635,20.160968041939867,20.020023093865458,59.179091396541,23.695129474110423,29.96361429798427,1.0577652557153892,0.4887539900809765,2,0,0,5
27,6,44.70430089289788,21.032124168047307,21.302587753323557,55.25512744786698,31.53353361847768,30.0,2.2515868521897,1.0577652557153892,3,0,0,6
27,7,32.87262492766512,19.724051360874107,20.847570654485274,50.62618726154891,28.588938597036996,29.02806036786257,2.7953477771102757,2.2515868521897,4,0,0,7
27,8,3.5091065487700726,20.341045544538236,20.994764679644916,46.784882274439404,36.32487164849459,25.66787842311929,4.320651884373138,2.7953477771102757,5,0,0,8
27,9,3.2405862339074516,19.40496779190155,18.823944236824598,57.24732531044915,37.44505330735414,20.67963022603335,5.413786653702503,4.320651884373138,5,0,0,9
28,0,297.5181844635598,21.0,21.0,40.0,25.97211810438348,22.462361213165437,6.63486851691597,0.0,0,0,0,0
28,1,265.38543477036166,21.23062722963134,21.781074635150468,48.71820627715881,25.97211810438348,22.462361213165437,6.63486851691597,6.63486851691597,0,0,0,1
28,2,265.38543477036166,19.823588025913903,19.436190244552375,58.030117376247375,31.42300871233525,20.309830727045707,6.234863696921138,6.63486851691597,0,0,0,2
28,3,264.7195227250524,18.16498082412175,18.2102971129826,68.0195299092752,32.17204991842274,23.324686376176302,5.693844945486135,6.234863696921138,0,0,0,3
28,4,251.15927135071124,18.19560794364331,18.189178642981997,78.13463818268156,32.68193726934052,23.513108694028084,5.800617897987333,5.693844945486135,0,0,0,4
28,5,219.16370222650713,18.114514480946077,18.27300534360687,74.03742487706447,30.9076613166444,29.66337587437175,5.98676804418595,5.800617897987333,1,0,0,5
28,6,191.71787868531726,18.220888783996774,18.06402738420008,71.47314885484377,39.08735543210727,30.0,5.539685289209778,5.98676804418595,2,0,0,6
28,7,165.12275666430128,17.898783190610775,17.904108270218824,68.16620421046476,36.89126004702173,28.070158595317093,5.585065256914295,5.539685289209778,3,1,1,7
28,8,112.75382264338955,19.254271477270297,19.03305926464678,64.68006828537393,37.47332298216413,26.4925885451091,6.546116752613965,5.585065256914295,4,1,1,8
28,9,55.8354028233168,20.12681348173411,20.042182741268245,61.34234705249149,36.17007890387185,28.620358691225714,7.114802477509094,6.546116752613965,5,1,1,9
29,0,179.2312280753422,21.0,21.0,40.0,30.31986999720141,18.504111555298973,6.086083192820235,0.0,0,0,0,0
29,1,149.7806956876823,21.045393426551545,21.97008223110598,48.78831667945007,30.31986999720141,18.504111555298973,6.086083192820235,6.086083192820235,0,0,0,1
29,2,149.7806956876823,19.840081102299234,19.431511654537108,58.17599043357589,29.355941699133417,22.79780137934336,5.850459089465539,6.086083192820235,0,0,0,2
29,3,149.2947936571835,18.240837691875598,18.109453107688232,68.01628138377644,33.897826292914075,20.770456763755654,4.963154538235211,5.850459089465539,0,0,0,3
29,4,139.57495684584802,18.094532628809606,18.228072377591943,77.42263385234168,29.353947902146498,22.9035658121048,4.089493051858822,4.963154538235211,0,0,0,4
29,5,122.52611623802932,18.20738347040635,18.176243581247075,72.58162978578778,32.2231214224641,24.21574487445868,3.1116161583672173,4.089493051858822,1,0,0,5
29,6,108.46801015914023,18.04008241557701,18.07385689063761,67.73477124479021,31.362497116938822,25.04384432196351,2.789003440434112,3.1116161583672173,2,0,0,6
29,7,94.90549326012693,17.887402252959753,17.955881255398083,62.50877250938842,28.597354849302185,25.702652176243443,2.6236519399063525,2.789003440434112,3,1,1,7
29,8,59.07536529367894,19.173602942889833,19.019831615186245,57.85039534474991,32.057420772528616,25.396039423924105,4.478765995805999,2.6236519399063525,4,1,1,8
29,9,29.0153797803632,20.675286779989335,20.574168822835087,67.3973676193782,30.20060131615604,22.83813354288997,5.009997585552624,4.478765995805999,4,1,1,9
30,0,134.13372989252173,21.0,21.0,40.0,26.98377311064561,24.58554254525746,4.959174443712167,0.0,0,0,0,0
30,1,110.77363407775988,21.03772026593481,21.90414680963769,49.28247681806255,26.98377311064561,24.58554254525746,4.959174443712167,4.959174443712167,0,0,0,1
30,2,110.77363407775988,19.783563320725133,19.43835604845744,58.81931959819316,28.623212673727974,24.359247215886565,4.803832261004551,4.959174443712167,0,0,0,2
30,3,110.22863378605601,18.176217290934915,18.20055420129122,69.04710580835925,29.934077220474578,26.886957280448097,4.32424715528779,4.803832261004551,0,0,0,3
30,4,101.12255218806217,18.191740783055856,18.1555522773259,79.06314602271185,30.2506065420194,25.394061315495023,3.9422055777588527,4.32424715528779,0,0,0,4
30,5,81.09057364597075,18.235039137613217,18.242118773690102,75.67360743879433,34.502563422680495,30.0,3.7171062000885615,3.9422055777588527,1,0,0,5
30,6,65.1391222133883,18.004396927071188,17.96284606874674,70.95794758686284,31.85766469186392,25.277558352961115,3.3266174551819354,3.7171062000885615,2,0,1,6
30,7,45.186737072749004,17.895777861625263,19.196689985740157,65.43241829626183,29.51130285750289,23.12464552804701,3.0305180245909504,3.3266174551819354,3,1,1,7
30,8,27.200631037528634,19.798008150825904,19.284526873769465,58.657552184335515,25.92778512908729,19.76740313798875,2.2482632544025463,3.0305180245909504,4,1,1,8
30,9,15.966718693979594,20.83549361250115,20.962107737384276,65.93612240370659,20.90400706520915,19.53249415351907,1.87231872392484,2.2482632544025463,4,1,1,9
31,0,208.5472051294542,21.0,21.0,40.0,33.50093312201388,19.75388834365709,7.58331455309953,0.0,0,0,0,0
31,1,174.01282673756168,20.82401390424088,21.995077766873145,49.58586786382077,33.50093312201388,19.75388834365709,7.58331455309953,7.58331455309953,0,0,0,1
31,2,174.01282673756168,19.903040226821478,19.265324743753897,59.63520183260029,35.07472468689059,20.75490847299558,8.229294183696464,7.58331455309953,0,0,0,2
31,3,173.0994617503047,18.248807830810318,18.24449660235192,71.42427569984005,40.01511622740632,25.479738590592348,7.787299070881485,8.229294183696464,0,0,0,3
31,4,130.1865714741371,18.16765048524442,18.143530231554212,67.67659247901807,39.127130658378846,23.38574033705456,7.900686969895974,7.787299070881485,1,0,0,4
31,5,93.38429792601589,18.073364270918912,18.21257703292646,63.80238099280446,35.29534420432466,26.514591983377496,6.964495639018876,7.900686969895974,2,0,0,5
31,6,69.04724607200632,17.955493126048623,18.03362734271227,58.79894549506365,30.205255422380155,25.331214034615343,4.847010364548152,6.964495639018876,3,1,0,6
31,7,47.93876052322093,19.318414479740376,17.33608081762018,54.31891083693715,28.444251899297225,30.0,3.512232097838306,4.847010364548152,4,1,1,7
31,8,30.999423033903582,19.83755400274876,20.41495169915569,64.02135847583197,27.38380349710275,26.51868338564631,2.823222914886224,3.512232097838306,4,1,1,8
31,9,10.264505284300458,21.02304448159655,20.72679908767108,58.99334618343926,30.775617979549487,24.624313729379868,2.5918647187003905,2.823222914886224,5,1,1,9
32,0,215.66519393173078,21.0,21.0,40.0,31.66212388872196,21.294204847178563,7.35711691912836,0.0,0,0,0,0
32,1,181.65388441330632,20.939334214137833,21.942705098312498,49.532139172462095,31.66212388872196,21.294204847178563,7.35711691912836,7.35711691912836,0,0,0,1
32,2,181.65388441330632,19.876438317077668,19.41439303877986,60.17379471395684,33.58600460806516,25.53430395579454,7.848297385853472,7.35711691912836,0,0,0,2
32,3,181.65388441330632,18.066687152200213,18.107903162825302,69.15806533636521,27.39124660607387,22.521367962861547,8.75668234581866,7.848297385853472,0,0,0,3
32,4,157.83377635281957,18.228471790501818,18.231347264271765,78.94332391248663,29.544326299916992,24.818221345202023,9.0569836304087,8.75668234581866,0,0,0,4
32,5,112.59364795959257,18.149572773707362,18.063092525426452,72.94257018081238,29.522964985285064,20.472847616524625,8.51418347776396,9.0569836304087,1,0,0,5
32,6,75.09295245259747,18.063193678670252,18.067346813347136,67.08537264691934,29.81790383442188,20.97544319950564,7.044666496075872,8.51418347776396,2,0,0,6
32,7,51.56012573464406,17.874205830729636,18.038442528356477,61.473318575176606,26.392940455279607,25.76231470170524,4.468275248276759,7.044666496075872,3,1,0,7
32,8,33.98417608765757,19.16854909355994,17.84687932506457,56.39709970819689,29.52583645073378,25.606280954934427,2.582422774124393,4.468275248276759,4,1,1,8
32,9,20.43228687190308,19.945899960026672,20.203227354000585,65.58296711320841,28.995636761621714,22.036959932886727,2.258648202625749,2.582422774124393,4,1,1,9
33,0,258.68895111233877,21.0,21.0,40.0,26.00162013788841,16.797779870414136,7.6579645831349055,0.0,0,0,0,0
33,1,219.5023850590977,21.237131813160037,21.935955597408284,47.70389200149446,26.00162013788841,16.797779870414136,7.6579645831349055,7.6579645831349055,0,0,0,1
33,2,219.5023850590977,19.803097377329323,19.382505319675417,55.04100001855842,25.654478662441235,15.107232543469667,9.65702320297105,7.6579645831349055,0,0,0,2
33,3,215.4049518614303,18.246648533850273,18.255705379581123,64.19929325650526,30.48690535495586,20.3925015225266,10.16395992452006,9.65702320297105,0,0,0,3
33,4,193.73894777086363,18.215294253405762,18.205904332614427,73.8109902293846,31.98110819399595,21.417208322000366,9.356121690238613,10.16395992452006,0,0,0,4
33,5,147.46653834111842,18.135340070808546,18.31380649720655,69.76500631439981,31.24811173442331,29.60753318232789,8.620777585013757,9.356121690238613,1,0,0,5
33,6,110.03903143354422,17.9272105257983,18.053283763560138,64.51216277326571,24.74389293996263,29.406976275959007,7.648811157993268,8.620777585013757,2,1,0,6
33,7,72.30898465406747,19.34260923885292,17.87430996135557,59.49779879230988,29.48853623324298,25.987219428113484,5.6826219084119005,7.648811157993268,3,1,1,7
33,8,37.56705243779704,19.555989276926834,19.9520327836351,55.54426004605378,31.79577150725637,29.57345768020978,4.342741527033804,5.6826219084119005,4,1,1,8
33,9,16.372778071127975,21.348567930416564,21.175191297402392,65.91180617549742,30.16282877349672,27.434649723412427,3.5323790611115102,4.342741527033804,4,1,1,9
34,0,178.2785020585954,21.0,21.0,40.0,28.28820844287196,17.71995470429493,5.676146240065776,0.0,0,0,0,0
34,1,149.90649480017473,21.175921216578544,21.9427050983125,48.28146936649004,28.28820844287196,17.71995470429493,5.676146240065776,5.676146240065776,0,0,0,1
34,2,149.90649480017473,19.88048455102563,19.506784412173907,57.87470865429316,30.23951126885254,23.056262552275875,4.332161365992684,5.676146240065776,0,0,0,2
34,3,149.90196383300423,18.253361048041057,18.24527773351607,68.98298671902101,33.892506687075425,27.820149228079316,3.613807999097305,4.332161365992684,0,0,0,3
34,4,143.5089356755626,18.164652174574133,18.22900721206337,80.29681572423722,32.85460558453446,30.0,3.040849676954469,3.613807999097305,0,0,0,4
34,5,128.84484335499354,18.076573003870987,18.14831179139052,75.93460788680696,29.18325577808365,29.91558956952605,2.8182811271140045,3.040849676954469,1,0,0,5
34,6,108.59489902781326,18.102834797612857,17.9958145519142,71.42893596474495,31.460250574350667,26.841572080860384,3.947190924338456,2.8182811271140045,2,0,1,6
34,7,80.85445034469885,17.923633612324497,19.25638796265931,65.99927627607984,30.50667627495129,22.661881010242528,4.240066643851292,3.947190924338456,3,1,1,7
34,8,49.202408545748355,20.037813771058325,19.45035539975602,62.165932286415355,35.70929057264517,26.327687262552125,3.956505224868811,4.240066643851292,4,1,1,8
34,9,18.62403231118697,20.662688018461452,20.596815584382263,58.91598619803729,38.6917872801413,26.5862900066472,3.8222970293201737,3.956505224868811,5,1,1,9
35,0,233.88916609354058,21.0,21.0,40.0,33.91127088394596,20.42283520936855,4.080045843852792,0.0,0,0,0,0
35,1,215.10278301846387,20.94843094246778,21.9427050983125,49.78013909679661,33.91127088394596,20.42283520936855,4.080045843852792,4.080045843852792,0,0,0,1
35,2,215.10278301846387,19.85705944426162,19.41550782343902,60.183734345406805,32.48061004231343,25.317141338854327,4.290070929384669,4.080045843852792,0,0,0,2
35,3,215.10278301846387,18.165143339641595,18.133976494676432,70.43670975551856,32.57129553060911,24.38967897001181,4.839825714199206,4.290070929384669,0,0,0,3
35,4,182.62079583706114,18.231355017073376,18.2831151721049,66.9825333289854,34.86853655302945,29.27492774400851,5.622655976762259,4.839825714199206,1,0,0,4
35,5,153.1232264629147,18.171379744037786,18.136728471676932,63.60133084388471,35.9375237549187,28.61135132785524,5.8195562594783,5.622655976762259,2,0,0,5
35,6,124.61554665732177,18.01310021307939,18.085067875130413,60.072332922296965,33.72778932451251,30.0,5.763417885490367,5.8195562594783,3,0,0,6
35,7,99.59408587363345,17.97282100377566,17.93155016729962,56.713983770762155,35.233584597671275,29.44225344935753,4.967440766120221,5.763417885490367,4,1,1,7
35,8,69.50672308065381,20.073578344436633,19.810318588944856,69.17495791586106,41.50484223058399,27.72279190885437,5.014560465496604,4.967440766120221,4,1,1,8
35,9,38.09804474461899,21.614578433133197,21.485257770783026,81.68261036034174,39.950943737389096,29.536014287503573,5.234779722672472,5.014560465496604,4,1,1,9
36,0,206.0501795141541,21.0,21.0,40.0,27.685076794675016,24.52235008408805,7.375738873931075,0.0,0,0,0,0
36,1,171.48303592991746,20.91457872506322,22.016170595846617,49.39733683817735,27.685076794675016,24.52235008408805,7.375738873931075,7.375738873931075,0,0,0,1
36,2,171.48303592991746,19.837329185507603,19.386401732326604,59.04053736894024,29.797915439657466,23.7754208423586,6.794390280786736,7.375738873931075,0,0,0,2
36,3,170.73764203870743,18.193347990442955,18.066602975232325,68.32329659078084,31.96531496180538,19.60556960397569,6.620683228736877,6.794390280786736,0,0,0,3
36,4,153.62688287432442,18.190229940490127,18.153008075502072,77.35781441730197,32.20630215506365,17.985463547831475,6.7898850828509705,6.620683228736877,0,0,0,4
36,5,119.99716427976719,18.127631901271066,18.186443988695974,71.51901525352646,31.087897218617087,19.807662982630116,6.112449092321362,6.7898850828509705,1,0,0,5
36,6,91.48963607951003,18.16035621460563,18.044027715559007,66.48836323085743,36.2409628645229,19.144303676204725,5.467485978904927,6.112449092321362,2,0,0,6
36,7,68.7975544404047,17.87514416198217,17.999530555470216,61.36109189563514,32.86291604800712,21.985576534091265,4.4421555873679,5.467485978904927,3,1,1,7
36,8,40.03642822626559,19.11080530743283,19.05404343368755,56.19117358472948,27.79193136217813,26.81963357723485,3.5951407767673875,4.4421555873679,4,1,1,8
36,9,20.181808993048442,20.7109355039091,20.530332428871336,65.89600194630302,31.89864748896018,22.017065630892795,3.3091032055361915,3.5951407767673875,4,1,1,9
37,0,151.97355359344834,21.0,21.0,40.0,33.93792267834392,22.819069160221524,7.953062398517254,0.0,0,0,0,0
37,1,116.86843790429967,20.692795956364993,22.05638138320443,50.21625853094178,33.93792267834392,22.819069160221524,7.953062398517254,7.953062398517254,0,0,0,1
37,2,116.86843790429967,19.83678658791589,19.213009245013982,59.76477634642296,31.89120346981068,21.156117727307,8.053705764268091,7.953062398517254,0,0,0,2
37,3,114.73135638565172,18.19781241766672,18.109558280628818,69.37963044656408,34.281824353146646,19.13403175874846,7.64205416651797,8.053705764268091,0,0,0,3
37,4,98.51484814088026,18.113263613480136,18.26262422404819,79.04009154521091,30.674495195905592,22.994733129910152,6.644858726038436,7.64205416651797,0,0,0,4
37,5,74.56000752005903,18.124226805470464,18.066979724510244,72.72141141368414,29.385835469428915,18.843719355422373,4.433695461125177,6.644858726038436,1,0,0,5
37,6,57.42945715443507,18.1078524014086,18.140071803957028,67.60274090007275,31.91371045548319,22.982564468898016,3.185352925468905,4.433695461125177,2,0,0,6
37,7,45.94421344448165,17.909221814179432,18.005841856186716,62.750951650131995,30.239546248830663,26.139402362609644,2.2613453922657376,3.185352925468905,3,1,0,7
37,8,28.683040632280175,19.253318104838375,18.140192038536135,58.622044527279115,34.21706742800142,26.177893000593663,2.4391751500719754,2.2613453922657376,4,1,0,8
37,9,13.656746196581372,20.29772327595362,20.4172794487045,69.86390111001245,36.51588598464552,25.938872808317434,2.5055689530439653,2.4391751500719754,4,1,0,9
38,0,182.58571096566232,21.0,21.0,40.0,27.41719516140864,24.44350780714981,6.733652532076555,0.0,0,0,0,0
38,1,151.16046925174578,20.96140282946347,21.9427050983125,49.33492653434052,27.41719516140864,24.44350780714981,6.733652532076555,6.733652532076555,0,0,0,1
38,2,151.16046925174578,19.77004479788692,19.494296643219688,59.55941705893938,27.93529941864322,28.867425718017135,6.869949038682512,6.733652532076555,0,0,0,2
38,3,150.7939090856657,18.165570865335603,18.14841802077493,69.50517396881992,28.713842685424147,26.54036236946776,6.498408300365173,6.869949038682512,0,0,0,3
38,4,137.33732701208748,18.18829298744393,18.171382647435816,79.35062805336892,28.85798222637257,25.83898491001079,5.612203146396117,6.498408300365173,0,0,0,4
38,5,108.06797159875529,18.16559235471098,18.16414293174725,74.46369971604203,29.637599961921737,26.54613149737328,5.423321818591685,5.612203146396117,1,0,0,5
38,6,85.736030999692,18.159688392796195,18.12637227174005,71.12000912916606,34.75727451735574,30.0,4.383837464979049,5.423321818591685,2,0,0,6
38,7,67.3933486095871,18.030286684047738,17.9104982124858,68.27469084146726,39.13635380411853,28.389655708665888,3.784024987565551,4.383837464979049,3,0,1,7
38,8,45.15795959749687,17.21882875128487,19.147594775646095,66.0108071162055,42.57779136836207,28.178410157961466,3.8210500376646,3.784024987565551,4,1,1,8
38,9,17.614402694042646,19.649577614287903,18.869261349710705,63.38101899367686,39.40386109136349,29.319538227921853,3.4429446129317776,3.8210500376646,5,1,1,9
39,0,100.8576274120142,21.0,21.0,40.0,26.884939390196006,24.75378607633906,3.549699653460328,0.0,0,0,0,0
39,1,84.08270534030287,21.10287396622289,21.855630522927022,49.29497058397631,26.884939390196006,24.75378607633906,3.549699653460328,3.549699653460328,0,0,0,1
39,2,84.08270534030287,19.714984286041464,19.33906837853853,57.18624997270672,25.67244403654346,18.167997011958807,2.6241006566328373,3.549699653460328,0,0,0,2
39,3,83.25307426922812,18.19129097545133,18.18908331035257,65.80089793367236,27.73699280911009,20.12216252958788,1.8037262674076469,2.6241006566328373,0,0,0,3
39,4,79.38808154351891,18.19121213647358,18.194320308853104,74.54795436332901,28.02708980154136,20.56766814099561,1.5547720792257582,1.8037262674076469,0,0,0,4
39,5,60.92445636582991,19.42002862602297,19.378958557630725,68.24733443944139,25.1683850728276,23.161504238907817,2.307953147211124,1.5547720792257582,1,0,0,5
39,6,39.41211567138268,20.59629411224263,20.498322692640016,62.02708949579029,27.145519492865287,21.63089748685088,2.689042586805904,2.307953147211124,2,0,0,6
39,7,21.10917067281282,19.926211678996687,21.0646166173208,57.12285246167224,30.595726720484485,25.491845312192996,3.15649022843441,2.689042586805904,3,0,0,7
39,8,2.83994499014007,20.04431562510576,21.160830700740288,52.052213682910335,30.51243740408976,24.650680491677463,2.84357949728947,3.15649022843441,4,0,0,8
39,9,2.83994499014007,19.21861053497279,18.81058282410912,62.22196044491922,30.076126265468627,26.42246685680295,3.1455647244653067,2.84357949728947,4,0,0,9
40,0,237.64388987897047,21.0,21.0,40.0,26.13526509433376,24.3194108763197,7.44725631006753,0.0,0,0,0,0
40,1,202.40132204600516,20.896768182790492,22.04461416429766,49.08184167471762,26.13526509433376,24.3194108763197,7.44725631006753,7.44725631006753,0,0,0,1
40,2,202.40132204600516,19.768883725671927,19.47114525341039,58.78559724466917,25.789493528433376,28.120259637964104,8.158871391106395,7.44725631006753,0,0,0,2
40,3,201.45957102094152,18.172815061400104,18.171641521267738,68.68809690577379,26.93024659843937,28.08364040769745,8.292765895521203,8.158871391106395,0,0,0,3
40,4,182.0095474267487,18.30044850379677,18.223737388471008,79.97088605803917,32.6821619570299,30.0,8.189064572618467,8.292765895521203,0,0,0,4
40,5,145.90582623599641,18.065185803107763,18.15,75.49034743827441,28.441452112418013,30.0,7.094212905026619,8.189064572618467,1,0,0,5
40,6,116.74543137158437,18.110703445681494,18.048204624881947,71.40867322320533,31.111879312116848,29.545486159721573,5.659911771296353,7.094212905026619,2,0,0,6
40,7,89.95342879677075,18.03008617418562,17.951795375118056,68.1952411822446,35.48093310577375,30.0,5.311831236819503,5.659911771296353,3,0,1,7
40,8,57.369876511293995,17.16987331439604,19.16844198084943,64.90998806025962,36.474598825575775,28.607328274507715,5.553156540958584,5.311831236819503,4,1,1,8
40,9,28.438229612362306,20.183349498269596,19.489184460754476,75.29113156961272,31.2013706876807,26.47164880872539,4.821941149821948,5.553156540958584,4,1,1,9
41,0,200.22232852546432,21.0,21.0,40.0,26.44633370645822,20.839991102824285,3.102958583894277,0.0,0,0,0,0
41,1,184.69085087524815,21.134303713588015,22.016799822056488,48.51153846567085,26.44633370645822,20.839991102824285,3.102958583894277,3.102958583894277,0,0,0,1
41,2,184.69085087524815,19.718327686562212,19.49626510817568,56.28762674921613,20.533088878220013,22.667401585920437,2.561894358551016,3.102958583894277,0,0,0,2
41,3,183.70738513158545,18.36828437335887,18.172348828668294,66.22941385100614,31.44730754616413,23.784843019335973,2.9959335751337983,2.561894358551016,0,0,0,3
41,4,163.42188941326464,20.044777657760367,20.05655063529004,75.49354778241509,26.90889751196228,24.558513218087423,3.380915953053469,2.9959335751337983,0,0,0,4
41,5,154.14428570654536,18.110258829420346,18.09401851685504,68.89617783030266,24.92183898297999,21.75943906083988,4.430467694016202,3.380915953053469,1,0,0,5
41,6,113.3854161419597,19.457164177527922,19.334020485866667,62.96219329602333,28.383770929439788,21.982981657897223,5.094858695573207,4.430467694016202,2,0,0,6
41,7,99.36226913497867,17.896916271915362,17.954953614814247,56.72634597268575,26.094329609583674,22.595407482985337,4.86813618215601,5.094858695573207,3,1,1,7
41,8,57.43239200414994,19.04400206240984,18.97465508055715,50.425422407254075,25.46249568170993,22.865706732558507,5.241234641353593,4.86813618215601,4,1,1,8
41,9,26.533615458578396,20.562527503661762,20.57507363866711,60.381401599806026,27.86194674585024,27.449048768327252,5.14979609092859,5.241234641353593,4,1,1,9
42,0,210.4384814825347,21.0,21.0,40.0,29.987010434134508,19.76712411690996,5.834657414711694,0.0,0,0,0,0
42,1,182.33396603163746,21.016563794594283,21.995342482338202,48.955744219188006,29.987010434134508,19.76712411690996,5.834657414711694,5.834657414711694,0,0,0,1
42,2,182.33396603163746,19.9254561821841,19.40072892733685,58.86366113134814,33.29933263576874,21.74465020956532,5.9607067277296135,5.834657414711694,0,0,0,2
42,3,182.14263992291663,18.12587774556711,18.185867033529618,68.50507916623688,30.025431641112768,23.53800188604692,5.919797200873134,5.9607067277296135,0,0,0,3
42,4,169.30696228933456,18.1983907224324,18.15119681347267,77.95540148502197,30.67445793148462,21.82733272843251,5.274420367185867,5.919797200873134,0,0,0,4
42,5,144.93950493786045,18.22120922468588,18.21017987544318,73.58822570496861,34.23491916577876,24.83632650059146,4.471154451132899,5.274420367185867,1,0,0,5
42,6,121.82359203593654,18.02890312340986,17.98110128311859,68.27978135329604,32.8153302518961,21.026645572145227,4.674683852937698,4.471154451132899,2,0,1,6
42,7,87.97178307539059,18.031251773887266,19.173682951665434,63.757211228153466,37.24266403063518,20.96527971857273,5.1710874793624,4.674683852937698,3,0,1,7
42,8,58.73168284836705,17.734552017690184,19.453943242226728,58.83529865961974,31.470264915144558,24.51910970411249,5.04239088261551,5.1710874793624,4,1,1,8
42,9,29.69516869149302,20.596619953502447,19.890299045828012,69.65944981789158,34.829675058591924,25.30449804291834,4.839419026145672,5.04239088261551,4,1,1,9
43,0,53.24511605074823,21.0,21.0,40.0,29.811094768392017,22.949714610376667,2.890251659731517,0.0,0,0,0,0
43,1,39.58004799862975,21.124300602515493,21.858901124349515,49.496945688178364,29.811094768392017,22.949714610376667,2.890251659731517,2.890251659731517,0,0,0,1
43,2,39.58004799862975,19.961226236729544,19.511696421421036,60.95800739355175,37.56502398388372,26.107541045968468,0.8512263544070675,2.890251659731517,0,0,0,2
43,3,39.58004799862975,18.32914317465247,18.293795354417774,72.50247239378896,36.323127454673454,27.81278921331106,0.7078410405916155,0.8512263544070675,0,0,0,3
43,4,35.60887896354856,19.556606883113876,19.474425889697613,69.06727349399867,34.444080987749395,29.80481401341568,0.4963961293851486,0.7078410405916155,1,0,0,4
43,5,28.390954523708253,20.822299740781883,20.692970501446077,65.78464844465249,36.39785218583333,28.698675317799022,0.9022405549800392,0.4963961293851486,2,0,0,5
43,6,20.071286527519078,20.367279967171974,21.404628443204494,61.826464693177314,36.121344844371016,25.22207875854469,1.3909472118202864,0.9022405549800392,3,0,0,6
43,7,11.199820252167008,20.471242748318954,21.697702581802492,58.05886779639651,32.942434293400204,29.45980516892865,1.4215332932832951,1.3909472118202864,4,0,0,7
43,8,3.2761168484154792,19.722599299874695,21.12069230543609,52.83651368889943,31.44280786390493,22.87744709444464,1.578607628335505,1.4215332932832951,5,0,0,8
43,9,1.1472777887135843,19.523944954850617,19.051507664250888,63.13993272195359,33.37362654202585,23.867590308275037,2.4838392107567238,1.578607628335505,5,0,0,9
44,0,137.3169775446455,21.0,21.0,40.0,25.90418423101937,18.722284496043383,4.654610242215172,0.0,0,0,0,0
44,1,113.60538562977243,21.212300102532218,21.97444568992087,48.0327643708713,25.90418423101937,18.722284496043383,4.654610242215172,4.654610242215172,0,0,0,1
44,2,113.60538562977243,19.824488296773982,19.470998968815113,56.24820061192786,25.941797518713987,19.69951493160024,1.7241495182611497,4.654610242215172,0,0,0,2
44,3,113.39748760817086,18.174359675590818,18.155866743366676,64.73567462360201,27.15978129825489,19.992852099934836,1.006061654220312,1.7241495182611497,0,0,0,3
44,4,101.4774432972535,18.753909830458493,19.117668733218657,58.09240915566457,27.74691262881912,18.67939032708398,1.5977672440554924,1.006061654220312,1,0,0,4
44,5,84.54936580068173,20.148283001518372,19.900616603685016,51.00402746708542,25.440185706857164,18.513249356592056,2.116009687071472,1.5977672440554924,2,0,0,5
44,6,67.50098277113099,20.08249957395211,20.73353207448809,44.46259064757618,27.205655019715987,19.786362649677116,2.5705542954483858,2.116009687071472,3,0,0,6
44,7,53.97307174403414,19.19619055101902,20.438586634560764,39.394801235880834,31.443991504786457,23.7349562080172,2.871339128411679,2.5705542954483858,4,0,0,7
44,8,53.97307174403414,18.745829166147434,18.278409025953742,49.90255799197046,31.555746089639232,26.82068033308093,3.297581507654737,2.871339128411679,4,0,0,8
44,9,47.68622592973373,17.797601278858288,17.87534089850755,60.80417788360207,30.70631986380228,29.85823508970669,4.743905309020032,3.297581507654737,4,1,1,9
45,0,50.27766356604498,21.0,21.0,40.0,30.254637820087137,24.15019091140085,3.5976983036800734,0.0,0,0,0,0
45,1,33.8314042487472,20.932341094608457,21.92708357067164,49.79286917166784,30.254637820087137,24.15019091140085,3.5976983036800734,3.5976983036800734,0,0,0,1
45,2,33.8314042487472,19.77535253404634,19.35941521961732,59.21313093549671,29.105258078665106,23.22952949816192,2.0809784299933503,3.5976983036800734,0,0,0,2
45,3,33.70262657376909,18.20662072958143,18.1839950254866,69.4489344949381,31.93629455773724,24.92928077249275,0.5922896772768235,2.0809784299933503,0,0,0,3
45,4,29.915095188274513,18.708142306902015,19.299975914709915,65.89909339347224,37.20700033061553,26.404993550129674,0.5261253853609194,0.5922896772768235,1,0,0,4
45,5,22.889924596110237,20.472293354490475,20.15758325686667,62.93353353100517,36.858000764071846,30.0,0.8781463240205345,0.5261253853609194,2,0,0,5
45,6,17.65588888536195,20.53629083080078,21.330023017229294,60.105488299162076,37.621970934205024,30.0,0.7757591485771851,0.8781463240205345,3,0,0,6
45,7,12.82134508021399,20.319658450752737,21.657812104734862,56.7667560864561,34.784821040522374,30.0,0.8171039501988502,0.7757591485771851,4,0,0,7
45,8,4.534304379018435,21.08269435299408,21.673875687174366,53.645859913463894,36.39342691166532,29.601594349489066,1.205995398936574,0.8171039501988502,5,0,0,8
45,9,1.0889708914433163,19.43219176724237,18.866142136256382,49.567055254983174,35.31991162187953,25.353395831005383,1.573667991162541,1.205995398936574,6,0,0,9
46,0,182.16084038889616,21.0,21.0,40.0,29.4495500706672,18.6187221624415,4.5438854064702365,0.0,0,0,0,0
46,1,159.8497377053723,21.099128623227955,21.97237444324883,48.652289001959566,29.4495500706672,18.6187221624415,4.5438854064702365,4.5438854064702365,0,0,0,1
46,2,159.8497377053723,20.006909948423647,19.4196385182167,58.98074213288544,36.822589690922285,20.557705480888096,3.318594556676413,4.5438854064702365,0,0,0,2
46,3,159.8455590396342,18.225580289501135,18.32241631678637,70.21273960173126,33.221464617825134,29.178521320207217,2.760994152168577,3.318594556676413,0,0,0,3
46,4,147.13853981384165,18.170353459842055,18.19969383136509,66.43777915219192,32.46862777867955,29.89270305721302,2.3340412991928807,2.760994152168577,1,0,0,4
46,5,134.74661250884265,18.178133854154076,18.068724257413106,62.184541706757244,33.87532048638328,25.828915927868483,2.3674375709484248,2.3340412991928807,2,0,0,5
46,6,118.1083295855788,18.020105146696416,17.972454497345556,56.83303282732503,32.01583273682822,21.586895710770563,3.263475268993142,2.3674375709484248,3,0,1,6
46,7,95.26474568321416,17.94836097777899,19.24108361459441,52.097997346696445,32.298626710154295,24.728953953020262,3.4768586281712563,3.263475268993142,4,1,1,7
46,8,66.6927280843604,20.648478668711824,20.077922009314715,61.73241048108606,31.33075541544981,22.19376199782585,4.762002933142295,3.4768586281712563,4,1,1,8
46,9,28.998855473763253,21.06243070575837,21.087530350248798,56.466906262760304,30.691949893423917,23.388582226988508,4.7117340763246425,4.762002933142295,5,1,1,9
47,0,85.30482795361128,21.0,21.0,40.0,29.243793583307443,15.3766626812058,4.877650132873091,0.0,0,0,0,0
47,1,60.3157579103016,21.30805391079917,21.907533253624116,48.031682127612385,29.243793583307443,15.3766626812058,4.877650132873091,4.877650132873091,0,0,0,1
47,2,60.3157579103016,19.95094201638664,19.423272547705658,56.722048942239184,32.835549464245176,15.444266172570392,3.821886412746363,4.877650132873091,0,0,0,2
47,3,60.01875961101486,18.19730586097412,18.26437093782427,66.38823872544538,32.53824128736074,21.16281306378475,2.179439313812137,3.821886412746363,0,0,0,3
47,4,55.75355562706865,18.22837022484322,18.243608192351232,76.96485072415244,34.68624269827398,24.072712850098597,1.857764343630376,2.179439313812137,0,0,0,4
47,5,47.61969792803466,18.09942198808268,19.270695095945296,72.31502567721274,32.15734210240793,25.3436298590382,1.2890614494211567,1.857764343630376,1,0,0,5
47,6,42.01584667413646,18.076114861173934,18.09272346160761,68.15343730493164,33.09834007672874,27.11505785504288,1.356383575673089,1.2890614494211567,2,0,0,6
47,7,24.650007452234608,19.41931741923273,19.309833288866916,62.97951149367324,29.907189280175064,24.682111768389365,2.170729902737732,1.356383575673089,3,0,0,7
47,8,3.674171516006247,20.44799987452418,20.36049233319749,58.48112885793641,32.179978856086194,26.16233983426476,2.621979492028545,2.170729902737732,4,0,0,8
47,9,1.4824666606586574,19.44355645385428,19.0207789197074,69.24847569432066,33.283976898865824,26.534616636602195,3.019997386790584,2.621979492028545,4,0,0,9
48,0,169.34613350595188,21.0,21.0,40.0,32.077185826254336,16.38042125620044,5.698919282270699,0.0,0,0,0,0
48,1,141.59975918924374,21.110251789479715,21.92760842512401,48.72236927484186,32.077185826254336,16.38042125620044,5.698919282270699,5.698919282270699,0,0,0,1
48,2,141.59975918924374,20.00430093788092,19.52953572528169,60.288923274639885,37.868272213754224,26.39036111845704,5.13764505915,5.698919282270699,0,0,0,2
48,3,141.59975918924374,18.305845304258654,18.352110229638985,71.65513787772619,33.97693430189244,29.16870238192036,4.815759881885412,5.13764505915,0,0,0,3
48,4,117.7944294613533,18.18878403201595,18.153566633138517,67.7651249279533,34.14562607144157,27.576524207597902,4.466007979102603,4.815759881885412,1,0,0,4
48,5,99.69645889151359,18.165838811903953,18.19846951584804,64.45388692794833,34.93756666663909,30.0,3.432826909814134,4.466007979102603,2,0,0,5
48,6,85.84426133742913,18.065483543140108,18.038477688593723,61.04699178317257,35.346998739268926,29.05913934531021,2.833941928903997,3.432826909814134,3,0,0,6
48,7,70.80600833570064,17.952463473683554,17.961522311406277,57.89727693458062,35.834917507822496,30.0,2.996675498238441,2.833941928903997,4,1,1,7
48,8,43.51351537564159,19.217657471073082,19.077787883953388,53.58430850096644,33.11499719058823,26.257400400444176,3.4115616200073817,2.996675498238441,5,1,1,8
48,9,20.63479473769071,20.696479325418945,20.633559765527927,63.03024471339863,28.860722601873697,23.61670080052735,3.813120106325147,3.4115616200073817,5,1,1,9
49,0,129.50720603056064,21.0,21.0,40.0,34.66788230859014,19.37149424433721,3.408745208019633,0.0,0,0,0,0
49,1,113.80873775606543,20.898708681961157,21.987429884886744,49.727087779526926,34.66788230859014,19.37149424433721,3.408745208019633,3.408745208019633,0,0,0,1
49,2,113.80873775606543,19.957959007017095,19.351663748915858,60.504661961080224,36.92967849045933,22.945733629281232,1.647990222651701,3.408745208019633,0,0,0,2
49,3,113.80620774637676,18.29516037581661,18.142548907151905,71.6731498827881,39.473976133722616,22.573178986876645,0.7195915587041898,1.647990222651701,0,0,0,3
49,4,107.45428018133475,18.318238669987416,19.336690708438155,68.38488551144147,38.858962312456505,26.206235624506657,0.9376539649097528,0.7195915587041898,1,0,0,4
49,5,89.92331721149601,20.40519745122417,19.849653092340674,64.9049206686532,38.25031634262834,25.74987897521464,2.1913703712298416,0.9376539649097528,2,0,0,5
49,6,68.39454194976076,20.444574466679327,21.356976129231636,61.302908109351634,35.37406590857813,27.9480865397465,3.029771568797183,2.1913703712298416,3,0,0,6
49,7,56.90439434277573,19.473897685532688,20.99972028608725,57.87887037067473,34.310901451794976,30.0,2.564424955570855,3.029771568797183,4,0,0,7
49,8,51.49645641369093,18.49238966331089,17.968449124195235,54.12142211848368,32.88415438431264,29.574466436848137,2.7039689645424,2.564424955570855,5,0,1,8
49,9,37.92000216446617,17.818440526366196,19.940683119696615,65.00200355945657,33.0766905338719,27.37098413819972,3.462652050004342,2.7039689645424,5,1,1,9
50,0,233.91379473973572,21.0,21.0,40.0,29.218066717050583,15.959486398172444,7.9803937171331825,0.0,0,0,0,0
50,1,193.869111611756,21.20224447988149,21.91918972796345,48.13195956074014,29.218066717050583,15.959486398172444,7.9803937171331825,7.9803937171331825,0,0,0,1
50,2,193.869111611756,19.788671521521707,19.44149342683221,56.288518782006115,25.95947195458388,19.354745941338184,8.00085261415287,7.9803937171331825,0,0,0,2
50,3,191.8170818089931,18.18600272446393,18.142649775090213,64.70295049925963,27.759608177781093,18.98723469584954,7.5448545155498685,8.00085261415287,0,0,0,3
50,4,177.53063267140953,18.17973649862239,18.29813460684537,74.08083862647376,27.475923277652807,24.62345520687017,5.592252291192419,7.5448545155498685,0,0,0,4
50,5,151.59587679953543,18.268523226773006,18.025938344441325,68.40888089461693,33.40208461630324,18.420372428936545,4.854406613663929,5.592252291192419,1,0,0,5
50,6,128.82834045218704,18.02505958096305,18.112855790326407,62.9468532739899,31.79031858007983,21.198416860881103,4.367348809514051,4.854406613663929,2,0,0,6
50,7,104.4261239490054,17.959340370073587,17.970410612704615,57.88389272874197,32.62208216813495,22.58369258048766,4.678248056379172,4.367348809514051,3,1,1,7
50,8,66.58543600744264,19.27719094129944,19.032675448644504,53.57301550810931,35.721868217105595,23.662147223824093,4.730085992695345,4.678248056379172,4,1,1,8
50,9,33.41564328556375,20.72543777097331,20.760639342610226,64.30648354143992,30.769015885463187,28.861362077484664,5.528298786979815,4.730085992695345,4,1,1,9
51,0,107.0469306628422,21.0,21.0,40.0,30.64393802657934,20.32068332507236,2.1840935358026163,0.0,0,0,0,0
51,1,96.55142283931959,21.018308405130437,22.006413666501448,49.17363184329731,30.64393802657934,20.32068332507236,2.1840935358026163,2.1840935358026163,0,0,0,1
51,2,96.55142283931959,19.830073387088987,19.427962675306183,58.36439939426033,28.17188819807372,22.88793152949864,0.3721148471313862,2.1840935358026163,0,0,0,2
51,3,93.37702332047505,19.035085078777307,19.861290659819776,52.30250186033605,28.18376723601623,21.472357575515527,0.5156233421108458,0.3721148471313862,1,0,0,3
51,4,83.34462428784794,20.646189971245352,20.260434090358103,47.33278316250609,31.30924767039048,24.41453734166527,1.2540498790783896,0.5156233421108458,2,0,0,4
51,5,68.1362532291124,19.628482985006485,21.05207472497105,42.29427199092166,30.14736027311659,25.19424432919215,2.681139379962658,1.2540498790783896,3,0,0,5
51,6,47.72153843206634,19.7985056872654,20.620894490900486,36.5023009225298,26.11876556017168,25.03695072654021,3.656071780977245,2.681139379962658,4,0,0,6
51,7,34.466748428959704,19.901696847294524,20.902618172234927,46.316452567426936,27.268636475760243,27.254428218112764,4.649199342490084,3.656071780977245,4,0,0,7
51,8,34.466748428959704,19.091869377237934,18.85836309969497,55.68490143200977,24.35421606980689,27.6927220667644,4.738441990791925,4.649199342490084,4,0,0,8
51,9,31.476338233149562,17.803736792707163,17.772497186387316,64.57683964769254,23.81156553641412,25.58809121737903,4.8353946008621,4.738441990791925,4,1,1,9
52,0,193.50597004581388,21.0,21.0,40.0,26.97908180760525,21.78795921492037,7.628802819259527,0.0,0,0,0,0
52,1,157.12614657346793,21.14544613022564,21.79864076143046,48.77806738405461,26.97908180760525,21.78795921492037,7.628802819259527,7.628802819259527,0,0,0,1
52,2,157.12614657346793,19.76175026688116,19.52805767870012,58.90792684149646,29.081853463384,27.19514352240409,8.686858000619516,7.628802819259527,0,0,0,2
52,3,156.98969820803384,18.118540857278354,18.2043945740772,69.09421805826933,27.508896327301755,29.081610432547564,8.68636343132109,8.686858000619516,0,0,0,3
52,4,138.47745343307446,18.29285029275881,18.126062603818283,79.71334180498685,32.88090113399442,26.11423079221399,7.834351443397368,8.68636343132109,0,0,0,4
52,5,103.25493034556794,18.239449331858317,18.093787357547313,75.63159575635507,37.35336772691018,23.303598669579863,6.69927036997844,7.834351443397368,1,0,0,5
52,6,79.72308714411339,18.07880649639584,18.126813266984044,72.3691193477669,38.4289474623262,26.779516934406207,4.704921919163732,6.69927036997844,2,0,0,6
52,7,61.49247862939558,17.91866006602038,17.883731438901957,68.35947471385508,37.22669584772122,23.830833963879797,3.712370495043966,4.704921919163732,3,1,1,7
52,8,37.40257604530777,19.292394614228385,19.05299225236977,65.39989355374281,39.69263163843063,27.198584138723422,3.011237823010976,3.712370495043966,4,1,1,8
52,9,17.5503665840264,20.200994019746556,20.08023989458596,62.60205693291513,38.70926911843311,29.08052743252425,2.481526182660171,3.011237823010976,5,1,1,9
53,0,151.79112560170884,21.0,21.0,40.0,32.15040635947739,16.98588571567614,6.51305022031198,0.0,0,0,0,0
53,1,120.40653556645641,21.06173191614094,21.939717714313524,48.84453257352764,32.15040635947739,16.98588571567614,6.51305022031198,6.51305022031198,0,0,0,1
53,2,120.40653556645641,19.751839503621945,19.372391435759265,57.019560790902105,25.609719925201645,19.8071035046565,6.485602323948595,6.51305022031198,0,0,0,2
53,3,118.04515342161945,18.1722706636936,18.25226515122968,66.31541134258637,26.723253109882407,24.9203610661413,6.464830846306827,6.485602323948595,0,0,0,3
53,4,104.30422188562812,18.23648446837071,18.117285477484824,75.45780786772124,29.276966697170145,21.514125109134675,5.796746867624979,6.464830846306827,0,0,0,4
53,5,77.9198861962658,18.163539225045845,18.19024066387047,70.08422339310297,29.95392794946264,23.526158302658114,4.814330335503388,5.796746867624979,1,0,0,5
53,6,58.93488415221046,18.072326697785154,18.091555777234714,65.15427296328825,30.705517754344644,25.239202080017986,3.703244495213281,4.814330335503388,2,0,0,6
53,7,42.14331341076138,17.874872990721883,18.018292907592276,60.294123848676264,27.31391237481465,29.01859254400765,3.2709080435308877,3.703244495213281,3,1,0,7
53,8,24.478357508494827,19.02779446032059,18.120920331793904,54.38601950436998,23.082586011808587,27.427945408712063,2.5059359914149963,3.2709080435308877,4,1,0,8
53,9,16.535488503054108,19.99159560602438,17.829144448395724,63.98473298760358,25.170508358217145,28.15567765974726,2.2656475064263253,2.5059359914149963,4,1,1,9
54,0,162.78374812310378,21.0,21.0,40.0,33.19546111629865,19.02161508290255,4.375828190331141,0.0,0,0,0,0
54,1,142.37059965996062,20.92888864456385,21.980432301658052,49.39907371585622,33.19546111629865,19.02161508290255,4.375828190331141,4.375828190331141,0,0,0,1
54,2,142.37059965996062,19.86689428367961,19.371545972070372,59.34822812283336,32.133670381405466,23.139409657356428,3.096660304303766,4.375828190331141,0,0,0,2
54,3,142.25504984561928,18.09811064342586,18.157087337281773,68.8941643561793,29.539202552698423,23.493776521445675,1.7681045383487723,3.096660304303766,0,0,0,3
54,4,137.08475911881146,18.168299334042935,18.215486900827432,78.55679316410934,28.6836594235974,24.997611731569428,2.072200654157589,1.7681045383487723,0,0,0,4
54,5,114.39655456087343,19.507587377783167,19.420561408342095,73.43277196716197,29.25501693806712,25.61153196778081,2.8360255697422554,2.072200654157589,1,0,0,5
54,6,90.30590582453425,20.690083056339272,20.69694319245762,68.79800303871937,29.27349989995337,28.311117164254465,3.011331092042398,2.8360255697422554,2,0,0,6
54,7,83.09185706174455,18.73349798560839,18.739854190475967,64.05456823859902,28.280102745977533,28.7008150311316,3.6070243813948495,3.011331092042398,3,0,0,7
54,8,53.921960981930624,19.348479189815905,18.84788927610409,59.678884281650554,34.22146010594014,24.802517911012835,4.484597988090421,3.6070243813948495,4,0,0,8
54,9,36.309127871799674,17.813776846512514,17.838591074939444,55.51189515701944,34.18081226281503,26.002581489234323,4.81569859788665,4.484597988090421,5,1,1,9
55,0,231.74930991311547,21.0,21.0,40.0,28.997468520857502,17.531056450986682,6.586273447994834,0.0,0,0,0,0
55,1,198.93998087746783,21.16933622748923,21.942705098312498,48.375134494931956,28.997468520857502,17.531056450986682,6.586273447994834,6.586273447994834,0,0,0,1
55,2,198.93998087746783,19.776083093499295,19.36563109407333,55.81171921371631,25.11821322887552,16.196146319926427,6.586015885204269,6.586273447994834,0,0,0,2
55,3,196.21116577096038,18.14434164366441,18.221856751246573,63.84408948669963,24.83529541209621,19.7889838822556,6.322845379872796,6.586015885204269,0,0,0,3
55,4,181.9890768391055,18.278891738157128,18.2818689052572,73.58592201116268,29.509372488704827,24.611919313867688,5.5482516308514604,6.322845379872796,0,0,0,4
55,5,157.2243776032632,18.17384771319573,18.071425231767883,67.83521104029828,30.70175814849115,20.68318090226213,4.73740734234239,5.5482516308514604,1,0,0,5
55,6,132.91431079326725,18.06511230046209,18.055620747409122,62.139789269899495,31.09262808722004,20.599473188342312,4.616292390967295,4.73740734234239,2,0,0,6
55,7,106.35964455783238,17.882150948382186,18.05667611177903,56.92511927132696,28.064920590705103,26.29802386166976,5.050817911229276,4.616292390967295,3,1,0,7
55,8,72.05680533355556,19.20992639648557,17.223763821267298,52.88977107715232,30.928517329550584,29.986214925034695,5.63724042300971,5.050817911229276,4,1,1,8
55,9,35.15712923578693,19.650622467420185,20.064523309508417,62.88188407533622,32.30456770133104,23.207171177468403,6.1499460162947726,5.63724042300971,4,1,1,9
56,0,292.8733873344702,21.0,21.0,40.0,26.619574452116694,15.038631154240514,7.097909666639003,0.0,0,0,0,0
56,1,255.92723363379818,21.337607592921927,21.900772623084812,47.498477009144295,26.619574452116694,15.038631154240514,7.097909666639003,7.097909666639003,0,0,0,1
56,2,255.92723363379818,19.851605116231536,19.482140451260662,55.639999136544205,27.628218140827848,17.6024603447272,7.459345216170991,7.097909666639003,0,0,0,2
56,3,254.6010493949745,18.186274895907086,18.185775785878516,64.42997740001478,29.44196293618293,19.39124963865361,7.350310155337353,7.459345216170991,0,0,0,3
56,4,235.8733972289546,18.272581147427424,18.266853785076965,74.73748651677562,33.800510476306364,23.46342906125385,7.5700916190526115,7.350310155337353,0,0,0,4
56,5,194.83810294949558,18.057549392079693,18.168241653314293,69.37711504208232,29.17798008029097,24.37551172696851,7.916034441141425,7.5700916190526115,1,0,0,5
56,6,157.0171080233945,18.145889253493753,18.119338372703265,65.37248397278688,33.60769767060292,27.47768527775572,7.217322862652798,7.916034441141425,2,0,0,6
56,7,123.16860981380138,17.86335038523878,17.94832015826908,60.70419602543747,29.63996201691753,27.758438275585707,6.852494942964192,7.217322862652798,3,1,1,7
56,8,72.17054337552239,19.21885219956322,19.033555088616406,56.8326384470157,34.90749453588269,26.917185583996357,6.374758304784875,6.852494942964192,4,1,1,8
56,9,36.1067825847239,20.737085040171024,20.664891326860666,67.27461848567069,32.20007127223505,25.810928942514856,6.010626798466414,6.374758304784875,4,1,1,9
57,0,249.51682262322177,21.0,21.0,40.0,31.569373378022984,21.37348539219084,7.750110584172605,0.0,0,0,0,0
57,1,214.1866507332463,20.874818886585736,21.942705098312498,49.52971457863849,31.569373378022984,21.37348539219084,7.750110584172605,7.750110584172605,0,0,0,1
57,2,214.1866507332463,19.864001689924386,19.238249137120505,58.99671951399151,33.931903163682385,18.662568699389933,9.04507127154356,7.750110584172605,0,0,0,2
57,3,211.93310902129906,18.233628454041323,18.277844387699417,70.36698002501147,38.11332586574945,25.05478808436148,9.3316282811542,9.04507127154356,0,0,0,3
57,4,163.4299460747795,18.26139243925917,18.26078821221854,68.09948286008137,41.91243799745935,28.823688864040044,8.880561798828143,9.3316282811542,1,0,0,4
57,5,124.67183933449577,18.00010498674492,18.101432483902048,64.04582293097403,34.41768733470548,26.39531305914268,7.861836943617614,8.880561798828143,2,0,0,5
57,6,90.95937794217207,18.07932043026253,18.113406107229377,60.69539360891858,35.51896376345633,29.200873336235624,6.474517102098555,7.861836943617614,3,0,0,6
57,7,65.12154051025243,18.02962930176081,17.93506507465263,58.05852190495935,39.86517393587248,28.818872153242918,5.238656713591158,6.474517102098555,4,0,1,7
57,8,39.448583560430336,17.883150493214426,19.191002201764764,55.932607652346235,41.52269859659381,30.0,3.9557327294411153,5.238656713591158,5,1,1,8
57,9,18.70780980309664,20.63483716918109,19.91793643671187,68.27562504567614,42.39978992351935,26.17252892831344,3.4567956262222816,3.9557327294411153,5,1,1,9
58,0,166.31285520503044,21.0,21.0,40.0,25.37415128584443,15.58139350111973,5.08344749683471,0.0,0,0,0,0
58,1,139.4840910811716,21.38515416141057,21.911627870022397,47.37199806165355,25.37415128584443,15.58139350111973,5.08344749683471,5.08344749683471,0,0,0,1
58,2,139.4840910811716,19.88293889072712,19.464524614411243,55.1639269229165,28.15605093014989,15.1324427435332,4.609003204200628,5.08344749683471,0,0,0,2
58,3,138.76652493691293,18.07422200230701,18.183880767075024,62.57878070861791,24.36715104550054,16.826481097285097,3.46779024005649,4.609003204200628,0,0,0,3
58,4,131.58725162440172,18.30790984818477,18.24318349704526,71.6160910621403,30.4921336234914,19.715146118299657,2.6304978670639123,3.46779024005649,0,0,0,4
58,5,116.31953062558381,18.185283613785614,18.164381091514205,66.10038376336107,32.25631431277226,20.434200694009803,2.8728639279386754,2.6304978670639123,1,0,0,5
58,6,89.5334351917717,19.61655942981797,19.424909849322358,61.24132316269544,33.11728453868787,23.22126767983641,3.348261929226514,2.8728639279386754,2,0,0,6
58,7,80.92761201297057,17.96715443748504,17.948408051825464,56.653633196199564,34.339751497315454,23.50641535548529,3.393588377371001,3.348261929226514,3,1,1,7
58,8,52.50004054225185,19.2195458802674,19.05749792587676,52.1622795184572,33.382480980706234,24.99888747628065,3.55344643383984,3.393588377371001,4,1,1,8
58,9,28.997170267233347,20.805149724543067,20.642592205070656,62.81659382483774,34.874615162463826,24.31601987298364,3.9171450458364174,3.55344643383984,4,1,1,9
59,0,225.48483220098882,21.0,21.0,40.0,26.483845303341628,21.9133357931149,7.650094558098215,0.0,0,0,0,0
59,1,188.32436038173344,21.08275649768117,21.9427050983125,48.711492597362174,26.483845303341628,21.9133357931149,7.650094558098215,7.650094558098215,0,0,0,1
59,2,188.32436038173344,19.84787254880946,19.444448789669178,58.20483748574591,30.00638194150466,22.73442299396057,8.519821414727545,7.650094558098215,0,0,0,2
59,3,187.70969622703677,18.122469289842172,18.190299320363167,67.81309986597785,28.629846433613373,24.74938901211956,9.1054755409023,8.519821414727545,0,0,0,3
59,4,166.50130518776717,18.193242832175756,18.140160231956592,77.0846062841517,29.021478211153376,22.48689077870142,8.705043444542765,9.1054755409023,0,0,0,4
59,5,121.6667793318043,18.166906844680312,18.12744099239032,71.30524323596127,29.86682044516908,21.3589403982174,8.17497913841543,8.705043444542765,1,0,0,5
59,6,83.24473954998126,18.049414074928766,18.121143764930707,66.0295925161308,29.47277910723153,24.55138356037698,7.353273107081593,8.17497913841543,2,0,0,6
59,7,54.503924737414586,17.936439563441173,18.01004366254115,61.30359906051655,29.159502363666185,27.918311771810146,5.563440395145084,7.353273107081593,3,1,0,7
59,8,26.4543229062482,19.15154482409914,17.822092517417488,56.22466276926629,28.59408296148077,26.522937642684443,4.1653379780364,5.563440395145084,4,1,1,8
59,9,10.63153909442226,19.982395791921338,20.235732727791238,66.37004875001952,31.81909662767957,24.544158820949477,2.637130635304324,4.1653379780364,4,1,1,9
60,0,163.00073766269705,21.0,21.0,40.0,28.238716441256617,21.80676443699532,6.108384533467637,0.0,0,0,0,0
60,1,133.8841683536814,20.93143057803259,22.036135288739906,49.00818655808535,28.238716441256617,21.80676443699532,6.108384533467637,6.108384533467637,0,0,0,1
60,2,133.8841683536814,19.8413793124002,19.39507958846326,58.46772491462403,29.14870320294833,23.404287666710992,6.232227172576165,6.108384533467637,0,0,0,2
60,3,133.15564210452197,18.248932020667723,18.128571769686218,68.62479738434843,34.0953042363352,22.33287615102256,5.994257226585736,6.232227172576165,0,0,0,3
60,4,121.46377942221272,18.17752128110977,18.245095547456625,79.24803777192119,33.70085846057591,25.31714369260612,5.045918220097278,5.994257226585736,0,0,0,4
60,5,100.44803351378913,18.074143914045944,18.200179488617017,74.64018878346063,29.90805416287307,27.826118123457118,4.000047098576806,5.045918220097278,1,0,0,5
60,6,84.95333372024578,18.000593311623096,18.03491700069915,69.32062437552506,27.072974659652346,26.707223074038943,3.0304426837785177,4.000047098576806,2,0,0,6
60,7,70.66588316143373,17.95931839603446,17.94465663480436,64.16814347551414,27.903639545750966,26.80479989863286,2.69959778364478,3.0304426837785177,3,1,1,7
60,8,44.57910191117017,19.155785544310092,19.151693126374468,60.04456199225601,30.42454731523256,30.0,3.2608476562829454,2.69959778364478,4,1,1,8
60,9,19.70844070664024,20.02977969852518,20.046274166185913,55.70716131173559,29.236662885997664,30.0,3.1088326505662414,3.2608476562829454,5,1,1,9
61,0,115.43245572527762,21.0,21.0,40.0,34.80509278865018,22.839674169226885,5.950740135573955,0.0,0,0,0,0
61,1,89.04972527113637,20.873313224597883,21.91310296290311,50.376058052417875,34.80509278865018,22.839674169226885,5.950740135573955,5.950740135573955,0,0,0,1
61,2,89.04972527113637,19.943828253649745,19.41619693187728,62.41500537302776,38.833880342049866,28.04916032800504,5.4358662334361165,5.950740135573955,0,0,0,2
61,3,89.04972527113637,18.259234293360066,18.236981959932862,73.73343941951991,35.95363782256288,26.92655132461576,4.309642334651941,5.4358662334361165,0,0,0,3
61,4,71.01398994474658,18.18214798966704,18.222209227112018,70.35370487777418,35.790527474666575,28.766502848968244,3.290464961303813,4.309642334651941,1,0,0,4
61,5,57.86444098874169,18.006519222437507,18.174669943020636,65.90467282515172,28.616488596541927,30.0,2.548595475398728,3.290464961303813,2,0,0,5
61,6,41.92094043996375,18.15405375839923,18.057294901687513,62.32647048293467,33.45443143212744,30.0,3.078377355962405,2.548595475398728,3,0,0,6
61,7,21.582702369563634,19.548498220297358,19.44347588195578,59.17362148688558,36.26000267262987,29.557502904875232,2.5422797588000146,3.078377355962405,4,0,0,7
61,8,16.7061494136777,17.885182877205413,17.854757135329532,56.38023260365115,38.01914653290039,29.79535967135276,1.9463679792041957,2.5422797588000146,5,1,1,8
61,9,4.771269136397278,19.041373495160006,18.894831768609624,53.58125764566951,37.78347245565754,30.0,1.491860034660053,1.9463679792041957,6,1,1,9
62,0,147.99140377479068,21.0,21.0,40.0,26.99117210300796,17.055563209259258,4.628507097592875,0.0,0,0,0,0
62,1,124.32723623362334,21.252523291537383,21.941111264185185,47.9284123562081,26.99117210300796,17.055563209259258,4.628507097592875,4.628507097592875,0,0,0,1
62,2,124.32723623362334,19.862059818587205,19.479861828945104,56.5059590522708,28.21705854636809,19.43597865398028,3.984692125971716,4.628507097592875,0,0,0,2
62,3,123.92237592813743,18.273789003964097,18.21840159640909,66.81322115169249,34.40650874457375,22.85605847443565,3.248759456524652,3.984692125971716,0,0,0,3
62,4,116.919228152594,18.24544014835498,18.21118788895806,77.89275204768235,37.40800633107499,24.14494309109093,3.187323965319643,3.248759456524652,0,0,0,4
62,5,97.19894401580375,18.068087386810006,18.079678335736308,72.60217444658909,33.312375671575445,20.62885987790645,3.812476386552361,3.187323965319643,1,0,0,5
62,6,68.02783367131622,19.421754106329786,19.344245938827758,66.89927250038184,27.67604444225004,23.974500301043022,3.646388793060941,3.812476386552361,2,0,0,6
62,7,59.0926776654247,17.99905598825148,18.01144915029212,62.32222503144229,30.49358893919986,27.41170290002481,3.1050840845017684,3.646388793060941,3,1,0,7
62,8,39.08483596365729,19.262501379921872,18.116733237481903,58.072052357779654,33.160499747933585,26.560763176162883,2.862374886398635,3.1050840845017684,4,1,0,8
62,9,28.04285665969229,20.211117930549477,17.816248632013803,68.76321323880433,32.751633619812885,26.643704608101917,3.2634216898493698,2.862374886398635,4,1,1,9
63,0,180.1226467032202,21.0,21.0,40.0,28.010417639701927,24.12407232294737,4.690605438706013,0.0,0,0,0,0
63,1,158.25592635857487,20.825965543642617,22.078536175283936,49.384208193276876,28.010417639701927,24.12407232294737,4.690605438706013,4.690605438706013,0,0,0,1
63,2,158.25592635857487,19.950857638304655,19.358919050034405,60.01442623464805,34.9325684176997,24.12419847880682,4.369617276530197,4.690605438706013,0,0,0,2
63,3,158.25592635857487,18.117248223559525,18.20131825380133,70.14102512497406,30.46723001799835,25.791652706035077,3.8843435649026543,4.369617276530197,0,0,0,3
63,4,138.21472703498046,18.159647466354862,18.175300420130718,64.94477145442086,29.17909350449297,25.286163881322544,3.4712255102307457,3.8843435649026543,1,0,0,4
63,5,117.43371465677569,18.166909026683612,18.174144358263472,60.11799824839143,30.024544838673823,26.49338179449605,3.831426576704161,3.4712255102307457,2,0,0,5
63,6,99.01336564373017,18.03776380553455,18.062009529330897,55.15787682577576,29.04799003102562,26.72911317666512,3.6279932001888544,3.831426576704161,3,0,0,6
63,7,82.29149442931107,18.022828035247986,18.002217088613964,51.45446974829319,33.05413687780154,29.704712691739772,3.2190489824693582,3.6279932001888544,4,0,0,7
63,8,66.02604822076694,17.94895256049414,17.85590574616519,48.69478743074487,38.001764902509294,30.0,3.10594675328625,3.2190489824693582,5,1,1,8
63,9,31.428084353413947,19.091207277674545,18.93343816183356,46.16593587200192,39.28415800698361,30.0,4.324745483419124,3.10594675328625,6,1,1,9
64,0,203.9008095292118,21.0,21.0,40.0,34.4068780681242,19.315241752097823,7.994737768917611,0.0,0,0,0,0
64,1,167.77450654553803,20.806897779380847,21.986304835041956,49.669981567639965,34.4068780681242,19.315241752097823,7.994737768917611,7.994737768917611,0,0,0,1
64,2,167.77450654553803,19.782342439124683,19.272977825489644,58.9116145419689,29.559765129886983,21.78264028305155,9.1885897638927,7.994737768917611,0,0,0,2
64,3,165.02526866784618,18.187697610985065,18.24910201634336,69.3844441622538,31.444645679141026,26.737741100219523,8.903726386780443,9.1885897638927,0,0,0,3
64,4,148.36086218968268,18.210930615185973,18.171953294766688,79.96584543286346,32.72066660719193,26.06489600730617,7.477378835570661,8.903726386780443,0,0,0,4
64,5,113.83696088738878,18.11408203614299,18.097433670781555,74.75088806579403,30.92476841434141,23.436579546384007,6.520977645658543,7.477378835570661,1,0,0,5
64,6,90.20370032427286,17.99551862878877,18.078756529276692,69.17309889093849,27.83595476940409,24.50966092584292,4.512748977259994,6.520977645658543,2,1,0,6
64,7,65.65082764145046,19.292408591767632,17.96015028194289,63.27599039553641,25.189699362625134,25.3819201073633,3.6707063607249935,4.512748977259994,3,1,1,7
64,8,38.6390974478804,19.513851509164212,19.956195337955933,58.691993372937745,27.866683207785176,30.0,3.376466274196257,3.6707063607249935,4,1,1,8
64,9,19.42746471790565,21.3230341382873,21.202464408572826,69.38279260263042,29.39332905384817,30.0,3.2019387883291253,3.376466274196257,4,1,1,9
65,0,186.90839979541767,21.0,21.0,40.0,34.33634858119019,18.15807638443375,7.0228212557817855,0.0,0,0,0,0
65,1,154.22346937655934,20.96128596582737,21.9427050983125,49.44899649381231,34.33634858119019,18.15807638443375,7.0228212557817855,7.0228212557817855,0,0,0,1
65,2,154.22346937655934,19.916716084667392,19.344221405162894,59.64379805237667,35.27061671220827,21.3671697242604,7.711789031980055,7.0228212557817855,0,0,0,2
65,3,153.77458398023083,18.092603291065473,18.255896088677147,69.876799888758,30.188036044000228,26.661974158118323,7.232430986993362,7.711789031980055,0,0,0,3
65,4,138.10497665714175,18.11744126267615,18.187278259417056,79.51489388472899,26.78958934655997,26.75537729772327,6.711440844597323,7.232430986993362,0,0,0,4
65,5,104.14868869738146,18.288888942108443,18.144397265196485,75.35256374644435,33.73403645198226,26.475240557547476,6.2083631874100496,6.711440844597323,1,0,0,5
65,6,81.93247675719242,18.066486467888083,18.04883250908991,71.19679617058634,34.19361476201069,26.052120927667072,4.515080316955119,6.2083631874100496,2,0,0,6
65,7,64.7736155540641,17.908268565675574,17.910547551922953,66.44168188349035,32.471788130164946,24.444243608190643,3.37023299475667,4.515080316955119,3,1,1,7
65,8,44.59194460822903,19.250015701781656,19.102728110062525,63.41527386791516,36.92507513063641,29.59488033839036,2.522708868229384,3.37023299475667,4,1,1,8
65,9,26.77291279656037,20.775350137024535,20.663235579544896,73.37401221072687,31.570682938250407,23.75564118848134,2.969838635278109,2.522708868229384,4,1,1,9
66,0,195.59211825637925,21.0,21.0,40.0,29.31504360639344,20.614515398284745,2.814576139775495,0.0,0,0,0,0
66,1,181.9548890664425,21.101102026454196,21.942705098312498,48.98732062084207,29.31504360639344,20.614515398284745,2.814576139775495,2.814576139775495,0,0,0,1
66,2,181.9548890664425,19.945602671479435,19.49239761152191,59.643177226868644,34.61770514340814,24.58149822340617,1.4225511163806484,2.814576139775495,0,0,0,2
66,3,181.9548890664425,18.268442115480198,18.135257548561974,69.49736368056205,34.10139227178551,20.64408802651121,1.7506694934024931,1.4225511163806484,0,0,0,3
66,4,161.64422472799995,19.377982218802742,19.279824768925124,64.4789675217465,31.179497835450704,24.27385683779628,2.5388330423053187,1.7506694934024931,1,0,0,4
66,5,131.59720380516154,20.55075312418626,20.48771288261605,59.928233212746875,31.33792494389403,26.713551117219197,3.7558776153548017,2.5388330423053187,2,0,0,5
66,6,110.24770497739928,19.52237653841027,20.84496262724347,56.465565287203034,34.096289302534245,30.0,4.312338372818843,3.7558776153548017,3,0,0,6
66,7,101.3616577909232,18.56702788086907,18.087729025196165,52.614238430370136,33.03161223437124,28.905460783223774,4.443023593238041,4.312338372818843,4,0,0,7
66,8,79.91524360183028,17.933401990390884,17.871890784335513,49.710546546075065,37.20171175391626,30.0,4.57614573852026,4.443023593238041,5,1,1,8
66,9,34.79067895800337,18.989359625398123,18.86059980974808,45.60600175673177,33.945482799601685,26.58482392626893,5.640570580478364,4.57614573852026,6,1,1,9
67,0,251.07422253461743,21.0,21.0,40.0,25.590782627592905,16.699253631893868,5.1715351288320885,0.0,0,0,0,0
67,1,224.05482751150234,21.33645289275504,21.933985072637878,47.61220652670762,25.590782627592905,16.699253631893868,5.1715351288320885,5.1715351288320885,0,0,0,1
67,2,224.05482751150234,19.835111148093098,19.466045196477367,55.20075787778387,25.824466749817184,16.334151867273114,4.362102633009901,5.1715351288320885,0,0,0,2
67,3,222.9704946948794,18.156816487386614,18.24614850164892,63.715994130180164,26.165291119148453,21.141576949719823,3.99831989342024,4.362102633009901,0,0,0,3
67,4,212.69018548971133,18.264386480346737,18.25067109110757,73.52936498641594,30.11410530523745,24.404621673850244,4.150969542407144,3.99831989342024,0,0,0,4
67,5,187.46847937367272,18.155832029954844,18.10898593170683,68.02609749760681,30.40570680297966,22.353918259191868,4.794396440340735,4.150969542407144,1,0,0,5
67,6,159.62744597814,18.05392870418185,18.061961202534643,62.53453093887087,30.237396927696437,22.58723330154833,5.3324473065777145,4.794396440340735,2,0,0,6
67,7,131.55951842610435,18.016022881097495,17.915643262244426,57.459267900587534,33.90328606694702,21.234141498145576,5.357286005534448,5.3324473065777145,3,0,1,7
67,8,95.30429964104749,17.08360462717974,19.111534150595375,52.775002141815264,30.583517425933955,26.72611724755344,6.118986718450916,5.357286005534448,4,1,1,8
67,9,42.06985966142745,19.423408274336705,18.686058438364263,47.84827022577024,31.205574706902144,24.757025759514413,6.654304997452504,6.118986718450916,5,1,1,9
68,0,207.65027891431663,21.0,21.0,40.0,28.73783201908008,24.222883992666183,6.008913957213684,0.0,0,0,0,0
68,1,179.95295428686413,20.954972862411687,21.913614270393133,49.53292888211433,28.73783201908008,24.222883992666183,6.008913957213684,6.008913957213684,0,0,0,1
68,2,179.95295428686413,19.800255911251313,19.40920439171618,59.55120760272748,30.415029430220592,25.242074573185807,6.373371290740911,6.008913957213684,0,0,0,2
68,3,179.41183306270383,18.138256025809337,18.074797738986216,68.78697020650077,29.82783072068763,21.48196152249732,6.460852410503342,6.373371290740911,0,0,0,3
68,4,163.33218907019284,18.11485774642832,18.143167302414966,77.00757471061443,26.300208210855885,19.369816811997826,6.26284602072541,6.460852410503342,0,0,0,4
68,5,127.14426313936526,18.12084070031427,18.091116582784693,69.43579476261881,24.842243226569572,16.425645951232532,6.383513516574722,6.26284602072541,1,0,0,5
68,6,93.31797864228957,18.091202042239708,18.141959154256188,62.93115735271098,26.5376002541792,20.65885857966617,6.151944383844501,6.383513516574722,2,0,0,6
68,7,65.11537726769457,17.945586145659316,17.91622170381482,56.21409881844562,26.68165262152072,19.334688854782826,5.375788755094094,6.151944383844501,3,1,1,7
68,8,31.873225340936152,19.05350031596874,18.817184511180677,48.50092691242515,26.36931758347845,14.113060716407826,4.155268990844802,5.375788755094094,4,1,1,8
68,9,15.543405202057734,20.43695669277612,20.36630822989149,56.646455886148054,26.16504947947876,19.08788926342626,2.72163668981307,4.155268990844802,4,1,1,9
69,0,247.04684891132825,21.0,21.0,40.0,34.47897559257653,17.000405795484077,4.6768886963296925,0.0,0,0,0,0
69,1,225.1809910594091,20.964879539641146,21.940008115909684,49.26628864985091,34.47897559257653,17.000405795484077,4.6768886963296925,4.6768886963296925,0,0,0,1
69,2,225.1809910594091,19.89892590717688,19.225861698952954,58.2284788646824,34.40811370256054,15.38183193539219,4.253408460395866,4.6768886963296925,0,0,0,2
69,3,224.03042794920248,18.119144971298322,18.282424313500403,68.1047926427027,32.86536226747748,22.00304761041306,4.149127274382144,4.253408460395866,0,0,0,3
69,4,214.2827123155647,18.083246791428063,18.202430383621362,77.21481745691858,27.75719200763277,22.85405696023317,4.189629262233371,4.149127274382144,0,0,0,4
69,5,185.72236116427808,18.15468481098122,18.170555833537232,71.55200807180054,27.99143255669372,23.881848637094976,5.150412246830568,4.189629262233371,1,0,0,5
69,6,156.24517457798981,18.03917410902807,18.075877868782406,65.89335825660153,27.08539292372149,24.810996991839588,5.685738634731204,5.150412246830568,2,0,0,6
69,7,124.08922082309255,17.964644921764922,18.016981278313477,61.100652472483375,28.18238409634329,28.52480599188921,6.1150134641262905,5.685738634731204,3,1,0,7
69,8,80.53195192944898,19.18969021536062,17.87632753440435,56.84869122243775,29.87014367652861,29.84118271210683,6.498255311827925,6.1150134641262905,4,1,1,8
69,9,40.31120829581018,19.98645380497345,20.32887217171445,67.12057300915733,29.82276590175704,27.243244024462804,6.703457272273133,6.498255311827925,4,1,1,9
70,0,202.52187894701504,21.0,21.0,40.0,33.24299805047452,19.67141175253978,6.786970779366362,0.0,0,0,0,0
70,1,170.94056495256322,20.96880984958011,21.942705098312498,49.52459376454257,33.24299805047452,19.67141175253978,6.786970779366362,6.786970779366362,0,0,0,1
70,2,170.94056495256322,19.878360613477856,19.436911239034814,60.1474611288512,33.23998489644054,25.77594490527406,6.647151138405601,6.786970779366362,0,0,0,2
70,3,170.94056495256322,18.10684227703529,18.201003491826157,70.13306281287635,28.694622394176463,26.78094251707436,6.1577138514755845,6.647151138405601,0,0,0,3
70,4,141.02983574054437,18.217662956935346,18.189670371756897,65.44728091588226,30.307260409695303,26.993951273670845,5.158055928842461,6.1577138514755845,1,0,0,4
70,5,118.2002901846405,18.13687253822491,18.119476391777138,60.36863938890659,29.650887320940804,25.46777086252769,4.305864539813851,5.158055928842461,2,0,0,5
70,6,96.28566675198996,18.12650841415429,18.11279610815444,56.412430332334225,33.111562944279505,28.242831185874,4.229395430818664,4.305864539813851,3,0,0,6
70,7,80.73808106783044,17.124523129290438,17.261498156824473,51.56172108117147,27.20246449317786,29.182484111473507,4.370321688021336,4.229395430818664,4,1,1,7
70,8,44.302604260713714,18.381541194510795,18.4162190012159,46.1460986555562,24.72901316582481,28.51752891409037,4.55443460088959,4.370321688021336,5,1,1,8
70,9,20.19750885900314,19.970124994545927,20.055434762602964,55.98297065413471,24.93181668878156,29.71747219221017,4.017515900285096,4.55443460088959,5,1,1,9
71,0,148.26422903951703,21.0,21.0,40.0,28.72181787013057,20.095375539056203,6.050453322083965,0.0,0,0,0,0
71,1,118.60134597520407,21.07702488842133,22.001907510781127,48.78709481365362,28.72181787013057,20.095375539056203,6.050453322083965,6.050453322083965,0,0,0,1
71,2,118.60134597520407,19.807481328787574,19.485502205133127,57.85328595502475,26.29672270524913,24.071005857923826,5.343228179213513,6.050453322083965,0,0,0,2
71,3,118.2043623690734,18.1046633514845,18.08143237573553,65.89433864137644,24.029890279474827,20.642624644701154,3.471033156431753,5.343228179213513,0,0,0,3
71,4,110.85371212366805,18.263796087084415,18.291665713018578,75.59716398940579,27.94918480244765,25.955400464382063,2.698007372086262,3.471033156431753,0,0,0,4
71,5,97.60307760849875,18.222638014164357,18.175862716609473,71.18649591439966,31.581085510665662,27.24853629485583,2.5303973671713065,2.698007372086262,1,0,0,5
71,6,84.41741065807432,18.082084511382977,18.011433158260555,66.58617863581003,32.82056599543873,24.95544912350779,2.648071668736638,2.5303973671713065,2,0,0,6
71,7,68.18537563246511,17.801214923282217,18.028413639001826,61.483826648152046,25.7460572439253,29.240876157974792,3.145551931651861,2.648071668736638,3,1,0,7
71,8,43.43663137474446,19.03406235204309,18.376328164602818,56.006747382364495,24.19722966724224,28.70788552282689,3.380877932100096,3.145551931651861,4,1,0,8
71,9,30.703578800395665,20.253607493345463,17.75825922914054,66.15986449391303,30.514849364166583,25.89135681110311,3.745234305208885,3.380877932100096,4,1,1,9
72,0,293.148042298587,21.0,21.0,40.0,33.43253265588527,20.77564676857712,5.925435235459448,0.0,0,0,0,0
72,1,265.7772511741933,20.887854143959913,22.015512935371543,49.75747229640323,33.43253265588527,20.77564676857712,5.925435235459448,5.925435235459448,0,0,0,1
72,2,265.7772511741933,19.842713204848963,19.25639276990481,58.50084449622711,30.487714937527382,18.08657506149419,6.463224790188449,5.925435235459448,0,0,0,2
72,3,263.46615535389265,18.178472068165718,18.13840738470175,67.39613177185845,31.91131834581384,17.506944296582464,7.116998119884714,6.463224790188449,0,0,0,3
72,4,244.23840179852422,18.215629806583554,18.288944640138595,77.49520552873987,33.42229884374357,22.68366647226437,7.654807115054047,7.116998119884714,0,0,0,4
72,5,204.30502174955018,18.176076412572527,18.11709732849617,72.53284295523959,34.72611947236998,21.038532897072848,7.623269427512436,7.654807115054047,1,0,0,5
72,6,165.9652690863911,17.956536319946768,18.172070874712844,67.69663690330053,29.68819038533247,26.77733154833945,7.465718567213869,7.623269427512436,2,1,0,6
72,7,118.973024911243,19.526220271251717,18.007158467345693,64.33644267244799,34.66558760637477,30.0,7.07830682264855,7.465718567213869,3,1,0,7
72,8,78.87003128852336,19.616822066803756,17.809692104143398,59.43127387011364,28.0977903354171,27.98460520716984,6.987296132814039,7.07830682264855,4,1,1,8
72,9,43.546899248559065,20.118082260608038,20.586307908074573,70.28471237320991,31.9962738196679,28.300606753089177,5.887188673327382,6.987296132814039,4,1,1,9
73,0,301.2737675241699,21.0,21.0,40.0,25.474168939060327,20.465489228499244,7.0736347763371406,0.0,0,0,0,0
73,1,265.59295038094143,21.179726999872102,21.983264552486762,48.269138470160726,25.474168939060327,20.465489228499244,7.0736347763371406,7.0736347763371406,0,0,0,1
73,2,265.59295038094143,19.842104914201983,19.543518922028465,57.48821319175268,27.046659053039008,24.17042273358294,7.199726216458332,7.0736347763371406,0,0,0,2
73,3,265.42156568169685,18.29384364614546,18.144342355695162,67.8697640965101,34.238841360311966,23.436441443895887,7.442096102201857,7.199726216458332,0,0,0,3
73,4,248.54196094193992,18.09410016271417,18.2011551986854,77.57122971461449,29.673339664773003,24.22369154691809,7.543832210165772,7.442096102201857,0,0,0,4
73,5,206.45509465952657,18.186301432160352,18.15528081686606,72.64693557395661,31.488411272790582,24.4877323902212,7.692832513159404,7.543832210165772,1,0,0,5
73,6,168.83875227129846,18.170074857542133,18.064856950914052,68.80571947902918,37.127409065521626,24.86583485154816,7.393667968310534,7.692832513159404,2,0,0,6
73,7,130.98975167201655,17.932491792220294,17.99077544220811,65.30521672433268,36.61674376091208,27.26935204632958,7.64827680275082,7.393667968310534,3,1,1,7
73,8,76.88162576895041,19.239346028175817,19.072667755775747,61.066184411401906,33.6214063436187,26.16174747343252,6.763515737883267,7.64827680275082,4,1,1,8
73,9,29.544502862437277,20.049484264361773,19.951309439055482,56.01470786177424,31.339245037803185,23.930329686487603,5.917140363314141,6.763515737883267,5,1,1,9
74,0,160.6318803553656,21.0,21.0,40.0,27.61324893252996,23.59697709440789,4.492950277699023,0.0,0,0,0,0
74,1,139.10604286105107,21.114428278397604,21.900801328966416,49.21784068484881,27.61324893252996,23.59697709440789,4.492950277699023,4.492950277699023,0,0,0,1
74,2,139.10604286105107,19.795308537724154,19.566647954444235,59.4207810643405,28.16021775687547,28.522784351411705,3.309782832618107,4.492950277699023,0,0,0,2
74,3,139.1033034526216,18.043735537617483,18.18336992381615,68.2932997175834,22.84699463775018,26.444775658043657,2.9795312639405687,3.309782832618107,0,0,0,3
74,4,130.96143051506172,18.20288512525077,18.179066148203134,77.26599629266197,23.72074106904016,26.127573236951893,3.13730582403114,2.9795312639405687,0,0,0,4
74,5,115.37746848186384,18.19075885358008,18.10543116122643,71.2044030009991,25.758683748044064,23.89913129827333,2.8469747212624408,3.13730582403114,1,0,0,5
74,6,101.86913545133835,18.099858239817426,18.060929948812564,65.55859517663089,27.886850654539508,24.08088365452599,2.5706349230806227,2.8469747212624408,2,0,0,6
74,7,83.57592540129963,17.932481387759847,17.960471503888137,59.98067160746983,27.375665126907545,24.969203933308822,3.507176899076086,2.5706349230806227,3,1,1,7
74,8,55.53946996278465,19.18404117346722,19.048873633543597,55.27529467859381,31.76543782469518,25.426912570438063,3.5045569298143717,3.507176899076086,4,1,1,8
74,9,30.76672133402695,20.6446496513123,20.61461179737573,64.59072954962318,27.640910872922845,24.11150507724029,4.128791438126283,3.5045569298143717,4,1,1,9
75,0,281.5231448607086,21.0,21.0,40.0,28.476900101995167,21.864983821136708,7.152679963622342,0.0,0,0,0,0
75,1,247.4869536621365,20.928060873421824,22.037299676422734,49.061539106163735,28.476900101995167,21.864983821136708,7.152679963622342,7.152679963622342,0,0,0,1
75,2,247.4869536621365,19.99501656399148,19.34214832244053,59.445294399935655,36.84617972118896,20.84134968865505,6.560177498422845,7.152679963622342,0,0,0,2
75,3,247.33185951912785,18.178192372848013,18.205933465065332,69.70407010597029,33.35517542493694,23.638022941922184,5.914280742715407,6.560177498422845,0,0,0,3
75,4,233.19268888316986,18.134883053820655,18.25590259204704,80.14253308556499,30.82881828472181,27.16264271302652,6.147911952144689,5.914280742715407,0,0,0,4
75,5,200.52687376687498,18.173798085600385,18.14237288912462,75.72653483768478,32.01872256474113,26.78128716925768,6.159812474665438,6.147911952144689,1,0,0,5
75,6,167.21874948053335,17.932768972588207,18.092942261953695,70.51062947030641,25.79242610977573,28.5636551825667,6.590401424968687,6.159812474665438,2,1,0,6
75,7,124.79119296356626,19.393516018957484,17.845584764806247,65.31493824687918,30.76074358481608,23.70763850725488,6.3885542042927925,6.590401424968687,3,1,1,7
75,8,76.33524832964542,19.5951009573218,19.821397250704347,60.35801400100358,33.84950972191625,21.945355578774866,6.056993079240105,6.3885542042927925,4,1,1,8
75,9,32.13892744363419,20.735383844946547,20.373491265133808,56.332946276339655,37.836015281993966,23.13583069209533,5.524540110751405,6.056993079240105,5,1,1,9
76,0,133.13681225944126,21.0,21.0,40.0,33.50485911613399,19.047745093036703,2.7940986427010595,0.0,0,0,0,0
76,1,120.07239053172853,20.984066564290433,21.942705098312498,49.459468757650725,33.50485911613399,19.047745093036703,2.7940986427010595,2.7940986427010595,0,0,0,1
76,2,120.07239053172853,19.96705028288164,19.392627541969873,60.35841048385528,37.44561764597466,23.10405861071733,1.420482864278352,2.7940986427010595,0,0,0,2
76,3,120.07239053172853,18.149199444466376,18.28872359791583,71.15501925362258,30.810646636622188,29.17051319541834,0.425507038066358,1.420482864278352,0,0,0,3
76,4,115.64201899306987,19.39865537577974,19.309375239286503,66.31142637629819,29.39781426889224,27.026669745972203,0.5537964423323327,0.425507038066358,1,0,0,4
76,5,100.26302829923247,20.525176980605355,20.53812688845079,61.577421446142196,28.86250629935225,28.170799644225564,1.922373836729674,0.5537964423323327,2,0,0,5
76,6,84.98442130832471,19.849754227574135,20.68872285964273,56.55400963321222,28.171028015677887,27.254461912488868,2.897520374870379,1.922373836729674,3,0,0,6
76,7,62.55563296812687,19.982537311605434,20.812566851132104,52.74144449363281,32.3870588391105,29.765357052115,3.749369331115913,2.897520374870379,4,0,0,7
76,8,47.39924919502689,19.11089480648451,19.15872055670161,48.97940647252605,32.43312210496244,30.0,4.305853257486647,3.749369331115913,5,0,0,8
76,9,46.78081644041169,17.871412271678764,17.750296235905125,60.150128558924,35.274245520149904,26.785321626505382,5.016752035089215,4.305853257486647,5,1,1,9
77,0,209.51073738433058,21.0,21.0,40.0,28.620354843606734,16.604283629544724,4.139397285665213,0.0,0,0,0,0
77,1,188.5821973508728,21.2283460631399,21.932085672590897,48.14043492516726,28.620354843606734,16.604283629544724,4.139397285665213,4.139397285665213,0,0,0,1
77,2,188.5821973508728,19.883185083530787,19.518114489577886,57.521325793350556,29.906747967338028,22.209312411458072,2.742404308123496,4.139397285665213,0,0,0,2
77,3,188.5455842330496,18.213855492930573,18.248538230847828,68.0824734569773,31.53681862185452,27.13622395384961,2.7793106005651573,2.742404308123496,0,0,0,3
77,4,181.83274380474654,18.308593702015763,18.23998583638595,80.24345342697028,37.69599389139493,29.865005941899373,3.0571344080533605,2.7793106005651573,0,0,0,4
77,5,162.74577412128696,18.18852386073491,18.15269988116201,77.77544707403557,39.62218692814047,30.0,3.840708402336632,3.0571344080533605,1,0,0,5
77,6,127.0545757762823,19.66950000934358,19.55892428078955,74.66735337586864,36.06614612129484,30.0,4.461399793125583,3.840708402336632,2,0,0,6
77,7,115.95045055730138,17.97076890476089,17.94270509831248,71.8118339357374,37.46933644371529,30.0,5.109819917186576,4.461399793125583,3,1,1,7
77,8,68.44119045713853,19.222762002957044,19.157977970662763,68.27066250379661,33.66015871144008,30.0,5.938657512520356,5.109819917186576,4,1,1,8
77,9,27.100394740921395,20.10554906458711,20.088345494660572,64.40041152032998,31.83193898074097,30.0,5.167599464527142,5.938657512520356,5,1,1,9
78,0,157.11338684084265,21.0,21.0,40.0,33.4912242231306,22.07624053967252,4.663755522675906,0.0,0,0,0,0
78,1,135.929534391487,20.812054956526694,22.04152481079345,50.00214365730456,33.4912242231306,22.07624053967252,4.663755522675906,4.663755522675906,0,0,0,1
78,2,135.929534391487,20.026493458702163,19.271112727828637,60.93529499041327,40.03335917902833,20.706370449353376,3.909751409048031,4.663755522675906,0,0,0,2
78,3,135.82324650181636,18.27785713146919,18.166390169529386,72.00947219632718,39.99732777369208,21.52587892582965,3.390601702908586,3.909751409048031,0,0,0,3
78,4,119.83474308971384,18.112184599343767,18.26619555762606,68.15168727572014,36.336047909632015,25.56514697588437,2.878154452531639,3.390601702908586,1,0,0,4
78,5,105.35233127389046,18.09416012230653,18.053338710284493,62.92139184843228,33.54405402495851,20.732082490108937,2.765917892564311,2.878154452531639,2,0,0,5
78,6,94.71194601028648,17.99989254073863,18.08725784600424,57.44414167145493,30.673935977514184,22.230229705945003,2.0090155113429478,2.765917892564311,3,1,0,6
78,7,74.74192712072333,19.52589555694628,18.009852148507125,53.627718369563766,36.54339944048313,25.58758221567705,2.967629729848289,2.0090155113429478,4,1,0,7
78,8,52.29439322266445,20.41478729970051,19.953144479824676,63.86958814034913,32.92011225999333,23.979164244369805,4.265675590056193,2.967629729848289,4,1,0,8
78,9,15.922474039222848,20.89580832352383,20.0801609560224,58.981430144864476,29.60952720156772,26.56737282351751,5.11797380976956,4.265675590056193,5,1,0,9
79,0,190.07886604894904,21.0,21.0,40.0,30.807503813548443,18.64224440194048,4.007768253181071,0.0,0,0,0,0
79,1,170.8020667521178,21.142863705494154,21.855990032842975,48.900954678788004,30.807503813548443,18.64224440194048,4.007768253181071,4.007768253181071,0,0,0,1
79,2,170.8020667521178,19.733142551706944,19.393245496608834,57.116423602724,25.969725933269896,19.67176808859674,2.6501905878231597,4.007768253181071,0,0,0,2
79,3,169.9799975824231,18.098031299744388,18.267408114823567,65.92084725777174,23.371290920489397,25.542173829775805,2.2909642788214786,2.6501905878231597,0,0,0,3
79,4,163.74245402098984,18.268423436861706,18.177668971926938,75.4027190526681,27.52195293232688,25.15511259487516,2.5169192242542806,2.2909642788214786,0,0,0,4
79,5,146.07980819479707,18.11782354967353,18.187887995474785,69.93599475389937,25.913130416003447,27.049512368614696,3.295536998880117,2.5169192242542806,1,0,0,5
79,6,115.622124985113,19.535070381391794,19.488972679410082,65.27611878541488,29.34952596024305,28.09560754817648,3.8072104012105097,3.295536998880117,2,0,0,6
79,7,103.8282623592001,17.852495759966427,17.863015645640434,59.08715369776745,24.83905904294019,24.11113491457406,4.66260358717296,3.8072104012105097,3,1,1,7
79,8,65.84238185547535,19.00008589361565,18.977420229174786,53.52037464784107,26.69113399644885,25.71564905951573,4.748235062965594,4.66260358717296,4,1,1,8
79,9,33.420131530571794,20.62309661799612,20.555468389805316,64.17835189307617,31.466190535951757,27.744794159798808,5.403708387483926,4.748235062965594,4,1,1,9
80,0,122.28799375660277,21.0,21.0,40.0,26.668875993709456,19.651798152097108,4.345339683436851,0.0,0,0,0,0
80,1,100.4662807959506,21.15524336935659,21.993035963041944,48.33772134624518,26.668875993709456,19.651798152097108,4.345339683436851,4.345339683436851,0,0,0,1
80,2,100.4662807959506,19.755757046053493,19.349375112504298,55.151539950461896,22.803377786691687,15.051170014512271,3.579495477606298,4.345339683436851,0,0,0,2
80,3,98.34726590295882,18.177005046969096,18.21628237801641,62.80494537954829,24.153630135147267,18.365288915332712,3.9704210421732458,3.579495477606298,0,0,0,3
80,4,88.07355518034177,18.213057065797198,18.17927738716701,70.65197734606336,25.53597359375954,18.058648442435253,3.9804027986470927,3.9704210421732458,0,0,0,4
80,5,64.90994634111422,18.215024241843125,18.222556302004985,64.73723420721149,28.78718568591612,21.686463542684567,4.144057525473427,3.9804027986470927,1,0,0,5
80,6,45.87992371725886,18.15064870597291,18.098327566702178,60.03196929206007,33.4548759001857,23.738096793417515,3.7231318326983662,4.144057525473427,2,0,0,6
80,7,30.591620165357817,17.841636854311503,18.03087690423161,55.210636434171974,28.401463700136645,28.14668708937397,3.038178753268614,3.7231318326983662,3,1,0,7
80,8,20.637952315967652,19.10574578795431,17.147821471001887,50.13564476656093,27.101174540470343,28.03776063946832,1.6370851951852148,3.038178753268614,4,1,1,8
80,9,11.87423009060776,19.56714123208887,19.98465168757791,60.11657801564148,31.971485570696498,23.47814359086209,1.460620370893315,1.6370851951852148,4,1,1,9
81,0,37.95770090427564,21.0,21.0,40.0,32.4798363971435,15.52353309201925,3.696061366009841,0.0,0,0,0,0
81,1,19.821622663381525,21.156462833489517,21.910470661840385,48.640606508049295,32.4798363971435,15.52353309201925,3.696061366009841,3.696061366009841,0,0,0,1
81,2,19.821622663381525,19.893358708356434,19.483632985550482,58.56006221066407,32.14212797589164,22.96595926085714,1.9838421851704933,3.696061366009841,0,0,0,2
81,3,19.818173748256555,18.16942370510969,18.119074873400134,67.85108133448428,30.19706997924777,21.41970293086449,1.5121565208146883,1.9838421851704933,0,0,0,3
81,4,17.931053482311793,18.284317142655933,19.551064612792153,78.06525726480456,30.754906019365556,25.99051581574712,0.489472743897295,1.5121565208146883,0,0,0,4
81,5,15.292213866642019,20.328951840052316,19.957731392411535,73.410122368225,28.51564156338798,28.95583123339225,0.3298549519587216,0.489472743897295,1,0,0,5
81,6,11.790563103605415,21.249174985910937,21.354433074253663,68.72046072674918,28.79252992241598,28.487127624940552,0.4377063453795754,0.3298549519587216,2,0,0,6
81,7,7.969552771043372,21.073586941076194,21.342526948559897,63.79596061512203,33.289477314166845,22.685522065682303,0.651165420925656,0.4377063453795754,3,0,0,7
81,8,1.671517960828257,21.19347390569285,21.87444828377733,59.22652681860242,36.20594320677768,21.741646812557875,0.9063149407522648,0.651165420925656,4,0,0,8
81,9,0.25134266593579474,19.527998365185525,19.012165605936108,55.34285722649524,35.43479736997602,26.322593784984075,0.6669692918988646,0.9063149407522648,5,0,0,9
82,0,55.072250592173916,21.0,21.0,40.0,32.118625764341864,20.045580003349063,2.3580738591899677,0.0,0,0,0,0
82,1,44.03573073699963,20.980890370378443,21.942705098312498,49.389557038184364,32.118625764341864,20.045580003349063,2.3580738591899677,2.3580738591899677,0,0,0,1
82,2,44.03573073699963,19.933176120445086,19.42245641077519,60.277818292394954,35.79955243282704,24.69078786834289,0.916266914162338,2.3580738591899677,0,0,0,2
82,3,44.03573073699963,18.244578995559905,18.16684204162705,70.86867589381804,35.1928705636875,23.64522722199628,0.4922228837134313,0.916266914162338,0,0,0,3
82,4,40.230035154436884,19.391587499110337,19.255952720900847,65.6953357030796,31.270173857682444,23.32238063821515,0.4757119478203432,0.4922228837134313,1,0,0,4
82,5,38.87732120136437,20.516818984837883,20.503342712407264,61.06302342657061,30.15330021258947,27.44496491791611,0.1690892441340645,0.4757119478203432,2,0,0,5
82,6,38.87732120136437,20.960231773353957,21.426872646354106,57.3974330778762,34.74781961003898,28.221122897214283,0.0,0.1690892441340645,3,0,0,6
82,7,31.362656606608617,20.669145609413906,21.978282640368203,54.30448451665313,36.15028577098298,30.0,1.2338097957520815,0.0,4,0,0,7
82,8,12.753360335458389,20.842520119914926,21.941042556470606,51.33071248776061,38.70089371914127,28.111483898122447,2.9636320665985685,1.2338097957520815,5,0,0,8
82,9,2.9585238456742577,19.354758510633257,18.87531199525197,47.50726574051561,33.08234978158966,29.00961273371587,4.735385102262343,2.9636320665985685,6,0,0,9
83,0,40.25311217676362,21.0,21.0,40.0,30.29744152613354,20.98275176836561,2.111446034459793,0.0,0,0,0,0
83,1,30.20624971921431,21.041183987080984,21.9427050983125,49.23043479300985,30.29744152613354,20.98275176836561,2.111446034459793,2.111446034459793,0,0,0,1
83,2,28.323370821614002,20.41477711612879,21.960858741770217,57.458463284257284,22.034785744944717,23.67648365087439,0.5773363591575897,2.111446034459793,0,0,0,2
83,3,28.323370821614002,19.821842359964975,19.286248024748076,67.85731806731748,30.67995391883464,27.09146154261088,0.5254755446074306,0.5773363591575897,0,0,0,3
83,4,28.11677738142287,20.51403355852474,20.671684921715897,63.68456050368275,30.15134686869589,30.0,0.0258241800238916,0.5254755446074306,1,0,0,4
83,5,24.458528653826523,21.056702107429196,21.466980277694784,59.6343236894495,30.83201769870422,30.0,0.5113224256045756,0.0258241800238916,2,0,0,5
83,6,23.512229996045644,20.734184322660383,21.409950836082558,56.12588228900569,34.9699377400764,28.87205447968017,0.175371008230905,0.5113224256045756,3,0,0,6
83,7,16.014015448977627,20.68380515163698,21.57641485756691,52.373920941891555,32.4891036271437,30.0,1.2506808535782177,0.175371008230905,4,0,0,7
83,8,1.9618148511842408,20.49150585124673,21.038853159301645,49.87500710571001,39.45047868788029,30.0,2.640526847417409,1.2506808535782177,5,0,0,8
83,9,1.9618148511842408,19.301670868690255,19.07182917041842,60.50929124187102,31.18061580238675,27.898740509618836,3.649793515350097,2.640526847417409,5,0,0,9
84,0,220.27479962238115,21.0,21.0,40.0,33.42525817019494,23.205074348317183,4.985180508612881,0.0,0,0,0,0
84,1,197.84180618741073,20.88983759172833,21.942705098312498,50.19345985333218,33.42525817019494,23.205074348317183,4.985180508612881,4.985180508612881,0,0,0,1
84,2,197.84180618741073,19.896907725155945,19.409267616413196,61.374133907748444,35.35192434812153,26.762931509746625,4.444664822477446,4.985180508612881,0,0,0,2
84,3,197.84180618741073,18.240549941994672,18.218943202808145,72.79824371388847,35.93110764562279,27.53616905515513,4.379419802031475,4.444664822477446,0,0,0,3
84,4,169.8541996563046,18.1707182094422,18.23468681552187,69.53361520545565,35.196508286484296,30.0,5.0863245018328005,4.379419802031475,1,0,0,4
84,5,142.8156823665759,18.15841591065692,18.15,66.3447298929351,35.61730381933035,30.0,5.25448772920976,5.0863245018328005,2,0,0,5
84,6,116.11195578422512,18.080947004757615,18.043120904481313,63.24114753318962,36.799908972835375,29.291300139689685,5.42244044691405,5.25448772920976,3,0,0,6
84,7,92.4916481901098,17.84464059269049,17.883480524660694,58.721963459980316,31.896683691736225,26.330071457100964,4.755912148373406,5.42244044691405,4,1,1,7
84,8,65.34087685273315,19.875673901212075,19.65798597335085,69.45842951087735,34.97441551480144,24.672618101293164,4.525128556229441,4.755912148373406,4,1,1,8
84,9,40.53450332717881,21.331892485725668,21.309416510793298,80.67625726521308,33.355191483200976,28.966073818664164,4.1343955875923895,4.525128556229441,4,1,1,9
85,0,225.227565204246,21.0,21.0,40.0,32.71446738656055,22.068956455189312,7.212015054668651,0.0,0,0,0,0
85,1,192.60790720285576,20.77724967908467,22.041379129103788,49.86101629151497,32.71446738656055,22.068956455189312,7.212015054668651,7.212015054668651,0,0,0,1
85,2,192.60790720285576,19.966128540906023,19.303430773150243,60.82484854131957,37.541562901541525,23.36861626403956,7.789259514443041,7.212015054668651,0,0,0,2
85,3,192.5715517211107,18.27938148441132,18.145008103442986,72.18797840889226,40.0094778280926,23.119021436200143,7.858237884307617,7.789259514443041,0,0,0,3
85,4,153.22061477643987,18.106765199509557,18.250892842295343,68.43264711345965,36.07722797232219,26.39315371971887,7.101916824075714,7.858237884307617,1,0,0,4
85,5,121.45451785283136,18.134150362405688,18.116777177236543,64.23566367480714,35.28474609260663,24.73201258154608,6.05842845544079,7.101916824075714,2,0,0,5
85,6,97.20195375153374,18.04534053509388,18.162654650056595,60.87932867213365,34.68702776292505,30.0,4.766227010311496,6.05842845544079,3,0,0,6
85,7,75.6019147699011,17.929733533151968,17.942705098312484,57.40624958301552,34.03844950489925,30.0,4.391087401178006,4.766227010311496,4,1,1,7
85,8,50.28631824012901,19.92571783135431,19.83335674769741,69.00247610999423,34.42348070543724,30.0,4.219266088295347,4.391087401178006,4,1,1,8
85,9,27.936147488951647,21.52483385719868,21.412732624809326,81.06076212737206,36.99047787432122,30.0,3.725028458529561,4.219266088295347,4,1,1,9
86,0,100.72536499636551,21.0,21.0,40.0,28.11959436668013,18.532111711560244,6.032954694450151,0.0,0,0,0,0
86,1,70.66664352842994,21.172750239772842,21.9427050983125,48.39730709408327,28.11959436668013,18.532111711560244,6.032954694450151,6.032954694450151,0,0,0,1
86,2,70.66664352842994,19.79258249163262,19.423327742294003,56.474002730556286,25.89197295128752,18.97855836245149,5.131881555186517,6.032954694450151,0,0,0,2
86,3,69.68047863181785,18.15672914944154,18.19539923587898,65.01985383491424,26.228430423365204,21.24852015640127,3.3579531747689524,5.131881555186517,0,0,0,3
86,4,64.73928297530225,18.18144853848187,18.22526798443149,73.88877010624319,26.030347516210725,23.24140954672781,1.9616048736633425,3.3579531747689524,0,0,0,4
86,5,61.5927071461619,18.26157153526877,18.273566437514777,69.8739281326241,31.608924279649404,29.419731422466786,0.5759678917746444,1.9616048736633425,1,0,0,5
86,6,54.76312152847686,18.186927968081037,18.991825424955568,67.015951503969,38.09057759932536,29.365107797035236,1.1881640900713784,0.5759678917746444,2,0,0,6
86,7,39.09924499572897,20.179752958886166,19.75240950664778,64.48881944055327,39.29371075880148,30.0,1.957984566593487,1.1881640900713784,3,0,0,7
86,8,13.77146274148192,21.00699274640613,21.02627972563852,61.26906394850543,35.44580282195648,30.0,3.1659727817808805,1.957984566593487,4,0,0,8
86,9,2.567142240834721,19.294569238489842,18.91227748412678,56.758832003764695,28.63926629506424,29.63722290082053,4.006147371966305,3.1659727817808805,5,0,0,9
87,0,236.57377087184784,21.0,21.0,40.0,28.89998725413445,17.394499605093863,7.169425421129109,0.0,0,0,0,0
87,1,201.32583605029808,21.09960858515793,21.9427050983125,48.333007634661094,28.89998725413445,17.394499605093863,7.169425421129109,7.169425421129109,0,0,0,1
87,2,201.32583605029808,19.842888845967366,19.410751747968682,57.34172391359977,29.504415487248508,20.544008284633048,8.285949072393771,7.169425421129109,0,0,0,2
87,3,199.88450096067444,18.15378233783827,18.170422695064996,66.56828548866812,29.693532379162782,21.56514303788363,9.229554426245931,8.285949072393771,0,0,0,3
87,4,176.84207197187888,18.115692381564035,18.266655716428172,75.8985964064171,26.20764162611661,25.627419028044372,9.334768311329446,9.229554426245931,0,0,0,4
87,5,134.21021350179097,18.123158874804954,18.0930069072468,69.47439936263187,24.865585366364343,22.777764390384416,7.845716118151063,9.334768311329446,1,0,0,5
87,6,102.88892455919924,18.079776986998127,18.071890223423942,63.38389898226998,25.98968963189492,23.507530477205744,5.835713776232738,7.845716118151063,2,0,0,6
87,7,75.64039585904132,18.017301236780952,17.940144947149385,57.94172248765642,29.719496555318408,23.37952291905067,5.167013170405298,5.835713776232738,3,0,1,7
87,8,48.452021334326346,17.219776087876845,19.140460559475155,53.91719777304888,33.20830094916067,27.766561747464124,4.536213491629927,5.167013170405298,4,1,1,8
87,9,23.658116180986607,20.151412650586067,19.56402362333275,64.50689916439174,29.695429342520125,29.13624505382905,4.132317525556623,4.536213491629927,4,1,1,9
88,0,84.25530965315488,21.0,21.0,40.0,33.9930016225108,23.28203541412352,2.1900827343048066,0.0,0,0,0,0
88,1,74.51540615810606,20.95850244370053,21.83427480512286,50.309506666594174,33.9930016225108,23.28203541412352,2.1900827343048066,2.1900827343048066,0,0,0,1
88,2,74.51540615810606,19.736621399558725,19.431000060904474,60.56529586491822,29.56054408436665,27.41606257298917,0.665652896477803,2.1900827343048066,0,0,0,2
88,3,72.66962845485972,18.562052365757733,19.733322940235713,55.06007839649496,26.470086633169405,26.27870520892363,0.3310841508743067,0.665652896477803,1,0,0,3
88,4,65.93675836439638,20.4487939877589,20.014525190861615,50.968719255907985,32.37397077888328,28.22958955118908,0.841608761307918,0.3310841508743067,2,0,0,4
88,5,55.080093289767305,19.983955215210642,20.596244253523356,46.46542587398393,32.26465901046929,26.05037775661933,1.8365326450473267,0.841608761307918,3,0,0,5
88,6,39.80684909191257,19.66017808084093,20.727539826473283,41.79749293411609,29.474608636600063,27.925763919689707,2.76813023427397,1.8365326450473267,4,0,0,6
88,7,30.536137429533255,19.77296464678289,20.850792857575208,52.61994505751702,34.57364081232357,25.551093206570474,3.583705721012332,2.76813023427397,4,0,0,7
88,8,3.576790129869999,19.998922790036076,21.10153473943223,48.5581689084603,31.2772604941457,29.490649788872524,4.123291512711265,3.583705721012332,5,0,0,8
88,9,3.576790129869999,19.212982844396407,18.810845283326397,59.527607838896984,32.25451310193657,28.686814289378347,4.632790858059635,4.123291512711265,5,0,0,9
89,0,133.15880968087117,21.0,21.0,40.0,25.451274024758565,22.90210619952161,2.1076070372282003,0.0,0,0,0,0
89,1,122.7755839734691,21.15090978182534,21.942705098312498,48.70360844037043,25.451274024758565,22.90210619952161,2.1076070372282003,2.1076070372282003,0,0,0,1
89,2,122.23177736077209,20.81816085961331,21.881504798619915,58.29476353961411,29.74789561369203,23.536299382106197,0.1630536790164121,2.1076070372282003,0,0,0,2
89,3,116.26349821003454,22.235738924829565,21.69435859916616,53.067041193511216,32.70464430430528,21.585787106234186,0.7460348938421937,0.1630536790164121,1,0,0,3
89,4,104.6340422527761,20.843347283106198,22.164040946760583,48.042642064688714,30.863699278529857,24.556305561345123,2.085443641695208,0.7460348938421937,2,0,0,4
89,5,91.49715375763873,19.79001522335635,20.94459870367723,43.576067677256795,32.661752224058645,25.857278956875135,3.4825778291841094,2.085443641695208,3,0,0,5
89,6,78.69359224771195,19.103867505051415,19.673913610811525,37.67397034146056,26.90340682049278,23.64049686952814,3.278130921209451,3.4825778291841094,4,0,0,6
89,7,78.69359224771195,18.313716605570786,18.150798130406308,47.385884157139856,26.775154462798177,27.179922290975707,3.480514509845352,3.278130921209451,4,0,0,7
89,8,72.73612483461467,17.863350723102556,17.906401554180473,57.72556846836663,27.442690617926555,30.0,3.683303640843687,3.480514509845352,4,1,1,8
89,9,32.94814539099589,18.901068404813152,18.830782813021717,52.84592775251264,29.546367684329223,26.67785056092639,4.973497430452348,3.683303640843687,5,1,1,9
90,0,208.95586547514742,21.0,21.0,40.0,28.98970170703149,22.45824879712918,6.617059226320238,0.0,0,0,0,0
90,1,177.56120234152243,21.156684098049944,21.816778786012293,49.26063109074892,28.98970170703149,22.45824879712918,6.617059226320238,6.617059226320238,0,0,0,1
90,2,177.56120234152243,19.78821993156751,19.466988254527795,58.84114717432724,29.69262644288172,23.53246291033116,6.148805805650116,6.617059226320238,0,0,0,2
90,3,177.0065799350781,18.14010513808646,18.18314542908092,68.63091836241225,29.19788334720543,25.18973436437796,6.079983234448373,6.148805805650116,0,0,0,3
90,4,163.4007487268448,18.17698088135805,18.253190807658232,78.95485121239454,28.776417583859995,28.57876491604169,5.653238221655965,6.079983234448373,0,0,0,4
90,5,138.4158242352059,18.162230056749404,18.17842470167917,74.64467688823399,29.38792042133023,30.0,4.731696080271095,5.653238221655965,1,0,0,5
90,6,113.60671392167367,18.1987373238324,18.005415981313835,71.14057408001429,36.46004152857455,27.406053981315985,4.941815505757779,4.731696080271095,2,0,0,6
90,7,89.09299476595345,17.875499825972064,17.917896517570853,66.80834659405615,33.09977791155359,26.16562494423448,4.963356223012962,4.941815505757779,3,1,1,7
90,8,54.9049840925238,19.142308808138026,19.003890834508695,62.12894122555427,31.810792574570463,25.525844267085763,4.273501334178706,4.963356223012962,4,1,1,8
90,9,23.005397084313223,20.01897163082483,19.96497699408251,58.26895351390657,33.332479299534256,28.55647785797851,3.9874483760263217,4.273501334178706,5,1,1,9
91,0,205.01046249238132,21.0,21.0,40.0,34.971743829866924,22.02957570915735,4.682381795911601,0.0,0,0,0,0
91,1,184.2532641125284,20.845291996578744,21.92777708157443,50.260237517024365,34.971743829866924,22.02957570915735,4.682381795911601,4.682381795911601,0,0,0,1
91,2,184.2532641125284,19.749291814939006,19.356151368806476,60.11605840731774,29.087153266660543,25.66740723496929,3.9595998477428873,4.682381795911601,0,0,0,2
91,3,183.52423052216963,18.266672312617256,18.131954021122993,70.8595163012736,34.920768897524106,24.765108291119624,3.7305963469993983,3.9595998477428873,0,0,0,3
91,4,159.20456028820956,18.160861357008304,18.182348235940832,66.35447699252228,33.693326916690914,24.61201025691284,4.31741114420191,3.7305963469993983,1,0,0,4
91,5,130.89637309283893,18.059534488615185,18.118594883706713,60.75260203466807,29.170051347450265,23.041754442248557,5.301561305145457,4.31741114420191,2,0,0,5
91,6,102.09742260887998,18.010275993821928,18.09075315277857,55.02868116584307,26.81910595417078,24.714666996801395,5.423493115881088,5.301561305145457,3,0,0,6
91,7,76.26807509183536,17.939777386163026,18.021310889110037,49.985863004851055,26.6727203466978,28.6449565366799,4.893406295771161,5.423493115881088,4,1,0,7
91,8,58.90774712897337,19.983230004621003,17.877100869266403,61.64810941779337,34.790257849679534,30.0,4.324798075903325,4.893406295771161,4,1,1,8
91,9,25.204493137485844,19.68128434498787,20.159009739707244,58.81076787118609,37.637996017710336,29.932328723360296,4.21290674893594,4.324798075903325,5,1,1,9
92,0,66.8302687428443,21.0,21.0,40.0,27.065947488318407,17.376935257325343,4.661795681377699,0.0,0,0,0,0
92,1,43.18749409237341,21.217755060527306,21.9427050983125,47.999718894215874,27.065947488318407,17.376935257325343,4.661795681377699,4.661795681377699,0,0,0,1
92,2,43.18749409237341,19.878130042387514,19.401377221902806,56.284248755851024,29.494278177715454,16.530887720257606,2.900088198674786,4.661795681377699,0,0,0,2
92,3,42.89112663023815,18.12027164366046,18.238090730962618,65.09403998909401,28.00786036073844,20.935424268389266,1.3891117352713782,2.900088198674786,0,0,0,3
92,4,40.722379277626004,18.25819870007686,18.240860700242113,75.05798228595853,31.6472855333335,23.70794944924712,0.873080240278071,1.3891117352713782,0,0,0,4
92,5,35.13567184034522,18.051171058577932,19.392657599202142,69.70310203559552,26.705838462230226,26.878160146864204,0.8678265859613807,0.873080240278071,1,0,0,5
92,6,26.34842549343625,20.305312856108127,19.68385277388832,64.51058057754489,32.71834895067292,21.76764294904577,1.098405793363621,0.8678265859613807,2,0,0,6
92,7,18.565270733535662,21.010035804988583,21.04190447408329,58.297109716595784,28.2712592755334,20.542791496971606,0.9728943449875732,1.098405793363621,3,0,0,7
92,8,8.125161022533382,20.394492947318582,21.387918443964136,52.363627765449664,30.552081972887542,19.81746274296733,1.6995508328729427,0.9728943449875732,4,0,0,8
92,9,1.512258202313197,19.447078565599345,19.070555208316442,46.17209149341395,27.948849164808426,20.987060434993165,1.87858257132217,1.6995508328729427,5,0,0,9
93,0,99.07808998838492,21.0,21.0,40.0,28.27672314685522,22.63261691160744,3.072379387462028,0.0,0,0,0,0
93,1,84.6206800996133,20.900054224776856,22.02373955571611,49.16368121052328,28.27672314685522,22.63261691160744,3.072379387462028,3.072379387462028,0,0,0,1
93,2,84.6206800996133,19.733613703317967,19.328783863486347,57.4112214593938,24.6029400383865,21.2167280108942,0.5121653530295818,3.072379387462028,0,0,0,2
93,3,84.3424589255638,18.263526216720862,19.08978581616826,65.5647469880007,24.6054086528025,20.69195539501366,0.1884179499261205,0.5121653530295818,0,0,0,3
93,4,77.20760159833016,19.77150233861985,19.595665474432835,59.23873806944826,22.293394279507464,25.89544506186779,0.8918571659042063,0.1884179499261205,1,0,0,4
93,5,62.989709112402394,20.820983017249205,20.804993363282673,54.22977443888368,29.47139663455322,26.034360973421364,1.7772365607409708,0.8918571659042063,2,0,0,5
93,6,48.1603690266578,19.706223979323763,20.72318570379697,48.96578109921623,30.394830679874104,23.694095210862294,3.165785860189388,1.7772365607409708,3,0,0,6
93,7,30.353226634769022,19.396857883843634,20.045421615678006,44.6105144825429,34.74867933497493,24.388728350173245,3.71938912357075,3.165785860189388,4,0,0,7
93,8,30.353226634769022,18.596831090185443,18.224095643510946,54.84769937006037,32.890782865653094,23.98246650944396,3.8348572223139703,3.71938912357075,4,0,0,8
93,9,24.721056787429934,17.825169781338243,17.878702575822953,65.75711901127801,33.41978176381356,27.18810513184,3.66131683950656,3.8348572223139703,4,1,1,9
94,0,249.8248205812811,21.0,21.0,40.0,29.554693354139125,18.02535461582833,7.811426527632514,0.0,0,0,0,0
94,1,212.00392999425497,21.050635132811,21.9427050983125,48.564408634594145,29.554693354139125,18.02535461582833,7.811426527632514,7.811426527632514,0,0,0,1
94,2,212.00392999425497,19.838108171715724,19.388958229636316,57.730642144286875,29.99998355987032,20.923535938422617,7.915596555623323,7.811426527632514,0,0,0,2
94,3,210.7499278009194,18.12882450423577,18.21357425483789,67.27846448564271,28.9412087716588,24.102248680318056,7.713137180669317,7.915596555623323,0,0,0,3
94,4,194.89770150552658,18.23392218735664,18.17721738762526,77.18915946258642,31.36680830824302,23.692608230333143,6.560314228773335,7.713137180669317,0,0,0,4
94,5,164.18988720828912,17.992826798956784,18.151413147006053,70.69801395319566,23.508148256082208,23.76326558063576,5.74689393556595,6.560314228773335,1,1,0,5
94,6,128.60660158269286,19.408798150779415,18.030609436632492,64.41615257821366,26.005111144437336,22.42899232788485,5.278706867973844,5.74689393556595,2,1,0,6
94,7,97.48357230929545,19.74427605821822,17.96995763164483,58.74373667145582,28.028292634620712,23.791618994502397,5.277810524250457,5.278706867973844,3,1,1,7
94,8,56.126446179567814,19.64633437360572,20.077523268981142,52.70447079722216,27.41859394204349,22.36326231221393,5.169640766215956,5.277810524250457,4,1,1,8
94,9,26.168024695939543,21.454824472151664,21.16694463093169,62.20583758964352,30.355764849687365,22.42960621932021,4.993070247271379,5.169640766215956,4,1,1,9
95,0,176.90511106489143,21.0,21.0,40.0,32.571571039308665,22.40559973019679,5.317958751712844,0.0,0,0,0,0
95,1,152.68905059587993,20.805069686824215,22.048111994603936,49.895890738510985,32.571571039308665,22.40559973019679,5.317958751712844,5.317958751712844,0,0,0,1
95,2,152.68905059587993,19.858877330766994,19.277270232341607,59.37913895654508,31.559716313492576,21.124996008919044,4.512108285838666,5.317958751712844,0,0,0,2
95,3,151.85011513993038,18.053504324092906,18.215558901104128,68.58395620135263,26.734932518137946,24.40294106412629,4.010530879295906,4.512108285838666,0,0,0,3
95,4,143.97014790212575,18.18213919978814,18.180147510541147,77.71197029987451,26.571382676297155,24.13980675993552,3.126356000307401,4.010530879295906,0,0,0,4
95,5,128.16406665412973,18.18643663797162,18.102594115162944,71.7412611766075,28.393214574878197,21.76951251808285,2.887320428291002,3.126356000307401,1,0,0,5
95,6,108.35240860334099,18.08357724696493,18.03994953344322,65.85098484663857,29.70733183874901,20.90224410586804,3.772781352674967,2.887320428291002,2,0,0,6
95,7,78.14467680458021,19.296016420148405,18.809780659576045,59.8660236374394,30.286281314144414,19.79726752363799,4.023651494389383,3.772781352674967,3,0,0,7
95,8,63.16155840012031,17.884168772669213,17.82888120168376,53.998512197417085,31.99471994760506,18.741327607826527,4.141612731559471,4.023651494389383,4,1,1,8
95,9,26.309907839081163,18.864074851700302,18.622645383486756,47.37198129146621,29.710029860088312,16.80924288462907,4.606456320129894,4.141612731559471,5,1,1,9
96,0,169.7888361151147,21.0,21.0,40.0,30.951060259904587,16.20258696163729,5.189564356705251,0.0,0,0,0,0
96,1,144.12483858990555,21.164329859488046,21.92405173923275,48.48765649987754,30.951060259904587,16.20258696163729,5.189564356705251,5.189564356705251,0,0,0,1
96,2,144.12483858990555,19.915008325997366,19.384872926665366,57.53938859382839,32.69917114618926,17.58822937575991,4.25090791983298,5.189564356705251,0,0,0,2
96,3,143.7068602014131,18.102958236052352,18.240572748933225,66.832558346962,29.51185402832009,22.116866822422164,3.3048657233919205,4.25090791983298,0,0,0,3
96,4,137.1175195776886,18.116213462550288,18.16316481930244,75.30274909752096,26.05201732458676,21.00459795629633,2.696507003811034,3.3048657233919205,0,0,0,4
96,5,121.79075694095472,18.219315300289047,18.22537178266054,70.07512359462623,29.51778233903909,24.77318708932355,2.7262035167335497,2.696507003811034,1,0,0,5
96,6,104.36834505625096,18.102919671621038,18.057343121953238,65.25855500352473,31.799020835715226,24.775598102609774,3.464697540283019,2.7262035167335497,2,0,0,6
96,7,75.27987002639469,19.491754452567076,19.30345536419541,60.74862295681078,34.18837897981699,24.08977631621657,3.6360593787320337,3.464697540283019,3,0,0,7
96,8,63.57269193828527,17.79967834262079,17.825991285392348,55.569717562215345,31.67229611085739,22.889340585834667,4.131938602735017,3.6360593787320337,4,1,1,8
96,9,26.835255483722435,18.812174904079242,18.762219982452375,50.44003932371817,28.469086418503974,26.36603447873395,4.592179556820354,4.131938602735017,5,1,1,9
97,0,271.53357188719434,21.0,21.0,40.0,25.74624457539805,23.994707833016637,7.161468431630273,0.0,0,0,0,0
97,1,237.35432698496348,21.06058608038196,21.906891707894772,48.95337143351465,25.74624457539805,23.994707833016637,7.161468431630273,7.161468431630273,0,0,0,1
97,2,237.35432698496348,19.7645568643756,19.43770792771808,58.10587624694095,27.24755569183167,23.5996932716478,8.146168038116139,7.161468431630273,0,0,0,2
97,3,235.68659677824286,18.130810830105585,18.181213248318574,67.36659776618497,26.28809719711157,25.1603556875774,8.945759258582381,8.146168038116139,0,0,0,3
97,4,214.50299405739963,18.28215982071843,18.188093990223074,77.52222004465327,31.125578401785297,25.294545367483057,8.5568896963664,8.945759258582381,0,0,0,4
97,5,173.09061304378858,18.24549360029464,18.169974835724915,73.71705824729756,35.900258416517154,26.29328715372887,7.868649901147535,8.5568896963664,1,0,0,5
97,6,138.59893601073742,17.9031415502996,18.076113207544083,68.69388104015977,28.19259084712164,27.2342024465573,7.043721625194324,7.868649901147535,2,1,0,6
97,7,93.95860306917372,19.31807744448875,17.998021049381343,64.1227386491992,27.938097827996906,30.0,6.672100045841353,7.043721625194324,3,1,1,7
97,8,54.06278014539749,19.584871206970107,19.970857992676113,59.79521187604267,29.896512284109445,29.39500564279867,4.986977865472029,6.672100045841353,4,1,1,8
97,9,21.874996511960433,20.69233679513202,20.549475023672418,55.83880349777293,31.353286787390346,30.0,4.023472954179632,4.986977865472029,5,1,1,9
98,0,125.01163740174495,21.0,21.0,40.0,32.36557186423817,17.598937635510342,4.164480213099557,0.0,0,0,0,0
98,1,104.8752580797389,21.091853430493686,21.942705098312498,48.993611709954735,32.36557186423817,17.598937635510342,4.164480213099557,4.164480213099557,0,0,0,1
98,2,104.8752580797389,19.97558538491882,19.445652938839675,59.573524310075825,36.255569754784936,22.52172246811,2.918470662313587,4.164480213099557,0,0,0,2
98,3,104.8752580797389,18.291442834919895,18.264381062750928,70.93260073629412,36.20402772264635,26.90195242301085,2.9424141428703865,2.918470662313587,0,0,0,3
98,4,90.44270229176648,18.208521653713206,18.209998439311168,67.72097446048238,37.35960057705839,28.131364557320808,2.661336004820958,2.9424141428703865,1,0,0,4
98,5,78.8041853269142,18.06409580069842,18.0908579863679,63.203932268267565,33.06439061197947,25.174263875715987,2.269556264388969,2.661336004820958,2,0,0,5
98,6,65.79455295611385,18.010346068777707,18.058454998527008,58.2747914514199,30.71694896648893,25.2322687176907,2.4968786422352545,2.269556264388969,3,0,0,6
98,7,38.60634434612147,19.41395763888821,19.282759040030164,53.61926114689234,31.65378604131045,25.815490044647596,3.3985260762490483,2.4968786422352545,4,0,0,7
98,8,4.866266748530061,20.491076187896613,20.297256617967335,49.20215953080431,35.2264186949781,23.567461215643934,4.217509699698926,3.3985260762490483,5,0,0,8
98,9,1.6628742288546283,19.536228471103737,18.917732009025006,60.21639277765783,34.322579934890555,26.86760476985126,4.536949672707271,4.217509699698926,5,0,0,9
99,0,118.7306900354013,21.0,21.0,40.0,30.8160831342532,21.123359991682484,2.3091296276005293,0.0,0,0,0,0
99,1,107.84240773896947,20.931640441798432,22.022467199833653,49.34909976266842,30.8160831342532,21.123359991682484,2.3091296276005293,2.3091296276005293,0,0,0,1
99,2,107.84240773896947,19.861351401884452,19.393058929149266,59.07921261437672,30.55420238786085,23.50198012162969,1.1908137979180042,2.3091296276005293,0,0,0,2
99,3,107.72688430854689,18.210608876177112,18.204424175851425,69.84462293434213,33.584646196717216,26.223188914201728,1.533824359173963,1.1908137979180042,0,0,0,3
99,4,92.36722973742836,19.395427231512688,19.345881582524814,65.48594276962378,30.84424824181074,28.27419528753179,1.9199568213898148,1.533824359173963,1,0,0,4
99,5,75.54465144747579,20.60611163832241,20.54303919627808,61.25500711769973,31.86247105206172,27.96566421502689,2.1028222862440717,1.9199568213898148,2,0,0,5
99,6,62.54070863891981,19.522663299714964,20.701487685251198,56.626246102464535,31.30957500493805,26.30841935486638,2.6881227969031807,2.1028222862440717,3,0,0,6
99,7,38.61081231051426,19.56609753567,21.053611056472874,52.09177913016971,28.798766516115133,29.343083637802536,3.878599834830625,2.6881227969031807,4,0,0,7
99,8,4.152548935033807,20.252314979171384,21.013569962824896,48.1555103992332,33.209022408591885,28.25615130842749,5.148069847758547,3.878599834830625,5,0,0,8
99,9,2.982843389321709,19.39165354118937,18.893250940700835,58.195391908276335,32.13915431045234,23.637965184231728,5.428476534698603,5.148069847758547,5,0,0,9
