day,hour,cost_to_go,T1,T2,H,Occ1,Occ2,price_t,price_previous,vent_counter,low_override_r1,low_override_r2,current_time
0,0,53.75451083471953,21.0,21.0,40.0,32.969097664154,15.4710408718597,3.48812593193225,0.0,0,0,0,0
0,1,53.75451083471953,19.25938195328308,18.909420817437194,48.71922493648246,32.969097664154,15.4710408718597,3.48812593193225,3.48812593193225,0,0,0,1
0,2,53.75451083471953,17.56274080967607,17.374090213668598,58.35209347337499,34.098941577065816,19.416994739003783,2.237250383112821,3.48812593193225,0,1,1,2
0,3,47.09986319068779,19.27291140877836,19.07237404525661,68.14002304022256,33.61700679934285,20.76037968314361,1.1091079406719566,2.237250383112821,0,1,1,3
0,4,43.922833924697954,21.02690597664489,20.87471425928213,78.98910121625781,35.44515142724666,24.827505106282526,0.5295048776649726,1.1091079406719566,0,1,1,4
0,5,39.53881404416408,22.02566907143088,22.02126296208406,75.23967383725861,32.503181227782214,30.0,0.5480024850667341,0.5295048776649726,1,0,0,5
0,6,38.97232147555752,20.0253547643662,20.016462668766533,71.03588126398216,30.24481328432489,29.73411686413934,0.2832462843032866,0.5480024850667341,2,0,0,6
0,7,36.93860215815816,18.052032438742263,18.1564279443428,65.80461173374793,24.59216549300006,29.67855933903202,1.016859658699676,0.2832462843032866,3,0,0,7
0,8,33.456024312544514,16.21603590837599,16.179629849714775,60.00838268395103,25.69321559175705,25.438845242704595,1.7412889228068242,1.016859658699676,4,1,1,8
0,9,17.9338137588799,18.0709922843552,17.941275223925427,69.38258938756617,29.55543501630084,22.523491114894377,2.587035092277435,1.7412889228068242,4,1,1,9
1,0,122.58210639416272,21.0,21.0,40.0,25.7342414983848,16.144992366405123,3.0877237926443666,0.0,0,0,0,0
1,1,122.58210639416272,19.114684829967697,18.922899847328104,47.53826209566218,25.7342414983848,16.144992366405123,3.0877237926443666,3.0877237926443666,0,0,0,1
1,2,122.58210639416272,17.302330971862702,17.296435778180683,55.19141872958136,22.84453563940076,19.67300121570576,1.9380198740122785,3.0877237926443666,0,1,1,2
1,3,113.8176546937062,19.04789028395751,18.90608432835929,64.19587133470586,28.60173119013869,21.42300550499739,1.4607419500760848,1.9380198740122785,0,1,1,3
1,4,103.74108581040544,20.637725397590422,20.66347041699009,72.81074753653974,24.350130853755847,23.51029248976572,1.679428147216791,1.4607419500760848,0,1,1,4
1,5,82.42791492021273,21.821641522020062,21.566179012282596,67.9927544775367,34.47682771181968,22.089877515941293,2.66414636127409,1.679428147216791,1,1,1,5
1,6,55.81526594236899,22.730457068696055,22.59525996204609,62.68286142636451,32.21286023602414,21.62106725746368,3.326581122230468,2.66414636127409,2,0,0,6
1,7,47.17540379584021,20.659410869241853,20.397331246654456,58.28654075079517,37.02063365464495,21.88869592552539,4.319931073264391,3.326581122230468,3,0,0,7
1,8,36.227590787791314,18.544228919034364,18.329877070535787,53.52519174854169,35.76509059783254,21.11630383409252,5.473906504024445,4.319931073264391,4,0,0,8
1,9,36.227590787791314,17.27543173215104,17.012585289491955,65.10577819743516,40.34709562158727,23.989495761154217,5.904224431669166,5.473906504024445,4,1,1,9
2,0,54.45015513810219,21.0,21.0,40.0,27.721293233033787,22.818338600598924,2.160487259115344,0.0,0,0,0,0
2,1,54.45015513810219,19.15442586466068,19.05636677201198,49.09713373005388,27.721293233033787,22.818338600598924,2.160487259115344,2.160487259115344,0,0,0,1
2,2,54.45015513810219,17.465241147270408,17.4829168738033,58.49182733229344,26.389921148875032,25.80282108578918,0.7137980780762005,2.160487259115344,0,1,1,2
2,3,47.68680870789449,19.18276864088928,19.107127418149584,67.68950366257089,27.307563536933053,23.79063829794164,1.127224405034616,0.7137980780762005,0,1,1,3
2,4,41.84845214627744,20.90562790065472,20.80022912963293,77.22536708732025,29.69078795928531,23.28623106710005,0.9730594269361756,1.127224405034616,0,1,1,4
2,5,31.32926687245734,21.853278905746336,21.758750128071885,71.14749467672955,27.937397972884,21.629977523834345,1.3148981592275122,0.9730594269361756,1,1,1,5
2,6,22.37496683790048,22.83323900157819,22.706613241387224,65.94872968949066,31.100262650557788,23.35104297589282,1.119287504319607,1.3148981592275122,2,0,0,6
2,7,21.106130235997803,20.5172968835056,20.499877741311156,59.46180637519686,25.032606994366216,22.26226348177931,0.6344183009513386,1.119287504319607,3,0,0,7
2,8,19.187029818509945,18.377139313497143,18.300769438583234,53.25517891327986,26.46592526731451,22.386144388702185,0.9595502087439296,0.6344183009513386,4,0,0,8
2,9,19.187029818509945,16.919516816798332,16.802172264667856,61.3280115242492,25.930922895586534,18.918147165354213,2.5247596241545507,0.9595502087439296,4,1,1,9
3,0,101.55767595643292,21.0,21.0,40.0,32.26903443186937,16.978933102062314,3.585774298766909,0.0,0,0,0,0
3,1,101.55767595643292,19.24538068863739,18.93957866204125,48.864634156107705,32.26903443186937,16.978933102062314,3.585774298766909,3.585774298766909,0,0,0,1
3,2,101.55767595643292,17.5616743986562,17.420512610182083,58.77483826478002,33.350904657636065,21.70578483498792,2.587347300506578,3.585774298766909,0,1,1,2
3,3,88.36626603945255,19.240563436160016,19.17787910299573,68.85379811521634,30.62293243831953,25.37128895299335,2.1985683194967263,2.587347300506578,0,1,1,3
3,4,76.102919167567,21.04804103108651,20.921672917762532,79.72314731807145,33.82197200642916,26.56330134276599,2.043891145314259,2.1985683194967263,0,1,1,4
3,5,62.35322540156072,22.125425665089686,22.048031592293157,76.56088787921502,35.765225339686424,30.0,1.7187117207507852,2.043891145314259,1,0,0,5
3,6,57.59491308266372,20.107119098553824,20.048862606590948,72.35971944071693,32.03362218255116,27.959886492459493,2.379156159448504,1.7187117207507852,2,0,0,6
3,7,51.5300352616574,18.235729424754552,18.12918653058755,67.61181945749844,31.57855164606743,25.377559558274285,3.032438910503157,2.379156159448504,3,0,0,7
3,8,44.62938957303013,16.45032174390809,16.303975211516025,63.775981048419766,35.46929499083572,26.55382495872718,3.450322844313641,3.032438910503157,4,1,1,8
3,9,23.54192795665763,18.263372508059646,18.221204825389623,74.49606348015257,31.929797814504514,27.62621569512222,3.5145769360620824,3.450322844313641,4,1,1,9
4,0,154.7356351755074,21.0,21.0,40.0,31.365327650566044,22.007154082152155,6.196280805323791,0.0,0,0,0,0
4,1,154.7356351755074,19.22730655301132,19.040143081643045,49.60704671188928,31.365327650566044,22.007154082152155,6.196280805323791,6.196280805323791,0,0,0,1
4,2,154.7356351755074,17.582244547932362,17.491791035446393,59.675716691222405,31.633591567781178,24.30346387295844,6.631269941074765,6.196280805323791,0,1,1,2
4,3,118.9354782926768,19.40407216590391,19.283038566540156,71.42871682747575,36.35146392844239,28.94298127296512,5.966692813805103,6.631269941074765,0,1,1,3
4,4,75.36221238502233,20.614056795039488,20.38643880962867,68.99888856706754,41.51534535158693,28.31894209058969,5.446658238456807,5.966692813805103,1,1,1,4
4,5,40.14735090450267,21.665174437505986,21.627070818224784,65.75638970120758,35.319450745222504,30.0,4.401857685064957,5.446658238456807,2,1,1,5
4,6,18.17612989607401,22.82327895752652,22.552722831916352,61.67321923477422,37.37420676699273,23.27484619726643,2.746402626053583,4.401857685064957,3,0,0,6
4,7,13.396997410929444,20.70797547738288,20.49797069505825,58.21242852263234,39.33264963313126,24.77406863274712,2.3895662425722803,2.746402626053583,4,0,0,7
4,8,13.396997410929444,19.369693841998167,19.244700341447277,70.30512040724344,38.29068417179338,28.890937409379404,2.1835716775522105,2.3895662425722803,4,0,0,8
4,9,8.967596129614668,17.265065494259122,17.175726139439583,66.76434399424842,35.002111755189766,28.660241505949053,2.214700640657388,2.1835716775522105,5,1,1,9
5,0,263.1974841922693,21.0,21.0,40.0,32.81367886473842,16.657447977782923,7.626198917282052,0.0,0,0,0,0
5,1,263.1974841922693,19.25627357729477,18.93314895955566,48.90480283165384,32.81367886473842,16.657447977782923,7.626198917282052,7.626198917282052,0,0,0,1
5,2,263.1974841922693,17.526190715182874,17.3902893842528,58.18749294771116,31.606218228676816,19.96428241608611,7.878775016079938,7.626198917282052,0,1,1,2
5,3,217.7868852884892,19.276562210123547,19.05861484516289,68.04928940948483,33.86182316647451,20.925934954490288,7.568433150630026,7.878775016079938,0,1,1,3
5,4,175.03110005239046,21.016457499369583,20.838185727939265,78.55745253781963,35.28074154611529,23.09794250018918,7.125964206016454,7.568433150630026,0,1,1,4
5,5,123.59354372484913,22.028798669297174,21.85245258271201,73.69741189507597,33.91224422051305,22.42086331979994,6.429694540942667,7.125964206016454,1,0,1,5
5,6,98.54461629062412,19.921122677878213,22.89171260371149,68.7747942881088,30.050576373092493,25.934881365978743,5.009785486844997,6.429694540942667,2,0,0,6
5,7,89.73551038841424,19.797076227706743,18.896104227888795,63.46076083796737,27.15033819019525,26.66058708679685,4.404552951104948,5.009785486844997,3,0,0,7
5,8,80.86249338485021,17.28568711167284,17.43521540001437,58.46542998320365,30.80983041575277,24.771664835559893,4.436508501782018,4.404552951104948,4,1,1,8
5,9,48.01063801327119,19.34908769072516,19.02597786338461,70.27040139514993,39.74787077635845,25.83530373445421,5.475309228596505,4.436508501782018,4,1,1,9
6,0,76.51628834608316,21.0,21.0,40.0,29.01257819165574,17.67497995388691,5.474584484043433,0.0,0,0,0,0
6,1,76.51628834608316,19.18025156383312,18.95349959907774,48.40376046619768,29.01257819165574,17.67497995388691,5.474584484043433,5.474584484043433,0,0,0,1
6,2,76.51628834608316,17.440608110918568,17.430995056586426,57.73349632378941,27.85689903172367,23.974966843785936,3.747444294252605,5.474584484043433,0,1,1,2
6,3,61.20776219158846,19.22173078976188,19.118642827064757,68.00556498806338,31.18282104234684,25.88422709250853,2.551421025749117,3.747444294252605,0,1,1,3
6,4,47.52558739744093,20.890152800374494,20.86113128782188,77.54140371591035,27.98713844472981,24.989743376642245,2.2803624656912547,2.551421025749117,0,1,1,4
6,5,35.011349619161855,21.98197890944632,21.82243098497192,72.8269998816591,32.77745991641811,24.364741004408312,1.5642797222848843,2.2803624656912547,1,1,1,5
6,6,25.682134467625776,22.929638997864625,22.84292914892884,68.16439305801254,32.079336702378924,25.35062538847351,1.1661518939420097,1.5642797222848843,2,0,0,6
6,7,21.854109515615868,20.73959494412712,20.65546588158133,63.19344673073677,30.61203285489704,25.1049319935709,1.914012476004954,1.1661518939420097,3,0,0,7
6,8,17.56355081020692,18.616927667942328,18.56340473704902,58.447753917795765,30.45322787214557,26.515145389293345,2.145279352704473,1.914012476004954,4,0,0,8
6,9,17.56355081020692,17.239418638051635,17.200688389347434,68.91671645358218,30.45012968760041,27.7107732889908,2.16845960480527,2.145279352704473,4,1,1,9
7,0,262.9586632840194,21.0,21.0,40.0,30.779173783334635,20.680614680722343,7.845378414083635,0.0,0,0,0,0
7,1,262.9586632840194,19.21558347566669,19.013612293614447,49.262761923530256,30.779173783334635,20.680614680722343,7.845378414083635,7.845378414083635,0,0,0,1
7,2,262.9586632840194,17.550517869063643,17.35387967486956,58.11454585737656,31.01902742537257,18.15754998488469,7.8555193269582,7.845378414083635,0,1,1,2
7,3,218.7781472769748,19.268053317723385,19.093935960420303,68.31552102443551,34.16376251975196,22.508321741686643,7.363419334507431,7.8555193269582,0,1,1,3
7,4,179.86013099458185,21.09269060451214,20.89986262318188,79.84769515109312,38.16039673152284,25.90723730546388,6.486336047065486,7.363419334507431,0,1,1,4
7,5,126.08288115108748,22.144179897946717,21.96555062466907,75.92689694068889,36.68750221857296,24.863618834736847,6.722156230436796,6.486336047065486,1,0,1,5
7,6,91.76469369336368,20.137540209408236,23.03233528864753,72.36695919000292,35.74779326113881,27.808108123939096,6.86363749154476,6.722156230436796,2,0,0,6
7,7,77.99602706877769,20.1269192840974,19.11609693952504,69.10942189872846,36.17754748869626,29.05835644866782,6.884333312292993,6.86363749154476,3,0,0,7
7,8,65.28497473470783,17.682815607516158,17.784004204310538,66.3736770242022,39.11882801297138,29.015922684104915,6.355526167034934,6.884333312292993,4,1,1,8
7,9,31.999509205689566,19.58994119264925,19.45218552749037,78.14026879928726,35.36995430602813,30.0,5.547577588169711,6.355526167034934,4,1,1,9
8,0,71.43906578584175,21.0,21.0,40.0,32.21736375634937,19.458250283585784,2.6155685206487416,0.0,0,0,0,0
8,1,71.43906578584175,19.244347275126987,18.989165005671715,49.30161052718833,32.21736375634937,19.458250283585784,2.6155685206487416,2.6155685206487416,0,0,0,1
8,2,71.43906578584175,17.5536214361425,17.488215197723108,59.355382527134005,31.47616742569292,24.378121462894168,1.0817492472498542,2.6155685206487416,0,1,1,2
8,3,65.61058985309808,19.361916438763984,19.252478879751408,70.71475542908586,34.780299379992755,28.32732785307307,0.9714126554572792,1.0817492472498542,0,1,1,3
8,4,56.77607806683773,20.400134448265028,20.23337923975184,65.57108477163821,32.368354523625115,22.38903071277685,1.104313973282543,0.9714126554572792,1,1,1,4
8,5,43.59743599417892,21.525790721819583,21.44452723994885,62.40379378499277,36.150887258824426,29.586385037589807,1.6473302590823506,1.104313973282543,2,1,1,5
8,6,32.487850385172266,22.651446242526493,22.520543677326305,59.09212757334362,36.34963410056533,28.58555361249489,1.3886982011258318,1.6473302590823506,3,0,0,6
8,7,29.12814867601623,20.44570239975724,20.32122233908817,53.33264010251982,29.761861114551024,21.574319603094565,1.679850854578018,1.3886982011258318,4,0,0,7
8,8,29.12814867601623,18.93075006112849,18.879253863135087,61.74189326661956,25.580041971796938,21.138031162090503,2.113517757771345,1.679850854578018,4,0,0,8
8,9,29.12814867601623,17.51275106314744,17.45792959231588,71.88567914887919,29.933941262016344,26.420424750537165,2.6739149201227184,2.113517757771345,4,1,1,9
9,0,163.11316947886178,21.0,21.0,40.0,33.24437219818739,19.98399187856279,4.816835470534411,0.0,0,0,0,0
9,1,163.11316947886178,19.26488744396375,18.999679837571257,49.58110553381504,33.24437219818739,19.98399187856279,4.816835470534411,4.816835470534411,0,0,0,1
9,2,163.11316947886178,17.49365050940033,17.404208131024973,58.08753008683389,27.85407359904675,19.40384058439131,3.2669729024753416,4.816835470534411,0,1,1,2
9,3,147.10047705941926,19.09811742414377,19.11403235135496,66.99291484850224,25.01012455105857,24.46423523598781,2.6687820699070857,3.2669729024753416,0,1,1,3
9,4,131.69417218065024,20.95168503413475,20.80053746683937,77.57581240610489,33.056264888307936,25.737610431706766,2.567717479794837,2.6687820699070857,0,1,1,4
9,5,106.87146626997956,21.96907399724012,21.95280482773048,73.91102780332514,33.02704542917933,29.946373444266555,3.102838238833836,2.567717479794837,1,1,1,5
9,6,70.19118657712173,23.06911337590115,22.96728584666322,70.67140232414258,35.33541400454128,30.0,4.58503496160723,3.102838238833836,2,0,0,6
9,7,58.218440085147854,21.010795112722025,20.81492326382981,67.43934224071302,38.349224682063095,27.028219298883776,5.986373245986933,4.58503496160723,3,0,0,7
9,8,45.550040214091496,18.987281174534623,18.82484699873204,64.89148518041836,40.11917920538199,29.059392681869905,6.334199935528179,5.986373245986933,4,0,0,8
9,9,45.550040214091496,17.756276853184524,17.547117706027905,78.01248977949496,42.89446999487001,30.0,5.905328841960904,6.334199935528179,4,1,1,9
10,0,84.6231662579367,21.0,21.0,40.0,25.90433139596119,21.46027891507768,3.540414306427775,0.0,0,0,0,0
10,1,84.6231662579367,19.118086627919222,19.029205578301557,48.525629855987,25.90433139596119,21.46027891507768,3.540414306427775,3.540414306427775,0,0,0,1
10,2,84.6231662579367,17.520030440883517,17.361826924433377,57.83797104307545,30.48931019196516,21.24591862519289,1.297423150968267,3.540414306427775,0,1,1,2
10,3,80.31734539607561,19.276691005092715,19.118224791892303,68.51786032649848,34.814540824005924,24.518177417233144,0.7176368103101821,1.297423150968267,0,1,1,3
10,4,73.82546960669136,21.12381389406782,20.94792847230017,80.49603189860704,38.858330954607,27.68706666821836,1.0819792982307084,0.7176368103101821,0,1,1,4
10,5,64.02608952911073,22.19681555975617,22.049812518932008,77.16587966959523,37.41046049216204,27.422027124438983,1.224922509697578,1.0819792982307084,1,0,0,5
10,6,60.456538625982674,20.241893627636408,20.06158667004335,73.69951491133878,37.64807241751762,26.427678925502114,1.7847754515640313,1.224922509697578,2,0,0,6
10,7,55.61055609756375,18.36639900471789,18.25033954318677,70.02327966164998,35.70869080442363,27.201113363971903,2.422991264209464,1.7847754515640313,3,0,0,7
10,8,49.91491056863232,16.644426961744195,16.487646364099252,67.54766558658852,39.57992180521409,30.0,2.8478227644657115,2.422991264209464,4,1,1,8
10,9,29.315962136681037,18.527731719735936,18.44024498796381,79.55835378617903,36.72604555328055,30.0,3.4331580719918824,2.8478227644657115,4,1,1,9
11,0,77.81099073098918,21.0,21.0,40.0,34.82587986096777,15.596075442048257,4.799463810209832,0.0,0,0,0,0
11,1,77.81099073098918,19.29651759721936,18.911921508840965,49.07595195454289,34.82587986096777,15.596075442048257,4.799463810209832,4.799463810209832,0,0,0,1
11,2,77.81099073098918,17.53096206546597,17.393368765696664,58.27526444554273,31.8779489654034,19.22934265126242,3.0888686722699545,4.799463810209832,0,1,1,2
11,3,64.86365171168525,19.272338177586565,19.029533875364987,67.77372495931408,33.48666984206323,19.282555234444267,2.157889836550654,3.0888686722699545,0,1,1,3
11,4,52.402954964799264,20.95911785054163,20.773512346085734,77.4535413304281,33.34954868670936,20.42720893059076,2.0767827911476653,2.157889836550654,0,1,1,4
11,5,40.89434453741442,21.8477543532275,21.815470610815225,71.61956964450617,27.660324605054164,23.26205491760185,1.4385763034231056,2.0767827911476653,1,1,1,5
11,6,29.9596137424667,22.69402547671525,22.68234574252689,64.53478840893945,22.52084021289357,21.452597367291343,1.3668413493684646,1.4385763034231056,2,0,0,6
11,7,26.925687207932903,20.507842476982244,20.33969320524944,57.84531090353846,27.3761145069524,18.79345490748656,1.5169632672668991,1.3668413493684646,3,0,0,7
11,8,22.309702192741103,18.215351953555857,18.178233895395827,50.453852748402255,23.323909449951604,18.945767465958323,2.307992507595899,1.5169632672668991,4,0,0,8
11,9,22.309702192741103,16.707176707482464,16.706409396988214,58.056774081754384,21.41679412453456,20.82165772742172,3.1948679005549963,2.307992507595899,4,1,1,9
12,0,38.15939190286093,21.0,21.0,40.0,26.68594523517113,17.989768671675385,3.320456356147975,0.0,0,0,0,0
12,1,38.15939190286093,19.133718904703425,18.959795373433508,48.04162850323237,26.68594523517113,17.989768671675385,3.320456356147975,3.320456356147975,0,0,0,1
12,2,38.15939190286093,17.39715829982498,17.40985551154767,57.11597892230178,26.19352513331667,24.21953275040224,1.379961674883056,3.320456356147975,0,1,1,2
12,3,31.92579956953933,19.231407323211847,19.076674753102424,67.62059750663646,32.9525812324119,25.406410902780777,1.0389320555536008,1.379961674883056,0,1,1,3
12,4,24.648016732725196,20.950046061233536,20.92457865607363,78.52806337463066,32.095695704802225,28.501336895165583,1.212963806135689,1.0389320555536008,0,1,1,4
12,5,16.283639932363435,21.980705737764303,21.930878318551795,73.77916790166276,29.91198137187892,27.03859933385496,1.0455471000452197,1.212963806135689,1,1,1,5
12,6,8.382701123630827,22.87590911580621,22.942248764526088,68.658757968493,26.158520167291893,28.72809131509836,0.9876173510915758,1.0455471000452197,2,0,0,6
12,7,6.324634924145508,20.587006272427864,20.738169076745137,62.68956551073374,20.808959032893394,29.362193979555126,1.02903309974266,0.9876173510915758,3,0,0,7
12,8,4.574110224730866,18.47582310348091,18.46466651836588,56.351360009428845,23.20573386964927,24.915346678656856,0.8752623497073209,1.02903309974266,4,0,0,8
12,9,4.574110224730866,17.047152323021436,17.086058646122964,66.00098456439417,25.91552896350606,27.693496341856868,0.434782182388589,0.8752623497073209,4,1,1,9
13,0,151.59905649791165,21.0,21.0,40.0,29.72369114070828,15.898684800310212,4.21110481848003,0.0,0,0,0,0
13,1,151.59905649791165,19.194473822814167,18.917973696006207,48.21202766938333,29.72369114070828,15.898684800310212,4.21110481848003,4.21110481848003,0,0,0,1
13,2,151.59905649791165,17.536817816914052,17.315488841640192,57.54065446355119,33.51982753892794,18.305876873115736,3.424457236432632,4.21110481848003,0,1,1,2
13,3,131.40494721398466,19.11804403469671,19.12055624018704,67.05306477284032,28.020524147543284,24.82619979295188,3.3656848806544994,3.424457236432632,0,1,1,3
13,4,106.8068917815943,20.876708559463047,20.75899044209323,76.3730017906637,28.812825331466435,22.964602545330152,4.099675905398395,3.3656848806544994,0,1,1,4
13,5,72.54671317835209,21.821732847703768,21.86000907033308,71.49082537076474,28.031045814821496,28.179085185739893,4.282522325405276,4.099675905398395,1,1,1,5
13,6,44.18154735229691,22.799655205748117,22.84799206826032,66.69754130074213,26.85649546185668,29.847481926906653,3.5456457282568987,4.282522325405276,2,0,0,6
13,7,36.57515780402552,20.662847571190536,20.66448467204658,62.12889680078315,28.57253350987129,29.37944149035664,3.803194774135694,3.5456457282568987,3,0,0,7
13,8,27.63198945150536,18.588132215267805,18.589759042640782,57.909835182115074,29.894102118510705,30.0,4.471584176260079,3.803194774135694,4,0,0,8
13,9,27.63198945150536,17.242687286119168,17.196001469165743,68.38580656024446,30.254864713342,27.944976276265702,4.6814320876455815,4.471584176260079,4,1,1,9
14,0,280.14180454494,21.0,21.0,40.0,26.261996141262443,21.0592616014806,6.718174782949236,0.0,0,0,0,0
14,1,280.14180454494,19.12523992282525,19.02118523202961,48.51782639369375,26.261996141262443,21.0592616014806,6.718174782949236,6.718174782949236,0,0,0,1
14,2,280.14180454494,17.570890894040453,17.3888198851944,58.53787142210776,33.165643814379706,22.501273010142626,7.095742357852822,6.718174782949236,0,1,1,2
14,3,233.97264140011688,19.301850767461467,19.1733648485563,69.30984642409005,34.49983332225874,25.34447224430956,7.694860524137188,7.095742357852822,0,1,1,3
14,4,191.6669374874628,21.044637273419696,21.02582501335625,80.62606874570497,32.86790178674952,30.0,7.050950652109013,7.694860524137188,0,1,1,4
14,5,138.4964214677342,22.15153532481016,22.07354649293517,77.11236881290304,33.99720182290064,29.8155763281998,6.646314502466072,7.050950652109013,1,0,0,5
14,6,125.76850804961803,20.13803823961458,20.102448769774934,73.25358917367151,32.42248732052146,29.47318135041445,6.363956709058075,6.646314502466072,2,0,0,6
14,7,111.60806212060535,18.303445542427536,18.212094773748955,69.17681547358009,32.89298551828559,27.79160503676208,7.0802229645063335,6.363956709058075,3,0,0,7
14,8,97.79976105596452,16.497313406525787,16.27011775817345,64.23912762521888,34.3158890617833,21.585845113987737,6.904150532320421,7.0802229645063335,4,1,1,8
14,9,55.07623091761467,18.29161375898537,18.146145721083045,74.43146228139557,33.65270902180258,22.97137240140121,7.120588356391643,6.904150532320421,4,1,1,9
15,0,326.791140133368,21.0,21.0,40.0,27.966960170684136,18.15766526431868,7.050567612508024,0.0,0,0,0,0
15,1,326.791140133368,19.159339203413683,18.963153305286376,48.3024325783005,27.966960170684136,18.15766526431868,7.050567612508024,7.050567612508024,0,0,0,1
15,2,326.791140133368,17.558086371394566,17.3140283399951,57.72796742996174,33.754886275556096,18.60919623367299,7.3089941957224385,7.050567612508024,0,1,1,2
15,3,279.80750002676723,19.185010260257965,19.1243056733046,67.71637343939324,31.09362215775104,24.397522339090624,7.830606684433463,7.3089941957224385,0,1,1,3
15,4,231.164167010439,21.080495080615474,20.863692376747267,79.23990972417641,37.885175012142064,26.134471014431107,8.107222169388034,7.830606684433463,0,1,1,4
15,5,165.53338297365428,22.08616264199573,21.99742002354126,75.47554353974644,35.054679672512414,27.36550819176548,8.20384800459809,8.107222169388034,1,0,1,5
15,6,128.31405221107676,20.05245803931988,22.954696983664896,70.66291915575974,31.40786162982004,25.18866957025388,7.443866152515507,8.20384800459809,2,0,0,6
15,7,113.9763145558764,19.843030223004007,19.01124233920129,65.22472475980602,25.58847613483113,27.53266610987048,7.168868827600191,7.443866152515507,3,0,0,7
15,8,99.46285457915587,17.274202646868027,17.60189593387528,60.32131246300813,26.092153906678394,30.0,7.25672998836025,7.168868827600191,4,1,1,8
15,9,53.96796548203016,19.334721014863828,19.103934769203477,71.44150778521775,34.2013879395368,27.577474961627782,7.582481516187621,7.25672998836025,4,1,1,9
16,0,207.0414427045107,21.0,21.0,40.0,34.62841056110579,15.575079902738878,7.829453572332031,0.0,0,0,0,0
16,1,207.0414427045107,19.29256821122212,18.91150159805478,49.03662828349204,34.62841056110579,15.575079902738878,7.829453572332031,7.829453572332031,0,0,0,1
16,2,207.0414427045107,17.59821416619066,17.373942355730204,58.701763295261685,35.31239211518222,18.38280239464918,7.930253572494083,7.829453572332031,0,1,1,2
16,3,168.27974622592956,19.28737255313325,19.05604339499562,68.18673077048724,33.81239940752076,18.88186434373233,6.4602827464301935,7.930253572494083,0,1,1,3
16,4,135.25297375645232,20.950466064350444,20.806772744981924,77.75151910501,31.89615815503073,21.24155481454018,5.504462078246204,6.4602827464301935,0,1,1,4
16,5,96.33013487131603,21.960569364290823,21.74018418272072,72.05597490289695,32.433039984202544,19.25838111516936,4.865354860642032,5.504462078246204,1,1,1,5
16,6,53.8201704847958,22.835426692831955,22.7229662151777,66.30540734419037,30.15726869561384,21.228467089349618,5.313745548315031,4.865354860642032,2,0,0,6
16,7,43.608044519495,20.6567713095698,20.51249275376948,61.03710958974104,31.48292371505573,22.58208876022572,5.106062982650403,5.313745548315031,3,0,0,7
16,8,32.81461981889676,18.438486019543056,18.472425700762138,55.69558438981484,27.06269380489693,26.59549952884645,5.396712350299118,5.106062982650403,4,0,0,8
16,9,32.81461981889676,16.99105470142825,16.97848527703958,64.11175103117796,23.437928671026736,23.31855266987953,6.212880434788941,5.396712350299118,4,1,1,9
17,0,75.21316900303114,21.0,21.0,40.0,25.81871451238587,16.634519240858396,2.162420574632746,0.0,0,0,0,0
17,1,75.21316900303114,19.11637429024772,18.93269038481717,47.64158207558397,25.81871451238587,16.634519240858396,2.162420574632746,2.162420574632746,0,0,0,1
17,2,75.21316900303114,17.382145859313844,17.337459713132375,56.28930012919906,26.516221983085657,21.52665609255376,0.0,2.162420574632746,0,1,1,2
17,3,75.21316900303114,19.06006620231753,18.971407129042426,65.01244674424899,26.782585747821816,21.67933989134448,0.0,0.0,0,1,1,3
17,4,72.11361726728528,20.773389176547344,20.57050699735247,73.38388655570697,28.99099700570732,17.517001946836952,0.5165919559576447,0.0,0,1,1,4
17,5,61.51253881222063,21.714352848745254,21.59690539932775,67.53096001015075,29.866339952854123,20.95073479405577,1.3251348068830813,0.5165919559576447,1,1,1,5
17,6,42.68238543382876,22.75483833102305,22.528042634691843,62.45569689219343,34.11946184014111,21.0179652823182,2.353769172298984,1.3251348068830813,2,0,0,6
17,7,37.24617554929005,20.465352227398533,20.370792523904832,56.42097206200833,28.96850244820124,20.83858182854821,2.718104942269352,2.353769172298984,3,0,0,7
17,8,30.275926810287004,18.355737009955565,18.27883403255406,51.290647189412965,30.047536454031103,24.783992031550195,3.485124369501524,2.718104942269352,4,0,0,8
17,9,30.275926810287004,16.85221508991681,16.822943615559478,59.29574186399632,23.54493328550933,20.92781490662042,4.446323825838461,3.485124369501524,4,1,1,9
18,0,197.6652826813801,21.0,21.0,40.0,34.443744382523725,18.677464581644607,5.439305139141203,0.0,0,0,0,0
18,1,197.6652826813801,19.28887488765048,18.97354929163289,49.5618176135503,34.443744382523725,18.677464581644607,5.439305139141203,5.439305139141203,0,0,0,1
18,2,197.6652826813801,17.571494775311347,17.515530586613608,59.78810178830429,32.17039161744754,24.64229824229684,5.173678751356942,5.439305139141203,0,1,1,2
18,3,172.35954484500135,19.434041245002533,19.14754595476272,70.4861729242241,37.29897793767242,22.13475059521549,4.217622972729792,5.173678751356942,0,1,1,3
18,4,136.49739914610308,20.374781738673107,20.240642842960703,65.44544607120515,33.166834700111565,22.16246056089426,4.482768212362283,4.217622972729792,1,1,1,4
18,5,95.13524644360896,21.426547142998977,21.306716578486053,60.29118868371181,31.351090865406764,23.34747920407466,5.170269087811764,4.482768212362283,2,1,1,5
18,6,48.36450708205341,22.391508175195,22.330873635978204,54.853188840241856,28.975704260183488,24.14651883165008,5.846342420194445,5.170269087811764,3,0,0,6
18,7,37.02641669985599,20.36655675954194,20.16902012019648,50.65339631776001,35.39375135420171,24.60740129867693,5.669045191098707,5.846342420194445,4,0,0,7
18,8,37.02641669985599,18.962580033485136,18.898807239396174,61.39901727818587,32.92479175960908,26.77310246497904,5.452723249038635,5.669045191098707,4,0,0,8
18,9,37.02641669985599,17.656905844763234,17.50901527864996,72.88376224819073,36.07762946962353,27.72650925262572,5.09481180561829,5.452723249038635,4,1,1,9
19,0,76.641230652474,21.0,21.0,40.0,27.195361581889124,23.8040828251533,2.545518663374168,0.0,0,0,0,0
19,1,76.641230652474,19.143907231637783,19.076081656503067,49.17989999326764,27.195361581889124,23.8040828251533,2.545518663374168,2.545518663374168,0,0,0,1
19,2,76.641230652474,17.551462326097315,17.50220692202259,59.44970500203058,30.267313050831127,26.78715922007411,0.3549780248563962,2.545518663374168,0,1,1,2
19,3,76.641230652474,19.159663622094538,19.2444731533773,68.82090684113064,24.28029346821377,27.78193897123093,0.0,0.3549780248563962,0,1,1,3
19,4,72.37779660263547,20.93559452393641,20.9618452175824,79.15566486385332,27.41532234845933,30.0,0.7105723416397536,0.0,0,1,1,4
19,5,64.27322440710921,21.984531493391387,21.95220846983053,74.44837085692348,29.202045367427065,27.97965459407385,1.0130715244407815,0.7105723416397536,1,1,1,5
19,6,47.90384299595964,23.07623885041132,22.8633740736421,70.2172934713067,35.477716024779184,24.34963183290538,2.046172676393698,1.0130715244407815,2,0,0,6
19,7,40.23019996339619,20.805245956569166,20.704358972000723,64.9241813739783,31.08223794740131,22.84491706744089,3.836821516281724,2.046172676393698,3,0,0,7
19,8,32.369198730684325,18.741199237840647,18.596710220782104,60.668874810542206,34.2152484678489,25.47749284639502,3.9305006163559337,3.836821516281724,4,0,0,8
19,9,32.369198730684325,17.25784858709894,17.20270851592403,70.04551389252939,28.50838907949843,23.58405026487481,4.076617915245646,3.9305006163559337,4,1,1,9
20,0,131.84045947458358,21.0,21.0,40.0,34.03487760059643,23.695520081705304,4.413504388883472,0.0,0,0,0,0
20,1,131.84045947458358,19.28069755201193,19.07391040163411,50.39147158281431,34.03487760059643,23.695520081705304,4.413504388883472,4.413504388883472,0,0,0,1
20,2,131.84045947458358,17.630752155860794,17.535067547226863,60.58021625569502,32.24508737946167,24.35904969209785,3.656268232980983,4.413504388883472,0,1,1,2
20,3,118.2917641503261,19.287488204926348,19.24482266864239,70.19656629242833,28.49635640722365,24.927810463516977,2.2581158873762464,3.656268232980983,0,1,1,3
20,4,100.14037550356032,20.39701421988161,20.32613419533284,66.52449218382688,33.55845294528952,29.37446867359129,2.2689235808457227,2.2581158873762464,1,1,1,4
20,5,80.42488232776594,21.456640679581792,21.478753888841304,62.31684936677297,29.957539905256056,30.0,2.464436646974297,2.2689235808457227,2,1,1,5
20,6,48.3992396925877,22.518422686473365,22.45229789973737,57.476638638442495,29.708907464702243,26.73436626679511,4.00320532939728,2.464436646974297,3,0,0,6
20,7,38.04651829264675,20.412745389865552,20.227466336449456,52.20701565734592,32.15673728843194,21.90091281658705,5.176360699970475,4.00320532939728,4,0,0,7
20,8,38.04651829264675,18.961957125805256,18.83858296951711,61.55746976247089,30.44743043317154,21.49953681752274,5.582599594033492,5.176360699970475,4,0,0,8
20,9,38.04651829264675,17.521497289256175,17.313941263109637,70.56073373127677,31.12327340584094,18.89485975419172,5.259059928808536,5.582599594033492,4,1,1,9
21,0,88.44466166435065,21.0,21.0,40.0,34.599403986625305,23.335456982769287,2.858771193312025,0.0,0,0,0,0
21,1,88.44466166435065,19.29198807973251,19.066709139655387,50.42827497449103,34.599403986625305,23.335456982769287,2.858771193312025,2.858771193312025,0,0,0,1
21,2,88.44466166435065,17.73435533804549,17.629347836118626,62.36484783455082,37.47192643224938,28.842367234749485,0.8403912450439786,2.858771193312025,0,1,1,2
21,3,87.33030229246056,19.71016635705264,19.4367124553504,75.90945320507352,45.24780761401495,30.0,0.1857265619816808,0.8403912450439786,0,1,1,3
21,4,75.67990474446171,20.91777683491245,20.58865608225587,74.30893930949911,47.49971781369669,26.94187165533436,1.4562996934998558,0.1857265619816808,1,1,1,4
21,5,56.08052693954795,22.0048103881974,21.783726775412312,71.43497538329842,41.67892950288291,25.687937573779973,2.44992222561422,1.4562996934998558,2,0,1,5
21,6,41.03091035363839,20.00952266786886,22.917899160600204,68.29462081428133,36.89217430811269,28.99474475290343,3.009923317181913,2.44992222561422,3,0,0,6
21,7,34.49745717885053,19.98180798204104,19.023788447213864,64.86418009735128,34.2753293503886,30.0,3.2667265873939293,3.009923317181913,4,0,0,7
21,8,34.49745717885053,18.158916173269468,18.388926421701267,76.18074060549844,32.86978060081759,30.0,3.187670722431196,3.2667265873939293,4,0,0,8
21,9,27.969845094798327,16.2203240825187,16.158604521139114,70.82226478878053,26.599923791479128,26.96409944897689,3.2638060420261024,3.187670722431196,5,1,1,9
22,0,73.29375009983595,21.0,21.0,40.0,28.166889866459577,18.23033519432189,2.688792673307084,0.0,0,0,0,0
22,1,73.29375009983595,19.16333779732919,18.96460670388644,48.35150051094067,28.166889866459577,18.23033519432189,2.688792673307084,2.688792673307084,0,0,0,1
22,2,73.29375009983595,17.36929593942902,17.306742342591587,55.96818635890426,24.2117838105442,18.10313756703134,0.7776770281755178,2.688792673307084,0,1,1,2
22,3,66.99591946644654,19.08466086536438,18.97250923638662,65.2754989599211,29.126588814660344,22.580703413210927,1.0496384388982352,0.7776770281755178,0,1,1,3
22,4,61.00459425293551,20.777714863056797,20.72302578187808,74.85039517052708,28.80529816515105,24.38856967154888,0.9985542022518386,1.0496384388982352,0,1,1,4
22,5,56.58319176648142,21.873570654520478,21.69573047116968,70.04941430814128,33.18678140820518,23.474436022984865,0.5526753108067615,0.9985542022518386,1,1,1,5
22,6,44.054620933750506,22.789833469192917,22.693574216618572,64.68874436235444,30.516199506748173,23.035634127769363,1.5660713540913638,0.5526753108067615,2,0,0,6
22,7,39.69335469407461,20.710657027892463,20.54891936251248,60.84063785130118,35.74286794254805,26.212095884933824,2.1806331198379447,1.5660713540913638,3,0,0,7
22,8,33.47786212109392,18.646317122082213,18.567460266986945,57.49337382101879,35.553164894724866,29.18425715926184,3.107746286490346,2.1806331198379447,4,0,0,8
22,9,33.47786212109392,17.356338997086272,17.26532325503293,69.32542900825614,35.73363992909633,30.0,4.690460433701024,3.107746286490346,4,1,1,9
23,0,111.14650527334092,21.0,21.0,40.0,25.76796364159105,19.96838472796109,5.173609915985651,0.0,0,0,0,0
23,1,111.14650527334092,19.11535927283182,18.999367694559226,48.23254270651938,25.76796364159105,19.96838472796109,5.173609915985651,5.173609915985651,0,0,0,1
23,2,111.14650527334092,17.482457367932682,17.400306977080938,57.81682514539924,29.54670338300439,23.69931016632816,3.286395155416964,5.173609915985651,0,1,1,2
23,3,98.16943282289726,19.027008347351188,19.141410676491127,66.45089693499445,21.739602451765208,26.22746304598596,2.162845408407277,3.286395155416964,0,1,1,3
23,4,91.78810081964554,20.739472117632538,20.779446798084784,75.28828131370287,22.69090546100109,26.405674420712387,1.0635553338752883,2.162845408407277,0,1,1,4
23,5,79.30328720089315,21.773126050942444,21.69039113131585,69.38800096709252,27.045561924466508,23.508436149920485,1.5606017023440475,1.0635553338752883,1,1,1,5
23,6,55.480019893960616,22.681345229251605,22.74047849704446,64.32992532746489,26.75863675896801,28.47427635421184,2.9779084133665665,1.5606017023440475,2,0,0,6
23,7,45.46149975255061,20.604033283812896,20.49923301186397,59.57385803593384,30.631875924912688,26.27886134435924,5.009260070705006,2.9779084133665665,3,0,0,7
23,8,34.220493463478924,18.47898610307156,18.405556255578425,54.52959049917634,30.27656062484088,25.03306417095077,5.620503144535842,5.009260070705006,4,0,0,8
23,9,34.220493463478924,17.11653696060284,17.001093662181205,64.49216476879262,31.11062373234024,24.237011098861345,5.905771797368791,5.620503144535842,4,1,1,9
24,0,175.8826905002856,21.0,21.0,40.0,28.41961949667652,21.42062755476349,5.087325733921341,0.0,0,0,0,0
24,1,175.8826905002856,19.168392389933533,19.028412551095272,48.9712444692592,28.41961949667652,21.42062755476349,5.087325733921341,5.087325733921341,0,0,0,1
24,2,175.8826905002856,17.53519924347207,17.538588276091353,59.609903892621446,30.516954707366715,28.586708755756867,5.010087191728491,5.087325733921341,0,1,1,2
24,3,146.45678761812866,19.241882818181647,19.231520899876983,69.44155021631012,27.543758889885048,27.076498463940936,4.904317147026156,5.010087191728491,0,1,1,3
24,4,117.9965970662806,21.01849727475016,20.93838620001608,79.7502396033066,30.71573955284951,26.55475704157539,4.743365091974677,4.904317147026156,0,1,1,4
24,5,81.19523923729179,22.0627619015134,21.893626131261527,74.73828398304971,32.573795038310955,22.91534040470633,4.600169728623603,4.743365091974677,1,0,1,5
24,6,59.56484458996307,19.88009131606981,22.88735912035225,68.79859484537141,26.254353342943705,24.080707003287944,4.326078929465744,4.600169728623603,2,0,0,6
24,7,51.13872399261736,19.757499510509984,18.881068397506564,63.360665712876894,25.91757725826013,27.205038672325863,4.2130602986728585,4.326078929465744,3,0,0,7
24,8,42.4305091259249,17.17906663472195,17.40248283815152,57.55351914417935,26.523532237626466,24.547875714053824,4.354107433346229,4.2130602986728585,4,1,1,8
24,9,19.592903390364317,19.098754925596516,18.85171862916205,66.66592217635606,29.81251653007518,20.81194475979547,3.806267622593431,4.354107433346229,4,1,1,9
25,0,50.346011685742354,21.0,21.0,40.0,32.18852103928587,21.555851194735737,3.82053127158419,0.0,0,0,0,0
25,1,50.346011685742354,19.24377042078572,19.03111702389472,49.67398700212389,32.18852103928587,21.555851194735737,3.82053127158419,3.82053127158419,0,0,0,1
25,2,50.346011685742354,17.60567989960589,17.46619694036851,59.66298202960666,32.82918286729137,22.66523395205737,1.782093593711708,3.82053127158419,0,1,1,2
25,3,46.00354670396892,19.361816639614943,19.29421630714925,71.15376791631655,34.654980191227864,29.182719179382627,0.7237441636289053,1.782093593711708,0,1,1,3
25,4,42.07487637809611,20.425830620761207,20.33361175009396,66.80619061559833,32.402537313734385,26.77758879338659,0.4910837907341021,0.7237441636289053,1,1,1,4
25,5,37.75664284462872,21.49052709476984,21.398402253652183,61.88637977784504,30.99528800863112,25.00576289273945,0.5397791916834228,0.4910837907341021,2,1,1,5
25,6,29.481887870397383,22.562683071892423,22.38329940702133,57.19989436585038,33.82417956350818,23.47312370318817,1.0343443717789171,0.5397791916834228,3,0,0,6
25,7,25.74025396049136,20.410124936658992,20.340357789662896,53.12308905392126,33.43176362829917,27.252651305427925,1.870816954953012,1.0343443717789171,4,0,0,7
25,8,25.74025396049136,19.139862994391063,18.907688648152995,63.80345198398577,35.995287064157075,23.34006254731237,2.24619696437095,1.870816954953012,4,0,0,8
25,9,25.74025396049136,17.726147095904434,17.557557871840086,74.8403201587043,36.61400535039012,24.70192895360177,2.925182112335702,2.24619696437095,4,1,1,9
26,0,248.9482270671706,21.0,21.0,40.0,27.940953683034884,18.170431886567712,6.965563246551776,0.0,0,0,0,0
26,1,248.9482270671706,19.1588190736607,18.963408637731355,48.30004940252847,27.940953683034884,18.170431886567712,6.965563246551776,6.965563246551776,0,0,0,1
26,2,248.9482270671706,17.46055131655773,17.3408949776891,57.09171335809904,28.87827550665968,19.96430202428799,8.037966652431532,6.965563246551776,0,1,1,2
26,3,201.5734585867244,19.03170670589832,18.988935697628094,65.05447177606217,24.08547113150123,20.152075634960617,7.895794746741033,8.037966652431532,0,1,1,3
26,4,156.1227854346355,20.698787411229254,20.621051320355857,73.29712512213958,25.160444128521195,20.632074460797707,7.57511219201482,7.895794746741033,0,1,1,4
26,5,96.31727962871014,21.60131812380489,21.647926140271487,67.08093800336286,23.81730049550588,24.981659955734564,7.475688225740667,7.57511219201482,1,1,1,5
26,6,38.786961020657934,22.606395513329858,22.618732412505512,61.98821079686249,26.86221960127477,28.178184807056525,7.191289826006526,7.475688225740667,2,0,0,6
26,7,27.20829369003646,20.463441120320752,20.44429803479754,57.06563522403589,28.3788960253002,27.606795236774268,5.789333665310738,7.191289826006526,3,0,0,7
26,8,18.662108638116692,18.43842073195449,18.38349386945735,53.04148771065957,32.005223833362955,28.97173442565745,4.273092525959882,5.789333665310738,4,0,0,8
26,9,18.662108638116692,17.13902887661179,17.085395501697416,64.4724906136312,33.50557168317574,30.0,3.819352347703983,4.273092525959882,4,1,1,9
27,0,116.0286899097286,21.0,21.0,40.0,33.71081447619661,15.18451614086729,2.9478453291346094,0.0,0,0,0,0
27,1,116.0286899097286,19.27421628952393,18.903690322817347,48.8011595110715,33.71081447619661,15.18451614086729,2.9478453291346094,2.9478453291346094,0,0,0,1
27,2,116.0286899097286,17.504148437252063,17.436814050920752,58.39747011428719,31.118722750848004,22.19411393368359,1.4201837540545412,2.9478453291346094,0,1,1,2
27,3,111.39172901405976,19.32120765562035,19.147470548389396,69.26246956579978,35.02898961023811,25.332118453720696,0.772826815944811,1.4201837540545412,0,1,1,3
27,4,108.45920507357388,20.965594714532457,20.98140897145285,79.52051751756395,29.40224952501167,27.586905762567007,0.4887539900809765,0.772826815944811,0,1,1,4
27,5,99.99708302785076,21.895131485026138,22.0157569044275,74.179091396541,23.695129474110423,29.96361429798427,1.0577652557153892,0.4887539900809765,1,1,0,5
27,6,88.73914876690226,23.00866426053389,19.94180596234393,70.25512744786698,31.53353361847768,30.0,2.2515868521897,1.0577652557153892,2,0,0,6
27,7,83.14845321268172,18.982166725819752,19.911006650693256,65.6261872615489,28.588938597037,29.02806036786257,2.795347777110276,2.2515868521897,3,0,0,7
27,8,74.50714944393545,17.760456539444256,17.268664697474698,61.78488227443941,36.32487164849459,25.66787842311929,4.320651884373138,2.795347777110276,4,1,1,8
27,9,42.02442952172044,19.34553174815269,19.157760839117145,72.24732531044916,37.44505330735414,20.67963022603335,5.413786653702503,4.320651884373138,4,1,1,9
28,0,241.27617057037995,21.0,21.0,40.0,25.97211810438348,22.46236121316544,6.63486851691597,0.0,0,0,0,0
28,1,241.27617057037995,19.11944236208767,19.04924722426331,48.71820627715881,25.97211810438348,22.46236121316544,6.63486851691597,6.63486851691597,0,0,0,1
28,2,241.27617057037995,17.551136119118507,17.349931100760028,58.030117376247375,31.42300871233525,20.309830727045707,6.234863696921138,6.63486851691597,0,1,1,2
28,3,207.11310089746317,19.22603539624754,19.10944963091016,68.0195299092752,32.17204991842274,23.324686376176302,5.693844945486135,6.234863696921138,0,1,1,3
28,4,172.30939350953915,20.97982424111965,20.831423399214614,78.13463818268156,32.68193726934052,23.513108694028084,5.800617897987333,5.693844945486135,0,1,1,4
28,5,124.41524915605156,21.95365963651004,21.973294180236092,74.03742487706447,30.9076613166444,29.66337587437175,5.98676804418595,5.800617897987333,1,1,1,5
28,6,80.09776684237333,23.15182150773682,22.964184035976853,71.47314885484377,39.08735543210727,30.0,5.539685289209778,5.98676804418595,2,0,0,6
28,7,68.92763632854474,21.00458717316008,20.884456385653976,68.16620421046476,36.89126004702173,28.070158595317093,5.585065256914295,5.539685289209778,3,0,0,7
28,8,55.8354028233168,18.974221541296178,18.790646088806906,64.68006828537393,37.47332298216413,26.4925885451091,6.546116752613965,5.585065256914295,4,0,0,8
28,9,55.8354028233168,17.597350595437945,17.50142882693181,76.34234705249149,36.17007890387185,28.620358691225714,7.114802477509094,6.546116752613965,4,1,1,9
29,0,144.74105798276275,21.0,21.0,40.0,30.31986999720141,18.504111555298973,6.086083192820235,0.0,0,0,0,0
29,1,144.74105798276275,19.20639739994403,18.97008223110598,48.78831667945007,30.31986999720141,18.504111555298973,6.086083192820235,6.086083192820235,0,0,0,1
29,2,144.74105798276275,17.48838229431698,17.4281140385726,58.17599043357589,29.355941699133417,22.79780137934336,5.850459089465539,6.086083192820235,0,1,1,2
29,3,114.96213075335147,19.28863453898445,19.044167625124597,68.01628138377644,33.897826292914075,20.770456763755654,4.963154538235211,5.850459089465539,0,1,1,3
29,4,90.42517244219854,20.892874993125503,20.837207425482628,77.42263385234168,29.353947902146498,22.9035658121048,4.089493051858822,4.963154538235211,0,1,1,4
29,5,65.5322431752608,21.957354479988997,21.813907219321752,72.58162978578778,32.2231214224641,24.21574487445868,3.1116161583672173,4.089493051858822,1,1,1,5
29,6,43.2202156517879,22.902800617928527,22.81946174022919,67.73477124479021,31.362497116938822,25.04384432196351,2.789003440434112,3.1116161583672173,2,0,0,6
29,7,37.9729117719752,20.6771694248146,20.644277034663222,62.50877250938842,28.597354849302185,25.702652176243443,2.6236519399063525,2.789003440434112,3,0,0,7
29,8,29.0153797803632,18.623570562005373,18.500210652078696,57.85039534474991,32.057420772528616,25.396039423924105,4.478765995805999,2.6236519399063525,4,0,0,8
29,9,29.0153797803632,17.198504487859466,17.088263105372146,67.3973676193782,30.20060131615604,22.83813354288997,5.009997585552624,4.478765995805999,4,1,1,9
30,0,123.74699450486786,21.0,21.0,40.0,26.98377311064561,24.58554254525746,4.959174443712167,0.0,0,0,0,0
30,1,123.74699450486786,19.139675462212917,19.09171085090515,49.28247681806255,26.98377311064561,24.58554254525746,4.959174443712167,4.959174443712167,0,0,0,1
30,2,123.74699450486786,17.526688304369042,17.45579837860454,58.81931959819316,28.623212673727974,24.359247215886565,4.803832261004551,4.959174443712167,0,1,1,2
30,3,97.80151157314113,19.237461964570443,19.197786543499262,69.04710580835925,29.934077220474578,26.886957280448097,4.32424715528779,4.803832261004551,0,1,1,3
30,4,74.148278106588,20.98762774462357,20.902399466414437,79.06314602271185,30.2506065420194,25.394061315495023,3.9422055777588527,4.32424715528779,0,1,1,4
30,5,44.4114285058795,22.07048437000182,22.00600158501096,75.67360743879433,34.502563422680495,30.0,3.7171062000885615,3.9422055777588527,1,0,0,5
30,6,37.75819359551563,20.0618995558444,19.949642264563604,70.95794758686284,31.85766469186392,25.277558352961115,3.3266174551819354,3.7171062000885615,2,0,0,6
30,7,31.697157546333727,18.12128638095403,18.027230421749145,65.43241829626183,29.51130285750289,23.12464552804701,3.0305180245909504,3.3266174551819354,3,0,0,7
30,8,27.200631037528638,16.163984968229926,16.068994116169424,58.65755218433552,25.92778512908729,19.76740313798875,2.2482632544025463,3.0305180245909504,4,1,1,8
30,9,15.966718693979594,17.81596700316233,17.817034000546677,65.93612240370659,20.90400706520915,19.53249415351907,1.87231872392484,2.2482632544025463,4,1,1,9
31,0,225.13180945440345,21.0,21.0,40.0,33.50093312201388,19.75388834365709,7.58331455309953,0.0,0,0,0,0
31,1,225.13180945440345,19.27001866244028,18.995077766873145,49.58586786382077,33.50093312201388,19.75388834365709,7.58331455309953,7.58331455309953,0,0,0,1
31,2,225.13180945440345,17.636841654281298,17.43292759867354,59.63520183260029,35.07472468689059,20.75490847299558,8.229294183696464,7.58331455309953,0,1,1,2
31,3,178.40801502911455,19.45840628172416,19.228872945670204,71.42427569984005,40.01511622740632,25.479738590592348,7.787299070881485,8.229294183696464,0,1,1,3
31,4,115.20251926994678,20.550093363399437,20.30412555778913,67.67659247901807,39.127130658378846,23.38574033705456,7.900686969895974,7.787299070881485,1,1,1,4
31,5,59.486554157795766,21.59611532609229,21.49429062335644,63.80238099280446,35.29534420432466,26.514591983377496,6.964495639018876,7.900686969895974,2,1,1,5
31,6,20.71047124141056,22.57951408028915,22.51258066335461,58.79894549506365,30.205255422380155,25.331214034615343,4.847010364548152,6.964495639018876,3,0,0,6
31,7,13.686007045733945,20.39299275839794,20.44418774549236,54.31891083693715,28.444251899297225,30.0,3.512232097838306,4.847010364548152,4,0,0,7
31,8,13.686007045733945,19.02479164306934,18.992130744711883,64.02135847583197,27.38380349710275,26.51868338564631,2.823222914886224,3.512232097838306,4,0,0,8
31,9,13.686007045733945,17.62552320102644,17.51229538553028,73.99334618343926,30.775617979549487,24.624313729379868,2.5918647187003905,2.823222914886224,4,1,1,9
32,0,260.77840684681246,21.0,21.0,40.0,31.66212388872196,21.294204847178563,7.35711691912836,0.0,0,0,0,0
32,1,260.77840684681246,19.23324247777444,19.02588409694357,49.532139172462095,31.66212388872196,21.294204847178563,7.35711691912836,7.35711691912836,0,0,0,1
32,2,260.77840684681246,17.614518195347294,17.515691696551144,60.17379471395684,33.58600460806516,25.53430395579454,7.848297385853472,7.35711691912836,0,1,1,2
32,3,208.23831277190047,19.24889031034387,19.181140687118464,69.15806533636521,27.39124660607387,22.521367962861547,8.75668234581866,7.848297385853472,0,1,1,3
32,4,153.89641098944827,20.966943129685063,20.892745917558383,78.94332391248663,29.544326299916992,24.818221345202023,9.0569836304087,8.75668234581866,0,1,1,4
32,5,85.7829431673366,21.95889488745874,21.80015170372153,72.94257018081238,29.522964985285064,20.472847616524625,8.51418347776396,9.0569836304087,1,1,1,5
32,6,29.425611198729616,22.86411756515898,22.73489130758182,67.08537264691934,29.81790383442188,20.97544319950564,7.044666496075872,8.51418347776396,2,0,0,6
32,7,20.489060702176097,20.57073396151486,20.59688932371652,61.473318575176606,26.392940455279607,25.76231470170524,4.468275248276759,7.044666496075872,3,0,0,7
32,8,15.32421515392731,18.51257561001153,18.426337891435047,56.39709970819689,29.52583645073378,25.606280954934427,2.582422774124393,4.468275248276759,4,0,0,8
32,9,15.32421515392731,17.09678305478444,16.983480833782686,65.58296711320841,28.995636761621714,22.036959932886727,2.258648202625749,2.582422774124393,4,1,1,9
33,0,283.7007045746276,21.0,21.0,40.0,26.00162013788841,16.797779870414136,7.6579645831349055,0.0,0,0,0,0
33,1,283.7007045746276,19.12003240275777,18.935955597408284,47.70389200149446,26.00162013788841,16.797779870414136,7.6579645831349055,7.6579645831349055,0,0,0,1
33,2,283.7007045746276,17.36796755420864,17.212245673434058,55.04100001855842,25.654478662441235,15.107232543469667,9.65702320297105,7.6579645831349055,0,1,1,2
33,3,222.71694502750725,19.05477067910966,18.89959916669345,64.19929325650526,30.48690535495586,20.3925015225266,10.16395992452006,9.65702320297105,0,1,1,3
33,4,166.58021488607557,20.78851796594137,20.62379142222632,73.8109902293846,31.98110819399595,21.417208322000366,9.356121690238613,10.16395992452006,0,1,1,4
33,5,97.61399420596553,21.778497576119157,21.79510396819176,69.76500631439981,31.24811173442331,29.60753318232789,8.620777585013757,9.356121690238613,1,1,1,5
33,6,36.423504942019385,22.705489512550056,22.7937692616482,64.51216277326571,24.74389293996263,29.406976275959007,7.648811157993268,8.620777585013757,2,0,0,6
33,7,25.058261125195585,20.620384233731283,20.52387397289925,59.49779879230988,29.48853623324298,25.987219428113484,5.6826219084119005,7.648811157993268,3,0,0,7
33,8,16.372778071127975,18.52906018231655,18.513566984025225,55.54426004605378,31.79577150725637,29.57345768020978,4.342741527033804,5.6826219084119005,4,0,0,8
33,9,16.372778071127975,17.17740972226755,17.127494100753257,65.91180617549742,30.16282877349672,27.434649723412427,3.5323790611115102,4.342741527033804,4,1,1,9
34,0,134.52754591684345,21.0,21.0,40.0,28.28820844287196,17.71995470429493,5.676146240065776,0.0,0,0,0,0
34,1,134.52754591684345,19.16576416885744,18.9543990940859,48.28146936649004,28.28820844287196,17.71995470429493,5.676146240065776,5.676146240065776,0,0,0,1
34,2,134.52754591684345,17.48445383417334,17.404198382273265,57.87470865429316,30.23951126885254,23.056262552275875,4.332161365992684,5.676146240065776,0,1,1,2
34,3,112.84469792225964,19.273000215044984,19.175629701435085,68.98298671902101,33.892506687075425,27.82014922807932,3.613807999097305,4.332161365992684,0,1,1,3
34,4,94.5995998605328,21.03707509537772,21.00919413777,80.29681572423722,32.85460558453446,30.0,3.040849676954469,3.613807999097305,0,1,1,4
34,5,72.05335084362078,22.043009225149472,22.06602018826064,75.93460788680696,29.18325577808365,29.91558956952605,2.8182811271140045,3.040849676954469,1,0,0,5
34,6,64.15896899494386,20.081719891988243,19.98244303318508,71.42893596474495,31.460250574350667,26.841572080860384,3.947190924338456,2.8182811271140045,2,0,0,6
34,7,55.67883570724128,18.166820411319037,18.039707563665804,65.99927627607984,30.50667627495129,22.661881010242528,4.240066643851292,3.947190924338456,3,0,0,7
34,8,47.765825257503664,16.38076157136058,16.23126335945469,62.16593228641536,35.70929057264517,26.327687262552125,3.956505224868811,4.240066643851292,4,1,1,8
34,9,24.832043081582626,18.33411713437133,18.136856652473213,73.91598619803729,38.6917872801413,26.5862900066472,3.8222970293201737,3.956505224868811,4,1,1,9
35,0,200.43015475666996,21.0,21.0,40.0,33.91127088394596,20.42283520936855,4.080045843852792,0.0,0,0,0,0
35,1,200.43015475666996,19.27822541767892,19.00845670418737,49.78013909679661,33.91127088394596,20.42283520936855,4.080045843852792,4.080045843852792,0,0,0,1
35,2,200.43015475666996,17.595448750349885,17.533109990328168,60.183734345406805,32.48061004231343,25.317141338854327,4.290070929384669,4.080045843852792,0,1,1,2
35,3,171.3912004714747,19.35722143160157,19.21229072839613,70.43670975551856,32.57129553060911,24.38967897001181,4.839825714199206,4.290070929384669,0,1,1,3
35,4,126.40995265737664,20.42461669589122,20.356223730672436,66.9825333289854,34.86853655302945,29.27492774400851,5.622655976762259,4.839825714199206,1,1,1,4
35,5,79.85350258155025,21.602574820581683,21.47656926160605,63.60133084388471,35.9375237549187,28.61135132785524,5.8195562594783,5.622655976762259,2,1,1,5
35,6,33.74615949762731,22.64126978962839,22.604515670830825,60.072332922296965,33.72778932451251,30.0,5.763417885490367,5.8195562594783,3,0,0,6
35,7,23.811277965386868,20.60246712965292,20.49766674232592,56.71398377076216,35.233584597671275,29.44225344935753,4.967440766120221,5.763417885490367,4,0,0,7
35,8,23.811277965386868,19.40214212721559,19.157941236979102,69.17495791586106,41.50484223058399,27.72279190885437,5.014560465496604,4.967440766120221,4,0,0,8
35,9,23.811277965386868,18.02172115678744,17.886682834860668,81.68261036034174,39.950943737389096,29.536014287503573,5.234779722672472,5.014560465496604,4,0,1,9
36,0,209.3592921606564,21.0,21.0,40.0,27.685076794675016,24.52235008408805,7.375738873931075,0.0,0,0,0,0
36,1,209.3592921606564,19.1537015358935,19.090447001681763,49.39733683817735,27.685076794675016,24.52235008408805,7.375738873931075,7.375738873931075,0,0,0,1
36,2,209.3592921606564,17.553631872257775,17.452158340575316,59.04053736894024,29.797915439657466,23.7754208423586,6.794390280786736,7.375738873931075,0,1,1,2
36,3,169.63519278823514,19.283985766946145,19.06723291929429,68.32329659078084,31.96531496180538,19.60556960397569,6.620683228736877,6.794390280786736,0,1,1,3
36,4,128.89588229112934,20.96236662307418,20.742975705225085,77.35781441730197,32.20630215506365,17.985463547831475,6.7898850828509705,6.620683228736877,0,1,1,4
36,5,79.99628955255844,21.89895845274213,21.739171043377123,71.51901525352646,31.087897218617087,19.80766298263012,6.112449092321362,6.7898850828509705,1,1,1,5
36,6,36.256401721319016,22.93800941913937,22.64401245818251,66.48836323085743,36.2409628645229,19.144303676204725,5.467485978904927,6.112449092321362,2,0,0,6
36,7,27.372090546583216,20.667773719923943,20.53842601793269,61.36109189563514,32.86291604800712,21.985576534091265,4.4421555873679,5.467485978904927,3,0,0,7
36,8,20.18180899304844,18.471931452292843,18.491289807191357,56.19117358472948,27.79193136217813,26.81963357723485,3.5951407767673875,4.4421555873679,4,0,0,8
36,9,20.18180899304844,17.181621171469384,16.978182027838486,65.89600194630302,31.89864748896018,22.017065630892795,3.3091032055361915,3.5951407767673875,4,1,1,9
37,0,172.46300096866418,21.0,21.0,40.0,33.93792267834392,22.819069160221524,7.953062398517254,0.0,0,0,0,0
37,1,172.46300096866418,19.27875845356688,19.05638138320443,50.21625853094178,33.93792267834392,22.819069160221524,7.953062398517254,7.953062398517254,0,0,0,1
37,2,172.46300096866418,17.612575337076454,17.46458674333511,59.76477634642296,31.89120346981068,21.156117727307,8.053705764268091,7.953062398517254,0,1,1,2
37,3,126.61067596955635,19.35545603587445,19.09689676210889,69.37963044656408,34.281824353146646,19.13403175874846,7.64205416651797,8.053705764268091,0,1,1,3
37,4,86.74152361332574,20.970969870258266,20.894942411068023,79.04009154521091,30.674495195905592,22.994733129910152,6.644858726038436,7.64205416651797,0,1,1,4
37,5,51.27195992432432,21.95867821541936,21.770644130896297,72.72141141368414,29.385835469428915,18.843719355422373,4.433695461125177,6.644858726038436,1,1,1,5
37,6,25.789136520573077,22.88826415227325,22.766051457898463,67.60274090007275,31.91371045548319,22.982564468898016,3.185352925468905,4.433695461125177,2,0,0,6
37,7,21.2664457360416,20.67360614371015,20.628267074298165,62.750951650132,30.239546248830663,26.139402362609644,2.2613453922657376,3.185352925468905,3,0,0,7
37,8,16.388095435897647,18.656088534564457,18.5089067668399,58.62204452727912,34.21706742800142,26.177893000593663,2.4391751500719754,2.2613453922657376,4,0,0,8
37,9,16.388095435897647,17.339783241853702,17.172397508644508,69.86390111001245,36.51588598464552,25.938872808317434,2.5055689530439653,2.4391751500719754,4,1,1,9
38,0,189.81696325831743,21.0,21.0,40.0,27.41719516140864,24.44350780714981,6.733652532076555,0.0,0,0,0,0
38,1,189.81696325831743,19.148343903228174,19.088870156143,49.33492653434052,27.41719516140864,24.44350780714981,6.733652532076555,6.733652532076555,0,0,0,1
38,2,189.81696325831743,17.513826154714632,17.55031080482766,59.55941705893938,27.93529941864322,28.86742571801713,6.869949038682512,6.733652532076555,0,1,1,2
38,3,150.8265134561264,19.265906084706984,19.21149108335395,69.50517396881992,28.713842685424147,26.54036236946776,6.498408300365173,6.869949038682512,0,1,1,3
38,4,117.1532945777497,20.9765312182644,20.93247577234308,79.35062805336892,28.85798222637257,25.83898491001079,5.612203146396117,6.498408300365173,0,1,1,4
38,5,73.76672002901623,21.987901926436084,21.939289190921517,74.46369971604203,29.637599961921737,26.54613149737328,5.423321818591685,5.612203146396117,1,1,1,5
38,6,38.69602030918383,23.05508958283085,22.974527913138107,71.12000912916606,34.75727451735574,30.0,4.383837464979049,5.423321818591685,2,0,0,6
38,7,31.127970334052726,21.026675797126973,20.835910336125743,68.27469084146726,39.13635380411853,28.389655708665888,3.784024987565551,4.383837464979049,3,0,0,7
38,8,23.485870258723526,19.053809866493268,18.82305188058562,66.0108071162055,42.57779136836207,28.178410157961466,3.8210500376646,3.784024987565551,4,0,0,8
38,9,23.485870258723526,17.705346211814135,17.5728871503176,78.38101899367686,39.40386109136349,29.319538227921853,3.4429446129317776,3.8210500376646,4,1,1,9
39,0,92.67750949461625,21.0,21.0,40.0,26.884939390196006,24.75378607633906,3.549699653460328,0.0,0,0,0,0
39,1,92.67750949461625,19.13769878780392,19.095075721526783,49.29497058397631,26.884939390196006,24.75378607633906,3.549699653460328,3.549699653460328,0,0,0,1
39,2,92.67750949461625,17.469098851675632,17.331796831067077,57.18624997270672,25.67244403654346,18.167997011958807,2.6241006566328373,3.549699653460328,0,1,1,2
39,3,81.85515189017035,19.101842512012656,18.990736512604776,65.80089793367236,27.73699280911009,20.12216252958788,1.8037262674076469,2.6241006566328373,0,1,1,3
39,4,72.5265194148158,20.77824155550997,20.662384922121426,74.54795436332901,28.02708980154136,20.56766814099561,1.5547720792257582,1.8037262674076469,0,1,1,4
39,5,54.0628942371268,21.676976219694883,21.67159559303305,68.24733443944139,25.1683850728276,23.161504238907817,2.307953147211124,1.5547720792257582,1,1,1,5
39,6,32.550553542679566,22.6489606115856,22.540282359463863,62.02708949579029,27.145519492865287,21.63089748685088,2.689042586805904,2.307953147211124,2,0,0,6
39,7,26.237573085810748,20.47347723187617,20.404003079346865,57.12285246167224,30.595726720484485,25.491845312193,3.15649022843441,2.689042586805904,3,0,0,7
39,8,20.550414091231808,18.38739886356525,18.2910059710758,52.052213682910335,30.51243740408976,24.650680491677463,2.84357949728947,3.15649022843441,4,0,0,8
39,9,20.550414091231808,16.99964066871194,16.955485348285464,62.22196044491922,30.076126265468627,26.42246685680295,3.1455647244653067,2.84357949728947,4,1,1,9
40,0,246.06436165849385,21.0,21.0,40.0,26.13526509433376,24.3194108763197,7.44725631006753,0.0,0,0,0,0
40,1,246.06436165849385,19.122705301886675,19.086388217526395,49.08184167471762,26.13526509433376,24.3194108763197,7.44725631006753,7.44725631006753,0,0,0,1
40,2,246.06436165849385,17.461729293338024,17.51923974083672,58.78559724466917,25.789493528433376,28.120259637964104,8.158871391106395,7.44725631006753,0,1,1,2
40,3,196.30776628536665,19.195962466159745,19.201777208095297,68.68809690577379,26.93024659843937,28.08364040769745,8.292765895521203,8.158871391106395,0,1,1,3
40,4,147.17337884965582,21.02620340215819,20.97081574043692,79.97088605803917,32.6821619570299,30.0,8.189064572618467,8.292765895521203,0,1,1,4
40,5,90.41967560944286,22.00188460547045,22.04967186173848,75.49034743827441,28.441452112418013,30.0,7.094212905026619,8.189064572618467,1,0,0,5
40,6,79.09985206685016,20.052606084926563,20.006942044998247,71.40867322320533,31.111879312116848,29.545486159721573,5.659911771296353,7.094212905026619,2,0,0,6
40,7,68.47618959321116,18.27227081290488,18.176351362767896,68.1952411822446,35.48093310577375,30.0,5.311831236819503,5.659911771296353,3,0,0,7
40,8,57.369876511294,16.5096891363562,16.381119560375936,64.90998806025962,36.474598825575775,28.607328274507715,5.553156540958584,5.311831236819503,4,1,1,8
40,9,28.438229612362303,18.31290079257355,18.256877227788525,75.29113156961272,31.2013706876807,26.47164880872539,4.821941149821948,5.553156540958584,4,1,1,9
41,0,161.2160653914365,21.0,21.0,40.0,26.44633370645822,20.839991102824285,3.102958583894277,0.0,0,0,0,0
41,1,161.2160653914365,19.128926674129165,19.016799822056488,48.51153846567085,26.44633370645822,20.839991102824285,3.102958583894277,3.102958583894277,0,0,0,1
41,2,161.2160653914365,17.316714574724557,17.39303888450037,56.28762674921613,20.533088878220013,22.66740158592044,2.561894358551016,3.102958583894277,0,1,1,2
41,3,143.2404639406337,19.167078755728387,18.99093217225908,66.22941385100614,31.44730754616413,23.784843019335973,2.9959335751337983,2.561894358551016,0,1,1,3
41,4,122.95496822231289,20.775565978625696,20.781402267788987,75.49354778241509,26.90889751196228,24.558513218087423,3.380915953053469,2.9959335751337983,0,1,1,4
41,5,87.51122667018326,21.742653032233186,21.6776541470414,68.89617783030266,24.92183898297999,21.75943906083988,4.430467694016202,3.380915953053469,1,1,1,5
41,6,46.7523571055976,22.69706381648359,22.588547696610277,62.96219329602333,28.383770929439788,21.982981657897223,5.094858695573207,4.430467694016202,2,0,0,6
41,7,37.01608474128558,20.4268394534154,20.389415846845427,56.72634597268575,26.094329609583674,22.595407482985337,4.86813618215601,5.094858695573207,3,0,0,7
41,8,26.5336154585784,18.263656356078563,18.222947659066524,50.42542240725408,25.46249568170993,22.865706732558507,5.241234641353593,4.86813618215601,4,0,0,8
41,9,26.5336154585784,16.877399338868006,16.881353988421154,60.381401599806026,27.86194674585024,27.44904876832725,5.14979609092859,5.241234641353593,4,1,1,9
42,0,205.46659985442855,21.0,21.0,40.0,29.987010434134508,19.76712411690996,5.834657414711694,0.0,0,0,0,0
42,1,205.46659985442855,19.19974020868269,18.9953424823382,48.955744219188006,29.987010434134508,19.76712411690996,5.834657414711694,5.834657414711694,0,0,0,1
42,2,205.46659985442855,17.580409106410617,17.410634775789898,58.86366113134814,33.29933263576874,21.74465020956532,5.9607067277296135,5.834657414711694,0,1,1,2
42,3,169.94781664918978,19.22830713190689,19.149490835991795,68.50507916623688,30.025431641112768,23.53800188604692,5.919797200873134,5.9607067277296135,0,1,1,3
42,4,138.30129444607456,20.96438089810932,20.81108328282281,77.95540148502197,30.67445793148462,21.82733272843251,5.274420367185867,5.919797200873134,0,1,1,4
42,5,102.53205883701136,22.003367720754547,21.861385152036757,73.58822570496861,34.23491916577876,24.83632650059146,4.471154451132899,5.274420367185867,1,0,1,5
42,6,79.15863957232287,19.97414801248634,22.78096908950666,68.27978135329604,32.8153302518961,21.026645572145227,4.674683852937698,4.471154451132899,2,0,0,6
42,7,68.81646461359807,19.948384236375084,18.78079022702774,63.757211228153466,37.24266403063518,20.96527971857273,5.1710874793624,4.674683852937698,3,0,0,7
42,8,58.73168284836705,17.275099803744546,17.48635490232811,58.83529865961974,31.47026491514456,24.51910970411249,5.04239088261551,5.1710874793624,4,1,1,8
42,9,29.69516869149302,19.278231285379587,19.024351215491045,69.65944981789158,34.829675058591924,25.30449804291834,4.839419026145672,5.04239088261551,4,1,1,9
43,0,57.85064450055836,21.0,21.0,40.0,29.811094768392017,22.949714610376667,2.890251659731517,0.0,0,0,0,0
43,1,57.85064450055836,19.19622189536784,19.058994292207533,49.49694568817837,29.811094768392017,22.949714610376667,2.890251659731517,2.890251659731517,0,0,0,1
43,2,57.85064450055836,17.702858525300062,17.514877147489848,60.95800739355175,37.56502398388372,26.107541045968468,0.8512263544070675,2.890251659731517,0,1,1,2
43,3,53.60359825700867,19.453541296864916,19.339728945380728,72.50247239378896,36.323127454673454,27.81278921331106,0.7078410405916155,0.8512263544070675,0,1,1,3
43,4,49.63242922192748,20.52148647435538,20.462844840313966,69.06727349399867,34.444080987749395,29.80481401341568,0.4963961293851486,0.7078410405916155,1,1,1,4
43,5,42.41450478208717,21.70481498852415,21.568423941375883,65.78464844465249,36.39785218583333,28.698675317799022,0.9022405549800392,0.4963961293851486,2,1,1,5
43,6,31.28692708752487,22.7749257582702,22.59785775069815,61.826464693177314,36.121344844371016,25.22207875854469,1.3909472118202864,0.9022405549800392,3,0,0,6
43,7,28.44386050095828,20.59274616208044,20.57621398186262,58.05886779639651,32.942434293400204,29.45980516892865,1.4215332932832951,1.3909472118202864,4,0,0,7
43,8,28.44386050095828,19.245113493332283,19.078765932008427,67.83651368889943,31.44280786390493,22.87744709444464,1.578607628335505,1.4215332932832951,4,0,0,8
43,9,28.44386050095828,17.795561039732775,17.655344583454912,78.13993272195358,33.37362654202585,23.86759030827504,2.483839210756724,1.578607628335505,4,1,1,9
44,0,101.21799596924684,21.0,21.0,40.0,25.90418423101937,18.722284496043383,4.654610242215172,0.0,0,0,0,0
44,1,101.21799596924684,19.118083684620387,18.97444568992087,48.0327643708713,25.90418423101937,18.722284496043383,4.654610242215172,4.654610242215172,0,0,0,1
44,2,101.21799596924684,17.39622337140043,17.314469118068015,56.24820061192786,25.941797518713987,19.69951493160024,1.7241495182611497,4.654610242215172,0,1,1,2
44,3,95.18162604392496,19.058039009913557,18.939226701946875,64.73567462360201,27.15978129825489,19.99285209993484,1.006061654220312,1.7241495182611497,0,1,1,3
44,4,85.595022579592,20.72859107503106,20.58288432138636,73.09240915566457,27.74691262881912,18.67939032708398,1.5977672440554924,1.006061654220312,0,1,1,4
44,5,68.66694508302022,21.619816727790763,21.524990026878868,66.00402746708542,25.440185706857164,18.513249356592056,2.116009687071472,1.5977672440554924,1,1,1,5
44,6,48.102510719433134,22.54505213485887,22.42511429773166,59.46259064757618,27.205655019715987,19.78636264967712,2.5705542954483858,2.116009687071472,2,0,0,6
44,7,42.35983246260977,20.39016914750487,20.27196979270765,54.394801235880834,31.443991504786457,23.7349562080172,2.871339128411679,2.5705542954483858,3,0,0,7
44,8,35.7646694473003,18.304052639981325,18.24481113128932,49.90255799197047,31.555746089639232,26.82068033308093,3.297581507654737,2.871339128411679,4,0,0,8
44,9,35.7646694473003,16.95952376973155,16.960334526857245,60.80417788360208,30.70631986380228,29.85823508970669,4.743905309020032,3.297581507654737,4,1,1,9
45,0,46.07974386904655,21.0,21.0,40.0,30.254637820087137,24.15019091140085,3.5976983036800734,0.0,0,0,0,0
45,1,46.07974386904655,19.205092756401744,19.08300381822802,49.79286917166784,30.254637820087137,24.15019091140085,3.5976983036800734,3.5976983036800734,0,0,0,1
45,2,46.07974386904655,17.55073018111815,17.469842290960205,59.21313093549671,29.105258078665106,23.22952949816192,2.0809784299933503,3.5976983036800734,0,1,1,2
45,3,42.526005805385616,19.29314522175383,19.17727131309632,69.4489344949381,31.93629455773724,24.92928077249275,0.5922896772768235,2.0809784299933503,0,1,1,3
45,4,39.3692534932201,21.131151459308736,20.94987349629627,80.89909339347224,37.20700033061553,26.404993550129674,0.5261253853609194,0.5922896772768235,0,1,1,4
45,5,32.34408290105583,22.189134649164306,22.10635802278661,77.93353353100517,36.858000764071846,30.0,0.8781463240205345,0.5261253853609194,1,0,0,5
45,6,30.79256460390145,20.27299462710536,20.145388196334565,75.10548829916208,37.621970934205024,30.0,0.7757591485771851,0.8781463240205345,2,0,0,6
45,7,29.158356703503756,18.40753282505528,18.350118333476072,71.7667560864561,34.784821040522374,30.0,0.8171039501988502,0.7757591485771851,3,0,0,7
45,8,26.746365905630604,16.652904484148017,16.534292180378255,68.6458599134639,36.39342691166532,29.601594349489066,1.205995398936574,0.8171039501988502,4,1,1,8
45,9,17.304357958655356,18.53013978759646,18.36639316290991,79.56705525498317,35.31991162187953,25.353395831005383,1.573667991162541,1.205995398936574,4,1,1,9
46,0,125.9044559141139,21.0,21.0,40.0,29.4495500706672,18.6187221624415,4.5438854064702365,0.0,0,0,0,0
46,1,125.9044559141139,19.188991001413346,18.97237444324883,48.652289001959566,29.4495500706672,18.6187221624415,4.5438854064702365,4.5438854064702365,0,0,0,1
46,2,125.9044559141139,17.633868661879266,17.373555945127933,58.98074213288544,36.822589690922285,20.557705480888096,3.318594556676413,4.5438854064702365,0,1,1,2
46,3,109.33849100110244,19.28601835968456,19.2832533087576,70.21273960173126,33.221464617825134,29.178521320207217,2.760994152168577,3.318594556676413,0,1,1,3
46,4,90.6661606075594,20.397835147046003,20.34714616789476,66.43777915219192,32.46862777867955,29.89270305721302,2.3340412991928807,2.760994152168577,1,1,1,4
46,5,71.72666003997199,21.54784975289081,21.402128355465884,62.18454170675725,33.87532048638328,25.828915927868483,2.3674375709484248,2.3340412991928807,2,1,1,5
46,6,45.61885788802685,22.545948593883335,22.381086272589663,56.83303282732503,32.01583273682822,21.586895710770563,3.263475268993142,2.3674375709484248,3,0,0,6
46,7,38.66514063168434,20.38111397423437,20.27917921547979,52.097997346696445,32.298626710154295,24.728953953020262,3.4768586281712563,3.263475268993142,4,0,0,7
46,8,38.66514063168434,19.001161928179663,18.84900248745356,61.73241048108606,31.33075541544981,22.19376199782585,4.762002933142295,3.4768586281712563,4,0,0,8
46,9,38.66514063168434,17.530883970482027,17.430464449371154,71.4669062627603,30.69194989342392,23.388582226988508,4.7117340763246425,4.762002933142295,4,1,1,9
47,0,78.93858583797274,21.0,21.0,40.0,29.243793583307443,15.3766626812058,4.877650132873091,0.0,0,0,0,0
47,1,78.93858583797274,19.18487587166615,18.90753325362412,48.03168212761239,29.243793583307443,15.3766626812058,4.877650132873091,4.877650132873091,0,0,0,1
47,2,78.93858583797274,17.513988604646734,17.249365724225846,56.722048942239184,32.835549464245176,15.444266172570392,3.821886412746363,4.877650132873091,0,1,1,2
47,3,65.86194995509992,19.161875743364256,19.01375404301901,66.38823872544538,32.53824128736074,21.16281306378475,2.179439313812137,3.821886412746363,0,1,1,3
47,4,54.71536389331767,20.943245101098647,20.77541101423871,76.96485072415244,34.68624269827398,24.0727128500986,1.857764343630376,2.179439313812137,0,1,1,4
47,5,44.40287229794841,21.934072079233463,21.848148060424048,72.31502567721274,32.15734210240793,25.3436298590382,1.2890614494211567,1.857764343630376,1,1,1,5
47,6,33.5518036925637,22.951077261559043,22.857188822768155,68.15343730493164,33.09834007672874,27.11505785504288,1.356383575673089,1.2890614494211567,2,0,0,6
47,7,29.21034388708824,20.74048535604459,20.664150337446145,62.97951149367324,29.907189280175064,24.682111768389365,2.170729902737732,1.356383575673089,3,0,0,7
47,8,23.966384903031148,18.65694048471527,18.55948820985838,58.48112885793641,32.179978856086194,26.16233983426476,2.621979492028545,2.170729902737732,4,0,0,8
47,9,23.966384903031148,17.305749510994442,17.199997988206235,69.24847569432066,33.283976898865824,26.534616636602195,3.019997386790584,2.621979492028545,4,1,1,9
48,0,148.2631844806095,21.0,21.0,40.0,32.077185826254336,16.38042125620044,5.698919282270699,0.0,0,0,0,0
48,1,148.2631844806095,19.241543716525086,18.92760842512401,48.72236927484186,32.077185826254336,16.38042125620044,5.698919282270699,5.698919282270699,0,0,0,1
48,2,148.2631844806095,17.64368851599453,17.508310881508912,60.288923274639885,37.868272213754224,26.39036111845704,5.13764505915,5.698919282270699,0,1,1,2
48,3,119.36862518929703,19.384926671429067,19.32937532337532,71.65513787772619,33.97693430189244,29.16870238192036,4.815759881885412,5.13764505915,0,1,1,3
48,4,83.64056135647621,20.488720815195222,20.37400418233448,67.7651249279533,34.14562607144157,27.576524207597902,4.466007979102603,4.815759881885412,1,1,1,4
48,5,56.17794607796314,21.612475185604524,21.54813884212996,64.45388692794833,34.93756666663909,30.0,3.432826909814134,4.466007979102603,2,1,1,5
48,6,33.50641064673116,22.71956583574471,22.61310955090791,61.04699178317257,35.346998739268926,29.05913934531021,2.833941928903997,3.432826909814134,3,0,0,6
48,7,27.51305965025428,20.64313892973709,20.55837746503169,57.89727693458062,35.834917507822496,30.0,2.996675498238441,2.833941928903997,4,0,0,7
48,8,27.51305965025428,19.282973200064387,19.17124970367313,68.58430850096644,33.11499719058823,26.257400400444176,3.4115616200073817,2.996675498238441,4,0,0,8
48,9,27.51305965025428,17.772151135948185,17.700787748838632,78.03024471339863,28.860722601873697,23.61670080052735,3.813120106325147,3.4115616200073817,4,1,1,9
49,0,96.63676866732725,21.0,21.0,40.0,34.66788230859014,19.37149424433721,3.408745208019633,0.0,0,0,0,0
49,1,96.63676866732725,19.293357646171803,18.987429884886744,49.727087779526926,34.66788230859014,19.37149424433721,3.408745208019633,3.408745208019633,0,0,0,1
49,2,96.63676866732725,17.67635369628029,17.488453127442245,60.504661961080224,36.92967849045933,22.945733629281232,1.647990222651701,3.408745208019633,0,1,1,2
49,3,92.31921931510207,19.4927524097114,19.211106637425896,71.6731498827881,39.473976133722616,22.573178986876645,0.7195915587041898,1.647990222651701,0,1,1,3
49,4,84.81798759582406,20.54437404993057,20.375813247857224,68.38488551144147,38.858962312456505,26.206235624506657,0.9376539649097528,0.7195915587041898,1,1,1,4
49,5,67.28702462598534,21.69651158885856,21.49707108213229,64.9049206686532,38.25031634262834,25.74987897521464,2.1913703712298416,0.9376539649097528,2,1,1,5
49,6,43.04885207560788,22.714677444108503,22.625990008749756,61.302908109351634,35.37406590857813,27.9480865397465,3.029771568797183,2.1913703712298416,3,0,0,6
49,7,37.92000216446617,20.618920365830785,20.55930856740252,57.87887037067473,34.310901451794976,30.0,2.564424955570855,3.029771568797183,4,0,0,7
49,8,37.92000216446617,19.271649436189485,19.22333921676867,69.12142211848368,32.88415438431264,29.574466436848137,2.7039689645424,2.564424955570855,4,0,0,8
49,9,37.92000216446617,17.884327073283,17.7847060111958,80.00200355945657,33.0766905338719,27.37098413819972,3.462652050004342,2.7039689645424,4,1,1,9
50,0,204.82899560959035,21.0,21.0,40.0,29.218066717050583,15.959486398172444,7.9803937171331825,0.0,0,0,0,0
50,1,204.82899560959035,19.184361334341013,18.91918972796345,48.13195956074014,29.218066717050583,15.959486398172444,7.9803937171331825,7.9803937171331825,0,0,0,1
50,2,204.82899560959035,17.383306577859564,17.330763539507924,56.28851878200612,25.95947195458388,19.354745941338184,8.00085261415287,7.9803937171331825,0,1,1,2
50,3,159.55986851629115,19.07593716230576,18.91625260417262,64.70295049925963,27.759608177781093,18.98723469584954,7.5448545155498685,8.00085261415287,0,1,1,3
50,4,126.00635476913664,20.714756275060843,20.705612281085127,74.08083862647376,27.475923277652807,24.62345520687017,5.592252291192419,7.5448545155498685,0,1,1,4
50,5,87.1711018598252,21.84854104180788,21.551649996253257,68.40888089461693,33.40208461630324,18.420372428936545,4.854406613663929,5.592252291192419,1,1,1,5
50,6,52.23231138371279,22.721358681895914,22.598587961178325,62.9468532739899,31.79031858007983,21.198416860881103,4.367348809514051,4.854406613663929,2,0,0,6
50,7,42.87581527095445,20.57070712295096,20.406770547413284,57.88389272874197,32.62208216813495,22.58369258048766,4.678248056379172,4.367348809514051,3,0,0,7
50,8,33.41564328556375,18.52241692798785,18.330403480783527,53.57301550810931,35.721868217105595,23.662147223824093,4.730085992695345,4.678248056379172,4,0,0,8
50,9,33.41564328556375,17.07764238626325,17.097093344264977,64.30648354143992,30.769015885463187,28.861362077484664,5.528298786979815,4.730085992695345,4,1,1,9
51,0,111.56734951436822,21.0,21.0,40.0,30.64393802657934,20.32068332507236,2.1840935358026163,0.0,0,0,0,0
51,1,111.56734951436822,19.212878760531588,19.006413666501448,49.17363184329731,30.64393802657934,20.32068332507236,2.1840935358026163,2.1840935358026163,0,0,0,1
51,2,111.56734951436822,17.488444493709334,17.444704888546873,58.36439939426033,28.17188819807372,22.88793152949864,0.3721148471313862,2.1840935358026163,0,1,1,2
51,3,108.47360946170316,19.184326527648764,19.063220215987485,67.30250186033605,28.18376723601623,21.472357575515527,0.5156233421108458,0.3721148471313862,0,1,1,3
51,4,100.9493101872328,20.912120139607413,20.81055782653129,77.33278316250609,31.30924767039048,24.41453734166527,1.2540498790783896,0.5156233421108458,0,1,1,4
51,5,79.50019514753154,21.90562304157581,21.83702941662016,72.29427199092166,30.14736027311659,25.19424432919215,2.681139379962658,1.2540498790783896,1,1,1,5
51,6,50.25162089971359,22.79627987364828,22.795221664462343,66.5023009225298,26.11876556017168,25.03695072654021,3.656071780977245,2.681139379962658,2,0,0,6
51,7,40.953222214733415,20.60409478859957,20.60412808620241,61.316452567426936,27.268636475760243,27.254428218112764,4.649199342490084,3.656071780977245,3,0,0,7
51,8,31.47633823314956,18.423494708009944,18.490254838668243,55.68490143200977,24.35421606980689,27.6927220667644,4.738441990791925,4.649199342490084,4,0,0,8
51,9,31.47633823314956,17.004727528019725,17.020230002441536,64.57683964769254,23.81156553641412,25.58809121737903,4.8353946008621,4.738441990791925,4,1,1,9
52,0,227.9799243147297,21.0,21.0,40.0,26.97908180760525,21.78795921492037,7.628802819259527,0.0,0,0,0,0
52,1,227.9799243147297,19.139581636152105,19.03575918429841,48.77806738405461,26.97908180760525,21.78795921492037,7.628802819259527,7.628802819259527,0,0,0,1
52,2,227.9799243147297,17.502261972379873,17.495674509116384,58.90792684149646,29.081853463384,27.19514352240409,8.686858000619516,7.628802819259527,0,1,1,2
52,3,175.86174372680318,19.205556125417345,19.238986646501303,69.09421805826933,27.508896327301755,29.081610432547564,8.68636343132109,8.686858000619516,0,1,1,3
52,4,128.85563506641896,21.05538194651836,20.910019383357564,79.71334180498685,32.88090113399442,26.11423079221399,7.834351443397368,8.68636343132109,0,1,1,4
52,5,75.26147210659144,22.152398666820734,21.915012054622363,75.63159575635507,37.35336772691018,23.303598669579863,6.69927036997844,7.834351443397368,1,0,1,5
52,6,51.73686251077277,20.163305782066164,23.001533155167277,72.3691193477669,38.4289474623262,26.779516934406207,4.704921919163732,6.69927036997844,2,0,0,6
52,7,44.31212152068484,20.137150642987123,19.01776519337996,68.35947471385508,37.22669584772122,23.8308339638798,3.712370495043966,4.704921919163732,3,0,0,7
52,8,38.28964587466289,17.63836204000521,17.724296724893218,65.39989355374281,39.69263163843063,27.198584138723422,3.011237823010976,3.712370495043966,4,1,1,8
52,9,23.400488778701863,19.607566930993677,19.38921169180909,77.60205693291513,38.70926911843311,29.08052743252425,2.481526182660171,3.011237823010976,4,1,1,9
53,0,165.66536937650653,21.0,21.0,40.0,32.15040635947739,16.98588571567614,6.51305022031198,0.0,0,0,0,0
53,1,165.66536937650653,19.243008127189547,18.939717714313524,48.84453257352764,32.15040635947739,16.98588571567614,6.51305022031198,6.51305022031198,0,0,0,1
53,2,165.66536937650653,17.40622236693653,17.38115716238843,57.019560790902105,25.609719925201645,19.8071035046565,6.485602323948595,6.51305022031198,0,1,1,2
53,3,126.87638429866558,19.092320971399182,19.063782691888782,66.31541134258637,26.723253109882407,24.9203610661413,6.464830846306827,6.485602323948595,0,1,1,3
53,4,92.0959030929157,20.84421033880891,20.69751499090132,75.45780786772124,29.276966697170145,21.514125109134675,5.796746867624979,6.464830846306827,0,1,1,4
53,5,53.5812604088886,21.813555753485204,21.72900896492139,70.08422339310297,29.95392794946264,23.526158302658114,4.814330335503388,5.796746867624979,1,1,1,5
53,6,23.95530444718235,22.79558246008529,22.7116201831679,65.15427296328825,30.705517754344644,25.239202080017986,3.703244495213281,4.814330335503388,2,0,0,6
53,7,17.413488360120574,20.5546301937351,20.61391248019418,60.29412384867626,27.31391237481465,29.01859254400765,3.270908043530888,3.703244495213281,3,0,0,7
53,8,12.40161637729058,18.38909336478569,18.45821586678604,54.38601950436998,23.082586011808587,27.427945408712063,2.5059359914149963,3.270908043530888,4,0,0,8
53,9,12.40161637729058,17.00236259835919,17.04132923378969,63.98473298760358,25.170508358217145,28.15567765974726,2.2656475064263253,2.5059359914149963,4,1,1,9
54,0,134.4160996840188,21.0,21.0,40.0,33.19546111629865,19.02161508290255,4.375828190331141,0.0,0,0,0,0
54,1,134.4160996840188,19.26390922232597,18.98043230165805,49.39907371585622,33.19546111629865,19.02161508290255,4.375828190331141,4.375828190331141,0,0,0,1
54,2,134.4160996840188,17.567400457008247,17.472558318727646,59.34822812283336,32.133670381405466,23.139409657356428,3.096660304303766,4.375828190331141,0,1,1,2
54,3,123.80747245392618,19.251834081080546,19.159378201939678,68.8941643561793,29.539202552698423,23.493776521445675,1.7681045383487723,3.096660304303766,0,1,1,3
54,4,111.37426852898064,20.9375554322724,20.891571242174106,78.55679316410934,28.6836594235974,24.997611731569428,2.072200654157589,1.7681045383487723,0,1,1,4
54,5,88.68606397104261,21.94401481206001,21.884940369683772,73.43277196716197,29.25501693806712,25.61153196778081,2.8360255697422554,2.072200654157589,1,1,1,5
54,6,64.59541523470344,22.899638663427336,22.89811334142623,68.79800303871937,29.27349989995337,28.311117164254465,3.011331092042398,2.8360255697422554,2,0,0,6
54,7,57.38136647191374,20.717066757115976,20.725938599419383,64.05456823859902,28.280102745977533,28.7008150311316,3.6070243813948495,3.011331092042398,3,0,0,7
54,8,48.4121704957329,18.727817487217717,18.536777090628146,59.67888428165056,34.22146010594014,24.802517911012835,4.484597988090421,3.6070243813948495,4,0,0,8
54,9,48.4121704957329,17.331322647486015,17.22507015099127,70.51189515701944,34.18081226281503,26.002581489234323,4.81569859788665,4.484597988090421,4,1,1,9
55,0,202.58942583508795,21.0,21.0,40.0,28.997468520857502,17.531056450986682,6.586273447994834,0.0,0,0,0,0
55,1,202.58942583508795,19.17994937041715,18.950621129019734,48.37513449493196,28.997468520857502,17.531056450986682,6.586273447994834,6.586273447994834,0,0,0,1
55,2,202.58942583508795,17.384016654802014,17.274373789042254,55.81171921371631,25.11821322887552,16.196146319926427,6.586015885204269,6.586273447994834,0,1,1,2
55,3,164.65235355585116,18.9838300797954,18.915796708926518,63.84408948669963,24.83529541209621,19.7889838822556,6.322845379872796,6.586015885204269,0,1,1,3
55,4,131.3628437707424,20.727519597381107,20.64998054514503,73.58592201116268,29.509372488704827,24.611919313867688,5.5482516308514604,6.322845379872796,0,1,1,4
55,5,93.46358503200328,21.76498446758366,21.5878746383299,67.83521104029828,30.70175814849115,20.68318090226213,4.73740734234239,5.5482516308514604,1,1,1,5
55,6,56.53324590426491,22.70407268501744,22.54734253581601,62.139789269899495,31.09262808722004,20.599473188342312,4.616292390967295,4.73740734234239,2,0,0,6
55,7,46.43161008180636,20.443630837121432,20.455311947301144,56.92511927132696,28.064920590705103,26.29802386166976,5.050817911229276,4.616292390967295,3,0,0,7
55,8,35.15712923578693,18.41755186442061,18.39520148327638,52.88977107715232,30.928517329550584,29.98621492503469,5.63724042300971,5.050817911229276,4,0,0,8
55,9,35.15712923578693,17.115772705006144,16.940529888872167,62.88188407533622,32.30456770133104,23.207171177468403,6.1499460162947726,5.63724042300971,4,1,1,9
56,0,273.1505581569156,21.0,21.0,40.0,26.61957445211669,15.038631154240514,7.097909666639003,0.0,0,0,0,0
56,1,273.1505581569156,19.13239148904233,18.90077262308481,47.498477009144295,26.61957445211669,15.038631154240514,7.097909666639003,7.097909666639003,0,0,0,1
56,2,273.1505581569156,17.390040285067663,17.259010788932905,55.639999136544205,27.628218140827848,17.6024603447272,7.459345216170991,7.097909666639003,0,1,1,2
56,3,229.0486972248915,19.06855271929122,18.90684730218106,64.42997740001478,29.44196293618293,19.39124963865361,7.350310155337353,7.459345216170991,0,1,1,3
56,4,183.62814751057584,20.83338950493461,20.675159501766608,74.73748651677562,33.800510476306364,23.46342906125385,7.5700916190526115,7.350310155337353,0,1,1,4
56,5,120.29987198144444,21.78137725245865,21.73279688634261,69.37711504208232,29.17798008029097,24.37551172696851,7.916034441141425,7.5700916190526115,1,1,1,5
56,6,62.56128908022204,22.846245260955214,22.73821912293309,65.37248397278688,33.60769767060292,27.47768527775572,7.217322862652798,7.916034441141425,2,0,0,6
56,7,48.856299194293655,20.63230939069725,20.627086757277254,60.70419602543747,29.63996201691753,27.758438275585707,6.852494942964192,7.217322862652798,3,0,0,7
56,8,36.1067825847239,18.656799860605677,18.498560471593944,56.8326384470157,34.90749453588269,26.91718558399636,6.374758304784875,6.852494942964192,4,0,0,8
56,9,36.1067825847239,17.247472568270283,17.1671615383794,67.27461848567069,32.20007127223505,25.810928942514856,6.010626798466414,6.374758304784875,4,1,1,9
57,0,277.82381092600326,21.0,21.0,40.0,31.569373378022984,21.37348539219084,7.750110584172605,0.0,0,0,0,0
57,1,277.82381092600326,19.23138746756046,19.027469707843817,49.52971457863849,31.569373378022984,21.37348539219084,7.750110584172605,7.750110584172605,0,0,0,1
57,2,277.82381092600326,17.621831029935592,17.377619668564737,58.99671951399151,33.931903163682385,18.662568699389933,9.04507127154356,7.750110584172605,0,1,1,2
57,3,221.83404123907803,19.382682529122025,19.19477518190552,70.36698002501147,38.11332586574945,25.05478808436148,9.3316282811542,9.04507127154356,0,1,1,3
57,4,150.7895468484529,20.56262372614159,20.357220947638154,68.09948286008137,41.91243799745935,28.823688864040044,8.880561798828143,9.3316282811542,1,1,1,4
57,5,87.89485129951197,21.614178531431964,21.515351879471737,64.04582293097403,34.41768733470548,26.39531305914268,7.861836943617614,8.880561798828143,2,1,1,5
57,6,36.09871448272352,22.70384396238176,22.60713014942541,60.69539360891858,35.51896376345633,29.200873336235624,6.474517102098555,7.861836943617614,3,0,0,6
57,7,25.62140105554121,20.71543985539971,20.52352796363402,58.05852190495935,39.86517393587248,28.81887215324292,5.238656713591158,6.474517102098555,4,0,0,7
57,8,25.62140105554121,19.451907805044687,19.27902740064252,70.93260765234623,41.52269859659381,30.0,3.9557327294411153,5.238656713591158,4,0,0,8
57,9,18.70780980309664,17.458279482056817,17.18559838347335,68.27562504567614,42.39978992351935,26.17252892831344,3.4567956262222816,3.9557327294411153,5,1,1,9
58,0,129.24997538969893,21.0,21.0,40.0,25.37415128584443,15.58139350111973,5.08344749683471,0.0,0,0,0,0
58,1,129.24997538969893,19.10748302571689,18.9116278700224,47.37199806165355,25.37415128584443,15.58139350111973,5.08344749683471,5.08344749683471,0,0,0,1
58,2,129.24997538969893,17.39963755001902,17.19792193299503,55.1639269229165,28.15605093014989,15.1324427435332,4.609003204200628,5.08344749683471,0,1,1,2
58,3,108.44323394936,18.93328234740025,18.842983633543135,62.57878070861791,24.36715104550054,16.826481097285097,3.46779024005649,4.609003204200628,0,1,1,3
58,4,92.66024674697654,20.68832265512827,20.49987251918157,71.6160910621403,30.4921336234914,19.715146118299657,2.6304978670639123,3.46779024005649,0,1,1,4
58,5,69.67733532346713,21.694251692615357,21.51434446102412,66.10038376336107,32.25631431277226,20.434200694009803,2.8728639279386754,2.6304978670639123,1,1,1,5
58,6,42.89123988965503,22.679227875172835,22.535279707473173,61.24132316269544,33.11728453868787,23.22126767983641,3.348261929226514,2.8728639279386754,2,0,0,6
58,7,36.10406313491303,20.554436315294552,20.380954042767844,56.65363319619957,34.339751497315454,23.50641535548529,3.393588377371001,3.348261929226514,3,0,0,7
58,8,28.997170267233347,18.45525803817568,18.339630849845182,52.1622795184572,33.382480980706234,24.99888747628065,3.55344643383984,3.393588377371001,4,0,0,8
58,9,28.997170267233347,17.145143126296606,16.96865937700615,62.81659382483774,34.874615162463826,24.31601987298364,3.9171450458364174,3.55344643383984,4,1,1,9
59,0,261.1782277174318,21.0,21.0,40.0,26.483845303341628,21.9133357931149,7.650094558098215,0.0,0,0,0,0
59,1,261.1782277174318,19.129676906066837,19.0382667158623,48.711492597362174,26.483845303341628,21.9133357931149,7.650094558098215,7.650094558098215,0,0,0,1
59,2,261.1782277174318,17.519285641855035,17.401269519965517,58.20483748574591,30.00638194150466,22.73442299396057,8.519821414727545,7.650094558098215,0,1,1,2
59,3,206.545374472018,19.176439234895607,19.13423492303258,67.81309986597785,28.629846433613373,24.74938901211956,9.1054755409023,8.519821414727545,0,1,1,3
59,4,154.3151138047614,20.90660738682378,20.78857693173365,77.0846062841517,29.021478211153376,22.48689077870142,8.705043444542765,9.1054755409023,0,1,1,4
59,5,88.91528069743796,21.88516988230319,21.7504214178912,71.30524323596127,29.86682044516908,21.3589403982174,8.17497913841543,8.705043444542765,1,1,1,5
59,6,30.089095840785227,22.805259397570307,22.747256025956816,66.0295925161308,29.47277910723153,24.55138356037698,7.353273107081593,8.17497913841543,2,0,0,6
59,7,18.96221505049506,20.61582658043099,20.60840378007792,61.30359906051655,29.159502363666185,27.918311771810146,5.563440395145084,7.353273107081593,3,0,0,7
59,8,10.63153909442226,18.51437699971815,18.475180933448144,56.22466276926629,28.59408296148077,26.522937642684443,4.1653379780364,5.563440395145084,4,0,0,8
59,9,10.63153909442226,17.183098494225437,17.049358557971836,66.37004875001952,31.81909662767957,24.54415882094948,2.637130635304324,4.1653379780364,4,1,1,9
60,0,160.6837827609831,21.0,21.0,40.0,28.238716441256617,21.80676443699532,6.108384533467637,0.0,0,0,0,0
60,1,160.6837827609831,19.16477432882513,19.036135288739903,49.00818655808535,28.238716441256617,21.80676443699532,6.108384533467637,6.108384533467637,0,0,0,1
60,2,160.6837827609831,17.511382437637966,17.435085838938786,58.46772491462403,29.14870320294833,23.404287666710992,6.232227172576165,6.108384533467637,0,1,1,2
60,3,124.7182394014687,19.303667221068885,19.09130763897238,68.62479738434843,34.0953042363352,22.33287615102256,5.994257226585736,6.232227172576165,0,1,1,3
60,4,94.44273008088504,21.012607017228092,20.90864059649765,79.24803777192119,33.70085846057591,25.31714369260612,5.045918220097278,5.994257226585736,0,1,1,4
60,5,62.44235329227058,21.98983264463697,21.979383850067784,74.64018878346063,29.90805416287307,27.82611812345712,4.000047098576806,5.045918220097278,1,1,1,5
60,6,38.19881182204244,22.926039596624804,22.921859203283297,69.32062437552506,27.072974659652346,26.707223074038943,3.0304426837785177,4.000047098576806,2,0,0,6
60,7,32.79961625475288,20.731705290184927,20.710982615245012,64.16814347551414,27.903639545750966,26.80479989863286,2.69959778364478,3.0304426837785177,3,0,0,7
60,8,26.277920942186984,18.647297200819622,18.645023056996944,60.04456199225601,30.42454731523256,30.0,3.2608476562829454,2.69959778364478,4,0,0,8
60,9,26.277920942186984,17.273231153851523,17.28918013927838,70.70716131173559,29.236662885997664,30.0,3.1088326505662414,3.2608476562829454,4,1,1,9
61,0,110.03690507254862,21.0,21.0,40.0,34.80509278865018,22.839674169226885,5.950740135573955,0.0,0,0,0,0
61,1,110.03690507254862,19.296101855773006,19.05679348338454,50.37605805241788,34.80509278865018,22.839674169226885,5.950740135573955,5.950740135573955,0,0,0,1
61,2,110.03690507254862,17.75687915529114,17.61297726672678,62.41500537302776,38.833880342049866,28.04916032800504,5.4358662334361165,5.950740135573955,0,1,1,2
61,3,84.17905106463698,19.52121776476218,19.38384660137255,73.73343941951991,35.95363782256288,26.92655132461576,4.309642334651941,5.4358662334361165,0,1,1,3
61,4,57.85533137420648,20.595188938058,20.495919794560923,70.35370487777418,35.790527474666575,28.766502848968244,3.290464961303813,4.309642334651941,1,1,1,4
61,5,37.466567571016654,21.59114342839728,21.648594399515563,65.90467282515172,28.616488596541927,30.0,2.548595475398728,3.290464961303813,2,1,1,5
61,6,12.839548723317414,22.735588296871068,22.64926437689304,62.32647048293467,33.45443143212744,30.0,3.078377355962405,2.548595475398728,3,0,0,6
61,7,7.754989205717384,20.678140266962224,20.569987447600543,59.17362148688558,36.26000267262987,29.557502904875232,2.5422797588000146,3.078377355962405,4,0,0,7
61,8,7.754989205717384,19.398522577619485,19.26649268619704,71.38023260365115,38.01914653290039,29.79535967135276,1.946367979204196,2.5422797588000146,4,0,0,8
61,9,4.771269136397278,17.342416735804736,17.226356254118322,68.58125764566951,37.78347245565754,30.0,1.491860034660053,1.946367979204196,5,1,1,9
62,0,131.25448240454222,21.0,21.0,40.0,26.99117210300796,17.055563209259258,4.628507097592875,0.0,0,0,0,0
62,1,131.25448240454222,19.13982344206016,18.941111264185185,47.9284123562081,26.99117210300796,17.055563209259258,4.628507097592875,4.628507097592875,0,0,0,1
62,2,131.25448240454222,17.428249863744036,17.31224191925877,56.5059590522708,28.21705854636809,19.43597865398028,3.984692125971716,4.628507097592875,0,1,1,2
62,3,111.7619256653943,19.211245187257465,19.01503856520028,66.81322115169249,34.40650874457375,22.85605847443565,3.248759456524652,3.984692125971716,0,1,1,3
62,4,92.63798187347643,21.013261920231397,20.806862642048863,77.89275204768235,37.40800633107499,24.14494309109093,3.187323965319643,3.248759456524652,0,1,1,4
62,5,62.13817078105755,21.997048773042728,21.80529824062411,72.60217444658909,33.312375671575445,20.62885987790645,3.812476386552361,3.187323965319643,1,1,1,5
62,6,32.96706043657002,22.835814465132284,22.819308742033733,66.89927250038184,27.67604444225004,23.974500301043022,3.646388793060941,3.812476386552361,2,0,0,6
62,7,26.75689226756649,20.69490646185641,20.638220458002472,62.32222503144229,30.49358893919986,27.41170290002481,3.1050840845017684,3.646388793060941,3,0,0,7
62,8,21.032142494769214,18.64731930662956,18.53233037635033,58.07205235777965,33.160499747933585,26.560763176162883,2.862374886398635,3.1050840845017684,4,0,0,8
62,9,21.032142494769214,17.275921591882838,17.18825969073239,68.76321323880433,32.751633619812885,26.64370460810192,3.2634216898493698,2.862374886398635,4,1,1,9
63,0,159.09343412256334,21.0,21.0,40.0,28.010417639701927,24.12407232294737,4.690605438706013,0.0,0,0,0,0
63,1,159.09343412256334,19.16020835279404,19.08248144645895,49.38420819327688,28.010417639701927,24.12407232294737,4.690605438706013,4.690605438706013,0,0,0,1
63,2,159.09343412256334,17.653497643755088,17.460648316877762,60.01442623464805,34.9325684176997,24.12419847880682,4.369617276530197,4.690605438706013,0,1,1,2
63,3,135.7873727331474,19.289077785300663,19.2534210371246,70.14102512497406,30.46723001799835,25.79165270603508,3.8843435649026543,4.369617276530197,0,1,1,3
63,4,108.01756865130145,20.315062926267306,20.24790135825672,64.94477145442086,29.17909350449297,25.286163881322544,3.4712255102307457,3.8843435649026543,1,1,1,4
63,5,77.36615603766815,21.38645568792018,21.335980897439804,60.11799824839143,30.024544838673823,26.49338179449605,3.831426576704161,3.4712255102307457,2,1,1,5
63,6,48.34221043615732,22.39848504546045,22.36724994551735,55.15787682577576,29.04799003102562,26.72911317666512,3.6279932001888544,3.831426576704161,3,0,0,6
63,7,41.9041124712186,20.34368331681706,20.286065363078755,51.45446974829319,33.05413687780154,29.70471269173977,3.2190489824693582,3.6279932001888544,4,0,0,7
63,8,41.9041124712186,19.12748460925504,18.98473469732635,63.69478743074487,38.001764902509294,30.0,3.10594675328625,3.2190489824693582,4,0,0,8
63,9,41.9041124712186,17.82206426299951,17.679206076438447,76.16593587200191,39.28415800698361,30.0,4.324745483419124,3.10594675328625,4,1,1,9
64,0,225.75164010339785,21.0,21.0,40.0,34.4068780681242,19.315241752097823,7.994737768917611,0.0,0,0,0,0
64,1,225.75164010339785,19.28813756136249,18.98630483504196,49.669981567639965,34.4068780681242,19.315241752097823,7.994737768917611,7.994737768917611,0,0,0,1
64,2,225.75164010339785,17.526714373719173,17.461721694678626,58.9116145419689,29.559765129886983,21.78264028305155,9.1885897638927,7.994737768917611,0,1,1,2
64,3,172.3292817827152,19.271235144193263,19.196594856327,69.3844441622538,31.444645679141026,26.737741100219523,8.903726386780443,9.1885897638927,0,1,1,3
64,4,127.46500876929122,21.0464458875105,20.935722561872662,79.96584543286346,32.72066660719193,26.06489600730617,7.477378835570661,8.903726386780443,0,1,1,4
64,5,75.29718760402287,22.036567769976063,21.920020990308267,74.75088806579403,30.92476841434141,23.436579546384007,6.520977645658543,7.477378835570661,1,0,1,5
64,6,52.7334427177229,19.91970202056586,22.888140177594977,69.17309889093849,27.83595476940409,24.50966092584292,4.512748977259994,6.520977645658543,2,0,0,6
64,7,45.39202999627292,19.75529379829173,18.86860676607776,63.27599039553641,25.18969936262513,25.3819201073633,3.6707063607249935,4.512748977259994,3,0,0,7
64,8,38.6390974478804,17.19779096160236,17.506463407110854,58.69199337293775,27.866683207785176,30.0,3.376466274196257,3.6707063607249935,4,1,1,8
64,9,19.42746471790565,19.158376815511694,19.077908500782197,69.38279260263042,29.39332905384817,30.0,3.2019387883291253,3.376466274196257,4,1,1,9
65,0,212.2833664078012,21.0,21.0,40.0,34.33634858119019,18.15807638443375,7.0228212557817855,0.0,0,0,0,0
65,1,212.2833664078012,19.286726971623803,18.96316152768868,49.44899649381231,34.33634858119019,18.15807638443375,7.0228212557817855,7.0228212557817855,0,0,0,1
65,2,212.2833664078012,17.626622244032028,17.44562293745361,59.64379805237667,35.27061671220827,21.3671697242604,7.711789031980055,7.0228212557817855,0,1,1,2
65,3,168.88878048584107,19.26641605824929,19.25019461250518,69.876799888758,30.188036044000228,26.661974158118323,7.232430986993362,7.711789031980055,0,1,1,3
65,4,128.62013541825712,20.95853847022158,20.96272066296808,79.51489388472899,26.78958934655997,26.75537729772327,6.711440844597323,7.232430986993362,0,1,1,4
65,5,78.95322991897673,22.08257976619945,21.936149190486805,75.35256374644435,33.73403645198226,26.47524055754748,6.2083631874100496,6.711440844597323,1,0,1,5
65,6,56.37782833420113,20.07033573939213,22.951435035419056,71.19679617058634,34.19361476201069,26.052120927667072,4.515080316955119,6.2083631874100496,2,0,0,6
65,7,49.637362344687794,19.98410260398486,18.95922192473729,66.44168188349035,32.471788130164946,24.444243608190643,3.37023299475667,4.515080316955119,3,0,0,7
65,8,44.59194460822903,17.501970536963046,17.662830844892397,63.41527386791516,36.92507513063641,29.59488033839036,2.522708868229384,3.37023299475667,4,1,1,8
65,9,26.77291279656037,19.38699822847688,19.18243930110269,73.37401221072687,31.570682938250407,23.75564118848134,2.969838635278109,2.522708868229384,4,1,1,9
66,0,175.61506209157076,21.0,21.0,40.0,29.31504360639344,20.614515398284745,2.814576139775495,0.0,0,0,0,0
66,1,175.61506209157076,19.18630087212787,19.012290307965696,48.98732062084207,29.31504360639344,20.614515398284745,2.814576139775495,2.814576139775495,0,0,0,1
66,2,175.61506209157076,17.612913450973455,17.464392481822074,59.64317722686864,34.61770514340814,24.58149822340617,1.4225511163806484,2.814576139775495,0,1,1,2
66,3,165.1110451311558,19.351832271508503,19.12724247734843,69.49736368056205,34.10139227178551,20.64408802651121,1.7506694934024931,1.4225511163806484,0,1,1,3
66,4,149.8780468773239,20.99819022288311,20.927454341178045,79.4789675217465,31.179497835450704,24.27385683779628,2.5388330423053187,1.7506694934024931,0,1,1,4
66,5,119.83102595448548,22.025393268762123,21.95412655674015,74.92823321274687,31.33792494389403,26.7135511172192,3.7558776153548017,2.5388330423053187,1,0,1,5
66,6,98.26933409039128,20.06201970072341,23.00147392827932,71.46556528720303,34.096289302534245,30.0,4.312338372818843,3.7558776153548017,2,0,0,6
66,7,89.38328690391519,20.022827610184525,19.058468312894806,67.61423843037014,33.03161223437124,28.905460783223774,4.443023593238041,4.312338372818843,3,0,0,7
66,8,80.23099542687467,17.57866860418305,17.723942158291646,64.71054654607507,37.20171175391626,30.0,4.57614573852026,4.443023593238041,4,1,1,8
66,9,46.38757194400449,19.494170433909453,19.303375190210215,75.60600175673177,33.945482799601685,26.58482392626893,5.640570580478364,4.57614573852026,4,1,1,9
67,0,194.9328916997101,21.0,21.0,40.0,25.590782627592905,16.699253631893868,5.1715351288320885,0.0,0,0,0,0
67,1,194.9328916997101,19.111815652551854,18.93398507263788,47.61220652670762,25.590782627592905,16.699253631893868,5.1715351288320885,5.1715351288320885,0,0,0,1
67,2,194.9328916997101,17.36771997603214,17.231262852355457,55.20075787778387,25.824466749817184,16.334151867273114,4.362102633009901,5.1715351288320885,0,1,1,2
67,3,170.94297233918866,18.9796744282934,18.92013728200784,63.71599413018016,26.165291119148453,21.141576949719823,3.99831989342024,4.362102633009901,0,1,1,3
67,4,146.0371550847458,20.740971902109955,20.64464337336788,73.52936498641594,30.11410530523745,24.404621673850244,4.150969542407144,3.99831989342024,0,1,1,4
67,5,107.6819835620199,21.759896829025795,21.62775961677266,68.02609749760681,30.40570680297966,22.353918259191868,4.794396440340735,4.150969542407144,1,1,1,5
67,6,65.02240510939818,22.709372757325266,22.59601064847824,62.53453093887087,30.23739692769644,22.58723330154833,5.3324473065777145,4.794396440340735,2,0,0,6
67,7,54.30783309832928,20.59118903593595,20.371814777214027,57.459267900587534,33.90328606694702,21.234141498145576,5.357286005534448,5.3324473065777145,3,0,0,7
67,8,42.06985966142745,18.404821023940364,18.393485297989333,52.775002141815264,30.583517425933955,26.72611724755344,6.118986718450916,5.357286005534448,4,0,0,8
67,9,42.06985966142745,17.088943881801267,16.963373620638823,62.84827022577024,31.205574706902144,24.757025759514413,6.654304997452504,6.118986718450916,4,1,1,9
68,0,211.2313744846618,21.0,21.0,40.0,28.73783201908008,24.222883992666183,6.008913957213684,0.0,0,0,0,0
68,1,211.2313744846618,19.1747566403816,19.08445767985333,49.53292888211433,28.73783201908008,24.222883992666183,6.008913957213684,6.008913957213684,0,0,0,1
68,2,211.2313744846618,17.568697090318402,17.492327681336192,59.55120760272748,30.415029430220592,25.242074573185807,6.373371290740911,6.008913957213684,0,1,1,2
68,3,172.46626002164177,19.269857251998506,19.12585069072936,68.78697020650077,29.82783072068763,21.48196152249732,6.460852410503342,6.373371290740911,0,1,1,3
68,4,134.8891838972893,20.87517685256677,20.779770992970352,77.00757471061443,26.300208210855885,19.369816811997826,6.26284602072541,6.460852410503342,0,1,1,4
68,5,83.82107576469154,21.76996561439612,21.6302554267683,69.43579476261881,24.84224322656957,16.425645951232532,6.383513516574722,6.26284602072541,1,1,1,5
68,6,34.60552069393553,22.6398949454634,22.564233168261485,62.93115735271098,26.5376002541792,20.65885857966617,6.151944383844501,6.383513516574722,2,0,0,6
68,7,23.85394318374734,20.406846535338808,20.28260579316463,56.21409881844562,26.68165262152072,19.334688854782826,5.375788755094094,6.151944383844501,3,0,0,7
68,8,15.543405202057734,18.211708886482477,18.003855971793314,48.50092691242515,26.36931758347845,14.113060716407826,4.155268990844802,5.375788755094094,4,0,0,8
68,9,15.543405202057734,16.69642214029782,16.617234810383522,56.64645588614805,26.16504947947876,19.08788926342626,2.72163668981307,4.155268990844802,4,1,1,9
69,0,202.25949211990587,21.0,21.0,40.0,34.47897559257653,17.000405795484077,4.6768886963296925,0.0,0,0,0,0
69,1,202.25949211990587,19.28957951185153,18.940008115909684,49.26628864985091,34.47897559257653,17.000405795484077,4.6768886963296925,4.6768886963296925,0,0,0,1
69,2,202.25949211990587,17.596335898839996,17.320681682279186,58.2284788646824,34.40811370256054,15.38183193539219,4.253408460395866,4.6768886963296925,0,1,1,2
69,3,177.364728473613,19.235911926056573,19.10136189788353,68.1047926427027,32.86536226747748,22.00304761041306,4.149127274382144,4.253408460395866,0,1,1,3
69,4,152.22695290021278,20.87943965501223,20.821741962516157,77.21481745691858,27.75719200763277,22.85405696023317,4.189629262233371,4.149127274382144,0,1,1,4
69,5,111.02365492556824,21.85941082345972,21.794528452816568,71.55200807180054,27.99143255669372,23.881848637094976,5.150412246830568,4.189629262233371,1,1,1,5
69,6,65.53774584771861,22.776248177202284,22.750224969757596,65.89335825660153,27.08539292372149,24.810996991839588,5.685738634731204,5.150412246830568,2,0,0,6
69,7,53.30771891946603,20.589362215254592,20.60401761539892,61.100652472483375,28.18238409634329,28.52480599188921,6.1150134641262905,5.685738634731204,3,0,0,7
69,8,40.31120829581018,18.529327205658788,18.524351366327053,56.84869122243775,29.87014367652861,29.84118271210683,6.498255311827925,6.1150134641262905,4,0,0,8
69,9,40.31120829581018,17.177159201216522,17.127061515470164,67.12057300915733,29.82276590175704,27.243244024462804,6.703457272273133,6.498255311827925,4,1,1,9
70,0,182.1634654927002,21.0,21.0,40.0,33.24299805047452,19.67141175253978,6.786970779366362,0.0,0,0,0,0
70,1,182.1634654927002,19.26485996100949,18.9934282350508,49.52459376454257,33.24299805047452,19.67141175253978,6.786970779366362,6.786970779366362,0,0,0,1
70,2,182.1634654927002,17.59760952894965,17.52975824691393,60.1474611288512,33.23998489644054,25.77594490527406,6.647151138405601,6.786970779366362,0,1,1,2
70,3,145.21718238384668,19.278325156404296,19.26040694347297,70.13306281287635,28.694622394176463,26.78094251707436,6.1577138514755845,6.647151138405601,0,1,1,3
70,4,103.95273495310698,20.33859201951146,20.277701300670373,65.44728091588226,30.307260409695303,26.993951273670845,5.158055928842461,6.1577138514755845,1,1,1,4
70,5,69.50581863459617,21.403921230986963,21.338526117471027,60.36863938890659,29.650887320940804,25.46777086252769,4.305864539813851,5.158055928842461,2,1,1,5
70,6,35.67065518804686,22.4865232986643,22.408767197550965,56.41243033233423,33.111562944279505,28.242831185874,4.229395430818664,4.305864539813851,3,0,0,6
70,7,26.930011812004185,20.27797169630591,20.340898919005824,51.56172108117147,27.20246449317786,29.182484111473507,4.370321688021336,4.229395430818664,4,0,0,7
70,8,26.930011812004185,18.875216221924248,18.932108370079582,61.1460986555562,24.72901316582481,28.51752891409037,4.55443460088959,4.370321688021336,4,0,0,8
70,9,26.930011812004185,17.427761124088175,17.506406589710146,70.98297065413472,24.93181668878156,29.71747219221017,4.017515900285096,4.55443460088959,4,1,1,9
71,0,114.5225392861723,21.0,21.0,40.0,28.72181787013057,20.095375539056203,6.050453322083965,0.0,0,0,0,0
71,1,114.5225392861723,19.17443635740261,19.001907510781127,48.78709481365362,28.72181787013057,20.095375539056203,6.050453322083965,6.050453322083965,0,0,0,1
71,2,114.5225392861723,17.43670476948196,17.443949086521894,57.85328595502475,26.29672270524913,24.071005857923826,5.343228179213513,6.050453322083965,0,1,1,2
71,3,93.69634034758178,19.08527359003474,19.015354982227283,65.89433864137644,24.029890279474827,20.642624644701154,3.471033156431753,5.343228179213513,0,1,1,3
71,4,77.50829611506421,20.786483860708227,20.76758375628916,75.59716398940579,27.94918480244765,25.955400464382063,2.698007372086262,3.471033156431753,0,1,1,4
71,5,57.26511717769377,21.87082222051176,21.78984126752128,71.18649591439966,31.581085510665662,27.24853629485583,2.5303973671713065,2.698007372086262,1,1,1,5
71,6,36.08054382780067,22.891562746575072,22.758554695033595,66.58617863581003,32.82056599543873,24.95544912350779,2.648071668736638,2.5303973671713065,2,0,0,6
71,7,29.789439964496943,20.58022788418367,20.690026677927104,61.483826648152046,25.7460572439253,29.240876157974792,3.145551931651861,2.648071668736638,3,0,0,7
71,8,23.02768410029675,18.464734063668693,18.52200754265736,56.006747382364495,24.19722966724224,28.70788552282689,3.380877932100096,3.145551931651861,4,0,0,8
71,9,23.02768410029675,17.170216633665866,17.060564738908003,66.15986449391303,30.514849364166583,25.89135681110311,3.745234305208885,3.380877932100096,4,1,1,9
72,0,281.02084052692726,21.0,21.0,40.0,33.43253265588527,20.77564676857712,5.925435235459448,0.0,0,0,0,0
72,1,281.02084052692726,19.268650653117707,19.015512935371543,49.75747229640323,33.43253265588527,20.77564676857712,5.925435235459448,5.925435235459448,0,0,0,1
72,2,281.02084052692726,17.556952157596303,17.384870675399487,58.50084449622711,30.487714937527382,18.08657506149419,6.463224790188449,5.925435235459448,0,1,1,2
72,3,238.31885180761896,19.243529321122377,19.007066284796792,67.39613177185845,31.91131834581384,17.506944296582464,7.116998119884714,6.463224790188449,0,1,1,3
72,4,192.39000911729468,20.938449642402144,20.794615905870234,77.49520552873987,33.42229884374357,22.68366647226437,7.654807115054047,7.116998119884714,0,1,1,4
72,5,131.4038536971952,21.995531924002663,21.7649303134563,72.53284295523959,34.72611947236998,21.038532897072848,7.623269427512436,7.654807115054047,1,1,1,5
72,6,71.67810515948423,22.851381572981232,22.86234487940528,67.69663690330053,29.68819038533247,26.77733154833945,7.465718567213869,7.623269427512436,2,0,0,6
72,7,57.52149151418714,20.80883824997752,20.712237505922808,64.33644267244799,34.66558760637477,30.0,7.07830682264855,7.465718567213869,3,0,0,7
72,8,43.546899248559065,18.624654883567764,18.65137140421924,59.43127387011364,28.0977903354171,27.98460520716984,6.987296132814039,7.07830682264855,4,0,0,8
72,9,43.546899248559065,17.325439685682746,17.243511388155728,70.28471237320991,31.9962738196679,28.300606753089177,5.887188673327382,6.987296132814039,4,1,1,9
73,0,278.8238292904831,21.0,21.0,40.0,25.474168939060327,20.465489228499244,7.0736347763371406,0.0,0,0,0,0
73,1,278.8238292904831,19.109483378781206,19.009309784569982,48.269138470160726,25.474168939060327,20.465489228499244,7.0736347763371406,7.0736347763371406,0,0,0,1
73,2,278.8238292904831,17.436658967124647,17.409186318998895,57.48821319175268,27.046659053039008,24.17042273358294,7.199726216458332,7.0736347763371406,0,1,1,2
73,3,234.171252677272,19.268581210430483,19.06077500653989,67.8697640965101,34.238841360311966,23.436441443895887,7.442096102201857,7.199726216458332,0,1,1,3
73,4,188.90825941627736,20.903211258661024,20.856560157471105,77.57122971461449,29.673339664773003,24.22369154691809,7.543832210165772,7.442096102201857,0,1,1,4
73,5,127.36559931100214,21.95737279584927,21.83135454855485,72.64693557395661,31.488411272790582,24.4877323902212,7.692832513159404,7.543832210165772,1,1,1,5
73,6,68.21625556451788,23.028572749198126,22.821146739106982,68.80571947902918,37.127409065521626,24.86583485154816,7.393667968310534,7.692832513159404,2,0,0,6
73,7,52.91970195901624,20.87629984175436,20.75157981049005,65.30521672433268,36.61674376091208,27.26935204632958,7.64827680275082,7.393667968310534,3,0,0,7
73,8,39.3926704832497,18.7789710640052,18.667193895980763,61.06618441140191,33.6214063436187,26.16174747343252,6.763515737883267,7.64827680275082,4,0,0,8
73,9,39.3926704832497,17.368087459233596,17.253442302614616,71.01470786177424,31.339245037803185,23.930329686487603,5.917140363314141,6.763515737883267,4,1,1,9
74,0,124.83208867438262,21.0,21.0,40.0,27.61324893252996,23.59697709440789,4.492950277699023,0.0,0,0,0,0
74,1,124.83208867438262,19.1522649786506,19.07193954188816,49.21784068484881,27.61324893252996,23.59697709440789,4.492950277699023,4.492950277699023,0,0,0,1
74,2,124.83208867438262,17.509342475553098,17.540691438472557,59.4207810643405,28.16021775687547,28.522784351411705,3.309782832618107,4.492950277699023,0,1,1,2
74,3,106.9549010907392,19.14145240019198,19.204003331722014,68.2932997175834,22.84699463775018,26.444775658043657,2.9795312639405687,3.309782832618107,0,1,1,3
74,4,88.13106614655237,20.831957638784093,20.861329002683316,77.26599629266197,23.72074106904016,26.127573236951893,3.13730582403114,2.9795312639405687,0,1,1,4
74,5,65.35526837645284,21.82426346651858,21.7782610083534,71.2044030009991,25.758683748044064,23.89913129827333,2.8469747212624408,3.13730582403114,1,1,1,5
74,6,44.79018899180787,22.77197265805841,22.709654055507688,65.55859517663089,27.886850654539508,24.08088365452599,2.5706349230806227,2.8469747212624408,2,0,0,6
74,7,37.775835193655695,20.54760263157277,20.51816898846601,59.98067160746983,27.375665126907545,24.969203933308822,3.507176899076086,2.5706349230806227,3,0,0,7
74,8,30.76672133402695,18.503196037357824,18.38525562520471,55.27529467859381,31.76543782469518,25.426912570438063,3.504556929814372,3.507176899076086,4,0,0,8
74,9,30.76672133402695,17.042225305476148,17.00701931320843,64.59072954962318,27.640910872922845,24.11150507724029,4.128791438126283,3.504556929814372,4,1,1,9
75,0,255.4939015810807,21.0,21.0,40.0,28.476900101995167,21.864983821136708,7.152679963622342,0.0,0,0,0,0
75,1,255.4939015810807,19.169538002039904,19.03729967642273,49.061539106163735,28.476900101995167,21.864983821136708,7.152679963622342,7.152679963622342,0,0,0,1
75,2,255.4939015810807,17.667459702576906,17.387034599611376,59.445294399935655,36.84617972118896,20.84134968865505,6.560177498422845,7.152679963622342,0,1,1,2
75,3,220.00821712478825,19.30685708072615,19.19664156195552,69.70407010597029,33.35517542493694,23.638022941922184,5.914280742715407,6.560177498422845,0,1,1,3
75,4,183.1207454119201,21.019323525398075,20.97906466959536,80.14253308556499,30.82881828472181,27.16264271302652,6.147911952144689,5.914280742715407,0,1,1,4
75,5,133.8422456145966,22.076315408983945,21.98364435781509,75.72653483768478,32.01872256474113,26.78128716925768,6.159812474665438,6.147911952144689,1,0,1,5
75,6,100.89023848975316,19.92892975957976,23.012155656386227,70.51062947030641,25.79242610977573,28.5636551825667,6.590401424968687,6.159812474665438,2,0,0,6
75,7,88.11313008116757,19.94389229171447,18.877862421121304,65.31493824687918,30.76074358481608,23.70763850725488,6.3885542042927925,6.590401424968687,3,0,0,7
75,8,75.99914392268735,17.37958043293793,17.461306311253054,60.35801400100358,33.84950972191625,21.945355578774866,6.056993079240105,6.3885542042927925,4,1,1,8
75,9,42.85190325817892,19.35467312396061,19.036151668668097,71.33294627633965,37.836015281993966,23.13583069209533,5.524540110751405,6.056993079240105,4,1,1,9
76,0,99.82212256250074,21.0,21.0,40.0,33.50485911613399,19.047745093036703,2.7940986427010595,0.0,0,0,0,0
76,1,99.82212256250074,19.270097182322683,18.98095490186073,49.459468757650725,33.50485911613399,19.047745093036703,2.7940986427010595,2.7940986427010595,0,0,0,1
76,2,99.82212256250074,17.675809350420256,17.475720853853694,60.35841048385528,37.44561764597466,23.10405861071733,1.420482864278352,2.7940986427010595,0,1,1,2
76,3,97.2690803341026,19.31168315185825,19.338907032004144,71.15501925362258,30.810646636622188,29.17051319541834,0.425507038066358,1.420482864278352,0,1,1,3
76,4,92.83870879544394,20.377510548450296,20.321920493948124,66.31142637629819,29.39781426889224,27.026669745972203,0.5537964423323327,0.425507038066358,1,1,1,4
76,5,77.45971810160654,21.42636068520349,21.42920356845161,61.5774214461422,28.86250629935225,28.170799644225564,1.922373836729674,0.5537964423323327,2,1,1,5
76,6,54.27955510264351,22.448850906945573,22.42966671990736,56.55400963321222,28.171028015677887,27.254461912488868,2.897520374870379,1.922373836729674,3,0,0,6
76,7,46.78081644041169,20.38290157912278,20.336222799494337,52.74144449363281,32.3870588391105,29.765357052115,3.749369331115913,2.897520374870379,4,0,0,7
76,8,46.78081644041169,19.057971693845168,19.023312885634457,63.97940647252605,32.43312210496244,30.0,4.305853257486647,3.749369331115913,4,0,0,8
76,9,46.78081644041169,17.744159051624738,17.58477821621506,75.150128558924,35.274245520149904,26.785321626505382,5.016752035089215,4.305853257486647,4,1,1,9
77,0,163.90354815779392,21.0,21.0,40.0,28.620354843606734,16.604283629544724,4.139397285665213,0.0,0,0,0,0
77,1,163.90354815779392,19.17240709687213,18.932085672590897,48.14043492516726,28.620354843606734,16.604283629544724,4.139397285665213,4.139397285665213,0,0,0,1
77,2,163.90354815779392,17.466403393650456,17.384551109817227,57.52132579335056,29.906747967338028,22.209312411458072,2.742404308123496,4.139397285665213,0,1,1,2
77,3,147.22768455440297,19.20868295811008,19.145226749899948,68.0824734569773,31.53681862185452,27.13622395384961,2.7793106005651573,2.742404308123496,0,1,1,3
77,4,128.8848781060828,21.096365913513377,20.958783016986505,80.24345342697028,37.69599389139493,29.865005941899373,3.0571344080533605,2.7793106005651573,0,1,1,4
77,5,98.15921088738976,22.23932842112121,22.088159551516465,77.77544707403557,39.62218692814047,30.0,3.840708402336632,3.0571344080533605,1,0,0,5
77,6,89.23641130113859,20.24601717967214,20.17004491812767,74.66735337586864,36.06614612129484,30.0,4.461399793125583,3.840708402336632,2,0,0,6
77,7,79.01677146676543,18.467923931965032,18.341328881554077,71.8118339357374,37.46933644371529,30.0,5.109819917186576,4.461399793125583,3,0,0,7
77,8,67.13945644172472,16.611082781063242,16.575858121957726,68.27066250379661,33.66015871144008,30.0,5.938657512520356,5.109819917186576,4,1,1,8
77,9,36.13385965456186,18.472773388795943,18.44670200691278,79.40041152032998,31.83193898074097,30.0,5.167599464527142,5.938657512520356,4,1,1,9
78,0,129.9635032999202,21.0,21.0,40.0,33.4912242231306,22.07624053967252,4.663755522675906,0.0,0,0,0,0
78,1,129.9635032999202,19.26982448446261,19.04152481079345,50.00214365730456,33.4912242231306,22.07624053967252,4.663755522675906,4.663755522675906,0,0,0,1
78,2,129.9635032999202,17.76382431708294,17.44577444459019,60.93529499041327,40.03335917902833,20.706370449353376,3.909751409048031,4.663755522675906,0,1,1,2
78,3,109.61989308246868,19.503853419040357,19.22983940383093,72.00947219632718,39.99732777369208,21.52587892582965,3.390601702908586,3.909751409048031,0,1,1,3
78,4,86.59465746221558,20.508485724515783,20.37527191040366,68.15168727572014,36.336047909632015,25.56514697588437,2.878154452531639,3.390601702908586,1,1,1,4
78,5,64.4673143217011,21.59129504240859,21.375019755945235,62.92139184843228,33.54405402495851,20.732082490108937,2.765917892564311,2.878154452531639,2,1,1,5
78,6,48.39519023095751,22.51587908584,22.411887546347625,57.44414167145493,30.673935977514184,22.230229705945003,2.009015511342948,2.765917892564311,3,0,0,6
78,7,42.45993077126093,20.475469340682725,20.287550458034318,53.627718369563766,36.54339944048313,25.58758221567705,2.967629729848289,2.009015511342948,4,0,0,7
78,8,42.45993077126093,19.06627842053776,18.94383512501981,63.86958814034913,32.92011225999333,23.979164244369805,4.265675590056193,2.967629729848289,4,0,0,8
78,9,42.45993077126093,17.585670046892083,17.561559947986463,73.98143014486448,29.60952720156772,26.56737282351751,5.11797380976956,4.265675590056193,4,1,1,9
79,0,137.9110890500285,21.0,21.0,40.0,30.807503813548443,18.64224440194048,4.007768253181071,0.0,0,0,0,0
79,1,137.9110890500285,19.21615007627097,18.97284488803881,48.900954678788,30.807503813548443,18.64224440194048,4.007768253181071,4.007768253181071,0,0,0,1
79,2,137.9110890500285,17.425241376057492,17.372273775633676,57.116423602724,25.969725933269896,19.67176808859674,2.65019058782316,4.007768253181071,0,1,1,2
79,3,124.1653033770996,19.025657398294754,19.084965336607628,65.92084725777174,23.3712909204894,25.542173829775805,2.2909642788214786,2.65019058782316,0,1,1,3
79,4,109.06378803157392,20.801820578412027,20.736691390169128,75.4027190526681,27.52195293232688,25.15511259487516,2.5169192242542806,2.2909642788214786,0,1,1,4
79,5,82.69949204053299,21.74352871425764,21.78579510978273,69.93599475389937,25.913130416003447,27.049512368614696,3.295536998880117,2.5169192242542806,1,1,1,5
79,6,52.2418088308489,22.78152619935179,22.74376791245293,65.27611878541488,29.34952596024305,28.09560754817648,3.8072104012105097,3.295536998880117,2,0,0,6
79,7,42.91660165650298,20.520204886448585,20.51697388995092,59.08715369776745,24.83905904294019,24.11113491457406,4.66260358717296,3.8072104012105097,3,0,0,7
79,8,33.420131530571794,18.392773578146592,18.374233178357223,53.52037464784107,26.69113399644885,25.71564905951573,4.748235062965594,4.66260358717296,4,0,0,8
79,9,33.420131530571794,17.078990692864863,17.010124885278614,64.17835189307617,31.46619053595176,27.744794159798808,5.403708387483926,4.748235062965594,4,1,1,9
80,0,128.89865837515987,21.0,21.0,40.0,26.668875993709456,19.651798152097108,4.345339683436851,0.0,0,0,0,0
80,1,128.89865837515987,19.13337751987419,18.993035963041944,48.33772134624518,26.668875993709456,19.651798152097108,4.345339683436851,4.345339683436851,0,0,0,1
80,2,128.89865837515987,17.349197291208775,17.236255602814857,55.151539950461896,22.803377786691687,15.051170014512271,3.579495477606298,4.345339683436851,0,1,1,2
80,3,105.07613212212038,18.93688005344201,18.854995735563893,62.80494537954829,24.153630135147267,18.365288915332712,3.9704210421732458,3.579495477606298,0,1,1,3
80,4,81.19371533023782,20.597486027558613,20.472504819895565,70.65197734606336,25.53597359375954,18.058648442435253,3.9804027986470927,3.9704210421732458,0,1,1,4
80,5,48.04125512645041,21.58119751223573,21.476677431670016,64.73723420721149,28.78718568591612,21.686463542684567,4.144057525473427,3.9804027986470927,1,1,1,5
80,6,18.256200464863475,22.629463230676443,22.466483672710797,60.03196929206007,33.4548759001857,23.738096793417515,3.7231318326983662,4.144057525473427,2,0,0,6
80,7,12.17984295832625,20.379463545144628,20.423261880319068,55.21063643417197,28.401463700136645,28.14668708937397,3.038178753268614,3.7231318326983662,3,0,0,7
80,8,8.90567256795582,18.30252478085672,18.308117002284348,50.13564476656093,27.101174540470343,28.03776063946832,1.6370851951852148,3.038178753268614,4,0,0,8
80,9,8.90567256795582,17.022352248729067,16.850807742704095,60.11657801564148,31.971485570696498,23.47814359086209,1.460620370893315,1.6370851951852148,4,1,1,9
81,0,28.87836056684865,21.0,21.0,40.0,32.4798363971435,15.52353309201925,3.696061366009841,0.0,0,0,0,0
81,1,28.87836056684865,19.249596727942876,18.910470661840385,48.640606508049295,32.4798363971435,15.52353309201925,3.696061366009841,3.696061366009841,0,0,0,1
81,2,28.87836056684865,17.52129887669244,17.439513322222496,58.56006221066407,32.14212797589164,22.96595926085714,1.9838421851704933,3.696061366009841,0,1,1,2
81,3,19.80542144196052,19.2313339576137,19.08032228298702,67.85108133448428,30.19706997924777,21.41970293086449,1.5121565208146883,1.9838421851704933,0,1,1,3
81,4,16.868584978576752,20.92539677577612,20.87541247409175,78.06525726480456,30.75490601936556,25.99051581574712,0.489472743897295,1.5121565208146883,0,1,1,4
81,5,14.22974536290698,21.91588444676813,21.939683530673527,73.410122368225,28.51564156338798,28.95583123339225,0.3298549519587216,0.489472743897295,1,1,1,5
81,6,10.728094599870376,22.914426050882877,22.901178279761748,68.72046072674918,28.79252992241598,28.487127624940552,0.4377063453795754,0.3298549519587216,2,0,0,6
81,7,9.425763758019064,20.82352942771773,20.61542465408438,63.79596061512203,33.289477314166845,22.685522065682303,0.651165420925656,0.4377063453795754,3,0,0,7
81,8,7.613133876514534,18.73313758321399,18.506283087419597,59.22652681860242,36.20594320677768,21.741646812557875,0.9063149407522648,0.651165420925656,4,0,0,8
81,9,7.613133876514534,17.339701976502987,17.22551425354147,70.34285722649524,35.43479736997602,26.322593784984075,0.6669692918988646,0.9063149407522648,4,1,1,9
82,0,54.69466987150547,21.0,21.0,40.0,32.118625764341864,20.045580003349063,2.358073859189968,0.0,0,0,0,0
82,1,54.69466987150547,19.24237251528684,19.00091160006698,49.38955703818437,32.118625764341864,20.045580003349063,2.358073859189968,2.358073859189968,0,0,0,1
82,2,54.69466987150547,17.646544664970296,17.49680764824657,60.27781829239496,35.79955243282704,24.69078786834289,0.916266914162338,2.358073859189968,0,1,1,2
82,3,51.74133256922488,19.403200301400297,19.217168539583582,70.86867589381804,35.1928705636875,23.64522722199628,0.4922228837134313,0.916266914162338,0,1,1,3
82,4,47.93563698666213,20.369369789636373,20.266223453792044,65.6953357030796,31.270173857682444,23.32238063821515,0.4757119478203432,0.4922228837134313,1,1,1,4
82,5,46.582923033589616,21.416316111730413,21.39309330659024,61.06302342657061,30.15330021258947,27.44496491791611,0.1690892441340645,0.4757119478203432,2,1,1,5
82,6,46.582923033589616,22.555707209674047,22.43214011695961,57.3974330778762,34.74781961003898,28.221122897214283,0.0,0.1690892441340645,3,0,0,6
82,7,44.115303442085455,20.491707046810124,20.4057714592048,54.30448451665313,36.15028577098298,30.0,1.2338097957520815,0.0,4,0,0,7
82,8,44.115303442085455,19.257697962261226,19.07169044212245,66.33071248776061,38.70089371914127,28.111483898122447,2.9636320665985685,1.2338097957520815,4,0,0,8
82,9,44.115303442085455,17.789265551271146,17.7636130663553,77.5072657405156,33.08234978158966,29.00961273371587,4.735385102262343,2.9636320665985685,4,1,1,9
83,0,71.51515146165657,21.0,21.0,40.0,30.29744152613354,20.98275176836561,2.111446034459793,0.0,0,0,0,0
83,1,71.51515146165657,19.205948830522672,19.019655035367315,49.23043479300985,30.29744152613354,20.98275176836561,2.111446034459793,2.111446034459793,0,0,0,1
83,2,71.51515146165657,17.3715682869636,17.4602903836288,57.45846328425728,22.03478574494472,23.67648365087439,0.5773363591575897,2.111446034459793,0,1,1,2
83,3,68.36229819401198,19.20853869633057,19.110152219806533,67.85731806731748,30.67995391883464,27.09146154261088,0.5254755446074306,0.5773363591575897,0,1,1,3
83,4,68.20735311386863,20.924384976469494,20.950873982052787,78.68456050368275,30.15134686869589,30.0,0.0258241800238916,0.5254755446074306,0,1,1,4
83,5,64.11677370903203,22.00718533445909,21.982598278810016,74.6343236894495,30.83201769870422,30.0,0.5113224256045756,0.0258241800238916,1,0,1,5
83,6,63.23991866787751,20.09111332242527,22.97653177391206,71.12588228900569,34.9699377400764,28.87205447968017,0.175371008230905,0.5113224256045756,2,0,0,6
83,7,60.73855696072108,20.005740231930176,19.09033262394127,67.37392094189156,32.4891036271437,30.0,1.2506808535782177,0.175371008230905,3,0,0,7
83,8,55.45750326588626,17.637636316013907,17.723249024652972,64.87500710571001,39.45047868788029,30.0,2.640526847417409,1.2506808535782177,4,1,1,8
83,9,33.55874217378568,19.456147527331204,19.36482620888413,75.50929124187101,31.18061580238675,27.89874050961884,3.649793515350097,2.640526847417409,4,1,1,9
84,0,202.42886785976737,21.0,21.0,40.0,33.42525817019494,23.205074348317183,4.985180508612881,0.0,0,0,0,0
84,1,202.42886785976737,19.2685051634039,19.064101486966344,50.19345985333218,33.42525817019494,23.205074348317183,4.985180508612881,4.985180508612881,0,0,0,1
84,2,202.42886785976737,17.683345829850925,17.57288707601469,61.37413390774845,35.35192434812153,26.762931509746625,4.444664822477446,4.985180508612881,0,1,1,2
84,3,176.15234904757853,19.474653049164065,19.33989190350558,72.79824371388847,35.93110764562279,27.53616905515513,4.379419802031475,4.444664822477446,0,1,1,3
84,4,135.4617530329161,20.542966320894735,20.4794644988626,69.53361520545565,35.196508286484296,30.0,5.0863245018328005,4.379419802031475,1,1,1,4
84,5,93.42585119923802,21.70561977028507,21.61232424050811,66.3447298929351,35.61730381933035,30.0,5.25448772920976,5.0863245018328005,2,1,1,5
84,6,50.04632762392562,22.815078654847092,22.69289513711727,63.24114753318962,36.799908972835375,29.291300139689685,5.42244044691405,5.25448772920976,3,0,0,6
84,7,40.53450332717881,20.6408994508717,20.56622226149794,58.72196345998032,31.896683691736225,26.330071457100964,4.755912148373406,5.42244044691405,4,0,0,7
84,8,40.53450332717881,19.324196600768783,19.140563809310752,69.45842951087735,34.97441551480144,24.672618101293164,4.525128556229441,4.755912148373406,4,0,0,8
84,9,40.53450332717881,17.85599599716862,17.823303481315296,80.67625726521308,33.355191483200976,28.966073818664164,4.1343955875923895,4.525128556229441,4,1,1,9
85,0,227.28032791577732,21.0,21.0,40.0,32.71446738656055,22.068956455189312,7.212015054668651,0.0,0,0,0,0
85,1,227.28032791577732,19.254289347731213,19.041379129103788,49.86101629151497,32.71446738656055,22.068956455189312,7.212015054668651,7.212015054668651,0,0,0,1
85,2,227.28032791577732,17.709240441499983,17.48965457433817,60.82484854131957,37.541562901541525,23.36861626403956,7.789259514443041,7.212015054668651,0,1,1,2
85,3,180.13090060993164,19.514049335302264,19.24211596761296,72.18797840889226,40.0094778280926,23.119021436200143,7.858237884307617,7.789259514443041,0,1,1,3
85,4,123.31556601732596,20.513734038917384,20.40163256417211,68.43264711345965,36.07722797232219,26.39315371971887,7.101916824075714,7.858237884307617,1,1,1,4
85,5,74.84813837379963,21.643499770343094,21.46607554254547,64.23566367480714,35.28474609260663,24.73201258154608,6.05842845544079,7.101916824075714,2,1,1,5
85,6,36.71832229130766,22.666435811888714,22.625922524969504,60.87932867213365,34.68702776292505,30.0,4.766227010311496,6.05842845544079,3,0,0,6
85,7,27.936147488951647,20.59895834695879,20.530343342936565,57.40624958301552,34.03844950489925,30.0,4.391087401178006,4.766227010311496,4,0,0,7
85,8,27.936147488951647,19.279068222270805,19.21118310936873,69.00247610999423,34.42348070543724,30.0,4.219266088295347,4.391087401178006,4,0,0,8
85,9,27.936147488951647,17.957534791476416,17.838090767860617,81.06076212737206,36.99047787432122,30.0,3.725028458529561,4.219266088295347,4,1,1,9
86,0,88.6856769790054,21.0,21.0,40.0,28.11959436668013,18.532111711560244,6.032954694450151,0.0,0,0,0,0
86,1,88.6856769790054,19.162391887333605,18.970642234231207,48.39730709408327,28.11959436668013,18.532111711560244,6.032954694450151,6.032954694450151,0,0,0,1
86,2,88.6856769790054,17.406237267452074,17.325493871606067,56.474002730556286,25.89197295128752,18.97855836245149,5.131881555186517,6.032954694450151,0,1,1,2
86,3,68.53795793039167,19.049031013354085,18.973655826768603,65.01985383491424,26.228430423365204,21.24852015640127,3.3579531747689524,5.131881555186517,0,1,1,3
86,4,56.768328688411614,20.71221484870409,20.679048645290077,73.88877010624319,26.030347516210725,23.24140954672781,1.9616048736633425,3.3579531747689524,0,1,1,4
86,5,52.16058555421446,21.79597722569074,21.762143229571294,69.8739281326241,31.608924279649404,29.419731422466786,0.5759678917746444,1.9616048736633425,1,1,1,5
86,6,42.65527283364343,22.957890657436508,22.79353146022654,67.015951503969,38.09057759932536,29.36510779703524,1.1881640900713784,0.5759678917746444,2,0,0,6
86,7,38.73930370045645,20.89206538685539,20.755498930842357,64.48881944055327,39.29371075880148,30.0,1.957984566593487,1.1881640900713784,3,0,0,7
86,8,32.40735813689469,18.82254012931364,18.754594009678428,61.26906394850543,35.44580282195648,30.0,3.1659727817808805,1.957984566593487,4,0,0,8
86,9,32.40735813689469,17.37959867218995,17.419941640195642,71.7588320037647,28.63926629506424,29.63722290082053,4.006147371966305,3.1659727817808805,4,1,1,9
87,0,263.9019450855797,21.0,21.0,40.0,28.89998725413445,17.394499605093863,7.169425421129109,0.0,0,0,0,0
87,1,263.9019450855797,19.17799974508269,18.94788999210188,48.33300763466109,28.89998725413445,17.394499605093863,7.169425421129109,7.169425421129109,0,0,0,1
87,2,263.9019450855797,17.46951713021842,17.35934191206035,57.34172391359977,29.504415487248508,20.544008284633048,8.285949072393771,7.169425421129109,0,1,1,2
87,3,208.52461852810413,19.15762583557251,19.028110614194343,66.56828548866812,29.693532379162782,21.56514303788363,9.229554426245931,8.285949072393771,0,1,1,3
87,4,152.51600866012743,20.781012050023172,20.80826216447518,75.8985964064171,26.20764162611661,25.62741902804437,9.334768311329446,9.229554426245931,0,1,1,4
87,5,89.75027971491896,21.759277719331838,21.70934626547663,69.47439936263187,24.865585366364343,22.777764390384416,7.845716118151063,9.334768311329446,1,1,1,5
87,6,43.06456950505706,22.673184867723425,22.638521120786205,63.38389898226998,25.98968963189492,23.507530477205744,5.835713776232738,7.845716118151063,2,0,0,6
87,7,32.73054316424646,20.5221631622076,20.405762813563417,57.94172248765642,29.719496555318408,23.37952291905067,5.167013170405298,5.835713776232738,3,0,0,7
87,8,23.658116180986607,18.45697775409603,18.38306307465535,53.91719777304888,33.20830094916067,27.766561747464124,4.536213491629927,5.167013170405298,4,0,0,8
87,9,23.658116180986607,17.068134659559938,17.079125377618322,64.50689916439174,29.695429342520125,29.13624505382905,4.132317525556623,4.536213491629927,4,1,1,9
88,0,91.12544360904066,21.0,21.0,40.0,33.9930016225108,23.28203541412352,2.1900827343048066,0.0,0,0,0,0
88,1,91.12544360904066,19.279860032450216,19.065640708282476,50.309506666594174,33.9930016225108,23.28203541412352,2.1900827343048066,2.1900827343048066,0,0,0,1
88,2,91.12544360904066,17.571848218079396,17.59322438510217,60.56529586491822,29.56054408436665,27.41606257298917,0.665652896477803,2.1900827343048066,0,1,1,2
88,3,89.13893870379482,19.264185730836022,19.253945252244275,70.06007839649496,26.470086633169405,26.27870520892363,0.3310841508743067,0.665652896477803,0,1,1,3
88,4,82.40606861333148,20.371807384487525,20.29199190351116,65.96871925590798,32.37397077888328,28.22958955118908,0.841608761307918,0.3310841508743067,1,1,1,4
88,5,67.71380745295288,21.474735635974824,21.37439465519073,61.46542587398393,32.26465901046929,26.05037775661933,1.8365326450473267,0.841608761307918,2,1,1,5
88,6,45.56876557876112,22.456549656638888,22.455675056535917,56.79749293411609,29.474608636600063,27.925763919689707,2.76813023427397,1.8365326450473267,3,0,0,6
88,7,38.40135413673645,20.44454784547217,20.264359273388003,52.619945057517015,34.57364081232357,25.551093206570474,3.583705721012332,2.76813023427397,4,0,0,7
88,8,38.40135413673645,19.01023022586985,19.028554583389635,63.558168908460296,31.2772604941457,29.490649788872524,4.123291512711265,3.583705721012332,4,0,0,8
88,9,38.40135413673645,17.672586981520986,17.595735698013886,74.52760783889698,32.25451310193657,28.686814289378347,4.632790858059635,4.123291512711265,4,1,1,9
89,0,118.35032290874685,21.0,21.0,40.0,25.451274024758565,22.90210619952161,2.1076070372282003,0.0,0,0,0,0
89,1,118.35032290874685,19.109025480495173,19.058042123990436,48.70360844037043,25.451274024758565,22.90210619952161,2.1076070372282003,2.1076070372282003,0,0,0,1
89,2,118.35032290874685,17.519785732504168,17.410848814823872,58.29476353961411,29.74789561369203,23.5362993821062,0.1630536790164121,2.1076070372282003,0,1,1,2
89,3,113.87411354569367,19.263832796419194,19.07413672776186,68.06704119351122,32.70464430430528,21.585787106234186,0.7460348938421937,0.1630536790164121,0,1,1,3
89,4,101.36145169552243,20.933610959465955,20.864371905719462,78.0426420646887,30.863699278529857,24.556305561345123,2.085443641695208,0.7460348938421937,0,1,1,4
89,5,73.50082906204958,21.99464657406512,21.8793288248454,73.57606767725679,32.661752224058645,25.85727895687513,3.4825778291841094,2.085443641695208,1,1,1,5
89,6,47.27578169237397,22.864059403536636,22.833396529283256,67.67397034146055,26.90340682049278,23.64049686952814,3.278130921209451,3.4825778291841094,2,0,0,6
89,7,40.31475267268326,20.63746392619939,20.65475814503896,62.38588415713984,26.775154462798177,27.179922290975707,3.480514509845352,3.278130921209451,3,0,0,7
89,8,32.94814539099589,18.52565297555421,18.57161089754381,57.72556846836662,27.442690617926555,30.0,3.683303640843687,3.480514509845352,4,0,0,8
89,9,32.94814539099589,17.198884686566647,17.12772696750171,67.84592775251262,29.546367684329223,26.67785056092639,4.973497430452348,3.683303640843687,4,1,1,9
90,0,196.93499931832463,21.0,21.0,40.0,28.98970170703149,22.45824879712918,6.617059226320238,0.0,0,0,0,0
90,1,196.93499931832463,19.17979403414063,19.049164975942585,49.26063109074892,28.98970170703149,22.45824879712918,6.617059226320238,6.617059226320238,0,0,0,1
90,2,196.93499931832463,17.534584626352892,17.450570073161295,58.84114717432724,29.69262644288172,23.53246291033116,6.148805805650116,6.617059226320238,0,1,1,2
90,3,160.45509991163442,19.22197000043427,19.1670113867352,68.63091836241225,29.19788334720543,25.18973436437796,6.079983234448373,6.148805805650116,0,1,1,3
90,4,126.53567058169864,20.935031282161084,20.94756581291444,78.95485121239454,28.776417583859995,28.57876491604169,5.653238221655965,6.079983234448373,0,1,1,4
90,5,88.68210193952987,21.97951237913608,21.987993611483468,74.64467688823399,29.38792042133023,30.0,4.731696080271095,5.653238221655965,1,1,1,5
90,6,49.147577893467634,23.11585071120239,22.93222659055301,71.14057408001429,36.46004152857455,27.406053981315985,4.941815505757779,4.731696080271095,2,0,0,6
90,7,39.22086544744171,20.898791824236085,20.81519600108451,66.80834659405615,33.09977791155359,26.16562494423448,4.963356223012962,4.941815505757779,3,0,0,7
90,8,30.673862779084292,18.787676097725427,18.687055878521203,62.12894122555427,31.810792574570463,25.525844267085763,4.273501334178706,4.963356223012962,4,0,0,8
90,9,30.673862779084292,17.422480844108552,17.3571468810387,73.26895351390657,33.332479299534256,28.55647785797851,3.9874483760263217,4.273501334178706,4,1,1,9
91,0,186.11610604534744,21.0,21.0,40.0,34.971743829866924,22.02957570915735,4.682381795911601,0.0,0,0,0,0
91,1,186.11610604534744,19.29943487659734,19.04059151418315,50.260237517024365,34.971743829866924,22.02957570915735,4.682381795911601,4.682381795911601,0,0,0,1
91,2,186.11610604534744,17.553223338509817,17.562481426600247,60.11605840731774,29.087153266660543,25.66740723496929,3.9595998477428873,4.682381795911601,0,1,1,2
91,3,163.7325279633511,19.40916613715109,19.203275498595872,70.8595163012736,34.920768897524106,24.765108291119624,3.7305963469993983,3.9595998477428873,0,1,1,3
91,4,129.19323880973582,20.411286776949154,20.291427635320154,66.35447699252228,33.693326916690914,24.61201025691284,4.31741114420191,3.7305963469993983,1,1,1,4
91,5,86.78074836857215,21.42434873953833,21.337740543922997,60.75260203466807,29.170051347450265,23.04175444224856,5.301561305145457,4.31741114420191,2,1,1,5
91,6,43.39280344152345,22.366331067298717,22.350224746835924,55.02868116584307,26.81910595417078,24.714666996801395,5.423493115881088,5.301561305145457,3,0,0,6
91,7,33.605990849981126,20.196193673537607,20.24047029347609,49.985863004851055,26.6727203466978,28.6449565366799,4.893406295771161,5.423493115881088,4,0,0,7
91,8,33.605990849981126,18.99165053345301,18.88256239047788,61.64810941779337,34.790257849679534,30.0,4.324798075903325,4.893406295771161,4,0,0,8
91,9,33.605990849981126,17.687087416364353,17.565700513369894,73.81076787118609,37.637996017710336,29.932328723360296,4.21290674893594,4.324798075903325,4,1,1,9
92,0,51.425243490864105,21.0,21.0,40.0,27.065947488318407,17.376935257325343,4.661795681377699,0.0,0,0,0,0
92,1,51.425243490864105,19.14131894976637,18.94753870514651,47.999718894215874,27.065947488318407,17.376935257325343,4.661795681377699,4.661795681377699,0,0,0,1
92,2,51.425243490864105,17.45809937325964,17.256965637496442,56.284248755851024,29.49427817771545,16.530887720257606,2.900088198674786,4.661795681377699,0,1,1,2
92,3,43.09057307923584,19.05906130337804,18.977952702260016,65.09403998909401,28.00786036073844,20.935424268389266,1.3891117352713782,2.900088198674786,0,1,1,3
92,4,37.85209163756741,20.83014082134858,20.695686680002257,75.05798228595853,31.6472855333335,23.70794944924712,0.873080240278071,1.3891117352713782,0,1,1,4
92,5,30.90947894987637,21.743276121963017,21.787058798059597,69.70310203559552,26.705838462230226,26.878160146864204,0.8678265859613807,0.873080240278071,1,1,1,5
92,6,22.1222326029674,22.84958509443812,22.617436171576607,64.51058057754489,32.71834895067292,21.76764294904577,1.098405793363621,0.8678265859613807,2,0,0,6
92,7,20.17644391299225,20.53346751510056,20.448542836387773,58.29710971659578,28.2712592755334,20.542791496971606,0.9728943449875732,1.098405793363621,3,0,0,7
92,8,16.77734224724637,18.432912694133066,18.2436977131485,52.363627765449664,30.552081972887542,19.81746274296733,1.6995508328729427,0.9728943449875732,4,0,0,8
92,9,16.77734224724637,16.942364321112702,16.85989304081177,61.17209149341395,27.948849164808426,20.987060434993165,1.87858257132217,1.6995508328729427,4,1,1,9
93,0,85.85537954162419,21.0,21.0,40.0,28.27672314685522,22.63261691160744,3.072379387462028,0.0,0,0,0,0
93,1,85.85537954162419,19.165534462937103,19.05265233823215,49.16368121052328,28.27672314685522,22.63261691160744,3.072379387462028,3.072379387462028,0,0,0,1
93,2,85.85537954162419,17.430605444275667,17.396745841137307,57.4112214593938,24.6029400383865,21.2167280108942,0.5121653530295818,3.072379387462028,0,1,1,2
93,3,84.72487184206747,19.06663221270865,18.99852102849438,65.5647469880007,24.6054086528025,20.69195539501366,0.1884179499261205,0.5121653530295818,0,1,1,3
93,4,79.37372884664224,20.65767526481186,20.750149635723343,74.23873806944826,22.293394279507464,25.89544506186779,0.8918571659042063,0.1884179499261205,0,1,1,4
93,5,65.15583636071447,21.779525391881112,21.68304236738503,69.22977443888368,29.47139663455322,26.034360973421364,1.7772365607409708,0.8918571659042063,1,1,1,5
93,6,39.82954947919937,22.751579651592834,22.646509849561426,63.96578109921623,30.394830679874104,23.694095210862294,3.165785860189388,1.7772365607409708,2,0,0,6
93,7,32.39077123205787,20.65105849022669,20.47538041114008,59.6105144825429,34.74867933497493,24.388728350173245,3.71938912357075,3.165785860189388,3,0,0,7
93,8,24.721056787429934,18.5310665493776,18.405603645979404,54.84769937006037,32.890782865653094,23.98246650944396,3.8348572223139694,3.71938912357075,4,0,0,8
93,9,24.721056787429934,17.17837268936471,17.0913780277447,65.75711901127801,33.41978176381356,27.18810513184,3.66131683950656,3.8348572223139694,4,1,1,9
94,0,220.90844216184664,21.0,21.0,40.0,29.554693354139125,18.02535461582833,7.811426527632514,0.0,0,0,0,0
94,1,220.90844216184664,19.191093867082785,18.96050709231657,48.56440863459415,29.554693354139125,18.02535461582833,7.811426527632514,7.811426527632514,0,0,0,1
94,2,220.90844216184664,17.490926988399696,17.378574068400614,57.73064214428688,29.99998355987032,20.923535938422617,7.915596555623323,7.811426527632514,0,1,1,2
94,3,174.62961907783074,19.16054161468097,19.09746828885388,67.27846448564271,28.9412087716588,24.102248680318056,7.713137180669317,7.915596555623323,0,1,1,3
94,4,135.26773370519072,20.92668472219396,20.79212271838389,77.18915946258642,31.36680830824302,23.692608230333143,6.560314228773335,7.713137180669317,0,1,1,4
94,5,89.29258222066312,21.766147111122653,21.811618058756743,70.69801395319566,23.508148256082208,23.76326558063576,5.74689393556595,6.560314228773335,1,1,1,5
94,6,47.06292727687237,22.736917191479588,22.65175353085831,64.41615257821366,26.005111144437336,22.42899232788485,5.278706867973844,5.74689393556595,2,0,0,6
94,7,36.507306228371455,20.51539822696376,20.45621385234778,58.74373667145582,28.028292634620712,23.7916189945024,5.277810524250457,5.278706867973844,3,0,0,7
94,8,26.168024695939543,18.36942475665115,18.28607343643936,52.70447079722216,27.41859394204349,22.36326231221393,5.169640766215956,5.277810524250457,4,0,0,8
94,9,26.168024695939543,16.99688168754022,16.863363910996416,62.20583758964352,30.355764849687365,22.42960621932021,4.993070247271379,5.169640766215956,4,1,1,9
95,0,138.74257181632646,21.0,21.0,40.0,32.571571039308665,22.40559973019679,5.317958751712844,0.0,0,0,0,0
95,1,138.74257181632646,19.251431420786176,19.048111994603936,49.895890738510985,32.571571039308665,22.40559973019679,5.317958751712844,5.317958751712844,0,0,0,1
95,2,138.74257181632646,17.592785850955583,17.445087272718784,59.37913895654508,31.559716313492576,21.124996008919044,4.512108285838666,5.317958751712844,0,1,1,2
95,3,114.67938654055102,19.18688167096822,19.184551415359024,68.58395620135263,26.734932518137946,24.40294106412629,4.010530879295906,4.512108285838666,0,1,1,3
95,4,95.92125053870662,20.890928102344304,20.842995660699835,77.71197029987451,26.571382676297155,24.13980675993552,3.126356000307401,4.010530879295906,0,1,1,4
95,5,72.8226871123786,21.88364521693324,21.765550908290678,71.7412611766075,28.3932145748782,21.76951251808285,2.887320428291002,3.126356000307401,1,1,1,5
95,6,42.64043629097887,22.818570746829355,22.67789728476451,65.85098484663857,29.70733183874901,20.90224410586804,3.772781352674967,2.887320428291002,2,0,0,6
95,7,34.5931333022001,20.600740319502883,20.43316208231221,59.8660236374394,30.28628131414441,19.79726752363799,4.023651494389383,3.772781352674967,3,0,0,7
95,8,26.309907839081163,18.47271884250278,18.25792446686441,53.998512197417085,31.99471994760506,18.741327607826527,4.141612731559471,4.023651494389383,4,0,0,8
95,9,26.309907839081163,16.998065831758762,16.80448840494109,62.37198129146621,29.710029860088312,16.80924288462907,4.606456320129894,4.141612731559471,4,1,1,9
96,0,127.90669626600682,21.0,21.0,40.0,30.951060259904587,16.20258696163729,5.189564356705251,0.0,0,0,0,0
96,1,127.90669626600682,19.219021205198093,18.92405173923275,48.48765649987754,30.951060259904587,16.20258696163729,5.189564356705251,5.189564356705251,0,0,0,1
96,2,127.90669626600682,17.53141572971038,17.317687734091393,57.53938859382839,32.69917114618926,17.58822937575991,4.25090791983298,5.189564356705251,0,1,1,2
96,3,108.0775019256553,19.147569341621868,19.0637879961896,66.832558346962,29.51185402832009,22.116866822422164,3.3048657233919205,4.25090791983298,0,1,1,3
96,4,91.8984599027891,20.79628904500454,20.72047506126841,75.30274909752096,26.05201732458676,21.00459795629633,2.696507003811034,3.3048657233919205,0,1,1,4
96,5,70.0888317689207,21.80423249535568,21.7320847854822,70.07512359462623,29.51778233903909,24.77318708932355,2.7262035167335497,2.696507003811034,1,1,1,5
96,6,42.371251446656544,22.81650103661033,22.69767689491026,65.25855500352473,31.799020835715226,24.775598102609774,3.464697540283019,2.7262035167335497,2,0,0,6
96,7,35.09913268919247,20.69002912583808,20.52370431507609,60.74862295681078,34.18837897981699,24.08977631621657,3.6360593787320337,3.464697540283019,3,0,0,7
96,8,26.835255483722435,18.547382347326717,18.42162068005485,55.56971756221535,31.67229611085739,22.889340585834667,4.131938602735017,3.6360593787320337,4,0,0,8
96,9,26.835255483722435,17.093863742288516,17.08953120367468,65.44003932371817,28.469086418503974,26.36603447873395,4.592179556820354,4.131938602735017,4,1,1,9
97,0,279.8093566284964,21.0,21.0,40.0,25.74624457539805,23.99470783301664,7.161468431630273,0.0,0,0,0,0
97,1,279.8093566284964,19.11492489150796,19.07989415666033,48.95337143351465,25.74624457539805,23.99470783301664,7.161468431630273,7.161468431630273,0,0,0,1
97,2,279.8093566284964,17.484659976972736,17.42221194902335,58.10587624694095,27.24755569183167,23.5996932716478,8.146168038116139,7.161468431630273,0,1,1,2
97,3,226.13480107700207,19.131782008135577,19.127961586329707,67.36659776618497,26.28809719711157,25.1603556875774,8.945759258582381,8.146168038116139,0,1,1,3
97,4,174.7934628988037,20.93152822058669,20.8160536864424,77.52222004465327,31.125578401785297,25.294545367483057,8.5568896963664,8.945759258582381,0,1,1,4
97,5,111.84426368962345,22.02980094468428,21.872303879671797,73.71705824729756,35.900258416517154,26.29328715372887,7.868649901147535,8.5568896963664,1,0,1,5
97,6,76.6256555636518,19.89617442815079,22.92425577964325,68.69388104015977,28.19259084712164,27.2342024465573,7.043721625194324,7.868649901147535,2,0,0,6
97,7,63.281455471969096,19.82487285110361,18.957686489095934,64.1227386491992,27.938097827996906,30.0,6.672100045841353,7.043721625194324,3,0,0,7
97,8,53.30749974102504,17.31270909278332,17.562834868559406,59.79521187604267,29.896512284109445,29.39500564279867,4.986977865472029,6.672100045841353,4,1,1,8
97,9,29.16666201594725,19.26587428640596,19.16377081792533,70.83880349777293,31.353286787390346,30.0,4.023472954179632,4.986977865472029,4,1,1,9
98,0,121.5547484194155,21.0,21.0,40.0,32.36557186423817,17.598937635510342,4.164480213099557,0.0,0,0,0,0
98,1,121.5547484194155,19.247311437284765,18.951978752710207,48.993611709954735,32.36557186423817,17.598937635510342,4.164480213099557,4.164480213099557,0,0,0,1
98,2,121.5547484194155,17.62778697959477,17.441709839233635,59.57352431007583,36.255569754784936,22.52172246811,2.918470662313587,4.164480213099557,0,1,1,2
98,3,103.9002635621932,19.38473745355905,19.254519089674684,70.93260073629412,36.20402772264635,26.90195242301085,2.9424141428703865,2.918470662313587,0,1,1,3
98,4,82.60957552362552,20.508029799726177,20.36253058849674,67.72097446048238,37.35960057705839,28.131364557320808,2.661336004820958,2.9424141428703865,1,1,1,4
98,5,64.45312540851377,21.57392020356797,21.45976743221153,63.203932268267565,33.06439061197947,25.174263875715987,2.269556264388969,2.661336004820958,2,1,1,5
98,6,44.47809627063174,22.56237549972709,22.486927726158054,58.2747914514199,30.71694896648893,25.2322687176907,2.4968786422352545,2.269556264388969,3,0,0,6
98,7,37.68104411813364,20.436650104751656,20.342518516889108,53.61926114689234,31.65378604131045,25.8154900446476,3.3985260762490483,2.4968786422352545,4,0,0,7
98,8,37.68104411813364,19.13373961377101,18.92879994054309,64.20215953080431,35.2264186949781,23.56746121564393,4.217509699698926,3.3985260762490483,4,0,0,8
98,9,37.68104411813364,17.691148348842482,17.603530747510074,75.21639277765783,34.322579934890555,26.86760476985126,4.536949672707271,4.217509699698926,4,1,1,9
99,0,132.4447238814059,21.0,21.0,40.0,30.8160831342532,21.123359991682484,2.3091296276005293,0.0,0,0,0,0
99,1,132.4447238814059,19.216321662685065,19.022467199833653,49.34909976266842,30.8160831342532,21.123359991682484,2.3091296276005293,2.3091296276005293,0,0,0,1
99,2,132.4447238814059,17.546755768150444,17.463867661681242,59.07921261437672,30.55420238786085,23.50198012162969,1.1908137979180042,2.3091296276005293,0,1,1,2
99,3,123.24177772636212,19.32133515307574,19.198972439366187,69.84462293434213,33.584646196717216,26.223188914201728,1.533824359173963,1.1908137979180042,0,1,1,3
99,4,111.72203679802324,21.02537407269113,21.010681827718415,80.48594276962378,30.84424824181074,28.27419528753179,1.9199568213898148,1.533824359173963,0,1,1,4
99,5,94.89945850807064,22.093975837792108,22.020447374543227,76.25500711769973,31.86247105206172,27.96566421502689,2.102822286244072,1.9199568213898148,1,0,0,5
99,6,89.52321291426429,20.06665267616233,19.98868810213556,71.62624610246453,31.30957500493805,26.30841935486638,2.6881227969031807,2.102822286244072,2,0,0,6
99,7,81.76601324460304,18.131889092764823,18.16616480740661,67.09177913016971,28.798766516115133,29.343083637802536,3.878599834830625,2.6881227969031807,3,0,0,7
99,8,71.46987354908595,16.396151158757736,16.28681102236191,63.1555103992332,33.209022408591885,28.25615130842749,5.148069847758547,3.878599834830625,4,1,1,8
99,9,38.89901434089433,18.24100994894103,18.103788207335363,73.19539190827632,32.13915431045234,23.637965184231728,5.428476534698603,5.148069847758547,4,1,1,9
0,0,41.774284769842,21.0,21.0,40.0,32.969097664154,15.4710408718597,3.48812593193225,0.0,0,0,0,0
0,1,41.774284769842,19.25938195328308,18.909420817437194,48.71922493648246,32.969097664154,15.4710408718597,3.48812593193225,3.48812593193225,0,0,0,1
0,2,41.774284769842,17.56274080967607,17.374090213668598,58.35209347337499,34.098941577065816,19.416994739003783,2.237250383112821,3.48812593193225,0,1,1,2
0,3,32.90142124446635,18.57291140877836,18.37237404525661,53.14002304022256,33.61700679934285,20.76037968314361,1.1091079406719566,2.237250383112821,1,1,1,3
0,4,28.66538222314657,19.69690597664489,19.54471425928213,48.98910121625781,35.44515142724666,24.827505106282526,0.5295048776649726,1.1091079406719566,2,1,1,4
0,5,24.28136234261269,20.82866907143088,20.824262962084063,45.23967383725861,32.503181227782214,30.0,0.5480024850667341,0.5295048776649726,3,1,1,5
0,6,22.0153920681864,21.9480547643662,21.93916266876653,41.03588126398217,30.24481328432489,29.73411686413934,0.2832462843032866,0.5480024850667341,4,1,1,6
0,7,13.880514798588994,22.782462438742265,22.886857944342808,35.80461173374795,24.59216549300006,29.67855933903202,1.016859658699676,0.2832462843032866,5,0,0,7
0,8,5.17407018455487,23.47342290837599,20.437016849714777,30.00838268395104,25.69321559175705,25.438845242704595,1.7412889228068242,1.016859658699676,6,0,0,8
0,9,0.0,19.1026405843552,19.87292352392543,24.382589387566178,29.55543501630084,22.523491114894377,2.587035092277435,1.7412889228068242,7,0,0,9
1,0,107.6066292324946,21.0,21.0,40.0,25.7342414983848,16.144992366405123,3.0877237926443666,0.0,0,0,0,0
1,1,107.6066292324946,19.114684829967697,18.922899847328104,47.53826209566218,25.7342414983848,16.144992366405123,3.0877237926443666,3.0877237926443666,0,0,0,1
1,2,107.6066292324946,17.302330971862702,17.296435778180683,55.19141872958136,22.84453563940076,19.67300121570576,1.9380198740122785,3.0877237926443666,0,1,1,2
1,3,95.92069363188592,18.34789028395751,18.20608432835929,49.195871334705856,28.60173119013869,21.42300550499739,1.4607419500760848,1.9380198740122785,1,1,1,3
1,4,82.4852684541516,19.307725397590428,19.33347041699009,42.810747536539736,24.350130853755847,23.51029248976572,1.679428147216791,1.4607419500760848,2,1,1,4
1,5,61.17209756395887,20.624641522020063,20.369179012282597,37.99275447753672,34.47682771181968,22.089877515941293,2.66414636127409,1.679428147216791,3,1,1,5
1,6,34.55944858611513,21.653157068696057,21.51795996204609,32.682861426364525,32.21286023602414,21.62106725746368,3.326581122230468,2.66414636127409,4,1,1,6
1,7,0.0,22.68984086924185,22.427761246654452,28.286540750795183,37.02063365464495,21.88869592552539,4.319931073264391,3.326581122230468,5,0,0,7
1,8,0.0,21.071615919034365,20.857264070535784,38.525191748541694,35.76509059783254,21.11630383409252,5.473906504024445,4.319931073264391,5,0,0,8
1,9,0.0,19.550080032151044,19.28723358949195,50.10577819743516,40.34709562158727,23.989495761154217,5.904224431669166,5.473906504024445,5,0,0,9
2,0,54.07702329001454,21.0,21.0,40.0,27.721293233033787,22.818338600598924,2.160487259115344,0.0,0,0,0,0
2,1,54.07702329001454,19.15442586466068,19.05636677201198,49.09713373005388,27.721293233033787,22.818338600598924,2.160487259115344,2.160487259115344,0,0,0,1
2,2,54.07702329001454,17.465241147270408,17.4829168738033,58.49182733229344,26.389921148875032,25.80282108578918,0.7137980780762005,2.160487259115344,0,1,1,2
2,3,45.059228049737605,18.48276864088928,18.407127418149585,52.689503662570885,27.307563536933053,23.79063829794164,1.127224405034616,0.7137980780762005,1,1,1,3
2,4,37.2747526342482,19.575627900654723,19.47022912963293,47.22536708732025,29.69078795928531,23.28623106710005,0.9730594269361756,1.127224405034616,2,1,1,4
2,5,26.755567360428103,20.656278905746337,20.56175012807189,41.14749467672955,27.937397972884,21.629977523834345,1.3148981592275122,0.9730594269361756,3,1,1,5
2,6,17.801267325871247,21.75593900157819,21.629313241387223,35.94872968949066,31.100262650557788,23.35104297589282,1.119287504319607,1.3148981592275122,4,1,1,6
2,7,12.725920918260538,22.547726883505604,22.53030774131115,29.461806375196858,25.032606994366216,22.26226348177931,0.6344183009513386,1.119287504319607,5,0,0,7
2,8,5.049519248309101,23.204526313497144,23.12815643858324,23.255178913279863,26.46592526731451,22.386144388702185,0.9595502087439296,0.6344183009513386,6,0,0,8
2,9,0.0,20.564165116798332,20.44682056466786,16.3280115242492,25.930922895586534,18.918147165354213,2.5247596241545507,0.9595502087439296,7,0,0,9
3,0,107.56771549326888,21.0,21.0,40.0,32.26903443186937,16.978933102062314,3.585774298766909,0.0,0,0,0,0
3,1,107.56771549326888,19.24538068863739,18.93957866204125,48.864634156107705,32.26903443186937,16.978933102062314,3.585774298766909,3.585774298766909,0,0,0,1
3,2,107.56771549326888,17.5616743986562,17.420512610182083,58.77483826478002,33.350904657636065,21.70578483498792,2.587347300506578,3.585774298766909,0,1,1,2
3,3,89.97916893729507,18.540563436160017,18.47787910299573,53.853798115216335,30.62293243831953,25.37128895299335,2.1985683194967263,2.587347300506578,1,1,1,3
3,4,73.628039774781,19.71804103108651,19.591672917762537,49.723147318071454,33.82197200642916,26.56330134276599,2.043891145314259,2.1985683194967263,2,1,1,4
3,5,59.87834600877473,20.928425665089687,20.851031592293158,46.56088787921501,35.765225339686424,30.0,1.7187117207507852,2.043891145314259,3,1,1,5
3,6,40.84509673318669,22.029819098553823,21.971562606590947,42.35971944071693,32.03362218255116,27.959886492459493,2.379156159448504,1.7187117207507852,4,0,1,6
3,7,25.682902180670908,19.96615942475455,22.859616530587548,37.61181945749844,31.57855164606743,25.377559558274285,3.032438910503157,2.379156159448504,5,0,0,7
3,8,25.682902180670908,20.50770874390809,19.461362211516025,48.775981048419766,35.46929499083572,26.55382495872718,3.450322844313641,3.032438910503157,5,0,0,8
3,9,17.656445967493223,17.958782512297923,17.902853125389623,44.49606348015258,31.929797814504514,27.62621569512222,3.5145769360620824,3.450322844313641,6,1,1,9
4,0,163.85459616137064,21.0,21.0,40.0,31.365327650566044,22.007154082152155,6.196280805323791,0.0,0,0,0,0
4,1,163.85459616137064,19.22730655301132,19.040143081643045,49.60704671188928,31.365327650566044,22.007154082152155,6.196280805323791,6.196280805323791,0,0,0,1
4,2,163.85459616137064,17.582244547932362,17.491791035446393,59.675716691222405,31.633591567781178,24.30346387295844,6.631269941074765,6.196280805323791,0,1,1,2
4,3,128.05443927854003,19.40407216590391,19.283038566540156,71.42871682747575,36.35146392844239,28.94298127296512,5.966692813805103,6.631269941074765,0,1,1,3
4,4,84.48117337088556,20.614056795039488,20.38643880962867,68.99888856706754,41.51534535158693,28.31894209058969,5.446658238456807,5.966692813805103,1,1,1,4
4,5,49.2663118903659,21.665174437505986,21.627070818224784,65.75638970120758,35.319450745222504,30.0,4.401857685064957,5.446658238456807,2,1,1,5
4,6,27.29509088193723,22.82327895752652,22.552722831916352,61.67321923477422,37.37420676699273,23.27484619726643,2.746402626053583,4.401857685064957,3,0,0,6
4,7,15.347259669075829,20.70797547738288,23.49797069505825,58.21242852263234,39.33264963313126,24.77406863274712,2.3895662425722803,2.746402626053583,4,0,0,7
4,8,4.429401281314776,23.469693841998165,19.444700341447277,55.30512040724344,38.29068417179338,28.890937409379404,2.1835716775522105,2.3895662425722803,5,0,0,8
4,9,0.0,18.615065494259124,19.69572613943958,51.76434399424842,35.002111755189766,28.660241505949053,2.214700640657388,2.1835716775522105,6,0,0,9
5,0,222.58066562458677,21.0,21.0,40.0,32.81367886473842,16.657447977782923,7.626198917282052,0.0,0,0,0,0
5,1,222.58066562458677,19.25627357729477,18.93314895955566,48.90480283165384,32.81367886473842,16.657447977782923,7.626198917282052,7.626198917282052,0,0,0,1
5,2,222.58066562458677,17.526190715182874,17.3902893842528,58.18749294771116,31.606218228676816,19.96428241608611,7.878775016079938,7.626198917282052,0,1,1,2
5,3,177.1700667208066,19.276562210123547,19.05861484516289,68.04928940948483,33.86182316647451,20.925934954490288,7.568433150630026,7.878775016079938,0,1,1,3
5,4,134.41428148470789,21.016457499369583,20.838185727939265,78.55745253781963,35.28074154611529,23.09794250018918,7.125964206016454,7.568433150630026,0,1,1,4
5,5,82.97672515716656,22.028798669297174,21.85245258271201,73.69741189507597,33.91224422051305,22.42086331979994,6.429694540942667,7.125964206016454,1,0,1,5
5,6,42.89844126240657,22.921122677878213,22.89171260371149,68.7747942881088,30.050576373092493,25.934881365978743,5.009785486844997,6.429694540942667,2,0,0,6
5,7,20.87567650688183,20.697076227706745,23.6961042278888,63.46076083796737,27.15033819019525,26.66058708679685,4.404552951104948,5.009785486844997,3,0,0,7
5,8,12.002659503317798,20.43568711167284,19.415215400014368,58.46542998320365,30.80983041575277,24.771664835559893,4.436508501782018,4.404552951104948,4,0,0,8
5,9,12.002659503317798,18.48208769072516,18.509977863384613,70.27040139514993,39.74787077635845,25.83530373445421,5.475309228596505,4.436508501782018,4,0,0,9
6,0,80.02825716299756,21.0,21.0,40.0,29.01257819165574,17.67497995388691,5.474584484043433,0.0,0,0,0,0
6,1,80.02825716299756,19.18025156383312,18.95349959907774,48.40376046619768,29.01257819165574,17.67497995388691,5.474584484043433,5.474584484043433,0,0,0,1
6,2,80.02825716299756,17.440608110918568,17.430995056586426,57.73349632378941,27.85689903172367,23.974966843785936,3.747444294252605,5.474584484043433,0,1,1,2
6,3,64.71973100850286,19.22173078976188,19.118642827064757,68.00556498806338,31.18282104234684,25.88422709250853,2.551421025749117,3.747444294252605,0,1,1,3
6,4,46.476831282972825,20.1901528003745,20.16113128782188,62.54140371591035,27.98713844472981,24.989743376642245,2.2803624656912547,2.551421025749117,1,1,1,4
6,5,33.96259350469375,21.351978909446323,21.19243098497192,57.82699988165911,32.77745991641811,24.364741004408312,1.5642797222848843,2.2803624656912547,2,1,1,5
6,6,24.633378353157678,22.36263899786463,22.27592914892884,53.164393058012536,32.079336702378924,25.35062538847351,1.1661518939420097,1.5642797222848843,3,0,0,6
6,7,15.063315973132903,20.22929494412712,23.14516588158133,48.19344673073677,30.61203285489704,25.1049319935709,1.914012476004954,1.1661518939420097,4,0,0,7
6,8,4.33691920961054,22.95765766794233,19.00413473704902,43.44775391779577,30.45322787214557,26.515145389293345,2.145279352704473,1.914012476004954,5,0,0,8
6,9,0.0,18.106075638051635,19.23734538934744,38.91671645358219,30.45012968760041,27.7107732889908,2.16845960480527,2.145279352704473,6,0,0,9
7,0,246.9174782622472,21.0,21.0,40.0,30.779173783334635,20.680614680722343,7.845378414083635,0.0,0,0,0,0
7,1,246.9174782622472,19.21558347566669,19.013612293614447,49.262761923530256,30.779173783334635,20.680614680722343,7.845378414083635,7.845378414083635,0,0,0,1
7,2,246.9174782622472,17.550517869063643,17.35387967486956,58.11454585737656,31.01902742537257,18.15754998488469,7.8555193269582,7.845378414083635,0,1,1,2
7,3,202.7369622552026,19.268053317723385,19.093935960420303,68.31552102443551,34.16376251975196,22.508321741686643,7.363419334507431,7.8555193269582,0,1,1,3
7,4,163.81894597280967,21.09269060451214,20.89986262318188,79.84769515109312,38.16039673152284,25.90723730546388,6.486336047065486,7.363419334507431,0,1,1,4
7,5,110.04169612931533,22.144179897946717,21.96555062466907,75.92689694068889,36.68750221857296,24.863618834736847,6.722156230436796,6.486336047065486,1,0,1,5
7,6,55.13259619695722,23.137540209408236,23.03233528864753,72.36695919000292,35.74779326113881,27.808108123939096,6.86363749154476,6.722156230436796,2,0,0,6
7,7,20.71092963549226,21.026919284097403,23.91609693952504,69.10942189872846,36.17754748869626,29.05835644866782,6.884333312292993,6.86363749154476,3,0,0,7
7,8,7.999877301422392,20.83281560751616,19.764004204310535,66.3736770242022,39.11882801297138,29.015922684104915,6.355526167034934,6.884333312292993,4,0,0,8
7,9,7.999877301422392,18.722941192649248,18.936185527490377,78.14026879928726,35.36995430602813,30.0,5.547577588169711,6.355526167034934,4,0,0,9
8,0,65.94412612227451,21.0,21.0,40.0,32.21736375634937,19.458250283585784,2.6155685206487416,0.0,0,0,0,0
8,1,65.94412612227451,19.244347275126987,18.989165005671715,49.30161052718833,32.21736375634937,19.458250283585784,2.6155685206487416,2.6155685206487416,0,0,0,1
8,2,65.94412612227451,17.5536214361425,17.488215197723108,59.355382527134005,31.47616742569292,24.378121462894168,1.0817492472498542,2.6155685206487416,0,1,1,2
8,3,58.17282487861628,18.661916438763985,18.55247887975141,55.714755429085855,34.780299379992755,28.32732785307307,0.9714126554572792,1.0817492472498542,1,1,1,3
8,4,49.33831309235593,19.770134448265026,19.60337923975184,50.57108477163821,32.368354523625115,22.38903071277685,1.104313973282543,0.9714126554572792,2,1,1,4
8,5,36.15967101969713,20.958790721819582,20.877527239948847,47.40379378499277,36.150887258824426,29.586385037589807,1.6473302590823506,1.104313973282543,3,1,1,5
8,6,25.05008541069048,22.14114624252649,22.0102436773263,44.09212757334361,36.34963410056533,28.58555361249489,1.3886982011258318,1.6473302590823506,4,0,0,6
8,7,16.650831137800388,19.98643239975724,22.86195233908816,38.33264010251982,29.761861114551024,21.574319603094565,1.679850854578018,1.3886982011258318,5,0,0,7
8,8,6.083242348943665,22.617407061128493,18.66591086313509,31.74189326661956,25.580041971796938,21.138031162090503,2.113517757771345,1.679850854578018,6,0,0,8
8,9,0.0,18.06577449044657,18.90592089231588,26.88567914887919,29.933941262016344,26.420424750537165,2.6739149201227184,2.113517757771345,7,0,0,9
9,0,150.70073153058837,21.0,21.0,40.0,33.24437219818739,19.98399187856279,4.816835470534411,0.0,0,0,0,0
9,1,150.70073153058837,19.26488744396375,18.999679837571257,49.58110553381504,33.24437219818739,19.98399187856279,4.816835470534411,4.816835470534411,0,0,0,1
9,2,150.70073153058837,17.49365050940033,17.404208131024973,58.08753008683389,27.85407359904675,19.40384058439131,3.2669729024753416,4.816835470534411,0,1,1,2
9,3,129.3504749713317,18.39811742414377,18.41403235135496,51.99291484850224,25.01012455105857,24.46423523598781,2.6687820699070857,3.2669729024753416,1,1,1,3
9,4,108.808735132973,19.62168503413475,19.47053746683937,47.57581240610489,33.056264888307936,25.737610431706766,2.567717479794837,2.6687820699070857,2,1,1,4
9,5,83.9860292223023,20.77207399724012,20.75580482773048,43.91102780332515,33.02704542917933,29.946373444266555,3.102838238833836,2.567717479794837,3,1,1,5
9,6,47.30574952944448,21.99181337590115,21.889985846663212,40.671402324142576,35.33541400454128,30.0,4.58503496160723,3.102838238833836,4,1,1,6
9,7,11.387510053522874,23.74122511272202,23.545353263829814,52.43934224071302,38.349224682063095,27.028219298883776,5.986373245986933,4.58503496160723,4,0,0,7
9,8,11.387510053522874,22.14466817453462,21.98223399873204,64.89148518041836,40.11917920538199,29.059392681869905,6.334199935528179,5.986373245986933,4,0,0,8
9,9,11.387510053522874,20.597925153184523,20.3887660060279,78.01248977949496,42.89446999487001,30.0,5.905328841960904,6.334199935528179,4,0,0,9
10,0,71.69489884577965,21.0,21.0,40.0,25.90433139596119,21.46027891507768,3.540414306427775,0.0,0,0,0,0
10,1,71.69489884577965,19.118086627919222,19.029205578301557,48.525629855987,25.90433139596119,21.46027891507768,3.540414306427775,3.540414306427775,0,0,0,1
10,2,71.69489884577965,17.520030440883517,17.361826924433377,57.83797104307545,30.48931019196516,21.24591862519289,1.297423150968267,3.540414306427775,0,1,1,2
10,3,65.95380436329819,18.57669100509272,18.418224791892303,53.51786032649848,34.814540824005924,24.518177417233144,0.7176368103101821,1.297423150968267,1,1,1,3
10,4,57.29796997745252,19.79381389406782,19.61792847230017,50.49603189860704,38.858330954607,27.68706666821836,1.0819792982307084,0.7176368103101821,2,1,1,4
10,5,47.498589899871895,20.999815559756176,20.85281251893201,47.16587966959523,37.41046049216204,27.422027124438983,1.224922509697578,1.0819792982307084,3,1,1,5
10,6,33.220386287359645,22.16459362763641,21.98428667004335,43.69951491133878,37.64807241751762,26.427678925502114,1.7847754515640313,1.224922509697578,4,0,1,6
10,7,21.10542996631232,20.09682900471789,22.98076954318677,40.02327966164998,35.70869080442363,27.201113363971903,2.422991264209464,1.7847754515640313,5,0,0,7
10,8,6.866316143983765,23.0018139617442,18.945033364099253,37.54766558658852,39.57992180521409,30.0,2.8478227644657115,2.422991264209464,6,0,0,8
10,9,0.0,18.20938001973594,19.291893287963813,34.55835378617901,36.72604555328055,30.0,3.4331580719918824,2.8478227644657115,7,0,0,9
11,0,86.3861267211438,21.0,21.0,40.0,34.82587986096777,15.596075442048257,4.799463810209832,0.0,0,0,0,0
11,1,86.3861267211438,19.29651759721936,18.911921508840965,49.07595195454289,34.82587986096777,15.596075442048257,4.799463810209832,4.799463810209832,0,0,0,1
11,2,86.3861267211438,17.53096206546597,17.393368765696664,58.27526444554273,31.8779489654034,19.22934265126242,3.0888686722699545,4.799463810209832,0,1,1,2
11,3,69.12300802873857,18.57233817758657,18.329533875364987,52.77372495931408,33.48666984206323,19.282555234444267,2.157889836550654,3.0888686722699545,1,1,1,3
11,4,52.508745699557245,19.629117850541636,19.44351234608574,47.4535413304281,33.34954868670936,20.42720893059076,2.0767827911476653,2.157889836550654,2,1,1,4
11,5,41.0001352721724,20.6507543532275,20.618470610815223,41.619569644506186,27.660324605054164,23.26205491760185,1.4385763034231056,2.0767827911476653,3,1,1,5
11,6,30.06540447722468,21.616725476715256,21.60504574252689,34.53478840893947,22.52084021289357,21.452597367291343,1.3668413493684646,1.4385763034231056,4,1,1,6
11,7,17.929698339089487,22.538272476982247,22.37012320524944,27.845310903538483,27.3761145069524,18.79345490748656,1.5169632672668991,1.3668413493684646,5,0,0,7
11,8,6.3897358011099925,23.042738953555855,20.00562089539583,20.45385274840227,23.323909449951604,18.945767465958323,2.307992507595899,1.5169632672668991,6,0,0,8
11,9,0.0,18.551825007482464,19.45105769698821,13.0567740817544,21.41679412453456,20.82165772742172,3.1948679005549963,2.307992507595899,7,0,0,9
12,0,47.75862341386375,21.0,21.0,40.0,26.68594523517113,17.989768671675385,3.320456356147975,0.0,0,0,0,0
12,1,47.75862341386375,19.133718904703425,18.959795373433508,48.04162850323237,26.68594523517113,17.989768671675385,3.320456356147975,3.320456356147975,0,0,0,1
12,2,47.75862341386375,17.39715829982498,17.40985551154767,57.11597892230178,26.19352513331667,24.21953275040224,1.379961674883056,3.320456356147975,0,1,1,2
12,3,39.44716696943494,18.531407323211848,18.376674753102424,52.62059750663646,32.9525812324119,25.406410902780777,1.0389320555536008,1.379961674883056,1,1,1,3
12,4,29.743456520349422,19.620046061233538,19.594578656073637,48.52806337463066,32.095695704802225,28.501336895165583,1.212963806135689,1.0389320555536008,2,1,1,4
12,5,21.37907971998767,20.783705737764304,20.7338783185518,43.77916790166276,29.91198137187892,27.03859933385496,1.0455471000452197,1.212963806135689,3,1,1,5
12,6,13.478140911255062,21.798609115806208,21.864948764526087,38.658757968493006,26.158520167291893,28.72809131509836,0.9876173510915758,1.0455471000452197,4,1,1,6
12,7,5.245876113313782,22.617436272427867,22.768599076745137,32.68956551073374,20.808959032893394,29.362193979555126,1.02903309974266,0.9876173510915758,5,0,0,7
12,8,0.869564364777178,23.303210103480914,20.292053518365883,26.351360009428845,23.20573386964927,24.915346678656856,0.8752623497073209,1.02903309974266,6,0,0,8
12,9,0.0,18.89180062302144,19.83070694612297,21.000984564394173,25.91552896350606,27.693496341856868,0.434782182388589,0.8752623497073209,7,0,0,9
13,0,134.63283482709002,21.0,21.0,40.0,29.72369114070828,15.898684800310212,4.21110481848003,0.0,0,0,0,0
13,1,134.63283482709002,19.194473822814167,18.917973696006207,48.21202766938333,29.72369114070828,15.898684800310212,4.21110481848003,4.21110481848003,0,0,0,1
13,2,134.63283482709002,17.536817816914052,17.315488841640192,57.54065446355119,33.51982753892794,18.305876873115736,3.424457236432632,4.21110481848003,0,1,1,2
13,3,114.43872554316305,19.11804403469671,19.12055624018704,67.05306477284032,28.020524147543284,24.82619979295188,3.3656848806544994,3.424457236432632,0,1,1,3
13,4,81.64131829997586,20.176708559463048,20.05899044209323,61.37300179066369,28.812825331466435,22.964602545330152,4.099675905398395,3.3656848806544994,1,1,1,4
13,5,47.38113969673366,21.191732847703765,21.23000907033308,56.49082537076474,28.031045814821496,28.179085185739893,4.282522325405276,4.099675905398395,2,1,1,5
13,6,19.015973870678472,22.232655205748117,22.28099206826032,51.69754130074213,26.85649546185668,29.847481926906653,3.5456457282568987,4.282522325405276,3,0,0,6
13,7,0.0,20.15254757119054,23.15418467204658,47.12889680078316,28.57253350987129,29.37944149035664,3.803194774135694,3.5456457282568987,4,0,0,7
13,8,0.0,20.628862215267805,19.730489042640784,57.90983518211509,29.894102118510705,30.0,4.471584176260079,3.803194774135694,4,0,0,8
13,9,0.0,18.53934428611917,18.762658469165743,68.38580656024448,30.254864713342,27.944976276265702,4.6814320876455815,4.471584176260079,4,0,0,9
14,0,277.75081342728333,21.0,21.0,40.0,26.261996141262443,21.0592616014806,6.718174782949236,0.0,0,0,0,0
14,1,277.75081342728333,19.12523992282525,19.02118523202961,48.51782639369375,26.261996141262443,21.0592616014806,6.718174782949236,6.718174782949236,0,0,0,1
14,2,277.75081342728333,17.570890894040453,17.3888198851944,58.53787142210776,33.165643814379706,22.501273010142626,7.095742357852822,6.718174782949236,0,1,1,2
14,3,231.5816502824602,19.301850767461467,19.1733648485563,69.30984642409005,34.49983332225874,25.34447224430956,7.694860524137188,7.095742357852822,0,1,1,3
14,4,189.2759463698061,21.044637273419696,21.02582501335625,80.62606874570497,32.86790178674952,30.0,7.050950652109013,7.694860524137188,0,1,1,4
14,5,136.10543035007754,22.15153532481016,22.07354649293517,77.11236881290304,33.99720182290064,29.8155763281998,6.646314502466072,7.050950652109013,1,0,0,5
14,6,104.28564680478718,23.13803823961458,20.102448769774934,73.25358917367151,32.42248732052146,29.47318135041445,6.363956709058075,6.646314502466072,2,0,0,6
14,7,68.88453198225551,19.20344554242753,23.01209477374896,69.17681547358009,32.89298551828559,27.79160503676208,7.0802229645063335,6.363956709058075,3,0,0,7
14,8,55.07623091761467,19.647313406525782,18.25011775817345,64.23912762521888,34.3158890617833,21.585845113987737,6.904150532320421,7.0802229645063335,4,0,0,8
14,9,55.07623091761467,17.424613758985373,17.630145721083043,74.43146228139557,33.65270902180258,22.97137240140121,7.120588356391643,6.904150532320421,4,1,1,9
15,0,284.65848186506673,21.0,21.0,40.0,27.966960170684136,18.15766526431868,7.050567612508024,0.0,0,0,0,0
15,1,284.65848186506673,19.159339203413683,18.963153305286376,48.3024325783005,27.966960170684136,18.15766526431868,7.050567612508024,7.050567612508024,0,0,0,1
15,2,284.65848186506673,17.558086371394566,17.3140283399951,57.72796742996174,33.754886275556096,18.60919623367299,7.3089941957224385,7.050567612508024,0,1,1,2
15,3,237.674841758466,19.185010260257965,19.1243056733046,67.71637343939324,31.09362215775104,24.397522339090624,7.830606684433463,7.3089941957224385,0,1,1,3
15,4,189.03150874213776,21.080495080615474,20.863692376747267,79.23990972417641,37.885175012142064,26.134471014431107,8.107222169388034,7.830606684433463,0,1,1,4
15,5,123.40072470535304,22.08616264199573,21.99742002354126,75.47554353974644,35.054679672512414,27.36550819176548,8.20384800459809,8.107222169388034,1,0,1,5
15,6,63.84979548522899,23.05245803931988,22.954696983664896,70.66291915575974,31.40786162982004,25.18866957025388,7.443866152515507,8.20384800459809,2,0,0,6
15,7,28.00545134722804,20.74303022300401,23.81124233920129,65.22472475980602,25.58847613483113,27.53266610987048,7.168868827600191,7.443866152515507,3,0,0,7
15,8,13.49199137050754,20.42420264686803,19.58189593387528,60.32131246300813,26.092153906678394,30.0,7.25672998836025,7.168868827600191,4,0,0,8
15,9,13.49199137050754,18.46772101486383,18.58793476920347,71.44150778521775,34.2013879395368,27.577474961627782,7.582481516187621,7.25672998836025,4,0,0,9
16,0,189.7605112894593,21.0,21.0,40.0,34.62841056110579,15.575079902738878,7.829453572332031,0.0,0,0,0,0
16,1,189.7605112894593,19.29256821122212,18.91150159805478,49.03662828349204,34.62841056110579,15.575079902738878,7.829453572332031,7.829453572332031,0,0,0,1
16,2,189.7605112894593,17.59821416619066,17.373942355730204,58.701763295261685,35.31239211518222,18.38280239464918,7.930253572494083,7.829453572332031,0,1,1,2
16,3,150.99881481087817,19.28737255313325,19.05604339499562,68.18673077048724,33.81239940752076,18.88186434373233,6.4602827464301935,7.930253572494083,0,1,1,3
16,4,106.96311818490852,20.250466064350448,20.106772744981924,62.75151910501,31.89615815503073,21.24155481454018,5.504462078246204,6.4602827464301935,1,1,1,4
16,5,68.04027929977227,21.330569364290827,21.11018418272072,57.05597490289695,32.433039984202544,19.25838111516936,4.865354860642032,5.504462078246204,2,1,1,5
16,6,25.530314913252017,22.268426692831955,22.155966215177703,51.30540734419037,30.15726869561384,21.228467089349618,5.313745548315031,4.865354860642032,3,0,0,6
16,7,0.0,20.146471309569804,23.00219275376948,46.03710958974104,31.48292371505573,22.58208876022572,5.106062982650403,5.313745548315031,4,0,0,7
16,8,0.0,20.479216019543056,19.61315570076214,55.69558438981484,27.06269380489693,26.59549952884645,5.396712350299118,5.106062982650403,4,0,0,8
16,9,0.0,18.28771170142825,18.54514227703958,64.11175103117796,23.437928671026736,23.31855266987953,6.212880434788941,5.396712350299118,4,0,0,9
17,0,64.20145467094943,21.0,21.0,40.0,25.81871451238587,16.634519240858396,2.162420574632746,0.0,0,0,0,0
17,1,64.20145467094943,19.11637429024772,18.93269038481717,47.64158207558397,25.81871451238587,16.634519240858396,2.162420574632746,2.162420574632746,0,0,0,1
17,2,64.20145467094943,17.382145859313844,17.337459713132375,56.28930012919906,26.516221983085657,21.52665609255376,0.0,2.162420574632746,0,1,1,2
17,3,64.20145467094943,18.36006620231753,18.271407129042423,50.01244674424899,26.782585747821816,21.67933989134448,0.0,0.0,1,1,1,3
17,4,60.06871902328827,19.443389176547345,19.24050699735247,43.38388655570696,28.99099700570732,17.517001946836952,0.5165919559576447,0.0,2,1,1,4
17,5,49.467640568223615,20.51735284874525,20.39990539932775,37.530960010150736,29.866339952854123,20.95073479405577,1.3251348068830813,0.5165919559576447,3,1,1,5
17,6,30.637487189831734,21.67753833102305,21.45074263469184,32.455696892193416,34.11946184014111,21.0179652823182,2.353769172298984,1.3251348068830813,4,1,1,6
17,7,8.892647651676922,22.49578222739853,22.40122252390483,26.42097206200832,28.96850244820124,20.83858182854821,2.718104942269352,2.353769172298984,5,0,0,7
17,8,8.892647651676922,20.88312400995557,20.806221032554056,36.29064718941295,30.047536454031103,24.783992031550195,3.485124369501524,2.718104942269352,5,0,0,8
17,9,0.0,18.426863389916807,18.39759191555948,29.295741863996305,23.54493328550933,20.92781490662042,4.446323825838461,3.485124369501524,6,0,0,9
18,0,186.90260572978423,21.0,21.0,40.0,34.443744382523725,18.677464581644607,5.439305139141203,0.0,0,0,0,0
18,1,186.90260572978423,19.28887488765048,18.97354929163289,49.5618176135503,34.443744382523725,18.677464581644607,5.439305139141203,5.439305139141203,0,0,0,1
18,2,186.90260572978423,17.571494775311347,17.515530586613608,59.78810178830429,32.17039161744754,24.64229824229684,5.173678751356942,5.439305139141203,0,1,1,2
18,3,161.5968678934055,19.434041245002533,19.14754595476272,70.4861729242241,37.29897793767242,22.13475059521549,4.217622972729792,5.173678751356942,0,1,1,3
18,4,125.7347221945072,20.374781738673107,20.240642842960703,65.44544607120515,33.166834700111565,22.16246056089426,4.482768212362283,4.217622972729792,1,1,1,4
18,5,84.3725694920131,21.426547142998977,21.306716578486053,60.29118868371181,31.351090865406764,23.34747920407466,5.170269087811764,4.482768212362283,2,1,1,5
18,6,37.601830130457536,22.391508175195,22.330873635978204,54.853188840241856,28.975704260183488,24.14651883165008,5.846342420194445,5.170269087811764,3,0,0,6
18,7,9.256604174963998,20.36655675954194,23.16902012019648,50.65339631776001,35.39375135420171,24.60740129867693,5.669045191098707,5.846342420194445,4,0,0,7
18,8,9.256604174963998,20.762580033485133,19.798807239396176,61.39901727818587,32.92479175960908,26.77310246497904,5.452723249038635,5.669045191098707,4,0,0,8
18,9,9.256604174963998,18.736905844763232,18.859015278649963,72.88376224819073,36.07762946962353,27.72650925262572,5.09481180561829,5.452723249038635,4,0,0,9
19,0,69.00634030053895,21.0,21.0,40.0,27.195361581889124,23.8040828251533,2.545518663374168,0.0,0,0,0,0
19,1,69.00634030053895,19.143907231637783,19.076081656503067,49.17989999326764,27.195361581889124,23.8040828251533,2.545518663374168,2.545518663374168,0,0,0,1
19,2,69.00634030053895,17.551462326097315,17.50220692202259,59.44970500203058,30.267313050831127,26.78715922007411,0.3549780248563962,2.545518663374168,0,1,1,2
19,3,69.00634030053895,18.45966362209454,18.5444731533773,53.82090684113064,24.28029346821377,27.78193897123093,0.0,0.3549780248563962,1,1,1,3
19,4,63.32176156742092,19.60559452393641,19.6318452175824,49.15566486385332,27.41532234845933,30.0,0.7105723416397536,0.0,2,1,1,4
19,5,55.21718937189467,20.787531493391388,20.755208469830528,44.44837085692348,29.202045367427065,27.97965459407385,1.0130715244407815,0.7105723416397536,3,1,1,5
19,6,38.84780796074509,21.99893885041132,21.7860740736421,40.217293471306704,35.477716024779184,24.34963183290538,2.046172676393698,1.0130715244407815,4,1,1,6
19,7,8.153235830491292,22.83567595656917,22.73478897200072,34.9241813739783,31.08223794740131,22.84491706744089,3.836821516281724,2.046172676393698,5,0,0,7
19,8,8.153235830491292,21.268586237840648,21.1240972207821,45.668874810542206,34.2152484678489,25.47749284639502,3.9305006163559337,3.836821516281724,5,0,0,8
19,9,0.0,18.83249688709894,18.777356815924037,40.045513892529385,28.50838907949843,23.58405026487481,4.076617915245646,3.9305006163559337,6,0,0,9
20,0,118.83465285500996,21.0,21.0,40.0,34.03487760059643,23.695520081705304,4.413504388883472,0.0,0,0,0,0
20,1,118.83465285500996,19.28069755201193,19.07391040163411,50.39147158281431,34.03487760059643,23.695520081705304,4.413504388883472,4.413504388883472,0,0,0,1
20,2,118.83465285500996,17.630752155860794,17.535067547226863,60.58021625569502,32.24508737946167,24.35904969209785,3.656268232980983,4.413504388883472,0,1,1,2
20,3,105.28595753075248,19.287488204926348,19.24482266864239,70.19656629242833,28.49635640722365,24.927810463516977,2.2581158873762464,3.656268232980983,0,1,1,3
20,4,87.13456888398669,20.39701421988161,20.32613419533284,66.52449218382688,33.55845294528952,29.37446867359129,2.2689235808457227,2.2581158873762464,1,1,1,4
20,5,67.41907570819231,21.456640679581792,21.478753888841304,62.31684936677297,29.957539905256056,30.0,2.464436646974297,2.2689235808457227,2,1,1,5
20,6,35.393433073014066,22.518422686473365,22.45229789973737,57.476638638442495,29.708907464702243,26.73436626679511,4.00320532939728,2.464436646974297,3,0,0,6
20,7,9.511629573161688,20.412745389865552,23.227466336449456,52.20701565734592,32.15673728843194,21.90091281658705,5.176360699970475,4.00320532939728,4,0,0,7
20,8,9.511629573161688,20.761957125805257,19.738582969517108,61.55746976247089,30.44743043317154,21.49953681752274,5.582599594033492,5.176360699970475,4,0,0,8
20,9,9.511629573161688,18.601497289256177,18.66394126310964,70.56073373127677,31.12327340584094,18.89485975419172,5.259059928808536,5.582599594033492,4,0,0,9
21,0,90.1649113177926,21.0,21.0,40.0,34.599403986625305,23.335456982769287,2.858771193312025,0.0,0,0,0,0
21,1,90.1649113177926,19.29198807973251,19.066709139655387,50.42827497449103,34.599403986625305,23.335456982769287,2.858771193312025,2.858771193312025,0,0,0,1
21,2,90.1649113177926,17.73435533804549,17.629347836118626,62.36484783455082,37.47192643224938,28.842367234749485,0.8403912450439786,2.858771193312025,0,1,1,2
21,3,88.67909882193914,19.01016635705264,18.7367124553504,60.90945320507352,45.24780761401495,30.0,0.1857265619816808,0.8403912450439786,1,1,1,3
21,4,77.02870127394029,20.28777683491245,19.95865608225587,59.30893930949911,47.49971781369669,26.94187165533436,1.4562996934998558,0.1857265619816808,2,1,1,4
21,5,57.42932346902653,21.4378103881974,21.216726775412315,56.43497538329842,41.67892950288291,25.687937573779973,2.44992222561422,1.4562996934998558,3,1,1,5
21,6,33.34993693157122,22.499222667868867,22.407599160600203,53.29462081428133,36.89217430811269,28.99474475290343,3.009923317181913,2.44992222561422,4,0,0,6
21,7,17.01630399460158,20.42253798204104,23.364518447213868,49.86418009735128,34.2753293503886,30.0,3.2667265873939293,3.009923317181913,5,0,0,7
21,8,17.01630399460158,20.89557317326947,19.95558342170127,61.18074060549844,32.86978060081759,30.0,3.187670722431196,3.2667265873939293,5,0,0,8
21,9,10.488691910549372,17.9813153825187,18.27059582113912,55.82226478878053,26.599923791479128,26.96409944897689,3.2638060420261024,3.187670722431196,6,1,0,9
22,0,75.70023170694292,21.0,21.0,40.0,28.166889866459577,18.23033519432189,2.688792673307084,0.0,0,0,0,0
22,1,75.70023170694292,19.16333779732919,18.96460670388644,48.35150051094067,28.166889866459577,18.23033519432189,2.688792673307084,2.688792673307084,0,0,0,1
22,2,75.70023170694292,17.36929593942902,17.306742342591587,55.96818635890426,24.2117838105442,18.10313756703134,0.7776770281755178,2.688792673307084,0,1,1,2
22,3,67.30312419575704,18.38466086536438,18.27250923638662,50.27549895992109,29.126588814660344,22.580703413210927,1.0496384388982352,0.7776770281755178,1,1,1,3
22,4,59.31469057774233,19.447714863056795,19.39302578187808,44.85039517052708,28.80529816515105,24.38856967154888,0.9985542022518386,1.0496384388982352,2,1,1,4
22,5,54.89328809128824,20.676570654520475,20.498730471169686,40.04941430814129,33.18678140820518,23.474436022984865,0.5526753108067615,0.9985542022518386,3,1,1,5
22,6,42.36471725855733,21.71253346919292,21.616274216618574,34.68874436235444,30.516199506748173,23.035634127769363,1.5660713540913638,0.5526753108067615,4,1,1,6
22,7,24.919652299853777,22.74108702789247,22.579349362512485,30.84063785130118,35.74286794254805,26.212095884933824,2.1806331198379447,1.5660713540913638,5,0,0,7
22,8,9.380920867402049,23.47370412208221,20.394847266986947,27.493373821018796,35.553164894724866,29.18425715926184,3.107746286490346,2.1806331198379447,6,0,0,8
22,9,0.0,19.200987297086275,20.00997155503293,24.32542900825613,35.73363992909633,30.0,4.690460433701024,3.107746286490346,7,0,0,9
23,0,102.19336742958548,21.0,21.0,40.0,25.76796364159105,19.96838472796109,5.173609915985651,0.0,0,0,0,0
23,1,102.19336742958548,19.11535927283182,18.999367694559226,48.23254270651938,25.76796364159105,19.96838472796109,5.173609915985651,5.173609915985651,0,0,0,1
23,2,102.19336742958548,17.482457367932682,17.400306977080938,57.81682514539924,29.54670338300439,23.69931016632816,3.286395155416964,5.173609915985651,0,1,1,2
23,3,84.89060416232726,18.32700834735119,18.441410676491127,51.45089693499445,21.739602451765208,26.22746304598596,2.162845408407277,3.286395155416964,1,1,1,3
23,4,76.38216149132496,19.40947211763254,19.449446798084782,45.28828131370288,22.69090546100109,26.405674420712387,1.0635553338752883,2.162845408407277,2,1,1,4
23,5,63.89734787257258,20.576126050942445,20.493391131315853,39.38800096709254,27.045561924466508,23.508436149920485,1.5606017023440475,1.0635553338752883,3,1,1,5
23,6,40.074080565640045,21.604045229251604,21.66317849704446,34.329925327464906,26.75863675896801,28.47427635421184,2.9779084133665665,1.5606017023440475,4,1,1,6
23,7,0.0,22.63446328381289,22.52966301186397,29.573858035933853,30.631875924912688,26.27886134435924,5.009260070705006,2.9779084133665665,5,0,0,7
23,8,0.0,21.006373103071557,20.93294325557843,39.52959049917635,30.27656062484088,25.03306417095077,5.620503144535842,5.009260070705006,5,0,0,8
23,9,0.0,19.39118526060285,19.2757419621812,49.49216476879264,31.11062373234024,24.237011098861345,5.905771797368791,5.620503144535842,5,0,0,9
24,0,178.29238437723782,21.0,21.0,40.0,28.41961949667652,21.42062755476349,5.087325733921341,0.0,0,0,0,0
24,1,178.29238437723782,19.168392389933533,19.028412551095272,48.9712444692592,28.41961949667652,21.42062755476349,5.087325733921341,5.087325733921341,0,0,0,1
24,2,178.29238437723782,17.53519924347207,17.538588276091353,59.609903892621446,30.516954707366715,28.586708755756867,5.010087191728491,5.087325733921341,0,1,1,2
24,3,148.86648149508088,19.241882818181647,19.231520899876983,69.44155021631012,27.543758889885048,27.076498463940936,4.904317147026156,5.010087191728491,0,1,1,3
24,4,110.91956075928346,20.31849727475016,20.23838620001608,64.7502396033066,30.71573955284951,26.55475704157539,4.743365091974677,4.904317147026156,1,1,1,4
24,5,74.11820293029463,21.4327619015134,21.26362613126153,59.73828398304971,32.573795038310955,22.91534040470633,4.600169728623603,4.743365091974677,2,1,1,5
24,6,39.50957149456868,22.31309131606981,22.32035912035225,53.79859484537141,26.254353342943705,24.080707003287944,4.326078929465744,4.600169728623603,3,0,0,6
24,7,18.444270001204377,20.147199510509985,23.170768397506563,48.360665712876894,25.91757725826013,27.205038672325863,4.2130602986728585,4.326078929465744,4,0,0,7
24,8,18.444270001204377,20.56979663472195,19.62321283815152,57.55351914417935,26.523532237626466,24.547875714053824,4.354107433346229,4.2130602986728585,4,0,0,8
24,9,9.796451695182157,18.020406215932294,17.852375629162054,51.66592217635606,29.81251653007518,20.81194475979547,3.806267622593431,4.354107433346229,5,0,1,9
25,0,48.776047463774894,21.0,21.0,40.0,32.18852103928587,21.555851194735737,3.82053127158419,0.0,0,0,0,0
25,1,48.776047463774894,19.24377042078572,19.03111702389472,49.67398700212389,32.18852103928587,21.555851194735737,3.82053127158419,3.82053127158419,0,0,0,1
25,2,48.776047463774894,17.60567989960589,17.46619694036851,59.66298202960666,32.82918286729137,22.66523395205737,1.782093593711708,3.82053127158419,0,1,1,2
25,3,42.98609415474365,18.661816639614944,18.594216307149253,56.15376791631655,34.654980191227864,29.182719179382627,0.7237441636289053,1.782093593711708,1,1,1,3
25,4,39.05742382887084,19.79583062076121,19.70361175009396,51.806190615598325,32.402537313734385,26.77758879338659,0.4910837907341021,0.7237441636289053,2,1,1,4
25,5,34.73919029540345,20.923527094769845,20.831402253652183,46.88637977784503,30.99528800863112,25.00576289273945,0.5397791916834228,0.4910837907341021,3,1,1,5
25,6,26.46443532117212,22.05238307189243,21.872999407021325,42.19989436585037,33.82417956350818,23.47312370318817,1.0343443717789171,0.5397791916834228,4,0,1,6
25,7,17.110350546407062,19.95085493665899,22.8810877896629,38.12308905392125,33.43176362829917,27.252651305427925,1.870816954953012,1.0343443717789171,5,0,0,7
25,8,5.879365724552311,22.826519994391063,18.694345648153,33.80345198398575,35.995287064157075,23.34006254731237,2.24619696437095,1.870816954953012,6,0,0,8
25,9,0.0,18.014052821320416,19.00554917184009,29.84032015870429,36.61400535039012,24.70192895360177,2.925182112335702,2.24619696437095,7,0,0,9
26,0,273.9549327585108,21.0,21.0,40.0,27.940953683034884,18.170431886567712,6.965563246551776,0.0,0,0,0,0
26,1,273.9549327585108,19.1588190736607,18.963408637731355,48.30004940252847,27.940953683034884,18.170431886567712,6.965563246551776,6.965563246551776,0,0,0,1
26,2,273.9549327585108,17.46055131655773,17.3408949776891,57.09171335809904,28.87827550665968,19.96430202428799,8.037966652431532,6.965563246551776,0,1,1,2
26,3,226.5801642780646,19.03170670589832,18.988935697628094,65.05447177606217,24.08547113150123,20.152075634960617,7.895794746741033,8.037966652431532,0,1,1,3
26,4,181.12949112597568,20.698787411229254,20.621051320355857,73.29712512213958,25.160444128521195,20.632074460797707,7.57511219201482,7.895794746741033,0,1,1,4
26,5,121.32398532005033,21.60131812380489,21.647926140271487,67.08093800336286,23.81730049550588,24.981659955734564,7.475688225740667,7.57511219201482,1,1,1,5
26,6,63.793666711998114,22.606395513329858,22.618732412505512,61.98821079686249,26.86221960127477,28.178184807056525,7.191289826006526,7.475688225740667,2,0,0,6
26,7,34.84699838544442,20.463441120320752,23.44429803479754,57.06563522403589,28.3788960253002,27.606795236774268,5.789333665310738,7.191289826006526,3,0,0,7
26,8,26.300813333524665,20.23842073195449,19.28349386945735,53.04148771065957,32.005223833362955,28.97173442565745,4.273092525959882,5.789333665310738,4,0,0,8
26,9,18.662108638116692,17.519028876611788,17.73539550169742,49.4724906136312,33.50557168317574,30.0,3.819352347703983,4.273092525959882,5,1,1,9
27,0,58.930245528329216,21.0,21.0,40.0,33.71081447619661,15.18451614086729,2.9478453291346094,0.0,0,0,0,0
27,1,58.930245528329216,19.27421628952393,18.903690322817347,48.8011595110715,33.71081447619661,15.18451614086729,2.9478453291346094,2.9478453291346094,0,0,0,1
27,2,58.930245528329216,17.504148437252063,17.436814050920752,58.39747011428719,31.118722750848004,22.19411393368359,1.4201837540545412,2.9478453291346094,0,1,1,2
27,3,52.74763100077073,18.62120765562035,18.447470548389397,54.262469565799776,35.02898961023811,25.332118453720696,0.772826815944811,1.4201837540545412,1,1,1,3
27,4,48.83759908012292,19.63559471453246,19.65140897145285,49.520517517563945,29.40224952501167,27.586905762567007,0.4887539900809765,0.772826815944811,2,1,1,4
27,5,40.37547703439981,20.698131485026146,20.818756904427502,44.17909139654099,23.695129474110423,29.96361429798427,1.0577652557153892,0.4887539900809765,3,1,1,5
27,6,22.36278221688221,21.9313642605339,21.864505962343937,40.25512744786697,31.53353361847768,30.0,2.2515868521897,1.0577652557153892,4,1,1,6
27,7,0.0,22.81259672581976,22.841436650693257,35.62618726154889,28.588938597037,29.02806036786257,2.795347777110276,2.2515868521897,5,0,0,7
27,8,0.0,21.36784353944426,21.146051697474704,46.78488227443939,36.32487164849459,25.66787842311929,4.320651884373138,2.795347777110276,5,0,0,8
27,9,0.0,19.7541800481527,19.485409139117145,57.247325310449135,37.44505330735414,20.67963022603335,5.413786653702503,4.320651884373138,5,0,0,9
28,0,214.663816514382,21.0,21.0,40.0,25.97211810438348,22.46236121316544,6.63486851691597,0.0,0,0,0,0
28,1,214.663816514382,19.11944236208767,19.04924722426331,48.71820627715881,25.97211810438348,22.46236121316544,6.63486851691597,6.63486851691597,0,0,0,1
28,2,214.663816514382,17.551136119118507,17.349931100760028,58.030117376247375,31.42300871233525,20.309830727045707,6.234863696921138,6.63486851691597,0,1,1,2
28,3,180.5007468414652,19.22603539624754,19.10944963091016,68.0195299092752,32.17204991842274,23.324686376176302,5.693844945486135,6.234863696921138,0,1,1,3
28,4,134.0958036575665,20.27982424111965,20.13142339921462,63.13463818268156,32.68193726934052,23.513108694028084,5.800617897987333,5.693844945486135,1,1,1,4
28,5,86.2016593040789,21.32365963651004,21.343294180236096,59.03742487706447,30.9076613166444,29.66337587437175,5.98676804418595,5.800617897987333,2,1,1,5
28,6,41.88417699040068,22.58482150773682,22.397184035976853,56.47314885484377,39.08735543210727,30.0,5.539685289209778,5.98676804418595,3,0,0,6
28,7,13.9588507058292,20.49428717316008,23.374156385653976,53.16620421046476,36.89126004702173,28.070158595317093,5.585065256914295,5.539685289209778,4,0,0,7
28,8,13.9588507058292,21.014951541296178,19.931376088806907,64.68006828537393,37.47332298216413,26.4925885451091,6.546116752613965,5.585065256914295,4,0,0,8
28,9,13.9588507058292,18.894007595437948,19.06808582693181,76.34234705249149,36.17007890387185,28.620358691225714,7.114802477509094,6.546116752613965,4,0,0,9
29,0,145.21191811325423,21.0,21.0,40.0,30.31986999720141,18.504111555298973,6.086083192820235,0.0,0,0,0,0
29,1,145.21191811325423,19.20639739994403,18.97008223110598,48.78831667945007,30.31986999720141,18.504111555298973,6.086083192820235,6.086083192820235,0,0,0,1
29,2,145.21191811325423,17.48838229431698,17.4281140385726,58.17599043357589,29.355941699133417,22.79780137934336,5.850459089465539,6.086083192820235,0,1,1,2
29,3,115.43299088384298,19.28863453898445,19.044167625124597,68.01628138377644,33.897826292914075,20.770456763755654,4.963154538235211,5.850459089465539,0,1,1,3
29,4,82.7170464689724,20.192874993125507,20.13720742548263,62.42263385234168,29.353947902146498,22.9035658121048,4.089493051858822,4.963154538235211,1,1,1,4
29,5,57.82411720203466,21.327354479988998,21.183907219321757,57.58162978578778,32.2231214224641,24.21574487445868,3.1116161583672173,4.089493051858822,2,1,1,5
29,6,35.51208967856176,22.335800617928527,22.25246174022919,52.73477124479021,31.362497116938822,25.04384432196351,2.789003440434112,3.1116161583672173,3,0,0,6
29,7,22.393829979029995,20.1668694248146,23.13397703466323,47.50877250938842,28.597354849302185,25.702652176243443,2.6236519399063525,2.789003440434112,4,0,0,7
29,8,0.0,22.964300562005377,18.94094065207869,42.85039534474991,32.057420772528616,25.396039423924105,4.478765995805999,2.6236519399063525,5,0,0,8
29,9,0.0,18.76516148785947,19.82492010537215,52.397367619378194,30.20060131615604,22.83813354288997,5.009997585552624,4.478765995805999,5,0,0,9
30,0,151.9548199857685,21.0,21.0,40.0,26.98377311064561,24.58554254525746,4.959174443712167,0.0,0,0,0,0
30,1,151.9548199857685,19.139675462212917,19.09171085090515,49.28247681806255,26.98377311064561,24.58554254525746,4.959174443712167,4.959174443712167,0,0,0,1
30,2,151.9548199857685,17.526688304369042,17.45579837860454,58.81931959819316,28.623212673727974,24.359247215886565,4.803832261004551,4.959174443712167,0,1,1,2
30,3,126.00933705404177,19.237461964570443,19.197786543499262,69.04710580835925,29.934077220474578,26.886957280448097,4.32424715528779,4.803832261004551,0,1,1,3
30,4,94.47169243197094,20.287627744623567,20.202399466414438,64.06314602271185,30.2506065420194,25.394061315495023,3.9422055777588527,4.32424715528779,1,1,1,4
30,5,64.73484283126244,21.440484370001823,21.37600158501096,60.673607438794335,34.502563422680495,30.0,3.7171062000885615,3.9422055777588527,2,1,1,5
30,6,38.12190318980696,22.4948995558444,22.382642264563604,55.95794758686284,31.85766469186392,25.277558352961115,3.3266174551819354,3.7171062000885615,3,0,0,6
30,7,22.96931306685221,20.310986380954027,23.216930421749144,50.43241829626183,29.51130285750289,23.12464552804701,3.0305180245909504,3.3266174551819354,4,0,0,7
30,8,11.727996794839475,22.93471496822993,18.939724116169423,43.65755218433552,25.92778512908729,19.76740313798875,2.2482632544025463,3.0305180245909504,5,0,0,8
30,9,7.983359346989797,17.869624003162333,19.04069100054668,35.93612240370659,20.90400706520915,19.53249415351907,1.87231872392484,2.2482632544025463,6,1,0,9
31,0,241.28234271401632,21.0,21.0,40.0,33.50093312201388,19.75388834365709,7.58331455309953,0.0,0,0,0,0
31,1,241.28234271401632,19.27001866244028,18.995077766873145,49.58586786382077,33.50093312201388,19.75388834365709,7.58331455309953,7.58331455309953,0,0,0,1
31,2,241.28234271401632,17.636841654281298,17.43292759867354,59.63520183260029,35.07472468689059,20.75490847299558,8.229294183696464,7.58331455309953,0,1,1,2
31,3,194.55854828872745,19.45840628172416,19.228872945670204,71.42427569984005,40.01511622740632,25.479738590592348,7.787299070881485,8.229294183696464,0,1,1,3
31,4,131.35305252955965,20.550093363399437,20.30412555778913,67.67659247901807,39.127130658378846,23.38574033705456,7.900686969895974,7.787299070881485,1,1,1,4
31,5,75.63708741740865,21.59611532609229,21.49429062335644,63.80238099280446,35.29534420432466,26.514591983377496,6.964495639018876,7.900686969895974,2,1,1,5
31,6,36.86100450102343,22.57951408028915,22.51258066335461,58.79894549506365,30.205255422380155,25.331214034615343,4.847010364548152,6.964495639018876,3,0,0,6
31,7,19.2998440118319,20.39299275839794,23.44418774549236,54.31891083693715,28.444251899297225,30.0,3.512232097838306,4.847010364548152,4,0,0,7
31,8,5.183729437400781,23.12479164306934,19.19213074471189,49.02135847583197,27.38380349710275,26.51868338564631,2.823222914886224,3.512232097838306,5,0,0,8
31,9,0.0,18.27552320102644,19.332295385530283,43.99334618343926,30.775617979549487,24.624313729379868,2.5918647187003905,2.823222914886224,6,0,0,9
32,0,271.12358216534005,21.0,21.0,40.0,31.66212388872196,21.294204847178563,7.35711691912836,0.0,0,0,0,0
32,1,271.12358216534005,19.23324247777444,19.02588409694357,49.532139172462095,31.66212388872196,21.294204847178563,7.35711691912836,7.35711691912836,0,0,0,1
32,2,271.12358216534005,17.614518195347294,17.515691696551144,60.17379471395684,33.58600460806516,25.53430395579454,7.848297385853472,7.35711691912836,0,1,1,2
32,3,218.5834880904281,19.24889031034387,19.181140687118464,69.15806533636521,27.39124660607387,22.521367962861547,8.75668234581866,7.848297385853472,0,1,1,3
32,4,164.24158630797592,20.966943129685063,20.892745917558383,78.94332391248663,29.544326299916992,24.818221345202023,9.0569836304087,8.75668234581866,0,1,1,4
32,5,96.12811848586423,21.95889488745874,21.80015170372153,72.94257018081238,29.522964985285064,20.472847616524625,8.51418347776396,9.0569836304087,1,1,1,5
32,6,39.770786517257264,22.86411756515898,22.73489130758182,67.08537264691934,29.81790383442188,20.97544319950564,7.044666496075872,8.51418347776396,2,0,0,6
32,7,17.429410275873465,20.57073396151486,23.59688932371652,61.473318575176606,26.392940455279607,25.76231470170524,4.468275248276759,7.044666496075872,3,0,0,7
32,8,4.517296405251498,23.31257561001153,19.32633789143505,56.39709970819689,29.52583645073378,25.606280954934427,2.582422774124393,4.468275248276759,4,0,0,8
32,9,0.0,18.37678305478444,19.43348083378268,50.58296711320841,28.995636761621714,22.036959932886727,2.258648202625749,2.582422774124393,5,0,0,9
33,0,309.2294391845753,21.0,21.0,40.0,26.00162013788841,16.797779870414136,7.6579645831349055,0.0,0,0,0,0
33,1,309.2294391845753,19.12003240275777,18.935955597408284,47.70389200149446,26.00162013788841,16.797779870414136,7.6579645831349055,7.6579645831349055,0,0,0,1
33,2,309.2294391845753,17.36796755420864,17.212245673434058,55.04100001855842,25.654478662441235,15.107232543469667,9.65702320297105,7.6579645831349055,0,1,1,2
33,3,248.24567963745497,19.05477067910966,18.89959916669345,64.19929325650526,30.48690535495586,20.3925015225266,10.16395992452006,9.65702320297105,0,1,1,3
33,4,192.10894949602329,20.78851796594137,20.62379142222632,73.8109902293846,31.98110819399595,21.417208322000366,9.356121690238613,10.16395992452006,0,1,1,4
33,5,123.14272881591324,21.778497576119157,21.79510396819176,69.76500631439981,31.24811173442331,29.60753318232789,8.620777585013757,9.356121690238613,1,1,1,5
33,6,61.95223955196711,22.705489512550056,22.7937692616482,64.51216277326571,24.74389293996263,29.406976275959007,7.648811157993268,8.620777585013757,2,0,0,6
33,7,33.53913000990761,20.620384233731283,23.52387397289925,59.49779879230988,29.48853623324298,25.987219428113484,5.6826219084119005,7.648811157993268,3,0,0,7
33,8,24.85364695584,20.329060182316542,19.413566984025223,55.54426004605378,31.79577150725637,29.57345768020978,4.342741527033804,5.6826219084119005,4,0,0,8
33,9,16.372778071127975,17.958304059480444,17.777494100753255,50.91180617549742,30.16282877349672,27.434649723412427,3.5323790611115102,4.342741527033804,5,1,1,9
34,0,128.97834909973608,21.0,21.0,40.0,28.28820844287196,17.71995470429493,5.676146240065776,0.0,0,0,0,0
34,1,128.97834909973608,19.16576416885744,18.9543990940859,48.28146936649004,28.28820844287196,17.71995470429493,5.676146240065776,5.676146240065776,0,0,0,1
34,2,128.97834909973608,17.48445383417334,17.404198382273265,57.87470865429316,30.23951126885254,23.056262552275875,4.332161365992684,5.676146240065776,0,1,1,2
34,3,107.29550110515224,19.273000215044984,19.175629701435085,68.98298671902101,33.892506687075425,27.82014922807932,3.613807999097305,4.332161365992684,0,1,1,3
34,4,82.96870368951649,20.33707509537772,20.309194137770003,65.29681572423722,32.85460558453446,30.0,3.040849676954469,3.613807999097305,1,1,1,4
34,5,60.42245467260445,21.413009225149477,21.43602018826064,60.93460788680696,29.18325577808365,29.91558956952605,2.8182811271140045,3.040849676954469,2,1,1,5
34,6,28.844927277896804,22.514719891988243,22.41544303318508,56.42893596474495,31.460250574350667,26.841572080860384,3.947190924338456,2.8182811271140045,3,0,0,6
34,7,7.644594058640347,20.356520411319035,23.2294075636658,50.99927627607984,30.50667627495129,22.661881010242528,4.240066643851292,3.947190924338456,4,0,0,7
34,8,7.644594058640347,20.85149157136058,19.80199335945469,62.16593228641536,35.70929057264517,26.327687262552125,3.956505224868811,4.240066643851292,4,0,0,8
34,9,0.0,18.11777413437133,18.19051365247321,58.91598619803729,38.6917872801413,26.5862900066472,3.8222970293201737,3.956505224868811,5,0,0,9
35,0,201.9907585349887,21.0,21.0,40.0,33.91127088394596,20.42283520936855,4.080045843852792,0.0,0,0,0,0
35,1,201.9907585349887,19.27822541767892,19.00845670418737,49.78013909679661,33.91127088394596,20.42283520936855,4.080045843852792,4.080045843852792,0,0,0,1
35,2,201.9907585349887,17.595448750349885,17.533109990328168,60.183734345406805,32.48061004231343,25.317141338854327,4.290070929384669,4.080045843852792,0,1,1,2
35,3,172.95180424979344,19.35722143160157,19.21229072839613,70.43670975551856,32.57129553060911,24.38967897001181,4.839825714199206,4.290070929384669,0,1,1,3
35,4,127.9705564356954,20.42461669589122,20.356223730672436,66.9825333289854,34.86853655302945,29.27492774400851,5.622655976762259,4.839825714199206,1,1,1,4
35,5,81.41410635986898,21.602574820581683,21.47656926160605,63.60133084388471,35.9375237549187,28.61135132785524,5.8195562594783,5.622655976762259,2,1,1,5
35,6,35.30676327594605,22.64126978962839,22.604515670830825,60.072332922296965,33.72778932451251,30.0,5.763417885490367,5.8195562594783,3,0,0,6
35,7,10.469559445344943,20.60246712965292,23.49766674232592,56.71398377076216,35.233584597671275,29.44225344935753,4.967440766120221,5.763417885490367,4,0,0,7
35,8,10.469559445344943,21.20214212721559,20.0579412369791,69.17495791586106,41.50484223058399,27.72279190885437,5.014560465496604,4.967440766120221,4,0,0,8
35,9,0.0,18.40172115678744,18.53668283486067,66.68261036034174,39.950943737389096,29.536014287503573,5.234779722672472,5.014560465496604,5,0,0,9
36,0,220.90324720631088,21.0,21.0,40.0,27.685076794675016,24.52235008408805,7.375738873931075,0.0,0,0,0,0
36,1,220.90324720631088,19.1537015358935,19.090447001681763,49.39733683817735,27.685076794675016,24.52235008408805,7.375738873931075,7.375738873931075,0,0,0,1
36,2,220.90324720631088,17.553631872257775,17.452158340575316,59.04053736894024,29.797915439657466,23.7754208423586,6.794390280786736,7.375738873931075,0,1,1,2
36,3,181.1791478338896,19.283985766946145,19.06723291929429,68.32329659078084,31.96531496180538,19.60556960397569,6.620683228736877,6.794390280786736,0,1,1,3
36,4,140.4398373367838,20.96236662307418,20.742975705225085,77.35781441730197,32.20630215506365,17.985463547831475,6.7898850828509705,6.620683228736877,0,1,1,4
36,5,91.54024459821292,21.89895845274213,21.739171043377123,71.51901525352646,31.087897218617087,19.80766298263012,6.112449092321362,6.7898850828509705,1,1,1,5
36,6,47.80035676697349,22.93800941913937,22.64401245818251,66.48836323085743,36.2409628645229,19.144303676204725,5.467485978904927,6.112449092321362,2,0,0,6
36,7,25.58957883013399,20.667773719923943,23.53842601793269,61.36109189563514,32.86291604800712,21.985576534091265,4.4421555873679,5.467485978904927,3,0,0,7
36,8,18.399297276599217,20.271931452292844,19.391289807191352,56.19117358472948,27.79193136217813,26.81963357723485,3.5951407767673875,4.4421555873679,4,0,0,8
36,9,10.09090449652422,18.07238987949121,17.628182027838488,50.896001946303016,31.89864748896018,22.017065630892795,3.3091032055361915,3.5951407767673875,5,0,1,9
37,0,175.1876050658676,21.0,21.0,40.0,33.93792267834392,22.819069160221524,7.953062398517254,0.0,0,0,0,0
37,1,175.1876050658676,19.27875845356688,19.05638138320443,50.21625853094178,33.93792267834392,22.819069160221524,7.953062398517254,7.953062398517254,0,0,0,1
37,2,175.1876050658676,17.612575337076454,17.46458674333511,59.76477634642296,31.89120346981068,21.156117727307,8.053705764268091,7.953062398517254,0,1,1,2
37,3,129.33528006675976,19.35545603587445,19.09689676210889,69.37963044656408,34.281824353146646,19.13403175874846,7.64205416651797,8.053705764268091,0,1,1,3
37,4,89.46612771052915,20.970969870258266,20.894942411068023,79.04009154521091,30.674495195905592,22.994733129910152,6.644858726038436,7.64205416651797,0,1,1,4
37,5,53.99656402152774,21.95867821541936,21.770644130896297,72.72141141368414,29.385835469428915,18.843719355422373,4.433695461125177,6.644858726038436,1,1,1,5
37,6,28.5137406177765,22.88826415227325,22.766051457898463,67.60274090007275,31.91371045548319,22.982564468898016,3.185352925468905,4.433695461125177,2,0,0,6
37,7,17.20701365644781,20.67360614371015,23.628267074298165,62.750951650132,30.239546248830663,26.139402362609644,2.2613453922657376,3.185352925468905,3,0,0,7
37,8,5.011137906087931,23.456088534564454,19.4089067668399,58.62204452727912,34.21706742800142,26.177893000593663,2.4391751500719754,2.2613453922657376,4,0,0,8
37,9,0.0,18.619783241853703,19.622397508644507,54.86390111001245,36.51588598464552,25.938872808317434,2.5055689530439653,2.4391751500719754,5,0,0,9
38,0,184.56905718815412,21.0,21.0,40.0,27.41719516140864,24.44350780714981,6.733652532076555,0.0,0,0,0,0
38,1,184.56905718815412,19.148343903228174,19.088870156143,49.33492653434052,27.41719516140864,24.44350780714981,6.733652532076555,6.733652532076555,0,0,0,1
38,2,184.56905718815412,17.513826154714632,17.55031080482766,59.55941705893938,27.93529941864322,28.86742571801713,6.869949038682512,6.733652532076555,0,1,1,2
38,3,145.5786073859631,19.265906084706984,19.21149108335395,69.50517396881992,28.713842685424147,26.54036236946776,6.498408300365173,6.869949038682512,0,1,1,3
38,4,111.90538850758638,20.9765312182644,20.93247577234308,79.35062805336892,28.85798222637257,25.83898491001079,5.612203146396117,6.498408300365173,0,1,1,4
38,5,68.5188139588529,21.987901926436084,21.939289190921517,74.46369971604203,29.637599961921737,26.54613149737328,5.423321818591685,5.612203146396117,1,1,1,5
38,6,33.44811423902051,23.05508958283085,22.974527913138107,71.12000912916606,34.75727451735574,30.0,4.383837464979049,5.423321818591685,2,0,0,6
38,7,14.527989301192754,21.026675797126973,23.835910336125743,68.27469084146726,39.13635380411853,28.389655708665888,3.784024987565551,4.383837464979049,3,0,0,7
38,8,6.885889225863555,20.853809866493265,19.723051880585626,66.0108071162055,42.57779136836207,28.178410157961466,3.8210500376646,3.784024987565551,4,0,0,8
38,9,0.0,18.085346211814137,18.2228871503176,63.38101899367686,39.40386109136349,29.319538227921853,3.4429446129317776,3.8210500376646,5,0,0,9
39,0,98.38700392160936,21.0,21.0,40.0,26.884939390196006,24.75378607633906,3.549699653460328,0.0,0,0,0,0
39,1,98.38700392160936,19.13769878780392,19.095075721526783,49.29497058397631,26.884939390196006,24.75378607633906,3.549699653460328,3.549699653460328,0,0,0,1
39,2,98.38700392160936,17.469098851675632,17.331796831067077,57.18624997270672,25.67244403654346,18.167997011958807,2.6241006566328373,3.549699653460328,0,1,1,2
39,3,83.95719378234818,18.401842512012657,18.290736512604777,50.80089793367236,27.73699280911009,20.12216252958788,1.8037262674076469,2.6241006566328373,1,1,1,3
39,4,71.51901714854212,19.448241555509973,19.332384922121424,44.54795436332901,28.02708980154136,20.56766814099561,1.5547720792257582,1.8037262674076469,2,1,1,4
39,5,53.05539197085312,20.479976219694883,20.47459559303305,38.24733443944139,25.1683850728276,23.161504238907817,2.307953147211124,1.5547720792257582,3,1,1,5
39,6,31.54305127640589,21.5716606115856,21.462982359463865,32.0270894957903,27.145519492865287,21.63089748685088,2.689042586805904,2.307953147211124,4,1,1,6
39,7,6.291129448930613,22.503907231876173,22.434433079346864,27.122852461672245,30.595726720484485,25.491845312193,3.15649022843441,2.689042586805904,5,0,0,7
39,8,6.291129448930613,20.91478586356525,20.8183929710758,37.05221368291035,30.51243740408976,24.650680491677463,2.84357949728947,3.15649022843441,5,0,0,8
39,9,0.0,18.574288968711944,18.530133648285467,32.22196044491923,30.076126265468627,26.42246685680295,3.1455647244653067,2.84357949728947,6,0,0,9
40,0,250.04794378390972,21.0,21.0,40.0,26.13526509433376,24.3194108763197,7.44725631006753,0.0,0,0,0,0
40,1,250.04794378390972,19.122705301886675,19.086388217526395,49.08184167471762,26.13526509433376,24.3194108763197,7.44725631006753,7.44725631006753,0,0,0,1
40,2,250.04794378390972,17.461729293338024,17.51923974083672,58.78559724466917,25.789493528433376,28.120259637964104,8.158871391106395,7.44725631006753,0,1,1,2
40,3,200.2913484107825,19.195962466159745,19.201777208095297,68.68809690577379,26.93024659843937,28.08364040769745,8.292765895521203,8.158871391106395,0,1,1,3
40,4,151.1569609750717,21.02620340215819,20.97081574043692,79.97088605803917,32.6821619570299,30.0,8.189064572618467,8.292765895521203,0,1,1,4
40,5,94.40325773485876,22.00188460547045,22.04967186173848,75.49034743827441,28.441452112418013,30.0,7.094212905026619,8.189064572618467,1,0,0,5
40,6,66.10369887837699,23.052606084926563,20.006942044998247,71.40867322320533,31.111879312116848,29.545486159721573,5.659911771296353,7.094212905026619,2,0,0,6
40,7,39.54454269427947,19.17227081290488,22.976351362767897,68.1952411822446,35.48093310577375,30.0,5.311831236819503,5.659911771296353,3,0,0,7
40,8,28.438229612362303,19.659689136356203,18.361119560375933,64.90998806025962,36.474598825575775,28.607328274507715,5.553156540958584,5.311831236819503,4,0,0,8
40,9,28.438229612362303,17.44590079257355,17.740877227788527,75.29113156961272,31.2013706876807,26.47164880872539,4.821941149821948,5.553156540958584,4,1,1,9
41,0,156.42622443514944,21.0,21.0,40.0,26.44633370645822,20.839991102824285,3.102958583894277,0.0,0,0,0,0
41,1,156.42622443514944,19.128926674129165,19.016799822056488,48.51153846567085,26.44633370645822,20.839991102824285,3.102958583894277,3.102958583894277,0,0,0,1
41,2,156.42622443514944,17.316714574724557,17.39303888450037,56.28762674921613,20.533088878220013,22.66740158592044,2.561894358551016,3.102958583894277,0,1,1,2
41,3,132.45875583407906,18.467078755728387,18.290932172259083,51.22941385100614,31.44730754616413,23.784843019335973,2.9959335751337983,2.561894358551016,1,1,1,3
41,4,105.41142820965132,19.445565978625694,19.45140226778899,45.49354778241509,26.90889751196228,24.558513218087423,3.380915953053469,2.9959335751337983,2,1,1,4
41,5,69.96768665752171,20.545653032233187,20.4806541470414,38.89617783030267,24.92183898297999,21.75943906083988,4.430467694016202,3.380915953053469,3,1,1,5
41,6,29.20881709293606,21.61976381648359,21.51124769661028,32.96219329602333,28.383770929439788,21.982981657897223,5.094858695573207,4.430467694016202,4,1,1,6
41,7,0.0,23.1572694534154,23.11984584684543,41.72634597268575,26.094329609583674,22.595407482985337,4.86813618215601,5.094858695573207,4,0,0,7
41,8,0.0,21.421043356078563,21.380334659066524,50.42542240725407,25.46249568170993,22.865706732558507,5.241234641353593,4.86813618215601,4,0,0,8
41,9,0.0,19.719047638868005,19.723002288421156,60.38140159980602,27.86194674585024,27.44904876832725,5.14979609092859,5.241234641353593,4,0,0,9
42,0,176.73628997210253,21.0,21.0,40.0,29.987010434134508,19.76712411690996,5.834657414711694,0.0,0,0,0,0
42,1,176.73628997210253,19.19974020868269,18.9953424823382,48.955744219188006,29.987010434134508,19.76712411690996,5.834657414711694,5.834657414711694,0,0,0,1
42,2,176.73628997210253,17.580409106410617,17.410634775789898,58.86366113134814,33.29933263576874,21.74465020956532,5.9607067277296135,5.834657414711694,0,1,1,2
42,3,141.21750676686372,19.22830713190689,19.149490835991795,68.50507916623688,30.025431641112768,23.53800188604692,5.919797200873134,5.9607067277296135,0,1,1,3
42,4,99.02214382937676,20.264380898109323,20.11108328282281,62.955401485021966,30.67445793148462,21.82733272843251,5.274420367185867,5.919797200873134,1,1,1,4
42,5,63.25290822031359,21.373367720754548,21.23138515203675,58.58822570496861,34.23491916577876,24.83632650059146,4.471154451132899,5.274420367185867,2,1,1,5
42,6,25.855437396812,22.40714801248634,22.213969089506666,53.279781353296045,32.8153302518961,21.026645572145227,4.674683852937698,4.471154451132899,3,0,0,6
42,7,0.0,20.33808423637509,23.07049022702774,48.757211228153466,37.24266403063518,20.96527971857273,5.1710874793624,4.674683852937698,4,0,0,7
42,8,0.0,20.665829803744547,19.707084902328116,58.83529865961974,31.47026491514456,24.51910970411249,5.04239088261551,5.1710874793624,4,0,0,8
42,9,0.0,18.627888285379587,18.725008215491048,69.65944981789158,34.829675058591924,25.30449804291834,4.839419026145672,5.04239088261551,4,0,0,9
43,0,47.947782523824166,21.0,21.0,40.0,29.811094768392017,22.949714610376667,2.890251659731517,0.0,0,0,0,0
43,1,47.947782523824166,19.19622189536784,19.058994292207533,49.49694568817837,29.811094768392017,22.949714610376667,2.890251659731517,2.890251659731517,0,0,0,1
43,2,47.947782523824166,17.702858525300062,17.514877147489848,60.95800739355175,37.56502398388372,26.107541045968468,0.8512263544070675,2.890251659731517,0,1,1,2
43,3,42.28505419909124,18.753541296864917,18.639728945380728,57.50247239378896,36.323127454673454,27.81278921331106,0.7078410405916155,0.8512263544070675,1,1,1,3
43,4,38.31388516401005,19.891486474355386,19.832844840313964,54.06727349399867,34.444080987749395,29.80481401341568,0.4963961293851486,0.7078410405916155,2,1,1,4
43,5,31.09596072416974,21.137814988524145,21.001423941375883,50.78464844465249,36.39785218583333,28.698675317799022,0.9022405549800392,0.4963961293851486,3,1,1,5
43,6,19.96838302960745,22.2646257582702,22.087557750698146,46.826464693177314,36.121344844371016,25.22207875854469,1.3909472118202864,0.9022405549800392,4,0,0,6
43,7,12.860716563190971,20.133476162080434,23.11694398186262,43.058867796396505,32.942434293400204,29.45980516892865,1.4215332932832951,1.3909472118202864,5,0,0,7
43,8,4.967678421513448,22.931770493332284,18.865422932008425,37.83651368889943,31.44280786390493,22.87744709444464,1.578607628335505,1.4215332932832951,6,0,0,8
43,9,0.0,18.07355233973277,19.10333588345492,33.13993272195359,33.37362654202585,23.86759030827504,2.483839210756724,1.578607628335505,7,0,0,9
44,0,90.7816666916988,21.0,21.0,40.0,25.90418423101937,18.722284496043383,4.654610242215172,0.0,0,0,0,0
44,1,90.7816666916988,19.118083684620387,18.97444568992087,48.0327643708713,25.90418423101937,18.722284496043383,4.654610242215172,4.654610242215172,0,0,0,1
44,2,90.7816666916988,17.39622337140043,17.314469118068015,56.24820061192786,25.941797518713987,19.69951493160024,1.7241495182611497,4.654610242215172,0,1,1,2
44,3,82.73317345793629,18.358039009913558,18.23922670194688,49.73567462360201,27.15978129825489,19.99285209993484,1.006061654220312,1.7241495182611497,1,1,1,3
44,4,69.95103550549236,19.398591075031057,19.25288432138636,43.09240915566457,27.74691262881912,18.67939032708398,1.5977672440554924,1.006061654220312,2,1,1,4
44,5,53.02295800892058,20.42281672779076,20.327990026878865,36.00402746708543,25.440185706857164,18.513249356592056,2.116009687071472,1.5977672440554924,3,1,1,5
44,6,32.45852364533349,21.46775213485887,21.347814297731656,29.462590647576185,27.205655019715987,19.78636264967712,2.5705542954483858,2.116009687071472,4,1,1,6
44,7,9.487810618040063,22.42059914750487,22.302399792707646,24.39480123588084,31.443991504786457,23.7349562080172,2.871339128411679,2.5705542954483858,5,0,0,7
44,8,9.487810618040063,20.83143963998132,20.77219813128932,34.90255799197047,31.555746089639232,26.82068033308093,3.297581507654737,2.871339128411679,5,0,0,8
44,9,0.0,18.53417206973155,18.53498282685724,30.80417788360208,30.70631986380228,29.85823508970669,4.743905309020032,3.297581507654737,6,0,0,9
45,0,39.05938320669562,21.0,21.0,40.0,30.254637820087137,24.15019091140085,3.5976983036800734,0.0,0,0,0,0
45,1,39.05938320669562,19.205092756401744,19.08300381822802,49.79286917166784,30.254637820087137,24.15019091140085,3.5976983036800734,3.5976983036800734,0,0,0,1
45,2,39.05938320669562,17.55073018111815,17.469842290960205,59.21313093549671,29.105258078665106,23.22952949816192,2.0809784299933503,3.5976983036800734,0,1,1,2
45,3,34.32106578848104,18.59314522175383,18.47727131309632,54.4489344949381,31.93629455773724,24.92928077249275,0.5922896772768235,2.0809784299933503,1,1,1,3
45,4,30.112062705593683,19.801151459308738,19.61987349629627,50.89909339347224,37.20700033061553,26.404993550129674,0.5261253853609194,0.5922896772768235,2,1,1,4
45,5,23.086892113429407,20.992134649164303,20.90935802278661,47.933533531005175,36.858000764071846,30.0,0.8781463240205345,0.5261253853609194,3,1,1,5
45,6,16.880818924811926,22.19569462710536,22.068088196334568,45.10548829916208,37.621970934205024,30.0,0.7757591485771851,0.8781463240205345,4,0,0,6
45,7,12.795299173817671,20.137962825055283,23.08054833347607,41.7667560864561,34.784821040522374,30.0,0.8171039501988502,0.7757591485771851,5,0,0,7
45,8,3.147335982325082,23.010291484148016,21.991679180378256,38.64585991346389,36.39342691166532,29.601594349489066,1.205995398936574,0.8171039501988502,6,0,0,8
45,9,0.0,20.011788087596464,20.118041462909915,34.567055254983174,35.31991162187953,25.353395831005383,1.573667991162541,1.205995398936574,7,0,0,9
46,0,107.33617632486444,21.0,21.0,40.0,29.4495500706672,18.6187221624415,4.5438854064702365,0.0,0,0,0,0
46,1,107.33617632486444,19.188991001413346,18.97237444324883,48.652289001959566,29.4495500706672,18.6187221624415,4.5438854064702365,4.5438854064702365,0,0,0,1
46,2,107.33617632486444,17.633868661879266,17.373555945127933,58.98074213288544,36.822589690922285,20.557705480888096,3.318594556676413,4.5438854064702365,0,1,1,2
46,3,90.77021141185296,19.28601835968456,19.2832533087576,70.21273960173126,33.221464617825134,29.178521320207217,2.760994152168577,3.318594556676413,0,1,1,3
46,4,72.0978810183099,20.397835147046003,20.34714616789476,66.43777915219192,32.46862777867955,29.89270305721302,2.3340412991928807,2.760994152168577,1,1,1,4
46,5,53.1583804507225,21.54784975289081,21.402128355465884,62.18454170675725,33.87532048638328,25.828915927868483,2.3674375709484248,2.3340412991928807,2,1,1,5
46,6,27.050578298777364,22.545948593883335,22.381086272589663,56.83303282732503,32.01583273682822,21.586895710770563,3.263475268993142,2.3674375709484248,3,0,0,6
46,7,9.666285157921084,20.38111397423437,23.27917921547979,52.097997346696445,32.298626710154295,24.728953953020262,3.4768586281712563,3.263475268993142,4,0,0,7
46,8,9.666285157921084,20.801161928179667,19.74900248745356,61.73241048108606,31.33075541544981,22.19376199782585,4.762002933142295,3.4768586281712563,4,0,0,8
46,9,9.666285157921084,18.61088397048203,18.780464449371152,71.4669062627603,30.69194989342392,23.388582226988508,4.7117340763246425,4.762002933142295,4,0,0,9
47,0,95.20629900702784,21.0,21.0,40.0,29.243793583307443,15.3766626812058,4.877650132873091,0.0,0,0,0,0
47,1,95.20629900702784,19.18487587166615,18.90753325362412,48.03168212761239,29.243793583307443,15.3766626812058,4.877650132873091,4.877650132873091,0,0,0,1
47,2,95.20629900702784,17.513988604646734,17.249365724225846,56.722048942239184,32.835549464245176,15.444266172570392,3.821886412746363,4.877650132873091,0,1,1,2
47,3,82.12966312415503,19.161875743364256,19.01375404301901,66.38823872544538,32.53824128736074,21.16281306378475,2.179439313812137,3.821886412746363,0,1,1,3
47,4,67.26754837511203,20.243245101098648,20.07541101423871,61.96485072415244,34.68624269827398,24.0727128500986,1.857764343630376,2.179439313812137,1,1,1,4
47,5,56.955056779742776,21.304072079233464,21.21814806042405,57.315025677212745,32.15734210240793,25.3436298590382,1.2890614494211567,1.857764343630376,2,1,1,5
47,6,46.10398817435807,22.38407726155904,22.290188822768155,53.15343730493164,33.09834007672874,27.11505785504288,1.356383575673089,1.2890614494211567,3,0,0,6
47,7,35.25033866066941,20.23018535604459,23.153850337446144,47.97951149367324,29.907189280175064,24.682111768389365,2.170729902737732,1.356383575673089,4,0,0,7
47,8,30.006379676612315,19.99767048471527,19.000218209858375,43.48112885793641,32.179978856086194,26.16233983426476,2.621979492028545,2.170729902737732,5,0,0,8
47,9,23.966384903031148,17.27240651099444,17.43665498820624,39.24847569432065,33.283976898865824,26.534616636602195,3.019997386790584,2.621979492028545,6,1,1,9
48,0,137.36639153772083,21.0,21.0,40.0,32.077185826254336,16.38042125620044,5.698919282270699,0.0,0,0,0,0
48,1,137.36639153772083,19.241543716525086,18.92760842512401,48.72236927484186,32.077185826254336,16.38042125620044,5.698919282270699,5.698919282270699,0,0,0,1
48,2,137.36639153772083,17.64368851599453,17.508310881508912,60.288923274639885,37.868272213754224,26.39036111845704,5.13764505915,5.698919282270699,0,1,1,2
48,3,108.47183224640835,19.384926671429067,19.32937532337532,71.65513787772619,33.97693430189244,29.16870238192036,4.815759881885412,5.13764505915,0,1,1,3
48,4,72.74376841358755,20.488720815195222,20.37400418233448,67.7651249279533,34.14562607144157,27.576524207597902,4.466007979102603,4.815759881885412,1,1,1,4
48,5,45.28115313507448,21.612475185604524,21.54813884212996,64.45388692794833,34.93756666663909,30.0,3.432826909814134,4.466007979102603,2,1,1,5
48,6,22.6096177038425,22.71956583574471,22.61310955090791,61.04699178317257,35.346998739268926,29.05913934531021,2.833941928903997,3.432826909814134,3,0,0,6
48,7,7.626240212650294,20.64313892973709,23.55837746503169,57.89727693458062,35.834917507822496,30.0,2.996675498238441,2.833941928903997,4,0,0,7
48,8,7.626240212650294,21.082973200064387,20.07124970367313,68.58430850096644,33.11499719058823,26.257400400444176,3.4115616200073817,2.996675498238441,4,0,0,8
48,9,0.0,18.152151135948184,18.350787748838638,63.03024471339863,28.860722601873697,23.61670080052735,3.813120106325147,3.4115616200073817,5,0,0,9
49,0,88.2943734097027,21.0,21.0,40.0,34.66788230859014,19.37149424433721,3.408745208019633,0.0,0,0,0,0
49,1,88.2943734097027,19.293357646171803,18.987429884886744,49.727087779526926,34.66788230859014,19.37149424433721,3.408745208019633,3.408745208019633,0,0,0,1
49,2,88.2943734097027,17.67635369628029,17.488453127442245,60.504661961080224,36.92967849045933,22.945733629281232,1.647990222651701,3.408745208019633,0,1,1,2
49,3,82.53764094006918,18.7927524097114,18.511106637425897,56.673149882788096,39.473976133722616,22.573178986876645,0.7195915587041898,1.647990222651701,1,1,1,3
49,4,75.03640922079116,19.91437404993057,19.745813247857228,53.38488551144147,38.858962312456505,26.206235624506657,0.9376539649097528,0.7195915587041898,2,1,1,4
49,5,57.50544625095242,21.129511588858563,20.930071082132287,49.904920668653205,38.25031634262834,25.74987897521464,2.1913703712298416,0.9376539649097528,3,1,1,5
49,6,33.26727370057496,22.204377444108506,22.115690008749755,46.302908109351634,35.37406590857813,27.9480865397465,3.029771568797183,2.1913703712298416,4,0,0,6
49,7,20.445148922720684,20.15965036583079,23.10003856740252,42.87887037067473,34.310901451794976,30.0,2.564424955570855,3.029771568797183,5,0,0,7
49,8,6.925304100008684,22.958306436189485,19.00999621676868,39.12142211848367,32.88415438431264,29.574466436848137,2.7039689645424,2.564424955570855,6,0,0,8
49,9,0.0,18.162318373283007,19.232697311195803,35.00200355945656,33.0766905338719,27.37098413819972,3.462652050004342,2.7039689645424,7,0,0,9
50,0,185.4480964931641,21.0,21.0,40.0,29.218066717050583,15.959486398172444,7.9803937171331825,0.0,0,0,0,0
50,1,185.4480964931641,19.184361334341013,18.91918972796345,48.13195956074014,29.218066717050583,15.959486398172444,7.9803937171331825,7.9803937171331825,0,0,0,1
50,2,185.4480964931641,17.383306577859564,17.330763539507924,56.28851878200612,25.95947195458388,19.354745941338184,8.00085261415287,7.9803937171331825,0,1,1,2
50,3,140.1789693998649,19.07593716230576,18.91625260417262,64.70295049925963,27.759608177781093,18.98723469584954,7.5448545155498685,8.00085261415287,0,1,1,3
50,4,106.6254556527104,20.714756275060843,20.705612281085127,74.08083862647376,27.475923277652807,24.62345520687017,5.592252291192419,7.5448545155498685,0,1,1,4
50,5,67.79020274339896,21.84854104180788,21.551649996253257,68.40888089461693,33.40208461630324,18.420372428936545,4.854406613663929,5.592252291192419,1,1,1,5
50,6,32.85141226728655,22.721358681895914,22.598587961178325,62.9468532739899,31.79031858007983,21.198416860881103,4.367348809514051,4.854406613663929,2,0,0,6
50,7,9.46017198539069,20.57070712295096,23.406770547413284,57.88389272874197,32.62208216813495,22.58369258048766,4.678248056379172,4.367348809514051,3,0,0,7
50,8,0.0,20.32241692798785,19.23040348078353,53.57301550810931,35.721868217105595,23.662147223824093,4.730085992695345,4.678248056379172,4,0,0,8
50,9,0.0,18.157642386263248,18.447093344264974,64.30648354143992,30.769015885463187,28.861362077484664,5.528298786979815,4.730085992695345,4,0,0,9
51,0,102.4210603136978,21.0,21.0,40.0,30.64393802657934,20.32068332507236,2.1840935358026163,0.0,0,0,0,0
51,1,102.4210603136978,19.212878760531588,19.006413666501448,49.17363184329731,30.64393802657934,20.32068332507236,2.1840935358026163,2.1840935358026163,0,0,0,1
51,2,102.4210603136978,17.488444493709334,17.444704888546873,58.36439939426033,28.17188819807372,22.88793152949864,0.3721148471313862,2.1840935358026163,0,1,1,2
51,3,98.29607357681104,18.484326527648765,18.36322021598749,52.30250186033605,28.18376723601623,21.472357575515527,0.5156233421108458,0.3721148471313862,1,1,1,3
51,4,88.26367454418393,19.58212013960741,19.48055782653129,47.33278316250609,31.30924767039048,24.41453734166527,1.2540498790783896,0.5156233421108458,2,1,1,4
51,5,66.81455950448266,20.70862304157582,20.64002941662017,42.29427199092166,30.14736027311659,25.19424432919215,2.681139379962658,1.2540498790783896,3,1,1,5
51,6,37.5659852566647,21.71897987364828,21.717921664462345,36.5023009225298,26.11876556017168,25.03695072654021,3.656071780977245,2.681139379962658,4,1,1,6
51,7,9.6707892017242,23.334524788599577,23.334558086202414,46.316452567426936,27.268636475760243,27.254428218112764,4.649199342490084,3.656071780977245,4,0,0,7
51,8,9.6707892017242,21.580881708009947,21.647641838668243,55.68490143200977,24.35421606980689,27.6927220667644,4.738441990791925,4.649199342490084,4,0,0,8
51,9,0.0,19.146375828019725,19.16187830244154,49.57683964769254,23.81156553641412,25.58809121737903,4.8353946008621,4.738441990791925,5,0,0,9
52,0,219.90520804801025,21.0,21.0,40.0,26.97908180760525,21.78795921492037,7.628802819259527,0.0,0,0,0,0
52,1,219.90520804801025,19.139581636152105,19.03575918429841,48.77806738405461,26.97908180760525,21.78795921492037,7.628802819259527,7.628802819259527,0,0,0,1
52,2,219.90520804801025,17.502261972379873,17.495674509116384,58.90792684149646,29.081853463384,27.19514352240409,8.686858000619516,7.628802819259527,0,1,1,2
52,3,167.78702746008372,19.205556125417345,19.238986646501303,69.09421805826933,27.508896327301755,29.081610432547564,8.68636343132109,8.686858000619516,0,1,1,3
52,4,120.78091879969948,21.05538194651836,20.910019383357564,79.71334180498685,32.88090113399442,26.11423079221399,7.834351443397368,8.68636343132109,0,1,1,4
52,5,67.18675583987198,22.152398666820734,21.915012054622363,75.63159575635507,37.35336772691018,23.303598669579863,6.69927036997844,7.834351443397368,1,0,1,5
52,6,29.54738048656213,23.163305782066164,23.001533155167277,72.3691193477669,38.4289474623262,26.779516934406207,4.704921919163732,6.69927036997844,2,0,0,6
52,7,10.985528011342296,21.03715064298712,23.81776519337996,68.35947471385508,37.22669584772122,23.8308339638798,3.712370495043966,4.704921919163732,3,0,0,7
52,8,4.963052365320342,20.78836204000521,19.70429672489321,65.39989355374281,39.69263163843063,27.198584138723422,3.011237823010976,3.712370495043966,4,0,0,8
52,9,0.0,18.040566930993677,18.17321169180909,62.60205693291513,38.70926911843311,29.08052743252425,2.481526182660171,3.011237823010976,5,0,0,9
53,0,181.32632639424088,21.0,21.0,40.0,32.15040635947739,16.98588571567614,6.51305022031198,0.0,0,0,0,0
53,1,181.32632639424088,19.243008127189547,18.939717714313524,48.84453257352764,32.15040635947739,16.98588571567614,6.51305022031198,6.51305022031198,0,0,0,1
53,2,181.32632639424088,17.40622236693653,17.38115716238843,57.019560790902105,25.609719925201645,19.8071035046565,6.485602323948595,6.51305022031198,0,1,1,2
53,3,142.5373413163999,19.092320971399182,19.063782691888782,66.31541134258637,26.723253109882407,24.9203610661413,6.464830846306827,6.485602323948595,0,1,1,3
53,4,107.75686011065002,20.84421033880891,20.69751499090132,75.45780786772124,29.276966697170145,21.514125109134675,5.796746867624979,6.464830846306827,0,1,1,4
53,5,69.24221742662291,21.813555753485204,21.72900896492139,70.08422339310297,29.95392794946264,23.526158302658114,4.814330335503388,5.796746867624979,1,1,1,5
53,6,39.61626146491668,22.79558246008529,22.7116201831679,65.15427296328825,30.705517754344644,25.239202080017986,3.703244495213281,4.814330335503388,2,0,0,6
53,7,23.26172124726224,20.5546301937351,23.61391248019418,60.29412384867626,27.31391237481465,29.01859254400765,3.270908043530888,3.703244495213281,3,0,0,7
53,8,18.249849264432243,20.18909336478569,19.35821586678604,54.38601950436998,23.082586011808587,27.427945408712063,2.5059359914149963,3.270908043530888,4,0,0,8
53,9,12.40161637729058,17.963625954884698,17.69132923378969,48.98473298760358,25.170508358217145,28.15567765974726,2.2656475064263253,2.5059359914149963,5,1,1,9
54,0,104.10325028853804,21.0,21.0,40.0,33.19546111629865,19.02161508290255,4.375828190331141,0.0,0,0,0,0
54,1,104.10325028853804,19.26390922232597,18.98043230165805,49.39907371585622,33.19546111629865,19.02161508290255,4.375828190331141,4.375828190331141,0,0,0,1
54,2,104.10325028853804,17.567400457008247,17.472558318727646,59.34822812283336,32.133670381405466,23.139409657356428,3.096660304303766,4.375828190331141,0,1,1,2
54,3,93.4946230584454,19.251834081080546,19.159378201939678,68.8941643561793,29.539202552698423,23.493776521445675,1.7681045383487723,3.096660304303766,0,1,1,3
54,4,76.9170178251847,20.2375554322724,20.191571242174103,63.55679316410934,28.6836594235974,24.997611731569428,2.072200654157589,1.7681045383487723,1,1,1,4
54,5,54.22881326724666,21.31401481206001,21.254940369683773,58.43277196716197,29.25501693806712,25.61153196778081,2.8360255697422554,2.072200654157589,2,1,1,5
54,6,30.138164530907478,22.332638663427336,22.33111334142623,53.79800303871937,29.27349989995337,28.311117164254465,3.011331092042398,2.8360255697422554,3,0,0,6
54,7,12.103042623933224,20.20676675711597,23.215638599419385,49.05456823859902,28.280102745977533,28.7008150311316,3.6070243813948495,3.011331092042398,4,0,0,7
54,8,12.103042623933224,20.768547487217717,19.67750709062814,59.67888428165056,34.22146010594014,24.802517911012835,4.484597988090421,3.6070243813948495,4,0,0,8
54,9,12.103042623933224,18.62797964748601,18.79172715099127,70.51189515701944,34.18081226281503,26.002581489234323,4.81569859788665,4.484597988090421,4,0,0,9
55,0,182.5847503329888,21.0,21.0,40.0,28.997468520857502,17.531056450986682,6.586273447994834,0.0,0,0,0,0
55,1,182.5847503329888,19.17994937041715,18.950621129019734,48.37513449493196,28.997468520857502,17.531056450986682,6.586273447994834,6.586273447994834,0,0,0,1
55,2,182.5847503329888,17.384016654802014,17.274373789042254,55.81171921371631,25.11821322887552,16.196146319926427,6.586015885204269,6.586273447994834,0,1,1,2
55,3,144.64767805375203,18.9838300797954,18.915796708926518,63.84408948669963,24.83529541209621,19.7889838822556,6.322845379872796,6.586015885204269,0,1,1,3
55,4,111.35816826864328,20.727519597381107,20.64998054514503,73.58592201116268,29.509372488704827,24.611919313867688,5.5482516308514604,6.322845379872796,0,1,1,4
55,5,73.45890952990416,21.76498446758366,21.5878746383299,67.83521104029828,30.70175814849115,20.68318090226213,4.73740734234239,5.5482516308514604,1,1,1,5
55,6,36.528570402165805,22.70407268501744,22.54734253581601,62.139789269899495,31.09262808722004,20.599473188342312,4.616292390967295,4.73740734234239,2,0,0,6
55,7,11.27448084601942,20.443630837121432,23.455311947301144,56.92511927132696,28.064920590705103,26.29802386166976,5.050817911229276,4.616292390967295,3,0,0,7
55,8,0.0,20.21755186442061,19.29520148327638,52.88977107715232,30.928517329550584,29.98621492503469,5.63724042300971,5.050817911229276,4,0,0,8
55,9,0.0,18.195772705006146,18.290529888872165,62.88188407533622,32.30456770133104,23.207171177468403,6.1499460162947726,5.63724042300971,4,0,0,9
56,0,257.6012604010843,21.0,21.0,40.0,26.61957445211669,15.038631154240514,7.097909666639003,0.0,0,0,0,0
56,1,257.6012604010843,19.13239148904233,18.90077262308481,47.498477009144295,26.61957445211669,15.038631154240514,7.097909666639003,7.097909666639003,0,0,0,1
56,2,257.6012604010843,17.390040285067663,17.259010788932905,55.639999136544205,27.628218140827848,17.6024603447272,7.459345216170991,7.097909666639003,0,1,1,2
56,3,213.49939946906017,19.06855271929122,18.90684730218106,64.42997740001478,29.44196293618293,19.39124963865361,7.350310155337353,7.459345216170991,0,1,1,3
56,4,168.0788497547445,20.83338950493461,20.675159501766608,74.73748651677562,33.800510476306364,23.46342906125385,7.5700916190526115,7.350310155337353,0,1,1,4
56,5,104.7505742256131,21.78137725245865,21.73279688634261,69.37711504208232,29.17798008029097,24.37551172696851,7.916034441141425,7.5700916190526115,1,1,1,5
56,6,47.01199132439071,22.846245260955214,22.73821912293309,65.37248397278688,33.60769767060292,27.47768527775572,7.217322862652798,7.916034441141425,2,0,0,6
56,7,12.74951660956975,20.63230939069725,23.627086757277254,60.70419602543747,29.63996201691753,27.758438275585707,6.852494942964192,7.217322862652798,3,0,0,7
56,8,0.0,20.456799860605678,19.398560471593942,56.8326384470157,34.90749453588269,26.91718558399636,6.374758304784875,6.852494942964192,4,0,0,8
56,9,0.0,18.32747256827028,18.5171615383794,67.27461848567069,32.20007127223505,25.810928942514856,6.010626798466414,6.374758304784875,4,0,0,9
57,0,274.8319712636801,21.0,21.0,40.0,31.569373378022984,21.37348539219084,7.750110584172605,0.0,0,0,0,0
57,1,274.8319712636801,19.23138746756046,19.027469707843817,49.52971457863849,31.569373378022984,21.37348539219084,7.750110584172605,7.750110584172605,0,0,0,1
57,2,274.8319712636801,17.621831029935592,17.377619668564737,58.99671951399151,33.931903163682385,18.662568699389933,9.04507127154356,7.750110584172605,0,1,1,2
57,3,218.8422015767549,19.382682529122025,19.19477518190552,70.36698002501147,38.11332586574945,25.05478808436148,9.3316282811542,9.04507127154356,0,1,1,3
57,4,147.7977071861297,20.56262372614159,20.357220947638154,68.09948286008137,41.91243799745935,28.823688864040044,8.880561798828143,9.3316282811542,1,1,1,4
57,5,84.9030116371888,21.614178531431964,21.515351879471737,64.04582293097403,34.41768733470548,26.39531305914268,7.861836943617614,8.880561798828143,2,1,1,5
57,6,33.10687482040036,22.70384396238176,22.60713014942541,60.69539360891858,35.51896376345633,29.200873336235624,6.474517102098555,7.861836943617614,3,0,0,6
57,7,6.913591252444563,20.71543985539971,23.52352796363402,58.05852190495935,39.86517393587248,28.81887215324292,5.238656713591158,6.474517102098555,4,0,0,7
57,8,6.913591252444563,21.251907805044688,20.17902740064252,70.93260765234623,41.52269859659381,30.0,3.9557327294411153,5.238656713591158,4,0,0,8
57,9,0.0,18.53827948205682,18.535598383473356,68.27562504567614,42.39978992351935,26.17252892831344,3.4567956262222816,3.9557327294411153,5,0,0,9
58,0,131.948388643913,21.0,21.0,40.0,25.37415128584443,15.58139350111973,5.08344749683471,0.0,0,0,0,0
58,1,131.948388643913,19.10748302571689,18.9116278700224,47.37199806165355,25.37415128584443,15.58139350111973,5.08344749683471,5.08344749683471,0,0,0,1
58,2,131.948388643913,17.39963755001902,17.19792193299503,55.1639269229165,28.15605093014989,15.1324427435332,4.609003204200628,5.08344749683471,0,1,1,2
58,3,111.14164720357404,18.93328234740025,18.842983633543135,62.57878070861791,24.36715104550054,16.826481097285097,3.46779024005649,4.609003204200628,0,1,1,3
58,4,90.09766426706275,19.988322655128272,19.799872519181573,56.6160910621403,30.4921336234914,19.715146118299657,2.6304978670639123,3.46779024005649,1,1,1,4
58,5,67.11475284355335,21.064251692615358,20.88434446102412,51.100383763361066,32.25631431277226,20.434200694009803,2.8728639279386754,2.6304978670639123,2,1,1,5
58,6,40.32865740974124,22.112227875172835,21.968279707473176,46.24132316269544,33.11728453868787,23.22126767983641,3.348261929226514,2.8728639279386754,3,0,1,6
58,7,23.36071552288624,20.04413631529455,22.87065404276785,41.65363319619957,34.339751497315454,23.50641535548529,3.393588377371001,3.348261929226514,4,0,0,7
58,8,23.36071552288624,20.49598803817568,19.480360849845184,52.16227951845721,33.382480980706234,24.99888747628065,3.55344643383984,3.393588377371001,4,0,0,8
58,9,14.498585133616674,18.004195387531375,17.835316377006155,47.81659382483775,34.874615162463826,24.31601987298364,3.9171450458364174,3.55344643383984,5,0,1,9
59,0,283.1428101734757,21.0,21.0,40.0,26.483845303341628,21.9133357931149,7.650094558098215,0.0,0,0,0,0
59,1,283.1428101734757,19.129676906066837,19.0382667158623,48.711492597362174,26.483845303341628,21.9133357931149,7.650094558098215,7.650094558098215,0,0,0,1
59,2,283.1428101734757,17.519285641855035,17.401269519965517,58.20483748574591,30.00638194150466,22.73442299396057,8.519821414727545,7.650094558098215,0,1,1,2
59,3,228.5099569280619,19.176439234895607,19.13423492303258,67.81309986597785,28.629846433613373,24.74938901211956,9.1054755409023,8.519821414727545,0,1,1,3
59,4,176.2796962608053,20.90660738682378,20.78857693173365,77.0846062841517,29.021478211153376,22.48689077870142,8.705043444542765,9.1054755409023,0,1,1,4
59,5,110.87986315348186,21.88516988230319,21.7504214178912,71.30524323596127,29.86682044516908,21.3589403982174,8.17497913841543,8.705043444542765,1,1,1,5
59,6,52.053678296829126,22.805259397570307,22.747256025956816,66.0295925161308,29.47277910723153,24.55138356037698,7.353273107081593,8.17497913841543,2,0,0,6
59,7,24.23647632110371,20.61582658043099,23.60840378007792,61.30359906051655,29.159502363666185,27.918311771810146,5.563440395145084,7.353273107081593,3,0,0,7
59,8,15.905800365030908,20.314376999718142,19.375180933448146,56.22466276926629,28.59408296148077,26.522937642684443,4.1653379780364,5.563440395145084,4,0,0,8
59,9,10.63153909442226,17.563098494225436,17.699358557971838,51.37004875001952,31.81909662767957,24.54415882094948,2.637130635304324,4.1653379780364,5,1,1,9
60,0,168.59669987990634,21.0,21.0,40.0,28.238716441256617,21.80676443699532,6.108384533467637,0.0,0,0,0,0
60,1,168.59669987990634,19.16477432882513,19.036135288739903,49.00818655808535,28.238716441256617,21.80676443699532,6.108384533467637,6.108384533467637,0,0,0,1
60,2,168.59669987990634,17.511382437637966,17.435085838938786,58.46772491462403,29.14870320294833,23.404287666710992,6.232227172576165,6.108384533467637,0,1,1,2
60,3,132.63115652039193,19.303667221068885,19.09130763897238,68.62479738434843,34.0953042363352,22.33287615102256,5.994257226585736,6.232227172576165,0,1,1,3
60,4,92.26381075961368,20.312607017228096,20.208640596497656,64.24803777192119,33.70085846057591,25.31714369260612,5.045918220097278,5.994257226585736,1,1,1,4
60,5,60.263433970999245,21.359832644636967,21.34938385006778,59.64018878346063,29.90805416287307,27.82611812345712,4.000047098576806,5.045918220097278,2,1,1,5
60,6,36.01989250077111,22.359039596624804,22.354859203283294,54.32062437552506,27.072974659652346,26.707223074038943,3.0304426837785177,4.000047098576806,3,0,0,6
60,7,22.52190358254721,20.22140529018492,23.20068261524501,49.16814347551414,27.903639545750966,26.80479989863286,2.69959778364478,3.0304426837785177,4,0,0,7
60,8,6.217665301132483,22.988027200819623,19.085753056996943,45.04456199225601,30.42454731523256,30.0,3.2608476562829454,2.69959778364478,5,0,0,8
60,9,0.0,18.139888153851523,19.325837139278374,40.70716131173559,29.236662885997664,30.0,3.1088326505662414,3.2608476562829454,6,0,0,9
61,0,122.62431510857238,21.0,21.0,40.0,34.80509278865018,22.839674169226885,5.950740135573955,0.0,0,0,0,0
61,1,122.62431510857238,19.296101855773006,19.05679348338454,50.37605805241788,34.80509278865018,22.839674169226885,5.950740135573955,5.950740135573955,0,0,0,1
61,2,122.62431510857238,17.75687915529114,17.61297726672678,62.41500537302776,38.833880342049866,28.04916032800504,5.4358662334361165,5.950740135573955,0,1,1,2
61,3,96.76646110066072,19.52121776476218,19.38384660137255,73.73343941951991,35.95363782256288,26.92655132461576,4.309642334651941,5.4358662334361165,0,1,1,3
61,4,70.44274141023021,20.595188938058,20.495919794560923,70.35370487777418,35.790527474666575,28.766502848968244,3.290464961303813,4.309642334651941,1,1,1,4
61,5,50.0539776070404,21.59114342839728,21.648594399515563,65.90467282515172,28.616488596541927,30.0,2.548595475398728,3.290464961303813,2,1,1,5
61,6,25.42695875934116,22.735588296871068,22.64926437689304,62.32647048293467,33.45443143212744,30.0,3.078377355962405,2.548595475398728,3,0,0,6
61,7,12.715559965341086,20.678140266962224,23.569987447600543,59.17362148688558,36.26000267262987,29.557502904875232,2.5422797588000146,3.078377355962405,4,0,0,7
61,8,2.983720069320106,23.49852257761949,19.46649268619704,56.38023260365115,38.01914653290039,29.79535967135276,1.946367979204196,2.5422797588000146,5,0,0,8
61,9,0.0,18.692416735804738,19.74635625411832,53.58125764566951,37.78347245565754,30.0,1.491860034660053,1.946367979204196,6,0,0,9
62,0,141.02620813281223,21.0,21.0,40.0,26.99117210300796,17.055563209259258,4.628507097592875,0.0,0,0,0,0
62,1,141.02620813281223,19.13982344206016,18.941111264185185,47.9284123562081,26.99117210300796,17.055563209259258,4.628507097592875,4.628507097592875,0,0,0,1
62,2,141.02620813281223,17.428249863744036,17.31224191925877,56.5059590522708,28.21705854636809,19.43597865398028,3.984692125971716,4.628507097592875,0,1,1,2
62,3,121.53365139366431,19.211245187257465,19.01503856520028,66.81322115169249,34.40650874457375,22.85605847443565,3.248759456524652,3.984692125971716,0,1,1,3
62,4,96.03505967110718,20.313261920231398,20.106862642048867,62.89275204768235,37.40800633107499,24.14494309109093,3.187323965319643,3.248759456524652,1,1,1,4
62,5,65.53524857868828,21.36704877304273,21.175298240624112,57.60217444658909,33.312375671575445,20.62885987790645,3.812476386552361,3.187323965319643,2,1,1,5
62,6,36.36413823420075,22.268814465132284,22.252308742033733,51.89927250038184,27.67604444225004,23.974500301043022,3.646388793060941,3.812476386552361,3,0,0,6
62,7,20.838717811691915,20.184606461856408,23.12792045800247,47.32222503144228,30.49358893919986,27.41170290002481,3.1050840845017684,3.646388793060941,4,0,0,7
62,8,6.52684337969874,22.988049306629563,18.97306037635033,43.07205235777964,33.160499747933585,26.560763176162883,2.862374886398635,3.1050840845017684,5,0,0,8
62,9,0.0,18.14257859188284,19.22491669073239,38.76321323880431,32.751633619812885,26.64370460810192,3.2634216898493698,2.862374886398635,6,0,0,9
63,0,135.49595956559105,21.0,21.0,40.0,28.010417639701927,24.12407232294737,4.690605438706013,0.0,0,0,0,0
63,1,135.49595956559105,19.16020835279404,19.08248144645895,49.38420819327688,28.010417639701927,24.12407232294737,4.690605438706013,4.690605438706013,0,0,0,1
63,2,135.49595956559105,17.653497643755088,17.460648316877762,60.01442623464805,34.9325684176997,24.12419847880682,4.369617276530197,4.690605438706013,0,1,1,2
63,3,112.18989817617512,19.289077785300663,19.2534210371246,70.14102512497406,30.46723001799835,25.79165270603508,3.8843435649026543,4.369617276530197,0,1,1,3
63,4,84.42009409432916,20.315062926267306,20.24790135825672,64.94477145442086,29.17909350449297,25.286163881322544,3.4712255102307457,3.8843435649026543,1,1,1,4
63,5,53.76868148069588,21.38645568792018,21.335980897439804,60.11799824839143,30.024544838673823,26.49338179449605,3.831426576704161,3.4712255102307457,2,1,1,5
63,6,24.744735879185043,22.39848504546045,22.36724994551735,55.15787682577576,29.04799003102562,26.72911317666512,3.6279932001888544,3.831426576704161,3,0,0,6
63,7,8.649490966838249,20.34368331681706,23.286065363078755,51.45446974829319,33.05413687780154,29.70471269173977,3.2190489824693582,3.6279932001888544,4,0,0,7
63,8,8.649490966838249,20.927484609255043,19.884734697326348,63.69478743074487,38.001764902509294,30.0,3.10594675328625,3.2190489824693582,4,0,0,8
63,9,0.0,18.20206426299951,18.32920607643845,61.16593587200191,39.28415800698361,30.0,4.324745483419124,3.10594675328625,5,0,0,9
64,0,238.75776119221965,21.0,21.0,40.0,34.4068780681242,19.315241752097823,7.994737768917611,0.0,0,0,0,0
64,1,238.75776119221965,19.28813756136249,18.98630483504196,49.669981567639965,34.4068780681242,19.315241752097823,7.994737768917611,7.994737768917611,0,0,0,1
64,2,238.75776119221965,17.526714373719173,17.461721694678626,58.9116145419689,29.559765129886983,21.78264028305155,9.1885897638927,7.994737768917611,0,1,1,2
64,3,185.33540287153696,19.271235144193263,19.196594856327,69.3844441622538,31.444645679141026,26.737741100219523,8.903726386780443,9.1885897638927,0,1,1,3
64,4,140.47112985811302,21.0464458875105,20.935722561872662,79.96584543286346,32.72066660719193,26.06489600730617,7.477378835570661,8.903726386780443,0,1,1,4
64,5,88.30330869284467,22.036567769976063,21.920020990308267,74.75088806579403,30.92476841434141,23.436579546384007,6.520977645658543,7.477378835570661,1,0,1,5
64,6,52.20131687476472,22.91970202056586,22.888140177594977,69.17309889093849,27.83595476940409,24.50966092584292,4.512748977259994,6.520977645658543,2,0,0,6
64,7,33.847785071139754,20.655293798291734,23.66860676607776,63.27599039553641,25.18969936262513,25.3819201073633,3.6707063607249935,4.512748977259994,3,0,0,7
64,8,27.09485252274724,20.34779096160236,19.48646340711085,58.69199337293775,27.866683207785176,30.0,3.376466274196257,3.6707063607249935,4,0,0,8
64,9,19.42746471790565,17.985984680218156,17.861908500782192,54.38279260263042,29.39332905384817,30.0,3.2019387883291253,3.376466274196257,5,1,1,9
65,0,204.85516560995197,21.0,21.0,40.0,34.33634858119019,18.15807638443375,7.0228212557817855,0.0,0,0,0,0
65,1,204.85516560995197,19.286726971623803,18.96316152768868,49.44899649381231,34.33634858119019,18.15807638443375,7.0228212557817855,7.0228212557817855,0,0,0,1
65,2,204.85516560995197,17.626622244032028,17.44562293745361,59.64379805237667,35.27061671220827,21.3671697242604,7.711789031980055,7.0228212557817855,0,1,1,2
65,3,161.46057968799178,19.26641605824929,19.25019461250518,69.876799888758,30.188036044000228,26.661974158118323,7.232430986993362,7.711789031980055,0,1,1,3
65,4,121.19193462040784,20.95853847022158,20.96272066296808,79.51489388472899,26.78958934655997,26.75537729772327,6.711440844597323,7.232430986993362,0,1,1,4
65,5,71.52502912112745,22.08257976619945,21.936149190486805,75.35256374644435,33.73403645198226,26.47524055754748,6.2083631874100496,6.711440844597323,1,0,1,5
65,6,35.40438658548649,23.07033573939213,22.951435035419056,71.19679617058634,34.19361476201069,26.052120927667072,4.515080316955119,6.2083631874100496,2,0,0,6
65,7,18.553221611703137,20.884102603984857,23.759221924737293,66.44168188349035,32.471788130164946,24.444243608190643,3.37023299475667,4.515080316955119,3,0,0,7
65,8,5.939677270556218,23.651970536963045,19.6428308448924,63.41527386791516,36.92507513063641,29.59488033839036,2.522708868229384,3.37023299475667,4,0,0,8
65,9,0.0,18.71999822847688,19.76643930110269,58.37401221072688,31.570682938250407,23.75564118848134,2.969838635278109,2.522708868229384,5,0,0,9
66,0,136.8010309114366,21.0,21.0,40.0,29.31504360639344,20.614515398284745,2.814576139775495,0.0,0,0,0,0
66,1,136.8010309114366,19.18630087212787,19.012290307965696,48.98732062084207,29.31504360639344,20.614515398284745,2.814576139775495,2.814576139775495,0,0,0,1
66,2,136.8010309114366,17.612913450973455,17.464392481822074,59.64317722686864,34.61770514340814,24.58149822340617,1.4225511163806484,2.814576139775495,0,1,1,2
66,3,122.79567496421669,18.651832271508507,18.42724247734844,54.497363680562046,34.10139227178551,20.64408802651121,1.7506694934024931,1.4225511163806484,1,1,1,3
66,4,102.48501062577412,19.66819022288312,19.597454341178043,49.4789675217465,31.179497835450704,24.27385683779628,2.5388330423053187,1.7506694934024931,2,1,1,4
66,5,72.43798970293571,20.828393268762124,20.757126556740157,44.92823321274688,31.33792494389403,26.7135511172192,3.7558776153548017,2.5388330423053187,3,1,1,5
66,6,37.93928272038497,21.984719700723414,21.92417392827932,41.46556528720304,34.096289302534245,30.0,4.312338372818843,3.7558776153548017,4,1,1,6
66,7,11.281141160956729,23.653257610184525,23.58889831289481,52.614238430370136,33.03161223437124,28.905460783223774,4.443023593238041,4.312338372818843,4,0,0,7
66,8,11.281141160956729,22.08605560418305,21.961329158291644,64.71054654607507,37.20171175391626,30.0,4.57614573852026,4.443023593238041,4,0,0,8
66,9,0.0,19.68881873390945,19.57902349021022,60.60600175673177,33.945482799601685,26.58482392626893,5.640570580478364,4.57614573852026,5,0,0,9
67,0,164.99885570279844,21.0,21.0,40.0,25.590782627592905,16.699253631893868,5.1715351288320885,0.0,0,0,0,0
67,1,164.99885570279844,19.111815652551854,18.93398507263788,47.61220652670762,25.590782627592905,16.699253631893868,5.1715351288320885,5.1715351288320885,0,0,0,1
67,2,164.99885570279844,17.36771997603214,17.231262852355457,55.20075787778387,25.824466749817184,16.334151867273114,4.362102633009901,5.1715351288320885,0,1,1,2
67,3,141.008936342277,18.9796744282934,18.92013728200784,63.71599413018016,26.165291119148453,21.141576949719823,3.99831989342024,4.362102633009901,0,1,1,3
67,4,107.80118000301984,20.040971902109955,19.94464337336788,58.52936498641594,30.11410530523745,24.404621673850244,4.150969542407144,3.99831989342024,1,1,1,4
67,5,69.44600848029395,21.1298968290258,20.99775961677266,53.02609749760681,30.40570680297966,22.353918259191868,4.794396440340735,4.150969542407144,2,1,1,5
67,6,26.78643002767224,22.142372757325266,22.02901064847824,47.53453093887087,30.23739692769644,22.58723330154833,5.3324473065777145,4.794396440340735,3,0,0,6
67,7,0.0,20.08088903593595,22.861514777214023,42.45926790058754,33.90328606694702,21.234141498145576,5.357286005534448,5.3324473065777145,4,0,0,7
67,8,0.0,20.445551023940364,19.53421529798933,52.77500214181527,30.583517425933955,26.72611724755344,6.118986718450916,5.357286005534448,4,0,0,8
67,9,0.0,18.385600881801263,18.530030620638826,62.84827022577025,31.205574706902144,24.757025759514413,6.654304997452504,6.118986718450916,4,0,0,9
68,0,232.80201412957024,21.0,21.0,40.0,28.73783201908008,24.222883992666183,6.008913957213684,0.0,0,0,0,0
68,1,232.80201412957024,19.1747566403816,19.08445767985333,49.53292888211433,28.73783201908008,24.222883992666183,6.008913957213684,6.008913957213684,0,0,0,1
68,2,232.80201412957024,17.568697090318402,17.492327681336192,59.55120760272748,30.415029430220592,25.242074573185807,6.373371290740911,6.008913957213684,0,1,1,2
68,3,194.0368996665502,19.269857251998506,19.12585069072936,68.78697020650077,29.82783072068763,21.48196152249732,6.460852410503342,6.373371290740911,0,1,1,3
68,4,156.45982354219774,20.87517685256677,20.779770992970352,77.00757471061443,26.300208210855885,19.369816811997826,6.26284602072541,6.460852410503342,0,1,1,4
68,5,105.39171540959995,21.76996561439612,21.6302554267683,69.43579476261881,24.84224322656957,16.425645951232532,6.383513516574722,6.26284602072541,1,1,1,5
68,6,56.17616033884396,22.6398949454634,22.564233168261485,62.93115735271098,26.5376002541792,20.65885857966617,6.151944383844501,6.383513516574722,2,0,0,6
68,7,29.29721656337348,20.406846535338808,23.28260579316463,56.21409881844562,26.68165262152072,19.334688854782826,5.375788755094094,6.151944383844501,3,0,0,7
68,8,20.98667858168388,20.011708886482477,18.90385597179332,48.50092691242515,26.36931758347845,14.113060716407826,4.155268990844802,5.375788755094094,4,0,0,8
68,9,15.543405202057734,17.076422140297822,17.267234810383524,41.64645588614805,26.16504947947876,19.08788926342626,2.72163668981307,4.155268990844802,5,1,1,9
69,0,175.67607211728546,21.0,21.0,40.0,34.47897559257653,17.000405795484077,4.6768886963296925,0.0,0,0,0,0
69,1,175.67607211728546,19.28957951185153,18.940008115909684,49.26628864985091,34.47897559257653,17.000405795484077,4.6768886963296925,4.6768886963296925,0,0,0,1
69,2,175.67607211728546,17.596335898839996,17.320681682279186,58.2284788646824,34.40811370256054,15.38183193539219,4.253408460395866,4.6768886963296925,0,1,1,2
69,3,150.7813084709926,19.235911926056573,19.10136189788353,68.1047926427027,32.86536226747748,22.00304761041306,4.149127274382144,4.253408460395866,0,1,1,3
69,4,117.26427437312564,20.17943965501223,20.121741962516158,62.21481745691858,27.75719200763277,22.85405696023317,4.189629262233371,4.149127274382144,1,1,1,4
69,5,76.06097639848109,21.22941082345972,21.16452845281657,56.55200807180054,27.99143255669372,23.881848637094976,5.150412246830568,4.189629262233371,2,1,1,5
69,6,30.57506732063145,22.209248177202284,22.1832249697576,50.89335825660153,27.08539292372149,24.810996991839588,5.685738634731204,5.150412246830568,3,0,0,6
69,7,0.0,20.079062215254595,23.09371761539892,46.10065247248338,28.18238409634329,28.52480599188921,6.1150134641262905,5.685738634731204,4,0,0,7
69,8,0.0,20.570057205658788,19.66508136632705,56.848691222437765,29.87014367652861,29.84118271210683,6.498255311827925,6.1150134641262905,4,0,0,8
69,9,0.0,18.47381620121652,18.693718515470163,67.12057300915734,29.82276590175704,27.243244024462804,6.703457272273133,6.498255311827925,4,0,0,9
70,0,186.9993837502225,21.0,21.0,40.0,33.24299805047452,19.67141175253978,6.786970779366362,0.0,0,0,0,0
70,1,186.9993837502225,19.26485996100949,18.9934282350508,49.52459376454257,33.24299805047452,19.67141175253978,6.786970779366362,6.786970779366362,0,0,0,1
70,2,186.9993837502225,17.59760952894965,17.52975824691393,60.1474611288512,33.23998489644054,25.77594490527406,6.647151138405601,6.786970779366362,0,1,1,2
70,3,150.05310064136904,19.278325156404296,19.26040694347297,70.13306281287635,28.694622394176463,26.78094251707436,6.1577138514755845,6.647151138405601,0,1,1,3
70,4,108.78865321062936,20.33859201951146,20.277701300670373,65.44728091588226,30.307260409695303,26.993951273670845,5.158055928842461,6.1577138514755845,1,1,1,4
70,5,74.34173689211855,21.403921230986963,21.338526117471027,60.36863938890659,29.650887320940804,25.46777086252769,4.305864539813851,5.158055928842461,2,1,1,5
70,6,40.50657344556923,22.4865232986643,22.408767197550965,56.41243033233423,33.111562944279505,28.242831185874,4.229395430818664,4.305864539813851,3,0,0,6
70,7,18.65496500546255,20.27797169630591,23.340898919005824,51.56172108117147,27.20246449317786,29.182484111473507,4.370321688021336,4.229395430818664,4,0,0,7
70,8,18.65496500546255,20.67521622192425,19.832108370079588,61.1460986555562,24.72901316582481,28.51752891409037,4.55443460088959,4.370321688021336,4,0,0,8
70,9,10.09875442950157,17.937487748282447,18.156406589710144,55.98297065413472,24.93181668878156,29.71747219221017,4.017515900285096,4.55443460088959,5,1,0,9
71,0,119.63667930252478,21.0,21.0,40.0,28.72181787013057,20.095375539056203,6.050453322083965,0.0,0,0,0,0
71,1,119.63667930252478,19.17443635740261,19.001907510781127,48.78709481365362,28.72181787013057,20.095375539056203,6.050453322083965,6.050453322083965,0,0,0,1
71,2,119.63667930252478,17.43670476948196,17.443949086521894,57.85328595502475,26.29672270524913,24.071005857923826,5.343228179213513,6.050453322083965,0,1,1,2
71,3,98.81048036393426,19.08527359003474,19.015354982227283,65.89433864137644,24.029890279474827,20.642624644701154,3.471033156431753,5.343228179213513,0,1,1,3
71,4,77.22642138724416,20.086483860708228,20.06758375628916,60.597163989405786,27.94918480244765,25.955400464382063,2.698007372086262,3.471033156431753,1,1,1,4
71,5,56.983242449873714,21.24082222051176,21.159841267521283,56.18649591439966,31.581085510665662,27.24853629485583,2.5303973671713065,2.698007372086262,2,1,1,5
71,6,35.798669099980614,22.324562746575072,22.1915546950336,51.58617863581003,32.82056599543873,24.95544912350779,2.648071668736638,2.5303973671713065,3,0,0,6
71,7,20.070909441721305,20.06992788418367,23.179726677927107,46.483826648152046,25.7460572439253,29.240876157974792,3.145551931651861,2.648071668736638,4,0,0,7
71,8,20.070909441721305,20.505464063668693,19.66273754265736,56.00674738236449,24.19722966724224,28.70788552282689,3.380877932100096,3.145551931651861,4,0,0,8
71,9,11.513842050148376,18.05166189902799,17.927221738908003,51.15986449391304,30.514849364166583,25.89135681110311,3.745234305208885,3.380877932100096,5,0,1,9
72,0,269.5955865584536,21.0,21.0,40.0,33.43253265588527,20.77564676857712,5.925435235459448,0.0,0,0,0,0
72,1,269.5955865584536,19.268650653117707,19.015512935371543,49.75747229640323,33.43253265588527,20.77564676857712,5.925435235459448,5.925435235459448,0,0,0,1
72,2,269.5955865584536,17.556952157596303,17.384870675399487,58.50084449622711,30.487714937527382,18.08657506149419,6.463224790188449,5.925435235459448,0,1,1,2
72,3,226.8935978391453,19.243529321122377,19.007066284796792,67.39613177185845,31.91131834581384,17.506944296582464,7.116998119884714,6.463224790188449,0,1,1,3
72,4,180.96475514882104,20.938449642402144,20.794615905870234,77.49520552873987,33.42229884374357,22.68366647226437,7.654807115054047,7.116998119884714,0,1,1,4
72,5,119.97859972872156,21.995531924002663,21.7649303134563,72.53284295523959,34.72611947236998,21.038532897072848,7.623269427512436,7.654807115054047,1,1,1,5
72,6,60.25285119101059,22.851381572981232,22.86234487940528,67.69663690330053,29.68819038533247,26.77733154833945,7.465718567213869,7.623269427512436,2,0,0,6
72,7,24.861317077767843,20.80883824997752,23.712237505922808,64.33644267244799,34.66558760637477,30.0,7.07830682264855,7.465718567213869,3,0,0,7
72,8,10.886724812139766,20.424654883567765,19.551371404219235,59.43127387011364,28.0977903354171,27.98460520716984,6.987296132814039,7.07830682264855,4,0,0,8
72,9,10.886724812139766,18.405439685682744,18.59351138815573,70.28471237320991,31.9962738196679,28.300606753089177,5.887188673327382,6.987296132814039,4,0,0,9
73,0,272.22415683629833,21.0,21.0,40.0,25.474168939060327,20.465489228499244,7.0736347763371406,0.0,0,0,0,0
73,1,272.22415683629833,19.109483378781206,19.009309784569982,48.269138470160726,25.474168939060327,20.465489228499244,7.0736347763371406,7.0736347763371406,0,0,0,1
73,2,272.22415683629833,17.436658967124647,17.409186318998895,57.48821319175268,27.046659053039008,24.17042273358294,7.199726216458332,7.0736347763371406,0,1,1,2
73,3,227.5715802230872,19.268581210430483,19.06077500653989,67.8697640965101,34.238841360311966,23.436441443895887,7.442096102201857,7.199726216458332,0,1,1,3
73,4,182.30858696209256,20.903211258661024,20.856560157471105,77.57122971461449,29.673339664773003,24.22369154691809,7.543832210165772,7.442096102201857,0,1,1,4
73,5,120.76592685681732,21.95737279584927,21.83135454855485,72.64693557395661,31.488411272790582,24.4877323902212,7.692832513159404,7.543832210165772,1,1,1,5
73,6,61.61658311033306,23.028572749198126,22.821146739106982,68.80571947902918,37.127409065521626,24.86583485154816,7.393667968310534,7.692832513159404,2,0,0,6
73,7,23.37519909657896,20.87629984175436,23.75157981049005,65.30521672433268,36.61674376091208,27.26935204632958,7.64827680275082,7.393667968310534,3,0,0,7
73,8,9.848167620812426,20.578971064005195,19.567193895980765,61.06618441140191,33.6214063436187,26.16174747343252,6.763515737883267,7.64827680275082,4,0,0,8
73,9,9.848167620812426,18.4480874592336,18.603442302614614,71.01470786177424,31.339245037803185,23.930329686487603,5.917140363314141,6.763515737883267,4,0,0,9
74,0,144.05393233760017,21.0,21.0,40.0,27.61324893252996,23.59697709440789,4.492950277699023,0.0,0,0,0,0
74,1,144.05393233760017,19.1522649786506,19.07193954188816,49.21784068484881,27.61324893252996,23.59697709440789,4.492950277699023,4.492950277699023,0,0,0,1
74,2,144.05393233760017,17.509342475553098,17.540691438472557,59.4207810643405,28.16021775687547,28.522784351411705,3.309782832618107,4.492950277699023,0,1,1,2
74,3,126.17674475395675,19.14145240019198,19.204003331722014,68.2932997175834,22.84699463775018,26.444775658043657,2.9795312639405687,3.309782832618107,0,1,1,3
74,4,101.07829816170764,20.13195763878409,20.161329002683317,62.26599629266197,23.72074106904016,26.127573236951893,3.13730582403114,2.9795312639405687,1,1,1,4
74,5,78.3025003916081,21.19426346651858,21.1482610083534,56.20440300099909,25.758683748044064,23.89913129827333,2.8469747212624408,3.13730582403114,2,1,1,5
74,6,57.73742100696313,22.20497265805841,22.142654055507688,50.55859517663089,27.886850654539508,24.08088365452599,2.5706349230806227,2.8469747212624408,3,0,0,6
74,7,40.2015365115827,20.03730263157277,23.007868988466008,44.98067160746983,27.375665126907545,24.969203933308822,3.507176899076086,2.5706349230806227,4,0,0,7
74,8,40.2015365115827,20.54392603735782,19.52598562520471,55.275294678593816,31.76543782469518,25.426912570438063,3.504556929814372,3.507176899076086,4,0,0,8
74,9,30.76672133402695,17.924009883108752,17.873676313208428,49.59072954962318,27.640910872922845,24.11150507724029,4.128791438126283,3.504556929814372,5,1,1,9
75,0,229.32643810653167,21.0,21.0,40.0,28.476900101995167,21.864983821136708,7.152679963622342,0.0,0,0,0,0
75,1,229.32643810653167,19.169538002039904,19.03729967642273,49.061539106163735,28.476900101995167,21.864983821136708,7.152679963622342,7.152679963622342,0,0,0,1
75,2,229.32643810653167,17.667459702576906,17.387034599611376,59.445294399935655,36.84617972118896,20.84134968865505,6.560177498422845,7.152679963622342,0,1,1,2
75,3,193.8407536502392,19.30685708072615,19.19664156195552,69.70407010597029,33.35517542493694,23.638022941922184,5.914280742715407,6.560177498422845,0,1,1,3
75,4,144.6574580330817,20.31932352539808,20.27906466959536,65.14253308556499,30.82881828472181,27.16264271302652,6.147911952144689,5.914280742715407,1,1,1,4
75,5,95.37895823575818,21.446315408983946,21.35364435781509,60.72653483768478,32.01872256474113,26.78128716925768,6.159812474665438,6.147911952144689,2,1,1,5
75,6,42.65574683600869,22.361929759579755,22.445155656386227,55.51062947030641,25.79242610977573,28.5636551825667,6.590401424968687,6.159812474665438,3,0,0,6
75,7,10.712975814544729,20.333592291714467,23.167562421121303,50.31493824687918,30.76074358481608,23.70763850725488,6.3885542042927925,6.590401424968687,4,0,0,7
75,8,10.712975814544729,20.77031043293793,19.682036311253054,60.35801400100358,33.84950972191625,21.945355578774866,6.056993079240105,6.3885542042927925,4,0,0,8
75,9,10.712975814544729,18.70433012396061,18.736808668668097,71.33294627633965,37.836015281993966,23.13583069209533,5.524540110751405,6.056993079240105,4,0,0,9
76,0,86.4220402550957,21.0,21.0,40.0,33.50485911613399,19.047745093036703,2.7940986427010595,0.0,0,0,0,0
76,1,86.4220402550957,19.270097182322683,18.98095490186073,49.459468757650725,33.50485911613399,19.047745093036703,2.7940986427010595,2.7940986427010595,0,0,0,1
76,2,86.4220402550957,17.675809350420256,17.475720853853694,60.35841048385528,37.44561764597466,23.10405861071733,1.420482864278352,2.7940986427010595,0,1,1,2
76,3,83.01798395056483,18.61168315185825,18.638907032004145,56.15501925362258,30.810646636622188,29.17051319541834,0.425507038066358,1.420482864278352,1,1,1,3
76,4,78.58761241190616,19.747510548450293,19.691920493948125,51.311426376298186,29.39781426889224,27.026669745972203,0.5537964423323327,0.425507038066358,2,1,1,4
76,5,63.20862171806877,20.85936068520349,20.86220356845161,46.5774214461422,28.86250629935225,28.170799644225564,1.922373836729674,0.5537964423323327,3,1,1,5
76,6,40.028458719105735,21.93855090694557,21.91936671990736,41.55400963321221,28.171028015677887,27.254461912488868,2.897520374870379,1.922373836729674,4,1,1,6
76,7,10.03350407017843,22.923631579122777,22.876952799494337,37.7414444936328,32.3870588391105,29.765357052115,3.749369331115913,2.897520374870379,5,0,0,7
76,8,10.03350407017843,21.344628693845166,21.30996988563445,48.97940647252604,32.43312210496244,30.0,4.305853257486647,3.749369331115913,5,0,0,8
76,9,0.0,19.102150351624736,18.942769516215066,45.15012855892399,35.274245520149904,26.785321626505382,5.016752035089215,4.305853257486647,6,0,0,9
77,0,137.47135029784607,21.0,21.0,40.0,28.620354843606734,16.604283629544724,4.139397285665213,0.0,0,0,0,0
77,1,137.47135029784607,19.17240709687213,18.932085672590897,48.14043492516726,28.620354843606734,16.604283629544724,4.139397285665213,4.139397285665213,0,0,0,1
77,2,137.47135029784607,17.466403393650456,17.384551109817227,57.52132579335056,29.906747967338028,22.209312411458072,2.742404308123496,4.139397285665213,0,1,1,2
77,3,115.2368654933248,18.50868295811008,18.44522674989995,53.0824734569773,31.53681862185452,27.13622395384961,2.7793106005651573,2.742404308123496,1,1,1,3
77,4,90.77979022889792,19.76636591351338,19.628783016986507,50.24345342697028,37.69599389139493,29.865005941899373,3.0571344080533605,2.7793106005651573,2,1,1,4
77,5,60.05412301020486,21.04232842112121,20.891159551516463,47.77544707403556,39.62218692814047,30.0,3.840708402336632,3.0571344080533605,3,1,1,5
77,6,24.362924665200197,22.168717179672143,22.092744918127668,44.66735337586864,36.06614612129484,30.0,4.461399793125583,3.840708402336632,4,0,0,6
77,7,9.033464913640463,20.898353931965037,23.77175888155407,56.81183393573739,37.46933644371529,30.0,5.109819917186576,4.461399793125583,4,0,0,7
77,8,9.033464913640463,21.29846978106324,20.363245121957725,68.2706625037966,33.66015871144008,30.0,5.938657512520356,5.109819917186576,4,0,0,8
77,9,9.033464913640463,19.151421688795946,19.39535030691278,79.40041152032998,31.83193898074097,30.0,5.167599464527142,5.938657512520356,4,0,0,9
78,0,122.56488337696612,21.0,21.0,40.0,33.4912242231306,22.07624053967252,4.663755522675906,0.0,0,0,0,0
78,1,122.56488337696612,19.26982448446261,19.04152481079345,50.00214365730456,33.4912242231306,22.07624053967252,4.663755522675906,4.663755522675906,0,0,0,1
78,2,122.56488337696612,17.76382431708294,17.44577444459019,60.93529499041327,40.03335917902833,20.706370449353376,3.909751409048031,4.663755522675906,0,1,1,2
78,3,102.2212731595146,19.503853419040357,19.22983940383093,72.00947219632718,39.99732777369208,21.52587892582965,3.390601702908586,3.909751409048031,0,1,1,3
78,4,79.19603753926148,20.508485724515783,20.37527191040366,68.15168727572014,36.336047909632015,25.56514697588437,2.878154452531639,3.390601702908586,1,1,1,4
78,5,57.068694398747,21.59129504240859,21.375019755945235,62.92139184843228,33.54405402495851,20.732082490108937,2.765917892564311,2.878154452531639,2,1,1,5
78,6,40.99657030800341,22.51587908584,22.411887546347625,57.44414167145493,30.673935977514184,22.230229705945003,2.009015511342948,2.765917892564311,3,0,0,6
78,7,26.158421658761966,20.475469340682725,23.287550458034318,53.627718369563766,36.54339944048313,25.58758221567705,2.967629729848289,2.009015511342948,4,0,0,7
78,8,26.158421658761966,20.866278420537757,19.84383512501981,63.86958814034913,32.92011225999333,23.979164244369805,4.265675590056193,2.967629729848289,4,0,0,8
78,9,15.922474039222848,17.965670046892086,18.211559947986466,58.98143014486448,29.60952720156772,26.56737282351751,5.11797380976956,4.265675590056193,5,1,0,9
79,0,134.0680855233367,21.0,21.0,40.0,30.807503813548443,18.64224440194048,4.007768253181071,0.0,0,0,0,0
79,1,134.0680855233367,19.21615007627097,18.97284488803881,48.900954678788,30.807503813548443,18.64224440194048,4.007768253181071,4.007768253181071,0,0,0,1
79,2,134.0680855233367,17.425241376057492,17.372273775633676,57.116423602724,25.969725933269896,19.67176808859674,2.65019058782316,4.007768253181071,0,1,1,2
79,3,115.74037129276486,18.325657398294755,18.384965336607628,50.92084725777174,23.3712909204894,25.542173829775805,2.2909642788214786,2.65019058782316,1,1,1,3
79,4,95.60501749873062,19.47182057841203,19.40669139016913,45.4027190526681,27.52195293232688,25.15511259487516,2.5169192242542806,2.2909642788214786,2,1,1,4
79,5,69.24072150768968,20.54652871425764,20.588795109782733,39.935994753899365,25.913130416003447,27.049512368614696,3.295536998880117,2.5169192242542806,3,1,1,5
79,6,38.78303829800561,21.70422619935179,21.666467912452934,35.27611878541488,29.34952596024305,28.09560754817648,3.8072104012105097,3.295536998880117,4,1,1,6
79,7,10.807416774967852,23.250634886448587,23.24740388995092,44.08715369776745,24.83905904294019,24.11113491457406,4.66260358717296,3.8072104012105097,4,0,0,7
79,8,10.807416774967852,21.55016057814659,21.531620178357223,53.520374647841074,26.69113399644885,25.71564905951573,4.748235062965594,4.66260358717296,4,0,0,8
79,9,0.0,19.220638992864867,19.15177318527861,49.17835189307618,31.46619053595176,27.744794159798808,5.403708387483926,4.748235062965594,5,0,0,9
80,0,145.12402095251406,21.0,21.0,40.0,26.668875993709456,19.651798152097108,4.345339683436851,0.0,0,0,0,0
80,1,145.12402095251406,19.13337751987419,18.993035963041944,48.33772134624518,26.668875993709456,19.651798152097108,4.345339683436851,4.345339683436851,0,0,0,1
80,2,145.12402095251406,17.349197291208775,17.236255602814857,55.151539950461896,22.803377786691687,15.051170014512271,3.579495477606298,4.345339683436851,0,1,1,2
80,3,121.3014946994746,18.93688005344201,18.854995735563893,62.80494537954829,24.153630135147267,18.365288915332712,3.9704210421732458,3.579495477606298,0,1,1,3
80,4,89.45827231029784,19.89748602755861,19.77250481989557,55.65197734606336,25.53597359375954,18.058648442435253,3.9804027986470927,3.9704210421732458,1,1,1,4
80,5,56.30581210651043,20.95119751223573,20.846677431670017,49.737234207211486,28.78718568591612,21.686463542684567,4.144057525473427,3.9804027986470927,2,1,1,5
80,6,26.520757444923497,22.062463230676443,21.899483672710797,45.03196929206006,33.4548759001857,23.738096793417515,3.7231318326983662,4.144057525473427,3,0,1,6
80,7,11.329863678580423,19.869163545144627,22.912961880319067,40.21063643417197,28.401463700136645,28.14668708937397,3.038178753268614,3.7231318326983662,4,0,0,7
80,8,3.14443770265435,22.64325478085672,18.74884700228435,35.13564476656093,27.101174540470343,28.03776063946832,1.6370851951852148,3.038178753268614,5,0,0,8
80,9,0.0,18.04181894885068,18.887464742704093,30.11657801564148,31.971485570696498,23.47814359086209,1.460620370893315,1.6370851951852148,6,0,0,9
81,0,33.22836115136654,21.0,21.0,40.0,32.4798363971435,15.52353309201925,3.696061366009841,0.0,0,0,0,0
81,1,33.22836115136654,19.249596727942876,18.910470661840385,48.640606508049295,32.4798363971435,15.52353309201925,3.696061366009841,3.696061366009841,0,0,0,1
81,2,33.22836115136654,17.52129887669244,17.439513322222496,58.56006221066407,32.14212797589164,22.96595926085714,1.9838421851704933,3.696061366009841,0,1,1,2
81,3,21.13110898484904,18.5313339576137,18.38032228298702,52.85108133448428,30.19706997924777,21.41970293086449,1.5121565208146883,1.9838421851704933,1,1,1,3
81,4,17.21532703367068,19.59539677577612,19.54541247409175,48.06525726480456,30.75490601936556,25.99051581574712,0.489472743897295,1.5121565208146883,2,1,1,4
81,5,14.576487418000903,20.71888444676813,20.742683530673528,43.41012236822501,28.51564156338798,28.95583123339225,0.3298549519587216,0.489472743897295,3,1,1,5
81,6,11.0748366549643,21.83712605088288,21.82387827976175,38.72046072674918,28.79252992241598,28.487127624940552,0.4377063453795754,0.3298549519587216,4,1,1,6
81,7,5.865513287559053,22.853959427717733,22.64585465408438,33.79596061512203,33.289477314166845,22.685522065682303,0.651165420925656,0.4377063453795754,5,0,0,7
81,8,1.3339385837977291,23.56052458321399,20.333670087419595,29.226526818602423,36.20594320677768,21.741646812557875,0.9063149407522648,0.651165420925656,6,0,0,8
81,9,0.0,19.18435027650299,19.97016255354147,25.34285722649524,35.43479736997602,26.322593784984075,0.6669692918988646,0.9063149407522648,7,0,0,9
82,0,43.2556015088769,21.0,21.0,40.0,32.118625764341864,20.045580003349063,2.358073859189968,0.0,0,0,0,0
82,1,43.2556015088769,19.24237251528684,19.00091160006698,49.38955703818437,32.118625764341864,20.045580003349063,2.358073859189968,2.358073859189968,0,0,0,1
82,2,43.2556015088769,17.646544664970296,17.49680764824657,60.27781829239496,35.79955243282704,24.69078786834289,0.916266914162338,2.358073859189968,0,1,1,2
82,3,39.31781843916945,18.703200301400297,18.517168539583587,55.86867589381804,35.1928705636875,23.64522722199628,0.4922228837134313,0.916266914162338,1,1,1,3
82,4,35.5121228566067,19.73936978963637,19.63622345379204,50.69533570307961,31.270173857682444,23.32238063821515,0.4757119478203432,0.4922228837134313,2,1,1,4
82,5,34.159408903534185,20.84931611173041,20.826093306590245,46.06302342657061,30.15330021258947,27.44496491791611,0.1690892441340645,0.4757119478203432,3,1,1,5
82,6,34.159408903534185,22.045407209674053,21.921840116959604,42.397433077876194,34.74781961003898,28.221122897214283,0.0,0.1690892441340645,4,0,1,6
82,7,24.28893053751753,23.032437046810124,22.9465014592048,39.30448451665313,36.15028577098298,30.0,1.2338097957520815,0.0,5,0,0,7
82,8,9.470770204524689,23.844354962261228,20.658347442122448,36.3307124877606,38.70089371914127,28.111483898122447,2.9636320665985685,1.2338097957520815,6,0,0,8
82,9,0.0,19.417256851271148,20.291604366355305,32.50726574051559,33.08234978158966,29.00961273371587,4.735385102262343,2.9636320665985685,7,0,0,9
83,0,40.41161336414741,21.0,21.0,40.0,30.29744152613354,20.98275176836561,2.111446034459793,0.0,0,0,0,0
83,1,40.41161336414741,19.205948830522672,19.019655035367315,49.23043479300985,30.29744152613354,20.98275176836561,2.111446034459793,2.111446034459793,0,0,0,1
83,2,40.41161336414741,17.3715682869636,17.4602903836288,57.45846328425728,22.03478574494472,23.67648365087439,0.5773363591575897,2.111446034459793,0,1,1,2
83,3,36.20780900728796,18.50853869633057,18.41015221980653,52.85731806731748,30.67995391883464,27.09146154261088,0.5254755446074306,0.5773363591575897,1,1,1,3
83,4,36.00121556709683,19.59438497646949,19.62087398205279,48.68456050368274,30.15134686869589,30.0,0.0258241800238916,0.5254755446074306,2,1,1,4
83,5,31.910636162260225,20.81018533445909,20.785598278810017,44.6343236894495,30.83201769870422,30.0,0.5113224256045756,0.0258241800238916,3,1,1,5
83,6,30.507668096412985,22.013813322425268,21.899231773912064,41.12588228900569,34.9699377400764,28.87205447968017,0.175371008230905,0.5113224256045756,4,0,1,6
83,7,20.50222126778724,22.936170231930177,22.920762623941265,37.37392094189156,32.4891036271437,30.0,1.2506808535782177,0.175371008230905,5,0,0,7
83,8,7.299587030700194,23.815023316013903,20.63063602465297,34.875007105710004,39.45047868788029,30.0,2.640526847417409,1.2506808535782177,6,0,0,8
83,9,0.0,19.353795827331204,20.243474508884127,30.50929124187101,31.18061580238675,27.89874050961884,3.649793515350097,2.640526847417409,7,0,0,9
84,0,184.43089215289356,21.0,21.0,40.0,33.42525817019494,23.205074348317183,4.985180508612881,0.0,0,0,0,0
84,1,184.43089215289356,19.2685051634039,19.064101486966344,50.19345985333218,33.42525817019494,23.205074348317183,4.985180508612881,4.985180508612881,0,0,0,1
84,2,184.43089215289356,17.683345829850925,17.57288707601469,61.37413390774845,35.35192434812153,26.762931509746625,4.444664822477446,4.985180508612881,0,1,1,2
84,3,158.1543733407047,19.474653049164065,19.33989190350558,72.79824371388847,35.93110764562279,27.53616905515513,4.379419802031475,4.444664822477446,0,1,1,3
84,4,117.46377732604228,20.542966320894735,20.4794644988626,69.53361520545565,35.196508286484296,30.0,5.0863245018328005,4.379419802031475,1,1,1,4
84,5,75.42787549236421,21.70561977028507,21.61232424050811,66.3447298929351,35.61730381933035,30.0,5.25448772920976,5.0863245018328005,2,1,1,5
84,6,32.04835191705181,22.815078654847092,22.69289513711727,63.24114753318962,36.799908972835375,29.291300139689685,5.42244044691405,5.25448772920976,3,0,0,6
84,7,8.268791175184779,20.6408994508717,23.56622226149794,58.72196345998032,31.896683691736225,26.330071457100964,4.755912148373406,5.42244044691405,4,0,0,7
84,8,8.268791175184779,21.124196600768787,20.04056380931075,69.45842951087735,34.97441551480144,24.672618101293164,4.525128556229441,4.755912148373406,4,0,0,8
84,9,0.0,18.235995997168622,18.4733034813153,65.67625726521308,33.355191483200976,28.966073818664164,4.1343955875923895,4.525128556229441,5,0,0,9
85,0,219.96749954741884,21.0,21.0,40.0,32.71446738656055,22.068956455189312,7.212015054668651,0.0,0,0,0,0
85,1,219.96749954741884,19.254289347731213,19.041379129103788,49.86101629151497,32.71446738656055,22.068956455189312,7.212015054668651,7.212015054668651,0,0,0,1
85,2,219.96749954741884,17.709240441499983,17.48965457433817,60.82484854131957,37.541562901541525,23.36861626403956,7.789259514443041,7.212015054668651,0,1,1,2
85,3,172.81807224157313,19.514049335302264,19.24211596761296,72.18797840889226,40.0094778280926,23.119021436200143,7.858237884307617,7.789259514443041,0,1,1,3
85,4,116.00273764896744,20.513734038917384,20.40163256417211,68.43264711345965,36.07722797232219,26.39315371971887,7.101916824075714,7.858237884307617,1,1,1,4
85,5,67.53531000544112,21.643499770343094,21.46607554254547,64.23566367480714,35.28474609260663,24.73201258154608,6.05842845544079,7.101916824075714,2,1,1,5
85,6,29.405493922949155,22.666435811888714,22.625922524969504,60.87932867213365,34.68702776292505,30.0,4.766227010311496,6.05842845544079,3,0,0,6
85,7,7.450056917059122,20.59895834695879,23.530343342936565,57.40624958301552,34.03844950489925,30.0,4.391087401178006,4.766227010311496,4,0,0,7
85,8,7.450056917059122,21.07906822227081,20.111183109368728,69.00247610999423,34.42348070543724,30.0,4.219266088295347,4.391087401178006,4,0,0,8
85,9,0.0,18.33753479147642,18.48809076786062,66.06076212737206,36.99047787432122,30.0,3.725028458529561,4.219266088295347,5,0,0,9
86,0,83.58569537849309,21.0,21.0,40.0,28.11959436668013,18.532111711560244,6.032954694450151,0.0,0,0,0,0
86,1,83.58569537849309,19.162391887333605,18.970642234231207,48.39730709408327,28.11959436668013,18.532111711560244,6.032954694450151,6.032954694450151,0,0,0,1
86,2,83.58569537849309,17.406237267452074,17.325493871606067,56.474002730556286,25.89197295128752,18.97855836245149,5.131881555186517,6.032954694450151,0,1,1,2
86,3,63.437976329879376,19.049031013354085,18.973655826768603,65.01985383491424,26.228430423365204,21.24852015640127,3.3579531747689524,5.131881555186517,0,1,1,3
86,4,47.74513734057263,20.012214848704087,19.979048645290074,58.88877010624319,26.030347516210725,23.24140954672781,1.9616048736633425,3.3579531747689524,1,1,1,4
86,5,43.13739420637548,21.165977225690742,21.13214322957129,54.8739281326241,31.608924279649404,29.419731422466786,0.5759678917746444,1.9616048736633425,2,1,1,5
86,6,33.63208148580445,22.390890657436508,22.22653146022654,52.015951503969006,38.09057759932536,29.36510779703524,1.1881640900713784,0.5759678917746444,3,0,0,6
86,7,23.84215865283701,20.38176538685539,23.245198930842356,49.48881944055327,39.29371075880148,30.0,1.957984566593487,1.1881640900713784,4,0,0,7
86,8,8.01229474393261,23.16327012931364,19.195324009678423,46.26906394850543,35.44580282195648,30.0,3.1659727817808805,1.957984566593487,5,0,0,8
86,9,0.0,18.24625567218995,19.45659864019564,41.75883200376469,28.63926629506424,29.63722290082053,4.006147371966305,3.1659727817808805,6,0,0,9
87,0,287.66761964790885,21.0,21.0,40.0,28.89998725413445,17.394499605093863,7.169425421129109,0.0,0,0,0,0
87,1,287.66761964790885,19.17799974508269,18.94788999210188,48.33300763466109,28.89998725413445,17.394499605093863,7.169425421129109,7.169425421129109,0,0,0,1
87,2,287.66761964790885,17.46951713021842,17.35934191206035,57.34172391359977,29.504415487248508,20.544008284633048,8.285949072393771,7.169425421129109,0,1,1,2
87,3,232.29029309043327,19.15762583557251,19.028110614194343,66.56828548866812,29.693532379162782,21.56514303788363,9.229554426245931,8.285949072393771,0,1,1,3
87,4,176.2816832224566,20.781012050023172,20.80826216447518,75.8985964064171,26.20764162611661,25.62741902804437,9.334768311329446,9.229554426245931,0,1,1,4
87,5,113.51595427724808,21.759277719331838,21.70934626547663,69.47439936263187,24.865585366364343,22.777764390384416,7.845716118151063,9.334768311329446,1,1,1,5
87,6,66.83024406738619,22.673184867723425,22.638521120786205,63.38389898226998,25.98968963189492,23.507530477205744,5.835713776232738,7.845716118151063,2,0,0,6
87,7,40.99517821535971,20.5221631622076,23.405762813563417,57.94172248765642,29.719496555318408,23.37952291905067,5.167013170405298,5.835713776232738,3,0,0,7
87,8,31.92275123209985,20.256977754096027,19.283063074655352,53.91719777304888,33.20830094916067,27.766561747464124,4.536213491629927,5.167013170405298,4,0,0,8
87,9,23.658116180986607,17.44813465955994,17.72912537761832,49.50689916439174,29.695429342520125,29.13624505382905,4.132317525556623,4.536213491629927,5,1,1,9
88,0,84.1540738162461,21.0,21.0,40.0,33.9930016225108,23.28203541412352,2.1900827343048066,0.0,0,0,0,0
88,1,84.1540738162461,19.279860032450216,19.065640708282476,50.309506666594174,33.9930016225108,23.28203541412352,2.1900827343048066,2.1900827343048066,0,0,0,1
88,2,84.1540738162461,17.571848218079396,17.59322438510217,60.56529586491822,29.56054408436665,27.41606257298917,0.665652896477803,2.1900827343048066,0,1,1,2
88,3,81.50540060925164,18.564185730836027,18.55394525224428,55.06007839649496,26.470086633169405,26.27870520892363,0.3310841508743067,0.665652896477803,1,1,1,3
88,4,74.7725305187883,19.74180738448753,19.66199190351116,50.96871925590799,32.37397077888328,28.22958955118908,0.841608761307918,0.3310841508743067,2,1,1,4
88,5,60.08026935840969,20.907735635974827,20.80739465519073,46.46542587398393,32.26465901046929,26.05037775661933,1.8365326450473267,0.841608761307918,3,1,1,5
88,6,37.935227484217926,21.94624965663889,21.945375056535912,41.79749293411609,29.474608636600063,27.925763919689707,2.76813023427397,1.8365326450473267,4,1,1,6
88,7,9.26558171611927,22.98527784547217,22.805089273388,37.61994505751702,34.57364081232357,25.551093206570474,3.583705721012332,2.76813023427397,5,0,0,7
88,8,9.26558171611927,21.296887225869853,21.31521158338964,48.5581689084603,31.2772604941457,29.490649788872524,4.123291512711265,3.583705721012332,5,0,0,8
88,9,0.0,19.030578281520985,18.953726998013888,44.52760783889698,32.25451310193657,28.686814289378347,4.632790858059635,4.123291512711265,6,0,0,9
89,0,114.5286092271152,21.0,21.0,40.0,25.451274024758565,22.90210619952161,2.1076070372282003,0.0,0,0,0,0
89,1,114.5286092271152,19.109025480495173,19.058042123990436,48.70360844037043,25.451274024758565,22.90210619952161,2.1076070372282003,2.1076070372282003,0,0,0,1
89,2,114.5286092271152,17.519785732504168,17.410848814823872,58.29476353961411,29.74789561369203,23.5362993821062,0.1630536790164121,2.1076070372282003,0,1,1,2
89,3,108.56033007637764,18.563832796419195,18.37413672776186,53.067041193511216,32.70464430430528,21.585787106234186,0.7460348938421937,0.1630536790164121,1,1,1,3
89,4,91.876780942816,19.60361095946596,19.534371905719464,48.04264206468872,30.863699278529857,24.556305561345123,2.085443641695208,0.7460348938421937,2,1,1,4
89,5,64.01615830934313,20.797646574065123,20.6823288248454,43.5760676772568,32.661752224058645,25.85727895687513,3.4825778291841094,2.085443641695208,3,1,1,5
89,6,37.79111093966751,21.78675940353663,21.75609652928325,37.67397034146056,26.90340682049278,23.64049686952814,3.278130921209451,3.4825778291841094,4,1,1,6
89,7,9.946994860904695,22.66789392619939,22.68518814503896,32.385884157139856,26.775154462798177,27.179922290975707,3.480514509845352,3.278130921209451,5,0,0,7
89,8,9.946994860904695,21.053039975554206,21.098997897543807,42.72556846836663,27.442690617926555,30.0,3.683303640843687,3.480514509845352,5,0,0,8
89,9,0.0,18.773532986566646,18.702375267501708,37.84592775251264,29.546367684329223,26.67785056092639,4.973497430452348,3.683303640843687,6,0,0,9
90,0,189.98782761766617,21.0,21.0,40.0,28.98970170703149,22.45824879712918,6.617059226320238,0.0,0,0,0,0
90,1,189.98782761766617,19.17979403414063,19.049164975942585,49.26063109074892,28.98970170703149,22.45824879712918,6.617059226320238,6.617059226320238,0,0,0,1
90,2,189.98782761766617,17.534584626352892,17.450570073161295,58.84114717432724,29.69262644288172,23.53246291033116,6.148805805650116,6.617059226320238,0,1,1,2
90,3,153.50792821097593,19.22197000043427,19.1670113867352,68.63091836241225,29.19788334720543,25.18973436437796,6.079983234448373,6.148805805650116,0,1,1,3
90,4,119.58849888104017,20.935031282161084,20.94756581291444,78.95485121239454,28.776417583859995,28.57876491604169,5.653238221655965,6.079983234448373,0,1,1,4
90,5,81.7349302388714,21.97951237913608,21.987993611483468,74.64467688823399,29.38792042133023,30.0,4.731696080271095,5.653238221655965,1,1,1,5
90,6,42.20040619280917,23.11585071120239,22.93222659055301,71.14057408001429,36.46004152857455,27.406053981315985,4.941815505757779,4.731696080271095,2,0,0,6
90,7,17.383625077744355,20.898791824236085,23.81519600108451,66.80834659405615,33.09977791155359,26.16562494423448,4.963356223012962,4.941815505757779,3,0,0,7
90,8,8.836622409386946,20.587676097725428,19.587055878521205,62.12894122555427,31.810792574570463,25.525844267085763,4.273501334178706,4.963356223012962,4,0,0,8
90,9,0.0,18.018590389881044,18.007146881038704,58.26895351390657,33.332479299534256,28.55647785797851,3.9874483760263217,4.273501334178706,5,0,0,9
91,0,175.61709137626235,21.0,21.0,40.0,34.971743829866924,22.02957570915735,4.682381795911601,0.0,0,0,0,0
91,1,175.61709137626235,19.29943487659734,19.04059151418315,50.260237517024365,34.971743829866924,22.02957570915735,4.682381795911601,4.682381795911601,0,0,0,1
91,2,175.61709137626235,17.553223338509817,17.562481426600247,60.11605840731774,29.087153266660543,25.66740723496929,3.9595998477428873,4.682381795911601,0,1,1,2
91,3,153.23351329426595,19.40916613715109,19.203275498595872,70.8595163012736,34.920768897524106,24.765108291119624,3.7305963469993983,3.9595998477428873,0,1,1,3
91,4,118.69422414065066,20.411286776949154,20.291427635320154,66.35447699252228,33.693326916690914,24.61201025691284,4.31741114420191,3.7305963469993983,1,1,1,4
91,5,76.281733699487,21.42434873953833,21.337740543922997,60.75260203466807,29.170051347450265,23.04175444224856,5.301561305145457,4.31741114420191,2,1,1,5
91,6,32.89378877243829,22.366331067298717,22.350224746835924,55.02868116584307,26.81910595417078,24.714666996801395,5.423493115881088,5.301561305145457,3,0,0,6
91,7,8.426757293582488,20.196193673537607,23.24047029347609,49.985863004851055,26.6727203466978,28.6449565366799,4.893406295771161,5.423493115881088,4,0,0,7
91,8,8.426757293582488,20.79165053345301,19.78256239047788,61.64810941779337,34.790257849679534,30.0,4.324798075903325,4.893406295771161,4,0,0,8
91,9,0.0,18.067311441192544,18.21570051336989,58.81076787118609,37.637996017710336,29.932328723360296,4.21290674893594,4.324798075903325,5,0,0,9
92,0,53.865468905905246,21.0,21.0,40.0,27.065947488318407,17.376935257325343,4.661795681377699,0.0,0,0,0,0
92,1,53.865468905905246,19.14131894976637,18.94753870514651,47.999718894215874,27.065947488318407,17.376935257325343,4.661795681377699,4.661795681377699,0,0,0,1
92,2,53.865468905905246,17.45809937325964,17.256965637496442,56.284248755851024,29.49427817771545,16.530887720257606,2.900088198674786,4.661795681377699,0,1,1,2
92,3,42.752575023734224,18.35906130337804,18.277952702260016,50.094039989094014,28.00786036073844,20.935424268389266,1.3891117352713782,2.900088198674786,1,1,1,3
92,4,35.767933101509655,19.50014082134858,19.36568668000226,45.05798228595852,31.6472855333335,23.70794944924712,0.873080240278071,1.3891117352713782,2,1,1,4
92,5,28.82532041381861,20.54627612196302,20.590058798059594,39.70310203559552,26.705838462230226,26.878160146864204,0.8678265859613807,0.873080240278071,3,1,1,5
92,6,20.03807406690964,21.772285094438125,21.54013617157661,34.510580577544886,32.71834895067292,21.76764294904577,1.098405793363621,0.8678265859613807,4,1,1,6
92,7,12.254919307009054,22.56389751510056,22.478972836387776,28.297109716595784,28.2712592755334,20.542791496971606,0.9728943449875732,1.098405793363621,5,0,0,7
92,8,3.75716514264434,23.260299694133067,20.0710847131485,22.363627765449664,30.552081972887542,19.81746274296733,1.6995508328729427,0.9728943449875732,6,0,0,8
92,9,0.0,18.787012621112705,19.60454134081177,16.17209149341395,27.948849164808426,20.987060434993165,1.87858257132217,1.6995508328729427,7,0,0,9
93,0,77.8253487145231,21.0,21.0,40.0,28.27672314685522,22.63261691160744,3.072379387462028,0.0,0,0,0,0
93,1,77.8253487145231,19.165534462937103,19.05265233823215,49.16368121052328,28.27672314685522,22.63261691160744,3.072379387462028,3.072379387462028,0,0,0,1
93,2,77.8253487145231,17.430605444275667,17.396745841137307,57.4112214593938,24.6029400383865,21.2167280108942,0.5121653530295818,3.072379387462028,0,1,1,2
93,3,76.31800511511413,18.36663221270865,18.29852102849438,50.56474698800071,24.6054086528025,20.69195539501366,0.1884179499261205,0.5121653530295818,1,1,1,3
93,4,69.18314778788049,19.32767526481186,19.420149635723345,44.23873806944825,22.293394279507464,25.89544506186779,0.8918571659042063,0.1884179499261205,2,1,1,4
93,5,54.96525530195272,20.582525391881116,20.486042367385032,39.22977443888368,29.47139663455322,26.034360973421364,1.7772365607409708,0.8918571659042063,3,1,1,5
93,6,29.63896842043762,21.67427965159284,21.569209849561425,33.96578109921623,30.394830679874104,23.694095210862294,3.165785860189388,1.7772365607409708,4,1,1,6
93,7,7.32263367901312,23.381488490226687,23.20581041114008,44.6105144825429,34.74867933497493,24.388728350173245,3.71938912357075,3.165785860189388,4,0,0,7
93,8,7.32263367901312,21.6884535493776,21.5629906459794,54.84769937006037,32.890782865653094,23.98246650944396,3.8348572223139694,3.71938912357075,4,0,0,8
93,9,0.0,19.32002098936471,19.2330263277447,50.75711901127801,33.41978176381356,27.18810513184,3.66131683950656,3.8348572223139694,5,0,0,9
94,0,210.57384903865847,21.0,21.0,40.0,29.554693354139125,18.02535461582833,7.811426527632514,0.0,0,0,0,0
94,1,210.57384903865847,19.191093867082785,18.96050709231657,48.56440863459415,29.554693354139125,18.02535461582833,7.811426527632514,7.811426527632514,0,0,0,1
94,2,210.57384903865847,17.490926988399696,17.378574068400614,57.73064214428688,29.99998355987032,20.923535938422617,7.915596555623323,7.811426527632514,0,1,1,2
94,3,164.29502595464257,19.16054161468097,19.09746828885388,67.27846448564271,28.9412087716588,24.102248680318056,7.713137180669317,7.915596555623323,0,1,1,3
94,4,124.93314058200257,20.92668472219396,20.79212271838389,77.18915946258642,31.36680830824302,23.692608230333143,6.560314228773335,7.713137180669317,0,1,1,4
94,5,78.95798909747495,21.766147111122653,21.811618058756743,70.69801395319566,23.508148256082208,23.76326558063576,5.74689393556595,6.560314228773335,1,1,1,5
94,6,36.7283341536842,22.736917191479588,22.65175353085831,64.41615257821366,26.005111144437336,22.42899232788485,5.278706867973844,5.74689393556595,2,0,0,6
94,7,10.339281532431912,20.51539822696376,23.45621385234778,58.74373667145582,28.028292634620712,23.7916189945024,5.277810524250457,5.278706867973844,3,0,0,7
94,8,0.0,20.169424756651157,19.186073436439354,52.70447079722216,27.41859394204349,22.36326231221393,5.169640766215956,5.277810524250457,4,0,0,8
94,9,0.0,18.076881687540222,18.213363910996417,62.20583758964352,30.355764849687365,22.42960621932021,4.993070247271379,5.169640766215956,4,0,0,9
95,0,122.4731049979093,21.0,21.0,40.0,32.571571039308665,22.40559973019679,5.317958751712844,0.0,0,0,0,0
95,1,122.4731049979093,19.251431420786176,19.048111994603936,49.895890738510985,32.571571039308665,22.40559973019679,5.317958751712844,5.317958751712844,0,0,0,1
95,2,122.4731049979093,17.592785850955583,17.445087272718784,59.37913895654508,31.559716313492576,21.124996008919044,4.512108285838666,5.317958751712844,0,1,1,2
95,3,98.40991972213388,19.18688167096822,19.184551415359024,68.58395620135263,26.734932518137946,24.40294106412629,4.010530879295906,4.512108285838666,0,1,1,3
95,4,73.39907171967467,20.190928102344305,20.142995660699835,62.71197029987451,26.571382676297155,24.13980675993552,3.126356000307401,4.010530879295906,1,1,1,4
95,5,50.30050829334665,21.253645216933243,21.135550908290675,56.741261176607495,28.3932145748782,21.76951251808285,2.887320428291002,3.126356000307401,2,1,1,5
95,6,20.11825747194691,22.25157074682936,22.110897284764512,50.85098484663857,29.70733183874901,20.90224410586804,3.772781352674967,2.887320428291002,3,0,0,6
95,7,0.0,20.09044031950289,22.92286208231221,44.8660236374394,30.28628131414441,19.79726752363799,4.023651494389383,3.772781352674967,4,0,0,7
95,8,0.0,20.513448842502783,19.39865446686441,53.998512197417085,31.99471994760506,18.741327607826527,4.141612731559471,4.023651494389383,4,0,0,8
95,9,0.0,18.294722831758765,18.37114540494109,62.37198129146621,29.710029860088312,16.80924288462907,4.606456320129894,4.141612731559471,4,0,0,9
96,0,146.1567423529848,21.0,21.0,40.0,30.951060259904587,16.20258696163729,5.189564356705251,0.0,0,0,0,0
96,1,146.1567423529848,19.219021205198093,18.92405173923275,48.48765649987754,30.951060259904587,16.20258696163729,5.189564356705251,5.189564356705251,0,0,0,1
96,2,146.1567423529848,17.53141572971038,17.317687734091393,57.53938859382839,32.69917114618926,17.58822937575991,4.25090791983298,5.189564356705251,0,1,1,2
96,3,126.32754801263329,19.147569341621868,19.0637879961896,66.832558346962,29.51185402832009,22.116866822422164,3.3048657233919205,4.25090791983298,0,1,1,3
96,4,104.755491982145,20.09628904500454,20.02047506126841,60.30274909752096,26.05201732458676,21.00459795629633,2.696507003811034,3.3048657233919205,1,1,1,4
96,5,82.9458638482766,21.17423249535568,21.1020847854822,55.07512359462624,29.51778233903909,24.77318708932355,2.7262035167335497,2.696507003811034,2,1,1,5
96,6,55.22828352601245,22.24950103661033,22.130676894910263,50.258555003524734,31.799020835715226,24.775598102609774,3.464697540283019,2.7262035167335497,3,0,0,6
96,7,37.04798663235228,20.17972912583808,23.013404315076087,45.74862295681078,34.18837897981699,24.08977631621657,3.6360593787320337,3.464697540283019,4,0,0,7
96,8,37.04798663235228,20.58811234732671,19.56235068005485,55.56971756221535,31.67229611085739,22.889340585834667,4.131938602735017,3.6360593787320337,4,0,0,8
96,9,26.835255483722435,17.9144605996623,17.956188203674678,50.44003932371817,28.469086418503974,26.36603447873395,4.592179556820354,4.131938602735017,5,1,1,9
97,0,287.8970349029488,21.0,21.0,40.0,25.74624457539805,23.99470783301664,7.161468431630273,0.0,0,0,0,0
97,1,287.8970349029488,19.11492489150796,19.07989415666033,48.95337143351465,25.74624457539805,23.99470783301664,7.161468431630273,7.161468431630273,0,0,0,1
97,2,287.8970349029488,17.484659976972736,17.42221194902335,58.10587624694095,27.24755569183167,23.5996932716478,8.146168038116139,7.161468431630273,0,1,1,2
97,3,234.22247935145447,19.131782008135577,19.127961586329707,67.36659776618497,26.28809719711157,25.1603556875774,8.945759258582381,8.146168038116139,0,1,1,3
97,4,182.8811411732561,20.93152822058669,20.8160536864424,77.52222004465327,31.125578401785297,25.294545367483057,8.5568896963664,8.945759258582381,0,1,1,4
97,5,119.93194196407585,22.02980094468428,21.872303879671797,73.71705824729756,35.900258416517154,26.29328715372887,7.868649901147535,8.5568896963664,1,0,1,5
97,6,63.58216896252123,22.89617442815079,22.92425577964325,68.69388104015977,28.19259084712164,27.2342024465573,7.043721625194324,7.868649901147535,2,0,0,6
97,7,30.221668733314463,20.72487285110361,23.75768648909593,64.1227386491992,27.938097827996906,30.0,6.672100045841353,7.043721625194324,3,0,0,7
97,8,20.24771300237041,20.46270909278332,19.542834868559403,59.79521187604267,29.896512284109445,29.39500564279867,4.986977865472029,6.672100045841353,4,0,0,8
97,9,10.937498255980216,18.012849017295757,17.947770817925328,55.83880349777293,31.353286787390346,30.0,4.023472954179632,4.986977865472029,5,0,1,9
98,0,99.9541108157698,21.0,21.0,40.0,32.36557186423817,17.598937635510342,4.164480213099557,0.0,0,0,0,0
98,1,99.9541108157698,19.247311437284765,18.951978752710207,48.993611709954735,32.36557186423817,17.598937635510342,4.164480213099557,4.164480213099557,0,0,0,1
98,2,99.9541108157698,17.62778697959477,17.441709839233635,59.57352431007583,36.255569754784936,22.52172246811,2.918470662313587,4.164480213099557,0,1,1,2
98,3,76.4147976728067,18.684737453559052,18.554519089674685,55.93260073629412,36.20402772264635,26.90195242301085,2.9424141428703865,2.918470662313587,1,1,1,3
98,4,55.12410963423903,19.87802979972618,19.73253058849674,52.72097446048238,37.35960057705839,28.131364557320808,2.661336004820958,2.9424141428703865,2,1,1,4
98,5,36.96765951912728,21.00692020356797,20.89276743221153,48.203932268267565,33.06439061197947,25.174263875715987,2.269556264388969,2.661336004820958,3,1,1,5
98,6,16.99263038124524,22.05207549972709,21.97662772615806,43.2747914514199,30.71694896648893,25.2322687176907,2.4968786422352545,2.269556264388969,4,0,1,6
98,7,0.0,19.977380104751656,22.883248516889108,38.61926114689235,31.65378604131045,25.8154900446476,3.3985260762490483,2.4968786422352545,5,0,0,7
98,8,0.0,20.52039661377101,19.415456940543088,49.20215953080432,35.2264186949781,23.56746121564393,4.217509699698926,3.3985260762490483,5,0,0,8
98,9,0.0,18.39913964884248,18.58152204751007,60.216392777657845,34.322579934890555,26.86760476985126,4.536949672707271,4.217509699698926,5,0,0,9
99,0,96.98660878833324,21.0,21.0,40.0,30.8160831342532,21.123359991682484,2.3091296276005293,0.0,0,0,0,0
99,1,96.98660878833324,19.216321662685065,19.022467199833653,49.34909976266842,30.8160831342532,21.123359991682484,2.3091296276005293,2.3091296276005293,0,0,0,1
99,2,96.98660878833324,17.546755768150444,17.463867661681242,59.07921261437672,30.55420238786085,23.50198012162969,1.1908137979180042,2.3091296276005293,0,1,1,2
99,3,84.71601391494153,18.62133515307574,18.498972439366188,54.84462293434213,33.584646196717216,26.223188914201728,1.533824359173963,1.1908137979180042,1,1,1,3
99,4,69.35635934382302,19.69537407269113,19.68068182771842,50.485942769623776,30.84424824181074,28.27419528753179,1.9199568213898148,1.533824359173963,2,1,1,4
99,5,52.53378105387044,20.89697583779211,20.82344737454323,46.255007117699726,31.86247105206172,27.96566421502689,2.102822286244072,1.9199568213898148,3,1,1,5
99,6,31.028798678645,21.989352676162333,21.91138810213556,41.62624610246452,31.30957500493805,26.30841935486638,2.6881227969031807,2.102822286244072,4,1,1,6
99,7,0.0,22.862319092764828,22.896594807406604,37.0917791301697,28.798766516115133,29.343083637802536,3.878599834830625,2.6881227969031807,5,0,0,7
99,8,0.0,21.353538158757733,21.244198022361918,48.15551039923319,33.209022408591885,28.25615130842749,5.148069847758547,3.878599834830625,5,0,0,8
99,9,0.0,19.70265824894103,19.565436507335363,58.19539190827632,32.13915431045234,23.637965184231728,5.428476534698603,5.148069847758547,5,0,0,9
0,0,50.87252071348618,21.0,21.0,40.0,32.969097664154,15.4710408718597,3.48812593193225,0.0,0,0,0,0
0,1,33.90242180614331,21.124486951926944,21.909420817437194,48.71922493648246,32.969097664154,15.4710408718597,3.48812593193225,3.48812593193225,0,0,0,1
0,2,33.90242180614331,19.922272309269232,19.393153212854912,58.35209347337499,34.098941577065816,19.416994739003783,2.237250383112821,3.48812593193225,0,0,0,2
0,3,33.81030389882576,18.19220865816809,18.176867698882777,68.14002304022256,33.61700679934285,20.76037968314361,1.1091079406719566,2.237250383112821,0,0,0,3
0,4,32.55765752145345,18.221973089183034,18.266752705087736,78.98910121625781,35.44515142724666,24.827505106282526,0.5295048776649726,1.1091079406719566,0,0,0,4
0,5,28.17363764091958,19.61941227267568,19.55591476334863,75.23967383725861,32.503181227782214,30.0,0.5480024850667341,0.5295048776649726,1,0,0,5
0,6,25.907667366493285,20.82426880549838,20.833104129892785,71.03588126398216,30.24481328432489,29.73411686413934,0.2832462843032866,0.5480024850667341,2,0,0,6
0,7,17.772790096895875,21.781691527757676,21.88076880735999,65.80461173374793,24.59216549300006,29.67855933903202,1.016859658699676,0.2832462843032866,3,0,0,7
0,8,7.427526646938872,21.3370348034618,21.708383648639455,60.00838268395103,25.69321559175705,25.438845242704595,1.7412889228068242,1.016859658699676,4,0,0,8
0,9,1.310354897760551,19.426358271770848,19.135235857780184,54.38258938756617,29.55543501630084,22.523491114894377,2.587035092277435,1.7412889228068242,5,0,0,9
1,0,148.7762285643033,21.0,21.0,40.0,25.7342414983848,16.144992366405123,3.0877237926443666,0.0,0,0,0,0
1,1,132.48018048312082,21.392374537837043,21.922899847328104,47.53826209566218,25.7342414983848,16.144992366405123,3.0877237926443666,3.0877237926443666,0,0,0,1
1,2,132.48018048312082,19.785637884223508,19.56304960290229,55.19141872958136,22.84453563940076,19.67300121570576,1.9380198740122785,3.0877237926443666,0,0,0,2
1,3,132.15700488073094,18.265143911014743,18.18500008578583,64.19587133470586,28.60173119013869,21.42300550499739,1.4607419500760848,1.9380198740122785,0,0,0,3
1,4,125.54040725837368,18.464266069652822,19.42327421679196,72.81074753653974,24.350130853755847,23.51029248976572,1.679428147216791,1.4607419500760848,0,0,0,4
1,5,104.22723636818095,20.4254860035199,19.89004455546059,67.9927544775367,34.47682771181968,22.089877515941293,2.66414636127409,1.679428147216791,1,0,0,5
1,6,79.84359386826083,20.635870481207608,21.25472631389939,62.68286142636451,32.21286023602414,21.62106725746368,3.326581122230468,2.66414636127409,2,0,0,6
1,7,69.71515354152747,19.393960355577192,18.91575732862704,58.28654075079517,37.02063365464495,21.88869592552539,4.319931073264391,3.326581122230468,3,0,0,7
1,8,38.13556103076681,19.37982126011082,18.791077081406687,53.52519174854169,35.76509059783254,21.11630383409252,5.473906504024445,4.319931073264391,4,0,0,8
1,9,36.227590787791314,17.90622990385011,17.87205364191625,65.10577819743516,40.34709562158727,23.989495761154217,5.904224431669166,5.473906504024445,4,1,1,9
2,0,48.8173184454488,21.0,21.0,40.0,27.721293233033787,22.818338600598924,2.160487259115344,0.0,0,0,0,0
2,1,38.51774627036688,20.93745645110009,22.0405812279244,49.09713373005388,27.721293233033787,22.818338600598924,2.160487259115344,2.160487259115344,0,0,0,1
2,2,38.51774627036688,19.790678996749683,19.447999562440675,58.49182733229344,26.389921148875032,25.80282108578918,0.7137980780762005,2.160487259115344,0,0,0,2
2,3,38.37487660918939,18.16835284776115,18.10975634424305,67.68950366257089,27.307563536933053,23.79063829794164,1.127224405034616,0.7137980780762005,0,0,0,3
2,4,30.59040119369999,19.30288051837237,19.19236833158409,62.22536708732025,29.69078795928531,23.28623106710005,0.9730594269361756,1.127224405034616,1,0,0,4
2,5,20.07121591987989,20.407738212232328,20.314743459287826,56.14749467672955,27.937397972884,21.629977523834345,1.3148981592275122,0.9730594269361756,2,0,0,5
2,6,13.594525248089782,19.778251279825227,20.94744894933192,50.94872968949066,31.100262650557788,23.35104297589282,1.119287504319607,1.3148981592275122,3,0,0,6
2,7,9.83114798621774,19.65100183219863,20.96544843353367,44.46180637519686,25.032606994366216,22.26226348177931,0.6344183009513386,1.119287504319607,4,0,0,7
2,8,2.805874094362039,20.71801717628875,20.92066361546581,38.25517891327986,26.46592526731451,22.386144388702185,0.9595502087439296,0.6344183009513386,5,0,0,8
2,9,1.81737926183523,19.453654379555427,19.12424991170376,46.3280115242492,25.930922895586534,18.918147165354213,2.5247596241545507,0.9595502087439296,5,0,0,9
3,0,132.33188379638312,21.0,21.0,40.0,32.26903443186937,16.978933102062314,3.585774298766909,0.0,0,0,0,0
3,1,114.75405978559466,21.14748063866302,21.93957866204125,48.864634156107705,32.26903443186937,16.978933102062314,3.585774298766909,3.585774298766909,0,0,0,1
3,2,114.75405978559466,19.93230438366389,19.46177258019746,58.77483826478002,33.350904657636065,21.70578483498792,2.587347300506578,3.585774298766909,0,0,0,2
3,3,114.73059007459892,18.17650841367155,18.22331008236011,68.85379811521634,30.62293243831953,25.37128895299335,2.1985683194967263,2.587347300506578,0,0,0,3
3,4,110.01801249353906,18.249390987987148,18.20925044442041,79.72314731807145,33.82197200642916,26.56330134276599,2.043891145314259,2.1985683194967263,0,0,0,4
3,5,101.09083983264036,18.18886506666514,18.218733973144683,76.56088787921502,35.765225339686424,30.0,1.7187117207507852,2.043891145314259,1,0,0,5
3,6,89.59369578408288,17.982662838544808,18.016492631536703,72.35971944071693,32.03362218255116,27.959886492459493,2.379156159448504,1.7187117207507852,2,1,0,6
3,7,66.77486509737128,19.3789705617193,18.769712047422345,67.61181945749844,31.57855164606743,25.377559558274285,3.032438910503157,2.379156159448504,3,1,0,7
3,8,39.56253563246642,20.177609395098397,20.06897123747724,63.775981048419766,35.46929499083572,26.55382495872718,3.450322844313641,3.032438910503157,4,1,0,8
3,9,14.71370497291102,20.940556418993467,19.95729580127247,59.49606348015257,31.929797814504514,27.62621569512222,3.5145769360620824,3.450322844313641,5,1,0,9
4,0,149.68074407822945,21.0,21.0,40.0,31.365327650566044,22.007154082152155,6.196280805323791,0.0,0,0,0,0
4,1,120.95380860011164,20.863464335504958,22.040143081643045,49.60704671188928,31.365327650566044,22.007154082152155,6.196280805323791,6.196280805323791,0,0,0,1
4,2,120.95380860011164,19.87309188268045,19.37348570494257,59.675716691222405,31.633591567781178,24.30346387295844,6.631269941074765,6.196280805323791,0,0,0,2
4,3,120.6868035183148,18.244357447213225,18.24279034800013,71.42871682747575,36.35146392844239,28.94298127296512,5.966692813805103,6.631269941074765,0,0,0,3
4,4,91.05105522874057,18.28868782508786,18.17292941297746,68.99888856706754,41.51534535158693,28.31894209058969,5.446658238456807,5.966692813805103,1,0,0,4
4,5,69.03098867759915,18.02608210787271,18.18362115818821,65.75638970120758,35.319450745222504,30.0,4.401857685064957,5.446658238456807,2,0,0,5
4,6,55.24550899567076,18.09839002212292,17.922791825632842,61.67321923477422,37.37420676699273,23.27484619726643,2.746402626053583,4.401857685064957,3,0,1,6
4,7,39.78663132018704,17.98187395563524,19.27405803193103,58.21242852263234,39.33264963313126,24.77406863274712,2.3895662425722803,2.746402626053583,4,1,1,7
4,8,26.68520125487377,20.817515787597547,20.241865629460527,70.30512040724344,38.29068417179338,28.890937409379404,2.1835716775522105,2.3895662425722803,4,1,1,8
4,9,8.967596129614668,21.29771125074689,21.343568893203184,66.76434399424842,35.002111755189766,28.660241505949053,2.214700640657388,2.1835716775522105,5,1,1,9
5,0,259.6116965209752,21.0,21.0,40.0,32.81367886473842,16.657447977782923,7.626198917282052,0.0,0,0,0,0
5,1,223.67056604278284,20.96912343448177,21.93314895955566,48.90480283165384,32.81367886473842,16.657447977782923,7.626198917282052,7.626198917282052,0,0,0,1
5,2,223.67056604278284,19.840045672338977,19.317999298564995,58.18749294771116,31.606218228676816,19.96428241608611,7.878775016079938,7.626198917282052,0,0,0,2
5,3,222.067876834286,18.19511209875594,18.169233050768067,68.04928940948483,33.86182316647451,20.925934954490288,7.568433150630026,7.878775016079938,0,0,0,3
5,4,205.23817077873397,18.21378856421777,18.22885034753893,78.55745253781963,35.28074154611529,23.09794250018918,7.125964206016454,7.568433150630026,0,0,0,4
5,5,171.49101173868658,18.12263005348796,18.13645841639221,73.69741189507597,33.91224422051305,22.42086331979994,6.429694540942667,7.125964206016454,1,0,0,5
5,6,145.6668298712698,17.980061544739105,18.12757526261109,68.7747942881088,30.050576373092493,25.934881365978743,5.009785486844997,6.429694540942667,2,1,0,6
5,7,116.35456139910636,19.356275483104778,17.957219212728845,63.46076083796737,27.15033819019525,26.66058708679685,4.404552951104948,5.009785486844997,3,1,1,7
5,8,80.86249338485021,19.59011587919628,19.889069448705204,58.46542998320365,30.80983041575277,24.771664835559893,4.436508501782018,4.404552951104948,4,1,1,8
5,9,48.01063801327119,21.51272875019669,21.14479133850593,70.27040139514993,39.74787077635845,25.83530373445421,5.475309228596505,4.436508501782018,4,1,1,9
6,0,99.98397520462994,21.0,21.0,40.0,29.01257819165574,17.67497995388691,5.474584484043433,0.0,0,0,0,0
6,1,72.64011206679793,21.18573803026811,21.9427050983125,48.40376046619768,29.01257819165574,17.67497995388691,5.474584484043433,5.474584484043433,0,0,0,1
6,2,72.64011206679793,19.83577735038992,19.53104858621785,57.73349632378941,27.85689903172367,23.974966843785936,3.747444294252605,5.474584484043433,0,0,0,2
6,3,72.59258027651948,18.216518440212464,18.18818520497445,68.00556498806338,31.18282104234684,25.88422709250853,2.551421025749117,3.747444294252605,0,0,0,3
6,4,67.39372794077283,18.121496544672617,18.16752052230763,77.54140371591035,27.98713844472981,24.989743376642245,2.2803624656912547,2.551421025749117,0,0,0,4
6,5,58.79810971886936,18.245806429433763,18.13749995255532,72.8269998816591,32.77745991641811,24.364741004408312,1.5642797222848843,2.2803624656912547,1,0,0,5
6,6,52.93613231494996,18.043332437406733,18.077012589368817,68.16439305801254,32.079336702378924,25.35062538847351,1.1661518939420097,1.5642797222848843,2,0,0,6
6,7,42.68025032004222,17.913359021362847,18.15301611886957,63.19344673073677,30.61203285489704,25.1049319935709,1.914012476004954,1.1661518939420097,3,1,0,7
6,8,27.60382053284141,19.267587033485988,18.14465159894908,58.447753917795765,30.45322787214557,26.515145389293345,2.145279352704473,1.914012476004954,4,1,0,8
6,9,14.6362923418391,20.18336456485477,20.445522515881056,68.91671645358218,30.45012968760041,27.7107732889908,2.16845960480527,2.145279352704473,4,1,0,9
7,0,272.7661041108954,21.0,21.0,40.0,30.779173783334635,20.680614680722343,7.845378414083635,0.0,0,0,0,0
7,1,235.9334281142065,21.09683591685515,21.827184506207978,49.262761923530256,30.779173783334635,20.680614680722343,7.845378414083635,7.845378414083635,0,0,0,1
7,2,235.9334281142065,19.8030369289763,19.326702803360693,58.11454585737656,31.01902742537257,18.15754998488469,7.8555193269582,7.845378414083635,0,0,0,2
7,3,233.83402235249605,18.21289470188759,18.23701543513602,68.31552102443551,34.16376251975196,22.508321741686643,7.363419334507431,7.8555193269582,0,0,0,3
7,4,219.2589049070893,18.265342880860373,18.253388507900496,79.84769515109312,38.16039673152284,25.90723730546388,6.486336047065486,7.363419334507431,0,0,0,4
7,5,185.20191460187607,18.120542109741,18.129127630585455,75.92689694068889,36.68750221857296,24.863618834736847,6.722156230436796,6.486336047065486,1,0,0,5
7,6,150.4797017587462,18.03850072253883,18.116184687471563,72.36695919000292,35.74779326113881,27.808108123939096,6.86363749154476,6.722156230436796,2,0,0,6
7,7,116.1291840709873,17.951300182863633,17.967710064807058,69.10942189872846,36.17754748869626,29.05835644866782,6.884333312292993,6.86363749154476,3,1,1,7
7,8,65.28497473470783,19.34109775231524,19.13411668115488,66.3736770242022,39.11882801297138,29.015922684104915,6.355526167034934,6.884333312292993,4,1,1,8
7,9,31.999509205689566,20.89749332219558,20.852188557423126,78.14026879928726,35.36995430602813,30.0,5.547577588169711,6.355526167034934,4,1,1,9
8,0,69.45743664840533,21.0,21.0,40.0,32.21736375634937,19.458250283585784,2.6155685206487416,0.0,0,0,0,0
8,1,57.23656609529008,20.96316443737628,21.942705098312494,49.30161052718833,32.21736375634937,19.458250283585784,2.6155685206487416,2.6155685206487416,0,0,0,1
8,2,57.23656609529008,19.841390640401755,19.40556752286492,59.355382527134005,31.47616742569292,24.378121462894168,1.0817492472498542,2.6155685206487416,0,0,0,2
8,3,57.19182081569699,18.216082639085997,18.22898412780358,70.71475542908586,34.780299379992755,28.32732785307307,0.9714126554572792,1.0817492472498542,0,0,0,3
8,4,48.35730902943665,19.442287457192936,19.23883053436069,65.57108477163821,32.368354523625115,22.38903071277685,1.104313973282543,0.9714126554572792,1,0,0,4
8,5,35.178666956777846,20.64170740126327,20.571454433688253,62.40379378499277,36.150887258824426,29.586385037589807,1.6473302590823506,1.104313973282543,2,0,0,5
8,6,26.667655346112767,20.365630889338277,21.353688326670056,59.09212757334362,36.34963410056533,28.58555361249489,1.3886982011258318,1.6473302590823506,3,0,0,6
8,7,23.30795363695673,19.05984458340702,18.59967652197836,53.33264010251982,29.761861114551024,21.574319603094565,1.679850854578018,1.3886982011258318,4,0,0,7
8,8,6.3998115747859705,19.782065225957545,19.83127542819201,46.74189326661956,25.580041971796938,21.138031162090503,2.113517757771345,1.679850854578018,5,0,0,8
8,9,0.4855581322815929,19.559309318610623,19.246207462183296,56.88567914887919,29.933941262016344,26.420424750537165,2.6739149201227184,2.113517757771345,5,0,0,9
9,0,191.30571578504316,21.0,21.0,40.0,33.24437219818739,19.98399187856279,4.816835470534411,0.0,0,0,0,0
9,1,169.00070334897774,21.0805709517047,21.814632475181305,49.58110553381504,33.24437219818739,19.98399187856279,4.816835470534411,4.816835470534411,0,0,0,1
9,2,169.00070334897774,19.727327144288644,19.338104026952557,58.08753008683389,27.85407359904675,19.40384058439131,3.2669729024753416,4.816835470534411,0,0,0,2
9,3,167.98292632039733,18.09312101904024,18.25120789303192,66.99291484850224,25.01012455105857,24.46423523598781,2.6687820699070857,3.2669729024753416,0,0,0,3
9,4,161.5995113885608,18.34633300336994,18.21087770053934,77.57581240610489,33.056264888307936,25.737610431706766,2.567717479794837,2.6687820699070857,0,0,0,4
9,5,145.6595404669845,18.149415610817428,18.234175260251195,73.91102780332514,33.02704542917933,29.946373444266555,3.102838238833836,2.567717479794837,1,0,0,5
9,6,108.97926077412669,19.69203811948677,19.559901944565816,70.67140232414258,35.33541400454128,30.0,4.58503496160723,3.102838238833836,2,0,0,6
9,7,61.088274806231205,20.95324219453927,20.766462939351968,67.43934224071302,38.349224682063095,27.028219298883776,5.986373245986933,4.58503496160723,3,0,0,7
9,8,48.419874935174846,18.940939104393088,18.77577715047904,64.89148518041836,40.11917920538199,29.059392681869905,6.334199935528179,5.986373245986933,4,0,0,8
9,9,45.550040214091496,17.870095619164776,17.833401949737613,78.01248977949496,42.89446999487001,30.0,5.905328841960904,6.334199935528179,4,1,1,9
10,0,78.05407153088663,21.0,21.0,40.0,25.90433139596119,21.46027891507768,3.540414306427775,0.0,0,0,0,0
10,1,60.66836976344413,21.117781996703496,21.94015067774667,48.525629855987,25.90433139596119,21.46027891507768,3.540414306427775,3.540414306427775,0,0,0,1
10,2,60.66836976344413,19.866506111185867,19.43492767553747,57.83797104307545,30.48931019196516,21.24591862519289,1.297423150968267,3.540414306427775,0,0,0,2
10,3,60.611378483848725,18.236504612640815,18.21544517584079,68.51786032649848,34.814540824005924,24.518177417233144,0.7176368103101821,1.297423150968267,0,0,0,3
10,4,51.95554409800306,19.570090206701344,19.35298275201358,65.49603189860704,38.858330954607,27.68706666821836,1.0819792982307084,0.7176368103101821,1,0,0,4
10,5,42.15616402042244,20.77373102137428,20.639094590426147,62.16587966959523,37.41046049216204,27.422027124438983,1.224922509697578,1.0819792982307084,2,0,0,5
10,6,31.391691028637016,20.237863658842183,21.546470219945878,58.69951491133878,37.64807241751762,26.427678925502114,1.7847754515640313,1.224922509697578,3,0,0,6
10,7,20.556133955675456,19.568046140772417,20.8534359248887,55.02327966164998,35.70869080442363,27.201113363971903,2.422991264209464,1.7847754515640313,4,0,0,7
10,8,1.7925393442812927,20.155529764505985,20.989563560242544,52.54766558658852,39.57992180521409,30.0,2.8478227644657115,2.422991264209464,5,0,0,8
10,9,1.7925393442812927,19.28221287825045,18.89748182846387,64.55835378617903,36.72604555328055,30.0,3.4331580719918824,2.8478227644657115,5,0,0,9
11,0,113.72805351589577,21.0,21.0,40.0,34.82587986096777,15.596075442048257,4.799463810209832,0.0,0,0,0,0
11,1,90.83169019395736,21.06712619587808,21.911921508840965,49.07595195454289,34.82587986096777,15.596075442048257,4.799463810209832,4.799463810209832,0,0,0,1
11,2,90.83169019395736,19.862144645063587,19.355733924891904,58.27526444554273,31.8779489654034,19.22934265126242,3.0888686722699545,4.799463810209832,0,0,0,2
11,3,90.47094787080968,18.18217441753318,18.151064251663623,67.77372495931408,33.48666984206323,19.282555234444267,2.157889836550654,3.0888686722699545,0,0,0,3
11,4,85.42413538802546,18.182667773517878,18.20830327054789,77.4535413304281,33.34954868670936,20.42720893059076,2.0767827911476653,2.157889836550654,0,0,0,4
11,5,76.41305182641113,18.03621551836689,19.08340609740329,71.61956964450617,27.660324605054164,23.26205491760185,1.4385763034231056,2.0767827911476653,1,0,0,5
11,6,70.27800799585326,17.9545052138443,18.021105750681304,64.53478840893945,22.52084021289357,21.452597367291343,1.3668413493684646,1.4385763034231056,2,1,0,6
11,7,59.94284965683827,19.289242403013606,17.910666796345495,57.84531090353846,27.3761145069524,18.79345490748656,1.5169632672668991,1.3668413493684646,3,1,1,7
11,8,41.47890959607108,19.392356086022897,19.718365928343463,50.453852748402255,23.323909449951604,18.945767465958323,2.307992507595899,1.5169632672668991,4,1,1,8
11,9,22.309702192741103,20.98435716699116,20.874651486352725,58.056774081754384,21.41679412453456,20.82165772742172,3.1948679005549963,2.307992507595899,4,1,1,9
12,0,53.00722612608468,21.0,21.0,40.0,26.68594523517113,17.989768671675385,3.320456356147975,0.0,0,0,0,0
12,1,36.25067235621184,21.19727026004533,21.942705098312494,48.04162850323237,26.68594523517113,17.989768671675385,3.320456356147975,3.320456356147975,0,0,0,1
12,2,36.25067235621184,19.805969541354948,19.542859242216508,57.11597892230178,26.19352513331667,24.21953275040224,1.379961674883056,3.320456356147975,0,0,0,2
12,3,36.18500859456179,18.28518112198189,18.17373756304757,67.62059750663646,32.9525812324119,25.406410902780777,1.0389320555536008,1.379961674883056,0,0,0,3
12,4,26.481298145476284,19.42441588683164,19.385961778319203,63.52806337463066,32.095695704802225,28.501336895165583,1.212963806135689,1.0389320555536008,1,0,0,4
12,5,18.116921345114527,20.59984655879108,20.553915150584327,58.77916790166276,29.91198137187892,27.03859933385496,1.0455471000452197,1.212963806135689,2,0,0,5
12,6,11.540737338862002,20.53307549347479,21.461677827119267,53.658757968493006,26.158520167291893,28.72809131509836,0.9876173510915758,1.0455471000452197,3,0,0,6
12,7,6.709162604115301,19.64669422295784,20.932673896068305,47.68956551073374,20.808959032893394,29.362193979555126,1.02903309974266,0.9876173510915758,4,0,0,7
12,8,0.4477924195665612,20.4641391364338,20.958830734480813,41.351360009428845,23.20573386964927,24.915346678656856,0.8752623497073209,1.02903309974266,5,0,0,8
12,9,0.2168094139181746,19.405078989766192,19.29362563743569,51.00098456439417,25.91552896350606,27.693496341856868,0.434782182388589,0.8752623497073209,5,0,0,9
13,0,186.2916783491285,21.0,21.0,40.0,29.72369114070828,15.898684800310212,4.21110481848003,0.0,0,0,0,0
13,1,165.21042752170234,21.200583083004773,21.917973696006207,48.21202766938333,29.72369114070828,15.898684800310212,4.21110481848003,4.21110481848003,0,0,0,1
13,2,165.21042752170234,19.93865059497123,19.41915439775456,57.54065446355119,33.51982753892794,18.305876873115736,3.424457236432632,4.21110481848003,0,0,0,2
13,3,164.91542226482653,18.100793201782484,18.280406458396705,67.05306477284032,28.020524147543284,24.82619979295188,3.3656848806544994,3.424457236432632,0,0,0,3
13,4,155.13607166182004,18.201256220303417,18.14817825167252,76.3730017906637,28.812825331466435,22.964602545330152,4.099675905398395,3.3656848806544994,0,0,0,4
13,5,120.87589305857782,19.452609831703448,19.47149400971109,71.49082537076474,28.031045814821496,28.179085185739893,4.282522325405276,4.099675905398395,1,0,0,5
13,6,111.09454243309516,18.03380389462822,18.09066283651085,66.69754130074213,26.85649546185668,29.847481926906653,3.5456457282568987,4.282522325405276,2,0,0,6
13,7,91.49325538745948,17.977025859272775,17.93334428958148,62.12889680078315,28.57253350987129,29.37944149035664,3.803194774135694,3.5456457282568987,3,1,1,7
13,8,55.72058197737885,19.14370147221342,19.158923900750597,57.909835182115074,29.894102118510705,30.0,4.471584176260079,3.803194774135694,4,1,1,8
13,9,27.63198945150536,20.75085697806874,20.700092480766056,68.38580656024446,30.254864713342,27.944976276265702,4.6814320876455815,4.471584176260079,4,1,1,9
14,0,303.8951533390099,21.0,21.0,40.0,26.261996141262443,21.0592616014806,6.718174782949236,0.0,0,0,0,0
14,1,270.5067598472346,21.24015786648028,21.87612808695268,48.51782639369375,26.261996141262443,21.0592616014806,6.718174782949236,6.718174782949236,0,0,0,1
14,2,270.5067598472346,19.9183319900908,19.51425350786434,58.53787142210776,33.165643814379706,22.501273010142626,7.095742357852822,6.718174782949236,0,0,0,2
14,3,270.5067598472346,18.281343269878533,18.21945959298749,69.30984642409005,34.49983332225874,25.34447224430956,7.694860524137188,7.095742357852822,0,0,0,3
14,4,255.4332269052869,18.15277156591477,18.278520751738764,80.62606874570497,32.86790178674952,30.0,7.050950652109013,7.694860524137188,0,0,0,4
14,5,221.07797076151635,18.172586000723022,18.146311526564,77.11236881290304,33.99720182290064,29.8155763281998,6.646314502466072,7.050950652109013,1,0,0,5
14,6,189.56794348078532,18.02580061163993,18.05044700213181,73.25358917367151,32.42248732052146,29.47318135041445,6.363956709058075,6.646314502466072,2,0,0,6
14,7,153.50508429790753,17.952115062267765,17.909073572039436,69.17681547358009,32.89298551828559,27.79160503676208,7.0802229645063335,6.363956709058075,3,1,1,7
14,8,98.27188003934415,19.21010154145214,18.96841310956473,64.23912762521888,34.3158890617833,21.585845113987737,6.904150532320421,7.0802229645063335,4,1,1,8
14,9,41.307173188211,20.02442741029805,19.883307207456244,59.43146228139557,33.65270902180258,22.97137240140121,7.120588356391643,6.904150532320421,5,1,1,9
15,0,340.3182568214839,21.0,21.0,40.0,27.966960170684136,18.15766526431868,7.050567612508024,0.0,0,0,0,0
15,1,305.6968740958314,21.0902264882616,21.9427050983125,48.3024325783005,27.966960170684136,18.15766526431868,7.050567612508024,7.050567612508024,0,0,0,1
15,2,305.6968740958314,19.92508363266462,19.36642624881169,57.72796742996174,33.754886275556096,18.60919623367299,7.3089941957224385,7.050567612508024,0,0,0,2
15,3,304.8704074395874,18.126548183928936,18.26576652210834,67.71637343939324,31.09362215775104,24.397522339090624,7.830606684433463,7.3089941957224385,0,0,0,3
15,4,286.04135094461844,18.32124125371277,18.22014917013177,79.23990972417641,37.885175012142064,26.134471014431107,8.107222169388034,7.830606684433463,0,0,0,4
15,5,244.63697716377823,18.093390093207407,18.17462074354669,75.47554353974644,35.054679672512414,27.36550819176548,8.20384800459809,8.107222169388034,1,0,0,5
15,6,207.23172621904249,17.984358540833668,18.01375812925728,70.66291915575974,31.40786162982004,25.18866957025388,7.443866152515507,8.20384800459809,2,1,0,6
15,7,159.18966614790557,19.25803706081357,17.989585029104816,65.22472475980602,25.58847613483113,27.53266610987048,7.168868827600191,7.443866152515507,3,1,1,7
15,8,101.13582624102358,19.485710312153017,19.944402843532075,60.32131246300813,26.092153906678394,30.0,7.25672998836025,7.168868827600191,4,1,1,8
15,9,40.47597411152262,20.7036774602434,20.433591441271503,56.44150778521775,34.2013879395368,27.577474961627782,7.582481516187621,7.25672998836025,5,1,1,9
16,0,256.7992679820995,21.0,21.0,40.0,34.62841056110579,15.575079902738878,7.829453572332031,0.0,0,0,0,0
16,1,219.49640016660848,21.05699621004353,21.91150159805478,49.03662828349204,34.62841056110579,15.575079902738878,7.829453572332031,7.829453572332031,0,0,0,1
16,2,219.49640016660848,19.927542565837086,19.332599155023047,58.701763295261685,35.31239211518222,18.38280239464918,7.930253572494083,7.829453572332031,0,0,0,2
16,3,218.72928187414237,18.161365152602883,18.159981238981644,68.18673077048724,33.81239940752076,18.88186434373233,6.4602827464301935,7.930253572494083,0,0,0,3
16,4,205.2856616512238,18.14708537157516,18.232604006041115,77.75151910501,31.89615815503073,21.24155481454018,5.504462078246204,6.4602827464301935,0,0,0,4
16,5,178.96353183271708,18.160737636583438,18.11033652601258,72.05597490289695,32.433039984202544,19.25838111516936,4.865354860642032,5.504462078246204,1,0,0,5
16,6,151.13653765327385,18.01177947591574,18.09669662117112,66.30540734419037,30.15726869561384,21.228467089349618,5.313745548315031,4.865354860642032,2,0,0,6
16,7,124.20380783632226,17.969218198701324,17.969777531730003,61.03710958974104,31.48292371505573,22.58208876022572,5.106062982650403,5.313745548315031,3,1,1,7
16,8,81.03010903392932,19.106590953058824,19.097079267629205,55.69558438981484,27.06269380489693,26.59549952884645,5.396712350299118,5.106062982650403,4,1,1,8
16,9,43.75282642519568,20.566278321603217,20.566744307209163,64.11175103117796,23.437928671026736,23.31855266987953,6.212880434788941,5.396712350299118,4,1,1,9
17,0,57.275987373021074,21.0,21.0,40.0,25.81871451238587,16.634519240858396,2.162420574632746,0.0,0,0,0,0
17,1,45.99114168181538,21.334991715362747,21.93269038481717,47.64158207558397,25.81871451238587,16.634519240858396,2.162420574632746,2.162420574632746,0,0,0,1
17,2,45.99114168181538,20.9668985372794,22.005406025747018,56.28930012919906,26.516221983085657,21.52665609255376,0.0,2.162420574632746,0,0,0,2
17,3,45.99114168181538,22.236259793275984,21.822642629606158,50.01244674424899,26.782585747821816,21.67933989134448,0.0,0.0,1,0,0,3
17,4,42.88178955197222,22.22957842178268,21.157975182460024,43.38388655570696,28.99099700570732,17.517001946836952,0.5165919559576447,0.0,2,0,0,4
17,5,37.545721832818906,19.9570306683316,21.22033049518804,37.530960010150736,29.866339952854123,20.95073479405577,1.3251348068830813,0.5165919559576447,3,0,0,5
17,6,28.051137987192316,19.033803260357622,20.362348984093515,32.455696892193416,34.11946184014111,21.0179652823182,2.353769172298984,1.3251348068830813,4,0,0,6
17,7,18.028245133740867,19.59820793319431,21.027337143891582,41.42097206200832,28.96850244820124,20.83858182854821,2.718104942269352,2.353769172298984,4,0,0,7
17,8,5.465350542613179,20.05865857919453,21.391091916921823,51.29064718941295,30.047536454031103,24.783992031550195,3.485124369501524,2.718104942269352,4,0,0,8
17,9,4.306817151491398,19.306616096452693,18.962763949729293,59.29574186399631,23.54493328550933,20.92781490662042,4.446323825838461,3.485124369501524,4,0,0,9
18,0,232.9126982607733,21.0,21.0,40.0,34.443744382523725,18.677464581644607,5.439305139141203,0.0,0,0,0,0
18,1,207.97606828580015,20.873399810793565,21.97354929163289,49.5618176135503,34.443744382523725,18.677464581644607,5.439305139141203,5.439305139141203,0,0,0,1
18,2,207.97606828580015,19.846852252254276,19.36624554049946,59.78810178830429,32.17039161744754,24.64229824229684,5.173678751356942,5.439305139141203,0,0,0,2
18,3,207.73411006330184,18.252571726404494,18.09984904705836,70.4861729242241,37.29897793767242,22.13475059521549,4.217622972729792,5.173678751356942,0,0,0,3
18,4,182.27397279786544,18.10276733187375,18.185964395938548,65.44544607120515,33.166834700111565,22.16246056089426,4.482768212362283,4.217622972729792,1,0,0,4
18,5,154.10559534440662,18.113685123305903,18.17370037286361,60.29118868371181,31.351090865406764,23.34747920407466,5.170269087811764,4.482768212362283,2,0,0,5
18,6,123.92694265267676,18.00978716958305,18.07327569423902,54.853188840241856,28.975704260183488,24.14651883165008,5.846342420194445,5.170269087811764,3,0,0,6
18,7,94.09189751266828,18.07106604019284,17.951922747653004,50.65339631776001,35.39375135420171,24.60740129867693,5.669045191098707,5.846342420194445,4,0,1,7
18,8,58.33868335860174,17.800620808108146,19.156383596023677,46.39901727818587,32.92479175960908,26.77310246497904,5.452723249038635,5.669045191098707,5,1,1,8
18,9,27.769812524892,20.462863891126634,19.88911265041202,57.883762248190735,36.07762946962353,27.72650925262572,5.09481180561829,5.452723249038635,5,1,1,9
19,0,73.01491516235976,21.0,21.0,40.0,27.195361581889124,23.8040828251533,2.545518663374168,0.0,0,0,0,0
19,1,60.82845658693521,21.13734550139868,21.870060093116265,49.17989999326764,27.195361581889124,23.8040828251533,2.545518663374168,2.545518663374168,0,0,0,1
19,2,60.82845658693521,19.825880868993504,19.53646341486308,59.44970500203058,30.267313050831127,26.78715922007411,0.3549780248563962,2.545518663374168,0,0,0,2
19,3,60.82845658693521,20.36254308066769,20.519401226967165,53.82090684113064,24.28029346821377,27.78193897123093,0.0,0.3549780248563962,1,0,0,3
19,4,55.14387785381718,21.36141520566228,21.36605131480325,49.15566486385332,27.41532234845933,30.0,0.7105723416397536,0.0,2,0,0,4
19,5,50.95204894908143,20.209323676254357,20.61218269308504,44.44837085692348,29.202045367427065,27.97965459407385,1.0130715244407815,0.7105723416397536,3,0,0,5
19,6,39.84407776549785,19.97861718571855,20.58594326656713,40.217293471306704,35.477716024779184,24.34963183290538,2.046172676393698,1.0130715244407815,4,0,0,6
19,7,17.48437367042687,19.49648788560477,21.003233159029072,34.9241813739783,31.08223794740131,22.84491706744089,3.836821516281724,2.046172676393698,5,0,0,7
19,8,3.118610253979423,20.19822431674605,21.285734605932383,45.668874810542206,34.2152484678489,25.47749284639502,3.9305006163559337,3.836821516281724,5,0,0,8
19,9,3.118610253979423,19.308370741860728,18.88363087881236,55.045513892529385,28.50838907949843,23.58405026487481,4.076617915245646,3.9305006163559337,5,0,0,9
20,0,166.22677639068306,21.0,21.0,40.0,34.03487760059643,23.695520081705304,4.413504388883472,0.0,0,0,0,0
20,1,146.9264661185463,20.68576384608509,22.04185670062633,50.39147158281431,34.03487760059643,23.695520081705304,4.413504388883472,4.413504388883472,0,0,0,1
20,2,146.9264661185463,19.833039823478074,19.268491213368428,60.58021625569502,32.24508737946167,24.35904969209785,3.656268232980983,4.413504388883472,0,0,0,2
20,3,146.56076532989306,18.07502538055524,18.16137521542837,70.19656629242833,28.49635640722365,24.927810463516977,2.2581158873762464,3.656268232980983,0,0,0,3
20,4,133.16466313480046,18.286652127386283,18.274343360826457,66.52449218382688,33.55845294528952,29.37446867359129,2.2689235808457227,2.2581158873762464,1,0,0,4
20,5,120.71670631198512,18.07798173919933,18.16251062652817,62.31684936677297,29.957539905256056,30.0,2.464436646974297,2.2689235808457227,2,0,0,5
20,6,88.69106367680689,19.51507904697075,19.43022955681396,57.476638638442495,29.708907464702243,26.73436626679511,4.00320532939728,2.464436646974297,3,0,0,6
20,7,50.43902456569525,20.088256629698822,20.518839649870863,52.20701565734592,32.15673728843194,21.90091281658705,5.176360699970475,4.00320532939728,4,0,0,7
20,8,39.27382537762826,18.33943448580808,18.031301707443493,46.55746976247089,30.44743043317154,21.49953681752274,5.582599594033492,5.176360699970475,5,0,0,8
20,9,28.534888719485064,17.828106662828418,17.762496262108414,55.56073373127677,31.12327340584094,18.89485975419172,5.259059928808536,5.582599594033492,5,1,1,9
21,0,120.44310691447892,21.0,21.0,40.0,34.599403986625305,23.335456982769287,2.858771193312025,0.0,0,0,0,0
21,1,107.80166818165208,20.83797551114205,21.9427050983125,50.42827497449103,34.599403986625305,23.335456982769287,2.858771193312025,2.858771193312025,0,0,0,1
21,2,107.80166818165208,19.92374914266262,19.41973908256149,62.36484783455082,37.47192643224938,28.842367234749485,0.8403912450439786,2.858771193312025,0,0,0,2
21,3,107.80166818165208,18.441219246303493,18.287466112053536,75.90945320507352,45.24780761401495,30.0,0.1857265619816808,0.8403912450439786,0,0,0,3
21,4,96.15127063365324,19.84754489570959,19.48251391281733,74.30893930949911,47.49971781369669,26.94187165533436,1.4562996934998558,0.1857265619816808,1,0,0,4
21,5,76.55189282873948,21.020055504773417,20.809744961059035,71.43497538329842,41.67892950288291,25.687937573779973,2.44992222561422,1.4562996934998558,2,0,0,5
21,6,60.30616889887232,19.849747112028115,21.712199667440647,68.29462081428133,36.89217430811269,28.99474475290343,3.009923317181913,2.44992222561422,3,0,0,6
21,7,40.5056871625444,20.27171639730348,21.56621326576155,64.86418009735128,34.2753293503886,30.0,3.2667265873939293,3.009923317181913,4,0,0,7
21,8,34.130345717682005,19.071343588976813,18.62559891642304,61.18074060549844,32.86978060081759,30.0,3.187670722431196,3.2667265873939293,5,0,0,8
21,9,20.977383821098744,17.689192667188248,17.753871792354555,55.82226478878053,26.599923791479128,26.96409944897689,3.2638060420261024,3.187670722431196,6,1,1,9
22,0,70.04813047118456,21.0,21.0,40.0,28.166889866459577,18.23033519432189,2.688792673307084,0.0,0,0,0,0
22,1,56.57779527170461,21.17314585475449,21.96460670388644,48.35150051094067,28.166889866459577,18.23033519432189,2.688792673307084,2.688792673307084,0,0,0,1
22,2,56.57779527170461,19.77223835665661,19.41262717704677,55.96818635890426,24.2117838105442,18.10313756703134,0.7776770281755178,2.688792673307084,0,0,0,2
22,3,56.18656060920497,18.248296100082307,18.239551316923578,65.2754989599211,29.126588814660344,22.580703413210927,1.0496384388982352,0.7776770281755178,0,0,0,3
22,4,48.19812699119026,19.387030681794343,19.301319546869923,59.85039517052708,28.80529816515105,24.38856967154888,0.9985542022518386,1.0496384388982352,1,0,0,4
22,5,43.776724504736165,20.603341659136845,20.434808091909765,55.04941430814128,33.18678140820518,23.474436022984865,0.5526753108067615,0.9985542022518386,2,0,0,5
22,6,35.11243044265497,20.201115005437483,20.53675918609073,49.68874436235444,30.516199506748173,23.035634127769363,1.5660713540913638,0.5526753108067615,3,0,0,6
22,7,21.85189433829173,20.21560224987769,20.854042652471897,45.84063785130118,35.74286794254805,26.212095884933824,2.1806331198379447,1.5660713540913638,4,0,0,7
22,8,2.948964427467251,19.804457775205524,21.32090158619691,42.49337382101879,35.553164894724866,29.18425715926184,3.107746286490346,2.1806331198379447,5,0,0,8
22,9,1.816056282675456,19.42688443954058,18.956736115217023,54.32542900825613,35.73363992909633,30.0,4.690460433701024,3.107746286490346,5,0,0,9
23,0,130.20514672317273,21.0,21.0,40.0,25.76796364159105,19.96838472796109,5.173609915985651,0.0,0,0,0,0
23,1,104.6303632868646,21.058674260165137,21.999367694559226,48.23254270651938,25.76796364159105,19.96838472796109,5.173609915985651,5.173609915985651,0,0,0,1
23,2,104.6303632868646,19.86545186413268,19.466295969480928,57.81682514539924,29.54670338300439,23.69931016632816,3.286395155416964,5.173609915985651,0,0,0,2
23,3,104.5829604735692,17.993857981375218,18.20056305759316,66.45089693499445,21.739602451765208,26.22746304598596,2.162845408407277,3.286395155416964,0,1,0,3
23,4,99.99725858041462,19.865018436500968,18.18897442411949,75.28828131370287,22.69090546100109,26.405674420712387,1.0635553338752883,2.162845408407277,0,1,0,4
23,5,87.57314381377483,19.9565065222238,20.34968269173609,69.38800096709252,27.045561924466508,23.508436149920485,1.5606017023440475,1.0635553338752883,1,1,0,5
23,6,64.57662264833957,21.331934306888154,20.97066779784895,64.32992532746489,26.75863675896801,28.47427635421184,2.9779084133665665,1.5606017023440475,2,1,0,6
23,7,39.53032229481455,22.137323587586557,19.158643248687248,59.57385803593384,30.631875924912688,26.27886134435924,5.009260070705006,2.9779084133665665,3,0,0,7
23,8,4.971134866242954,20.08879414541605,21.11794982218741,54.52959049917634,30.27656062484088,25.03306417095077,5.620503144535842,5.009260070705006,4,0,0,8
23,9,4.971134866242954,19.226915513271575,18.780696557570597,64.49216476879262,31.11062373234024,24.237011098861345,5.905771797368791,5.620503144535842,4,0,0,9
24,0,186.7206052774017,21.0,21.0,40.0,28.41961949667652,21.42062755476349,5.087325733921341,0.0,0,0,0,0
24,1,161.938418386571,21.14938550317614,21.918777826718483,48.9712444692592,28.41961949667652,21.42062755476349,5.087325733921341,5.087325733921341,0,0,0,1
24,2,161.938418386571,19.863716342818783,19.59429372672388,59.609903892621446,30.516954707366715,28.586708755756867,5.010087191728491,5.087325733921341,0,0,0,2
24,3,161.938418386571,18.17386121836518,18.24534279467477,69.44155021631012,27.543758889885048,27.076498463940936,4.904317147026156,5.010087191728491,0,0,0,3
24,4,150.95410615571387,18.24884980988425,18.17497536817765,79.7502396033066,30.71573955284951,26.55475704157539,4.743365091974677,4.904317147026156,0,0,0,4
24,5,126.62961750369324,18.187161109709223,18.077211667262617,74.73828398304971,32.573795038310955,22.91534040470633,4.600169728623603,4.743365091974677,1,0,0,5
24,6,104.27732316427031,17.93090606778017,18.080602233659143,68.79859484537141,26.254353342943705,24.080707003287944,4.326078929465744,4.600169728623603,2,1,0,6
24,7,75.89957490617164,19.288689804007227,18.00519173169324,63.360665712876894,25.91757725826013,27.205038672325863,4.2130602986728585,4.326078929465744,3,1,0,7
24,8,50.04304437111176,19.512897723283125,17.79685674083455,57.55351914417935,26.523532237626466,24.547875714053824,4.354107433346229,4.2130602986728585,4,1,1,8
24,9,19.592903390364317,19.335528593774686,19.670329453103665,51.66592217635606,29.81251653007518,20.81194475979547,3.806267622593431,4.354107433346229,5,1,1,9
25,0,58.54948617899593,21.0,21.0,40.0,32.18852103928587,21.555851194735737,3.82053127158419,0.0,0,0,0,0
25,1,40.777055757771,20.98792084578693,21.938788337249687,49.67398700212389,32.18852103928587,21.555851194735737,3.82053127158419,3.82053127158419,0,0,0,1
25,2,40.777055757771,19.873527815119232,19.384988589375727,59.66298202960666,32.82918286729137,22.66523395205737,1.782093593711708,3.82053127158419,0,0,0,2
25,3,40.74102259608341,18.19344600367328,18.28034970454649,71.15376791631655,34.654980191227864,29.182719179382627,0.7237441636289053,1.782093593711708,0,0,0,3
25,4,37.45131053536846,18.327765467855613,19.16654476616423,66.80619061559833,32.402537313734385,26.77758879338659,0.4910837907341021,0.7237441636289053,1,0,0,4
25,5,33.13307700190107,20.16086735854033,19.78944306672991,61.88637977784504,30.99528800863112,25.00576289273945,0.5397791916834228,0.4910837907341021,2,0,0,5
25,6,25.031244594251408,21.031228793399688,21.10281580920693,57.19989436585038,33.82417956350818,23.47312370318817,1.0343443717789171,0.5397791916834228,3,0,0,6
25,7,13.37459164076326,20.627219824042328,21.823300998160004,53.12308905392126,33.43176362829917,27.252651305427925,1.870816954953012,1.0343443717789171,4,0,0,7
25,8,2.0407524458718385,20.02350285386471,21.19987352641841,48.80345198398577,35.995287064157075,23.34006254731237,2.24619696437095,1.870816954953012,5,0,0,8
25,9,1.1056858612033122,19.583022480361407,18.87858573270232,59.84032015870431,36.61400535039012,24.70192895360177,2.925182112335702,2.24619696437095,5,0,0,9
26,0,240.54813847853492,21.0,21.0,40.0,27.940953683034884,18.170431886567712,6.965563246551776,0.0,0,0,0,0
26,1,205.7823490560182,21.17061783279881,21.9427050983125,48.30004940252847,27.940953683034884,18.170431886567712,6.965563246551776,6.965563246551776,0,0,0,1
26,2,205.7823490560182,19.851668820647856,19.441763171346317,57.09171335809904,28.87827550665968,19.96430202428799,8.037966652431532,6.965563246551776,0,0,0,2
26,3,204.6416447479705,18.054143912496816,18.15375547221344,65.05447177606217,24.08547113150123,20.152075634960617,7.895794746741033,8.037966652431532,0,0,0,3
26,4,184.0862004602966,18.206909656565355,18.1950101731417,73.29712512213958,25.160444128521195,20.632074460797707,7.57511219201482,7.895794746741033,0,0,0,4
26,5,142.69322814962658,18.12313712733969,18.23699170989873,67.08093800336286,23.81730049550588,24.981659955734564,7.475688225740667,7.57511219201482,1,0,0,5
26,6,105.19428589121974,18.11819328380289,18.12122539871396,61.98821079686249,26.86221960127477,28.178184807056525,7.191289826006526,7.475688225740667,2,0,0,6
26,7,75.76296293201965,17.973038626792995,17.93127730690684,57.06563522403589,28.3788960253002,27.606795236774268,5.789333665310738,7.191289826006526,3,1,1,7
26,8,41.57822272434059,19.183487547161747,19.135346154973483,53.04148771065957,32.005223833362955,28.97173442565745,4.273092525959882,5.789333665310738,4,1,1,8
26,9,18.662108638116692,20.813660292483643,20.75799127647661,64.4724906136312,33.50557168317574,30.0,3.819352347703983,4.273092525959882,4,1,1,9
27,0,88.35558553330287,21.0,21.0,40.0,33.71081447619661,15.18451614086729,2.9478453291346094,0.0,0,0,0,0
27,1,74.09951099555174,21.110316201840654,21.903690322817347,48.8011595110715,33.71081447619661,15.18451614086729,2.9478453291346094,2.9478453291346094,0,0,0,1
27,2,74.09951099555174,19.85497841094708,19.438473998310787,58.39747011428719,31.118722750848004,22.19411393368359,1.4201837540545412,2.9478453291346094,0,0,0,2
27,3,74.05696974296472,18.2282053371878,18.212760090400728,69.26246956579978,35.02898961023811,25.332118453720696,0.772826815944811,1.4201837540545412,0,0,0,3
27,4,70.59629275846946,18.45747896115712,19.345194442996725,64.52051751756395,29.40224952501167,27.586905762567007,0.4887539900809765,0.772826815944811,1,0,0,4
27,5,62.13417071274635,20.160968041939867,20.020023093865458,59.179091396541,23.695129474110423,29.96361429798427,1.0577652557153892,0.4887539900809765,2,0,0,5
27,6,44.70430089289788,21.032124168047307,21.30258775332356,55.25512744786698,31.53353361847768,30.0,2.2515868521897,1.0577652557153892,3,0,0,6
27,7,32.87262492766512,19.724051360874107,20.847570654485278,50.62618726154891,28.588938597037,29.02806036786257,2.795347777110276,2.2515868521897,4,0,0,7
27,8,3.509106548770073,20.34104554453824,20.99476467964492,46.78488227443941,36.32487164849459,25.66787842311929,4.320651884373138,2.795347777110276,5,0,0,8
27,9,3.240586233907452,19.40496779190155,18.8239442368246,57.24732531044915,37.44505330735414,20.67963022603335,5.413786653702503,4.320651884373138,5,0,0,9
28,0,297.5181844635598,21.0,21.0,40.0,25.97211810438348,22.46236121316544,6.63486851691597,0.0,0,0,0,0
28,1,265.38543477036166,21.23062722963134,21.781074635150468,48.71820627715881,25.97211810438348,22.46236121316544,6.63486851691597,6.63486851691597,0,0,0,1
28,2,265.38543477036166,19.823588025913903,19.43619024455237,58.030117376247375,31.42300871233525,20.309830727045707,6.234863696921138,6.63486851691597,0,0,0,2
28,3,264.7195227250524,18.16498082412175,18.2102971129826,68.0195299092752,32.17204991842274,23.324686376176302,5.693844945486135,6.234863696921138,0,0,0,3
28,4,251.15927135071124,18.19560794364331,18.189178642982,78.13463818268156,32.68193726934052,23.513108694028084,5.800617897987333,5.693844945486135,0,0,0,4
28,5,219.16370222650716,18.11451448094608,18.27300534360687,74.03742487706447,30.9076613166444,29.66337587437175,5.98676804418595,5.800617897987333,1,0,0,5
28,6,191.7178786853173,18.220888783996774,18.06402738420008,71.47314885484377,39.08735543210727,30.0,5.539685289209778,5.98676804418595,2,0,0,6
28,7,165.12275666430128,17.898783190610775,17.904108270218824,68.16620421046476,36.89126004702173,28.070158595317093,5.585065256914295,5.539685289209778,3,1,1,7
28,8,112.75382264338955,19.254271477270297,19.03305926464678,64.68006828537393,37.47332298216413,26.4925885451091,6.546116752613965,5.585065256914295,4,1,1,8
28,9,55.8354028233168,20.12681348173411,20.042182741268245,61.34234705249149,36.17007890387185,28.620358691225714,7.114802477509094,6.546116752613965,5,1,1,9
29,0,179.2312280753422,21.0,21.0,40.0,30.31986999720141,18.504111555298973,6.086083192820235,0.0,0,0,0,0
29,1,149.7806956876823,21.045393426551545,21.97008223110598,48.78831667945007,30.31986999720141,18.504111555298973,6.086083192820235,6.086083192820235,0,0,0,1
29,2,149.7806956876823,19.840081102299237,19.431511654537108,58.17599043357589,29.355941699133417,22.79780137934336,5.850459089465539,6.086083192820235,0,0,0,2
29,3,149.2947936571835,18.2408376918756,18.109453107688232,68.01628138377644,33.897826292914075,20.770456763755654,4.963154538235211,5.850459089465539,0,0,0,3
29,4,139.57495684584802,18.09453262880961,18.228072377591943,77.42263385234168,29.353947902146498,22.9035658121048,4.089493051858822,4.963154538235211,0,0,0,4
29,5,122.52611623802932,18.20738347040635,18.176243581247075,72.58162978578778,32.2231214224641,24.21574487445868,3.1116161583672173,4.089493051858822,1,0,0,5
29,6,108.46801015914023,18.04008241557701,18.07385689063761,67.73477124479021,31.362497116938822,25.04384432196351,2.789003440434112,3.1116161583672173,2,0,0,6
29,7,94.90549326012692,17.887402252959753,17.955881255398083,62.50877250938842,28.597354849302185,25.702652176243443,2.6236519399063525,2.789003440434112,3,1,1,7
29,8,59.07536529367894,19.173602942889836,19.019831615186245,57.85039534474991,32.057420772528616,25.396039423924105,4.478765995805999,2.6236519399063525,4,1,1,8
29,9,29.0153797803632,20.67528677998933,20.574168822835087,67.3973676193782,30.20060131615604,22.83813354288997,5.009997585552624,4.478765995805999,4,1,1,9
30,0,134.13372989252173,21.0,21.0,40.0,26.98377311064561,24.58554254525746,4.959174443712167,0.0,0,0,0,0
30,1,110.77363407775988,21.03772026593481,21.90414680963769,49.28247681806255,26.98377311064561,24.58554254525746,4.959174443712167,4.959174443712167,0,0,0,1
30,2,110.77363407775988,19.783563320725133,19.43835604845744,58.81931959819316,28.623212673727974,24.359247215886565,4.803832261004551,4.959174443712167,0,0,0,2
30,3,110.228633786056,18.176217290934915,18.20055420129122,69.04710580835925,29.934077220474578,26.886957280448097,4.32424715528779,4.803832261004551,0,0,0,3
30,4,101.12255218806216,18.191740783055856,18.1555522773259,79.06314602271185,30.2506065420194,25.394061315495023,3.9422055777588527,4.32424715528779,0,0,0,4
30,5,81.09057364597075,18.235039137613217,18.242118773690105,75.67360743879433,34.502563422680495,30.0,3.7171062000885615,3.9422055777588527,1,0,0,5
30,6,65.1391222133883,18.004396927071188,17.96284606874674,70.95794758686284,31.85766469186392,25.277558352961115,3.3266174551819354,3.7171062000885615,2,0,1,6
30,7,45.18673707274901,17.895777861625263,19.19668998574016,65.43241829626183,29.51130285750289,23.12464552804701,3.0305180245909504,3.3266174551819354,3,1,1,7
30,8,27.200631037528638,19.798008150825904,19.284526873769465,58.65755218433552,25.92778512908729,19.76740313798875,2.2482632544025463,3.0305180245909504,4,1,1,8
30,9,15.966718693979594,20.83549361250115,20.96210773738428,65.93612240370659,20.90400706520915,19.53249415351907,1.87231872392484,2.2482632544025463,4,1,1,9
31,0,208.5472051294542,21.0,21.0,40.0,33.50093312201388,19.75388834365709,7.58331455309953,0.0,0,0,0,0
31,1,174.01282673756168,20.82401390424088,21.995077766873145,49.58586786382077,33.50093312201388,19.75388834365709,7.58331455309953,7.58331455309953,0,0,0,1
31,2,174.01282673756168,19.90304022682148,19.265324743753897,59.63520183260029,35.07472468689059,20.75490847299558,8.229294183696464,7.58331455309953,0,0,0,2
31,3,173.0994617503047,18.24880783081032,18.24449660235192,71.42427569984005,40.01511622740632,25.479738590592348,7.787299070881485,8.229294183696464,0,0,0,3
31,4,130.1865714741371,18.16765048524442,18.14353023155421,67.67659247901807,39.127130658378846,23.38574033705456,7.900686969895974,7.787299070881485,1,0,0,4
31,5,93.38429792601588,18.073364270918912,18.21257703292646,63.80238099280446,35.29534420432466,26.514591983377496,6.964495639018876,7.900686969895974,2,0,0,5
31,6,69.04724607200632,17.955493126048623,18.03362734271227,58.79894549506365,30.205255422380155,25.331214034615343,4.847010364548152,6.964495639018876,3,1,0,6
31,7,47.93876052322093,19.318414479740376,17.33608081762018,54.31891083693715,28.444251899297225,30.0,3.512232097838306,4.847010364548152,4,1,1,7
31,8,30.999423033903582,19.83755400274876,20.41495169915569,64.02135847583197,27.38380349710275,26.51868338564631,2.823222914886224,3.512232097838306,4,1,1,8
31,9,10.264505284300458,21.02304448159655,20.72679908767108,58.99334618343926,30.775617979549487,24.624313729379868,2.5918647187003905,2.823222914886224,5,1,1,9
32,0,215.6651939317308,21.0,21.0,40.0,31.66212388872196,21.294204847178563,7.35711691912836,0.0,0,0,0,0
32,1,181.65388441330632,20.939334214137837,21.942705098312494,49.532139172462095,31.66212388872196,21.294204847178563,7.35711691912836,7.35711691912836,0,0,0,1
32,2,181.65388441330632,19.876438317077668,19.41439303877986,60.17379471395684,33.58600460806516,25.53430395579454,7.848297385853472,7.35711691912836,0,0,0,2
32,3,181.65388441330632,18.066687152200213,18.107903162825306,69.15806533636521,27.39124660607387,22.521367962861547,8.75668234581866,7.848297385853472,0,0,0,3
32,4,157.83377635281957,18.228471790501818,18.231347264271765,78.94332391248663,29.544326299916992,24.818221345202023,9.0569836304087,8.75668234581866,0,0,0,4
32,5,112.59364795959256,18.14957277370736,18.06309252542645,72.94257018081238,29.522964985285064,20.472847616524625,8.51418347776396,9.0569836304087,1,0,0,5
32,6,75.09295245259747,18.06319367867025,18.067346813347136,67.08537264691934,29.81790383442188,20.97544319950564,7.044666496075872,8.51418347776396,2,0,0,6
32,7,51.56012573464406,17.874205830729636,18.03844252835648,61.473318575176606,26.392940455279607,25.76231470170524,4.468275248276759,7.044666496075872,3,1,0,7
32,8,33.98417608765757,19.16854909355994,17.84687932506457,56.39709970819689,29.52583645073378,25.606280954934427,2.582422774124393,4.468275248276759,4,1,1,8
32,9,20.43228687190308,19.945899960026672,20.203227354000585,65.58296711320841,28.995636761621714,22.036959932886727,2.258648202625749,2.582422774124393,4,1,1,9
33,0,258.6889511123388,21.0,21.0,40.0,26.00162013788841,16.797779870414136,7.6579645831349055,0.0,0,0,0,0
33,1,219.5023850590977,21.23713181316004,21.935955597408284,47.70389200149446,26.00162013788841,16.797779870414136,7.6579645831349055,7.6579645831349055,0,0,0,1
33,2,219.5023850590977,19.803097377329323,19.382505319675417,55.04100001855842,25.654478662441235,15.107232543469667,9.65702320297105,7.6579645831349055,0,0,0,2
33,3,215.4049518614303,18.246648533850276,18.255705379581123,64.19929325650526,30.48690535495586,20.3925015225266,10.16395992452006,9.65702320297105,0,0,0,3
33,4,193.73894777086363,18.21529425340576,18.205904332614427,73.8109902293846,31.98110819399595,21.417208322000366,9.356121690238613,10.16395992452006,0,0,0,4
33,5,147.46653834111842,18.135340070808542,18.31380649720655,69.76500631439981,31.24811173442331,29.60753318232789,8.620777585013757,9.356121690238613,1,0,0,5
33,6,110.03903143354422,17.9272105257983,18.053283763560135,64.51216277326571,24.74389293996263,29.406976275959007,7.648811157993268,8.620777585013757,2,1,0,6
33,7,72.30898465406747,19.34260923885292,17.87430996135557,59.49779879230988,29.48853623324298,25.987219428113484,5.6826219084119005,7.648811157993268,3,1,1,7
33,8,37.56705243779704,19.555989276926837,19.9520327836351,55.54426004605378,31.79577150725637,29.57345768020978,4.342741527033804,5.6826219084119005,4,1,1,8
33,9,16.372778071127975,21.348567930416564,21.175191297402392,65.91180617549742,30.16282877349672,27.434649723412427,3.5323790611115102,4.342741527033804,4,1,1,9
34,0,178.2785020585954,21.0,21.0,40.0,28.28820844287196,17.71995470429493,5.676146240065776,0.0,0,0,0,0
34,1,149.90649480017473,21.175921216578544,21.9427050983125,48.28146936649004,28.28820844287196,17.71995470429493,5.676146240065776,5.676146240065776,0,0,0,1
34,2,149.90649480017473,19.88048455102563,19.506784412173907,57.87470865429316,30.23951126885254,23.056262552275875,4.332161365992684,5.676146240065776,0,0,0,2
34,3,149.90196383300423,18.253361048041057,18.24527773351607,68.98298671902101,33.892506687075425,27.82014922807932,3.613807999097305,4.332161365992684,0,0,0,3
34,4,143.5089356755626,18.164652174574133,18.22900721206337,80.29681572423722,32.85460558453446,30.0,3.040849676954469,3.613807999097305,0,0,0,4
34,5,128.84484335499354,18.076573003870987,18.14831179139052,75.93460788680696,29.18325577808365,29.91558956952605,2.8182811271140045,3.040849676954469,1,0,0,5
34,6,108.59489902781326,18.102834797612857,17.9958145519142,71.42893596474495,31.460250574350667,26.841572080860384,3.947190924338456,2.8182811271140045,2,0,1,6
34,7,80.85445034469885,17.923633612324497,19.25638796265931,65.99927627607984,30.50667627495129,22.661881010242528,4.240066643851292,3.947190924338456,3,1,1,7
34,8,49.20240854574836,20.037813771058325,19.45035539975602,62.16593228641536,35.70929057264517,26.327687262552125,3.956505224868811,4.240066643851292,4,1,1,8
34,9,18.62403231118697,20.66268801846145,20.596815584382263,58.91598619803729,38.6917872801413,26.5862900066472,3.8222970293201737,3.956505224868811,5,1,1,9
35,0,233.88916609354055,21.0,21.0,40.0,33.91127088394596,20.42283520936855,4.080045843852792,0.0,0,0,0,0
35,1,215.10278301846387,20.94843094246778,21.9427050983125,49.78013909679661,33.91127088394596,20.42283520936855,4.080045843852792,4.080045843852792,0,0,0,1
35,2,215.10278301846387,19.85705944426162,19.41550782343902,60.183734345406805,32.48061004231343,25.317141338854327,4.290070929384669,4.080045843852792,0,0,0,2
35,3,215.10278301846387,18.165143339641595,18.133976494676432,70.43670975551856,32.57129553060911,24.38967897001181,4.839825714199206,4.290070929384669,0,0,0,3
35,4,182.62079583706117,18.231355017073376,18.2831151721049,66.9825333289854,34.86853655302945,29.27492774400851,5.622655976762259,4.839825714199206,1,0,0,4
35,5,153.1232264629147,18.171379744037782,18.13672847167693,63.60133084388471,35.9375237549187,28.61135132785524,5.8195562594783,5.622655976762259,2,0,0,5
35,6,124.61554665732176,18.01310021307939,18.085067875130413,60.072332922296965,33.72778932451251,30.0,5.763417885490367,5.8195562594783,3,0,0,6
35,7,99.59408587363345,17.97282100377566,17.93155016729962,56.71398377076216,35.233584597671275,29.44225344935753,4.967440766120221,5.763417885490367,4,1,1,7
35,8,69.50672308065381,20.073578344436637,19.810318588944856,69.17495791586106,41.50484223058399,27.72279190885437,5.014560465496604,4.967440766120221,4,1,1,8
35,9,38.09804474461899,21.6145784331332,21.485257770783026,81.68261036034174,39.950943737389096,29.536014287503573,5.234779722672472,5.014560465496604,4,1,1,9
36,0,206.0501795141541,21.0,21.0,40.0,27.685076794675016,24.52235008408805,7.375738873931075,0.0,0,0,0,0
36,1,171.48303592991746,20.91457872506322,22.016170595846617,49.39733683817735,27.685076794675016,24.52235008408805,7.375738873931075,7.375738873931075,0,0,0,1
36,2,171.48303592991746,19.837329185507603,19.386401732326604,59.04053736894024,29.797915439657466,23.7754208423586,6.794390280786736,7.375738873931075,0,0,0,2
36,3,170.73764203870743,18.193347990442955,18.066602975232325,68.32329659078084,31.96531496180538,19.60556960397569,6.620683228736877,6.794390280786736,0,0,0,3
36,4,153.62688287432442,18.190229940490127,18.153008075502072,77.35781441730197,32.20630215506365,17.985463547831475,6.7898850828509705,6.620683228736877,0,0,0,4
36,5,119.9971642797672,18.127631901271062,18.186443988695974,71.51901525352646,31.087897218617087,19.80766298263012,6.112449092321362,6.7898850828509705,1,0,0,5
36,6,91.48963607951003,18.16035621460563,18.044027715559007,66.48836323085743,36.2409628645229,19.144303676204725,5.467485978904927,6.112449092321362,2,0,0,6
36,7,68.7975544404047,17.87514416198217,17.999530555470216,61.36109189563514,32.86291604800712,21.985576534091265,4.4421555873679,5.467485978904927,3,1,1,7
36,8,40.03642822626559,19.11080530743283,19.05404343368755,56.19117358472948,27.79193136217813,26.81963357723485,3.5951407767673875,4.4421555873679,4,1,1,8
36,9,20.18180899304844,20.7109355039091,20.530332428871336,65.89600194630302,31.89864748896018,22.017065630892795,3.3091032055361915,3.5951407767673875,4,1,1,9
37,0,151.97355359344834,21.0,21.0,40.0,33.93792267834392,22.819069160221524,7.953062398517254,0.0,0,0,0,0
37,1,116.86843790429968,20.692795956364996,22.05638138320443,50.21625853094178,33.93792267834392,22.819069160221524,7.953062398517254,7.953062398517254,0,0,0,1
37,2,116.86843790429968,19.83678658791589,19.213009245013986,59.76477634642296,31.89120346981068,21.156117727307,8.053705764268091,7.953062398517254,0,0,0,2
37,3,114.73135638565172,18.19781241766672,18.109558280628814,69.37963044656408,34.281824353146646,19.13403175874846,7.64205416651797,8.053705764268091,0,0,0,3
37,4,98.51484814088026,18.113263613480136,18.26262422404819,79.04009154521091,30.674495195905592,22.994733129910152,6.644858726038436,7.64205416651797,0,0,0,4
37,5,74.56000752005903,18.124226805470464,18.066979724510244,72.72141141368414,29.385835469428915,18.843719355422373,4.433695461125177,6.644858726038436,1,0,0,5
37,6,57.42945715443507,18.1078524014086,18.140071803957028,67.60274090007275,31.91371045548319,22.982564468898016,3.185352925468905,4.433695461125177,2,0,0,6
37,7,45.94421344448165,17.909221814179432,18.005841856186716,62.750951650132,30.239546248830663,26.139402362609644,2.2613453922657376,3.185352925468905,3,1,0,7
37,8,28.68304063228017,19.25331810483837,18.14019203853613,58.62204452727912,34.21706742800142,26.177893000593663,2.4391751500719754,2.2613453922657376,4,1,0,8
37,9,13.656746196581372,20.29772327595362,20.4172794487045,69.86390111001245,36.51588598464552,25.938872808317434,2.5055689530439653,2.4391751500719754,4,1,0,9
38,0,182.58571096566232,21.0,21.0,40.0,27.41719516140864,24.44350780714981,6.733652532076555,0.0,0,0,0,0
38,1,151.16046925174578,20.96140282946347,21.9427050983125,49.33492653434052,27.41719516140864,24.44350780714981,6.733652532076555,6.733652532076555,0,0,0,1
38,2,151.16046925174578,19.77004479788692,19.494296643219688,59.55941705893938,27.93529941864322,28.86742571801713,6.869949038682512,6.733652532076555,0,0,0,2
38,3,150.7939090856657,18.165570865335603,18.14841802077493,69.50517396881992,28.713842685424147,26.54036236946776,6.498408300365173,6.869949038682512,0,0,0,3
38,4,137.33732701208748,18.18829298744393,18.171382647435816,79.35062805336892,28.85798222637257,25.83898491001079,5.612203146396117,6.498408300365173,0,0,0,4
38,5,108.06797159875528,18.16559235471098,18.16414293174725,74.46369971604203,29.637599961921737,26.54613149737328,5.423321818591685,5.612203146396117,1,0,0,5
38,6,85.736030999692,18.159688392796195,18.12637227174005,71.12000912916606,34.75727451735574,30.0,4.383837464979049,5.423321818591685,2,0,0,6
38,7,67.3933486095871,18.030286684047734,17.9104982124858,68.27469084146726,39.13635380411853,28.389655708665888,3.784024987565551,4.383837464979049,3,0,1,7
38,8,45.15795959749687,17.21882875128487,19.14759477564609,66.0108071162055,42.57779136836207,28.178410157961466,3.8210500376646,3.784024987565551,4,1,1,8
38,9,17.614402694042646,19.649577614287903,18.869261349710705,63.38101899367686,39.40386109136349,29.319538227921853,3.4429446129317776,3.8210500376646,5,1,1,9
39,0,100.8576274120142,21.0,21.0,40.0,26.884939390196006,24.75378607633906,3.549699653460328,0.0,0,0,0,0
39,1,84.08270534030287,21.10287396622289,21.855630522927022,49.29497058397631,26.884939390196006,24.75378607633906,3.549699653460328,3.549699653460328,0,0,0,1
39,2,84.08270534030287,19.714984286041464,19.33906837853853,57.18624997270672,25.67244403654346,18.167997011958807,2.6241006566328373,3.549699653460328,0,0,0,2
39,3,83.25307426922812,18.19129097545133,18.18908331035257,65.80089793367236,27.73699280911009,20.12216252958788,1.8037262674076469,2.6241006566328373,0,0,0,3
39,4,79.38808154351891,18.19121213647358,18.194320308853104,74.54795436332901,28.02708980154136,20.56766814099561,1.5547720792257582,1.8037262674076469,0,0,0,4
39,5,60.92445636582991,19.42002862602297,19.378958557630725,68.24733443944139,25.1683850728276,23.161504238907817,2.307953147211124,1.5547720792257582,1,0,0,5
39,6,39.41211567138268,20.59629411224263,20.498322692640016,62.02708949579029,27.145519492865287,21.63089748685088,2.689042586805904,2.307953147211124,2,0,0,6
39,7,21.10917067281282,19.926211678996687,21.0646166173208,57.12285246167224,30.595726720484485,25.491845312193,3.15649022843441,2.689042586805904,3,0,0,7
39,8,2.83994499014007,20.04431562510576,21.160830700740288,52.052213682910335,30.51243740408976,24.650680491677463,2.84357949728947,3.15649022843441,4,0,0,8
39,9,2.83994499014007,19.21861053497279,18.81058282410912,62.22196044491922,30.076126265468627,26.42246685680295,3.1455647244653067,2.84357949728947,4,0,0,9
40,0,237.64388987897047,21.0,21.0,40.0,26.13526509433376,24.3194108763197,7.44725631006753,0.0,0,0,0,0
40,1,202.4013220460052,20.89676818279049,22.04461416429766,49.08184167471762,26.13526509433376,24.3194108763197,7.44725631006753,7.44725631006753,0,0,0,1
40,2,202.4013220460052,19.768883725671927,19.47114525341039,58.78559724466917,25.789493528433376,28.120259637964104,8.158871391106395,7.44725631006753,0,0,0,2
40,3,201.45957102094152,18.172815061400104,18.171641521267738,68.68809690577379,26.93024659843937,28.08364040769745,8.292765895521203,8.158871391106395,0,0,0,3
40,4,182.0095474267487,18.30044850379677,18.223737388471008,79.97088605803917,32.6821619570299,30.0,8.189064572618467,8.292765895521203,0,0,0,4
40,5,145.9058262359964,18.065185803107763,18.15,75.49034743827441,28.441452112418013,30.0,7.094212905026619,8.189064572618467,1,0,0,5
40,6,116.74543137158436,18.11070344568149,18.048204624881947,71.40867322320533,31.111879312116848,29.545486159721573,5.659911771296353,7.094212905026619,2,0,0,6
40,7,89.95342879677075,18.03008617418562,17.951795375118056,68.1952411822446,35.48093310577375,30.0,5.311831236819503,5.659911771296353,3,0,1,7
40,8,57.369876511294,17.16987331439604,19.16844198084943,64.90998806025962,36.474598825575775,28.607328274507715,5.553156540958584,5.311831236819503,4,1,1,8
40,9,28.438229612362303,20.1833494982696,19.48918446075448,75.29113156961272,31.2013706876807,26.47164880872539,4.821941149821948,5.553156540958584,4,1,1,9
41,0,200.22232852546432,21.0,21.0,40.0,26.44633370645822,20.839991102824285,3.102958583894277,0.0,0,0,0,0
41,1,184.69085087524812,21.13430371358801,22.016799822056488,48.51153846567085,26.44633370645822,20.839991102824285,3.102958583894277,3.102958583894277,0,0,0,1
41,2,184.69085087524812,19.71832768656221,19.49626510817568,56.28762674921613,20.533088878220013,22.66740158592044,2.561894358551016,3.102958583894277,0,0,0,2
41,3,183.70738513158545,18.36828437335887,18.17234882866829,66.22941385100614,31.44730754616413,23.784843019335973,2.9959335751337983,2.561894358551016,0,0,0,3
41,4,163.42188941326464,20.044777657760367,20.05655063529004,75.49354778241509,26.90889751196228,24.558513218087423,3.380915953053469,2.9959335751337983,0,0,0,4
41,5,154.14428570654536,18.110258829420346,18.09401851685504,68.89617783030266,24.92183898297999,21.75943906083988,4.430467694016202,3.380915953053469,1,0,0,5
41,6,113.3854161419597,19.45716417752792,19.334020485866667,62.96219329602333,28.383770929439788,21.982981657897223,5.094858695573207,4.430467694016202,2,0,0,6
41,7,99.36226913497867,17.896916271915362,17.954953614814247,56.72634597268575,26.094329609583674,22.595407482985337,4.86813618215601,5.094858695573207,3,1,1,7
41,8,57.43239200414994,19.04400206240984,18.97465508055715,50.42542240725408,25.46249568170993,22.865706732558507,5.241234641353593,4.86813618215601,4,1,1,8
41,9,26.5336154585784,20.56252750366176,20.57507363866711,60.381401599806026,27.86194674585024,27.44904876832725,5.14979609092859,5.241234641353593,4,1,1,9
42,0,210.4384814825347,21.0,21.0,40.0,29.987010434134508,19.76712411690996,5.834657414711694,0.0,0,0,0,0
42,1,182.33396603163743,21.016563794594283,21.9953424823382,48.955744219188006,29.987010434134508,19.76712411690996,5.834657414711694,5.834657414711694,0,0,0,1
42,2,182.33396603163743,19.9254561821841,19.40072892733685,58.86366113134814,33.29933263576874,21.74465020956532,5.9607067277296135,5.834657414711694,0,0,0,2
42,3,182.14263992291663,18.12587774556711,18.185867033529615,68.50507916623688,30.025431641112768,23.53800188604692,5.919797200873134,5.9607067277296135,0,0,0,3
42,4,169.30696228933456,18.1983907224324,18.15119681347267,77.95540148502197,30.67445793148462,21.82733272843251,5.274420367185867,5.919797200873134,0,0,0,4
42,5,144.93950493786045,18.22120922468588,18.21017987544318,73.58822570496861,34.23491916577876,24.83632650059146,4.471154451132899,5.274420367185867,1,0,0,5
42,6,121.82359203593654,18.02890312340986,17.98110128311859,68.27978135329604,32.8153302518961,21.026645572145227,4.674683852937698,4.471154451132899,2,0,1,6
42,7,87.97178307539059,18.031251773887263,19.173682951665437,63.757211228153466,37.24266403063518,20.96527971857273,5.1710874793624,4.674683852937698,3,0,1,7
42,8,58.73168284836705,17.734552017690184,19.453943242226728,58.83529865961974,31.47026491514456,24.51910970411249,5.04239088261551,5.1710874793624,4,1,1,8
42,9,29.69516869149302,20.596619953502447,19.89029904582801,69.65944981789158,34.829675058591924,25.30449804291834,4.839419026145672,5.04239088261551,4,1,1,9
43,0,53.24511605074823,21.0,21.0,40.0,29.811094768392017,22.949714610376667,2.890251659731517,0.0,0,0,0,0
43,1,39.58004799862975,21.124300602515493,21.858901124349515,49.49694568817837,29.811094768392017,22.949714610376667,2.890251659731517,2.890251659731517,0,0,0,1
43,2,39.58004799862975,19.961226236729544,19.51169642142104,60.95800739355175,37.56502398388372,26.107541045968468,0.8512263544070675,2.890251659731517,0,0,0,2
43,3,39.58004799862975,18.32914317465247,18.29379535441777,72.50247239378896,36.323127454673454,27.81278921331106,0.7078410405916155,0.8512263544070675,0,0,0,3
43,4,35.60887896354856,19.55660688311388,19.474425889697613,69.06727349399867,34.444080987749395,29.80481401341568,0.4963961293851486,0.7078410405916155,1,0,0,4
43,5,28.390954523708253,20.822299740781883,20.69297050144608,65.78464844465249,36.39785218583333,28.698675317799022,0.9022405549800392,0.4963961293851486,2,0,0,5
43,6,20.07128652751908,20.36727996717197,21.40462844320449,61.826464693177314,36.121344844371016,25.22207875854469,1.3909472118202864,0.9022405549800392,3,0,0,6
43,7,11.199820252167008,20.471242748318957,21.69770258180249,58.05886779639651,32.942434293400204,29.45980516892865,1.4215332932832951,1.3909472118202864,4,0,0,7
43,8,3.2761168484154792,19.72259929987469,21.12069230543609,52.83651368889943,31.44280786390493,22.87744709444464,1.578607628335505,1.4215332932832951,5,0,0,8
43,9,1.1472777887135843,19.523944954850617,19.051507664250888,63.13993272195359,33.37362654202585,23.86759030827504,2.483839210756724,1.578607628335505,5,0,0,9
44,0,137.3169775446455,21.0,21.0,40.0,25.90418423101937,18.722284496043383,4.654610242215172,0.0,0,0,0,0
44,1,113.60538562977244,21.212300102532215,21.97444568992087,48.0327643708713,25.90418423101937,18.722284496043383,4.654610242215172,4.654610242215172,0,0,0,1
44,2,113.60538562977244,19.824488296773985,19.470998968815117,56.24820061192786,25.941797518713987,19.69951493160024,1.7241495182611497,4.654610242215172,0,0,0,2
44,3,113.39748760817086,18.174359675590814,18.15586674336668,64.73567462360201,27.15978129825489,19.99285209993484,1.006061654220312,1.7241495182611497,0,0,0,3
44,4,101.4774432972535,18.753909830458493,19.117668733218657,58.09240915566457,27.74691262881912,18.67939032708398,1.5977672440554924,1.006061654220312,1,0,0,4
44,5,84.54936580068173,20.14828300151837,19.900616603685016,51.00402746708542,25.440185706857164,18.513249356592056,2.116009687071472,1.5977672440554924,2,0,0,5
44,6,67.50098277113099,20.08249957395211,20.73353207448809,44.46259064757618,27.205655019715987,19.78636264967712,2.5705542954483858,2.116009687071472,3,0,0,6
44,7,53.97307174403414,19.19619055101902,20.438586634560764,39.394801235880834,31.443991504786457,23.7349562080172,2.871339128411679,2.5705542954483858,4,0,0,7
44,8,53.97307174403414,18.745829166147438,18.278409025953746,49.90255799197046,31.555746089639232,26.82068033308093,3.297581507654737,2.871339128411679,4,0,0,8
44,9,47.68622592973373,17.797601278858288,17.87534089850755,60.80417788360207,30.70631986380228,29.85823508970669,4.743905309020032,3.297581507654737,4,1,1,9
45,0,50.27766356604498,21.0,21.0,40.0,30.254637820087137,24.15019091140085,3.5976983036800734,0.0,0,0,0,0
45,1,33.8314042487472,20.932341094608457,21.92708357067164,49.79286917166784,30.254637820087137,24.15019091140085,3.5976983036800734,3.5976983036800734,0,0,0,1
45,2,33.8314042487472,19.77535253404634,19.35941521961732,59.21313093549671,29.105258078665106,23.22952949816192,2.0809784299933503,3.5976983036800734,0,0,0,2
45,3,33.70262657376909,18.20662072958143,18.1839950254866,69.4489344949381,31.93629455773724,24.92928077249275,0.5922896772768235,2.0809784299933503,0,0,0,3
45,4,29.915095188274517,18.708142306902012,19.299975914709915,65.89909339347224,37.20700033061553,26.404993550129674,0.5261253853609194,0.5922896772768235,1,0,0,4
45,5,22.88992459611024,20.472293354490475,20.15758325686667,62.93353353100517,36.858000764071846,30.0,0.8781463240205345,0.5261253853609194,2,0,0,5
45,6,17.65588888536195,20.53629083080078,21.33002301722929,60.10548829916208,37.621970934205024,30.0,0.7757591485771851,0.8781463240205345,3,0,0,6
45,7,12.82134508021399,20.319658450752737,21.657812104734862,56.7667560864561,34.784821040522374,30.0,0.8171039501988502,0.7757591485771851,4,0,0,7
45,8,4.534304379018435,21.08269435299408,21.67387568717437,53.64585991346389,36.39342691166532,29.601594349489066,1.205995398936574,0.8171039501988502,5,0,0,8
45,9,1.0889708914433165,19.43219176724237,18.866142136256386,49.56705525498317,35.31991162187953,25.353395831005383,1.573667991162541,1.205995398936574,6,0,0,9
46,0,182.16084038889616,21.0,21.0,40.0,29.4495500706672,18.6187221624415,4.5438854064702365,0.0,0,0,0,0
46,1,159.8497377053723,21.099128623227955,21.97237444324883,48.652289001959566,29.4495500706672,18.6187221624415,4.5438854064702365,4.5438854064702365,0,0,0,1
46,2,159.8497377053723,20.006909948423647,19.4196385182167,58.98074213288544,36.822589690922285,20.557705480888096,3.318594556676413,4.5438854064702365,0,0,0,2
46,3,159.8455590396342,18.22558028950113,18.32241631678637,70.21273960173126,33.221464617825134,29.178521320207217,2.760994152168577,3.318594556676413,0,0,0,3
46,4,147.13853981384165,18.17035345984205,18.19969383136509,66.43777915219192,32.46862777867955,29.89270305721302,2.3340412991928807,2.760994152168577,1,0,0,4
46,5,134.74661250884265,18.17813385415408,18.068724257413106,62.18454170675725,33.87532048638328,25.828915927868483,2.3674375709484248,2.3340412991928807,2,0,0,5
46,6,118.1083295855788,18.020105146696416,17.972454497345556,56.83303282732503,32.01583273682822,21.586895710770563,3.263475268993142,2.3674375709484248,3,0,1,6
46,7,95.26474568321416,17.94836097777899,19.24108361459441,52.097997346696445,32.298626710154295,24.728953953020262,3.4768586281712563,3.263475268993142,4,1,1,7
46,8,66.6927280843604,20.648478668711824,20.077922009314715,61.73241048108606,31.33075541544981,22.19376199782585,4.762002933142295,3.4768586281712563,4,1,1,8
46,9,28.998855473763253,21.06243070575837,21.0875303502488,56.466906262760304,30.69194989342392,23.388582226988508,4.7117340763246425,4.762002933142295,5,1,1,9
47,0,85.30482795361128,21.0,21.0,40.0,29.243793583307443,15.3766626812058,4.877650132873091,0.0,0,0,0,0
47,1,60.3157579103016,21.30805391079917,21.90753325362412,48.03168212761239,29.243793583307443,15.3766626812058,4.877650132873091,4.877650132873091,0,0,0,1
47,2,60.3157579103016,19.95094201638664,19.423272547705658,56.722048942239184,32.835549464245176,15.444266172570392,3.821886412746363,4.877650132873091,0,0,0,2
47,3,60.01875961101486,18.19730586097412,18.26437093782427,66.38823872544538,32.53824128736074,21.16281306378475,2.179439313812137,3.821886412746363,0,0,0,3
47,4,55.75355562706865,18.22837022484322,18.243608192351232,76.96485072415244,34.68624269827398,24.0727128500986,1.857764343630376,2.179439313812137,0,0,0,4
47,5,47.61969792803466,18.09942198808268,19.270695095945296,72.31502567721274,32.15734210240793,25.3436298590382,1.2890614494211567,1.857764343630376,1,0,0,5
47,6,42.01584667413646,18.07611486117393,18.09272346160761,68.15343730493164,33.09834007672874,27.11505785504288,1.356383575673089,1.2890614494211567,2,0,0,6
47,7,24.650007452234608,19.41931741923273,19.30983328886692,62.97951149367324,29.907189280175064,24.682111768389365,2.170729902737732,1.356383575673089,3,0,0,7
47,8,3.674171516006247,20.44799987452418,20.36049233319749,58.48112885793641,32.179978856086194,26.16233983426476,2.621979492028545,2.170729902737732,4,0,0,8
47,9,1.4824666606586574,19.44355645385428,19.0207789197074,69.24847569432066,33.283976898865824,26.534616636602195,3.019997386790584,2.621979492028545,4,0,0,9
48,0,169.34613350595188,21.0,21.0,40.0,32.077185826254336,16.38042125620044,5.698919282270699,0.0,0,0,0,0
48,1,141.59975918924374,21.110251789479715,21.92760842512401,48.72236927484186,32.077185826254336,16.38042125620044,5.698919282270699,5.698919282270699,0,0,0,1
48,2,141.59975918924374,20.00430093788092,19.52953572528169,60.288923274639885,37.868272213754224,26.39036111845704,5.13764505915,5.698919282270699,0,0,0,2
48,3,141.59975918924374,18.305845304258654,18.352110229638985,71.65513787772619,33.97693430189244,29.16870238192036,4.815759881885412,5.13764505915,0,0,0,3
48,4,117.7944294613533,18.18878403201595,18.15356663313852,67.7651249279533,34.14562607144157,27.576524207597902,4.466007979102603,4.815759881885412,1,0,0,4
48,5,99.6964588915136,18.165838811903956,18.19846951584804,64.45388692794833,34.93756666663909,30.0,3.432826909814134,4.466007979102603,2,0,0,5
48,6,85.84426133742913,18.065483543140108,18.038477688593723,61.04699178317257,35.346998739268926,29.05913934531021,2.833941928903997,3.432826909814134,3,0,0,6
48,7,70.80600833570064,17.952463473683554,17.961522311406277,57.89727693458062,35.834917507822496,30.0,2.996675498238441,2.833941928903997,4,1,1,7
48,8,43.51351537564159,19.21765747107308,19.077787883953388,53.58430850096644,33.11499719058823,26.257400400444176,3.4115616200073817,2.996675498238441,5,1,1,8
48,9,20.63479473769071,20.696479325418945,20.633559765527927,63.03024471339863,28.860722601873697,23.61670080052735,3.813120106325147,3.4115616200073817,5,1,1,9
49,0,129.50720603056064,21.0,21.0,40.0,34.66788230859014,19.37149424433721,3.408745208019633,0.0,0,0,0,0
49,1,113.80873775606544,20.89870868196116,21.987429884886744,49.727087779526926,34.66788230859014,19.37149424433721,3.408745208019633,3.408745208019633,0,0,0,1
49,2,113.80873775606544,19.95795900701709,19.351663748915858,60.504661961080224,36.92967849045933,22.945733629281232,1.647990222651701,3.408745208019633,0,0,0,2
49,3,113.80620774637676,18.29516037581661,18.142548907151905,71.6731498827881,39.473976133722616,22.573178986876645,0.7195915587041898,1.647990222651701,0,0,0,3
49,4,107.45428018133477,18.318238669987416,19.336690708438155,68.38488551144147,38.858962312456505,26.206235624506657,0.9376539649097528,0.7195915587041898,1,0,0,4
49,5,89.92331721149601,20.40519745122417,19.849653092340677,64.9049206686532,38.25031634262834,25.74987897521464,2.1913703712298416,0.9376539649097528,2,0,0,5
49,6,68.39454194976076,20.444574466679327,21.35697612923164,61.302908109351634,35.37406590857813,27.9480865397465,3.029771568797183,2.1913703712298416,3,0,0,6
49,7,56.90439434277573,19.473897685532688,20.99972028608725,57.87887037067473,34.310901451794976,30.0,2.564424955570855,3.029771568797183,4,0,0,7
49,8,51.49645641369093,18.49238966331089,17.968449124195235,54.12142211848368,32.88415438431264,29.574466436848137,2.7039689645424,2.564424955570855,5,0,1,8
49,9,37.92000216446617,17.818440526366196,19.94068311969661,65.00200355945657,33.0766905338719,27.37098413819972,3.462652050004342,2.7039689645424,5,1,1,9
50,0,233.9137947397357,21.0,21.0,40.0,29.218066717050583,15.959486398172444,7.9803937171331825,0.0,0,0,0,0
50,1,193.869111611756,21.20224447988149,21.91918972796345,48.13195956074014,29.218066717050583,15.959486398172444,7.9803937171331825,7.9803937171331825,0,0,0,1
50,2,193.869111611756,19.788671521521707,19.44149342683221,56.28851878200612,25.95947195458388,19.354745941338184,8.00085261415287,7.9803937171331825,0,0,0,2
50,3,191.8170818089931,18.18600272446393,18.142649775090213,64.70295049925963,27.759608177781093,18.98723469584954,7.5448545155498685,8.00085261415287,0,0,0,3
50,4,177.5306326714095,18.17973649862239,18.29813460684537,74.08083862647376,27.475923277652807,24.62345520687017,5.592252291192419,7.5448545155498685,0,0,0,4
50,5,151.59587679953543,18.26852322677301,18.025938344441325,68.40888089461693,33.40208461630324,18.420372428936545,4.854406613663929,5.592252291192419,1,0,0,5
50,6,128.82834045218704,18.02505958096305,18.112855790326407,62.9468532739899,31.79031858007983,21.198416860881103,4.367348809514051,4.854406613663929,2,0,0,6
50,7,104.4261239490054,17.959340370073587,17.970410612704615,57.88389272874197,32.62208216813495,22.58369258048766,4.678248056379172,4.367348809514051,3,1,1,7
50,8,66.58543600744264,19.27719094129944,19.032675448644504,53.57301550810931,35.721868217105595,23.662147223824093,4.730085992695345,4.678248056379172,4,1,1,8
50,9,33.41564328556375,20.72543777097331,20.760639342610222,64.30648354143992,30.769015885463187,28.861362077484664,5.528298786979815,4.730085992695345,4,1,1,9
51,0,107.0469306628422,21.0,21.0,40.0,30.64393802657934,20.32068332507236,2.1840935358026163,0.0,0,0,0,0
51,1,96.5514228393196,21.01830840513044,22.006413666501448,49.17363184329731,30.64393802657934,20.32068332507236,2.1840935358026163,2.1840935358026163,0,0,0,1
51,2,96.5514228393196,19.830073387088987,19.427962675306183,58.36439939426033,28.17188819807372,22.88793152949864,0.3721148471313862,2.1840935358026163,0,0,0,2
51,3,93.37702332047505,19.035085078777307,19.861290659819776,52.30250186033605,28.18376723601623,21.472357575515527,0.5156233421108458,0.3721148471313862,1,0,0,3
51,4,83.34462428784794,20.646189971245352,20.260434090358103,47.33278316250609,31.30924767039048,24.41453734166527,1.2540498790783896,0.5156233421108458,2,0,0,4
51,5,68.1362532291124,19.628482985006485,21.05207472497105,42.29427199092166,30.14736027311659,25.19424432919215,2.681139379962658,1.2540498790783896,3,0,0,5
51,6,47.72153843206634,19.7985056872654,20.620894490900486,36.5023009225298,26.11876556017168,25.03695072654021,3.656071780977245,2.681139379962658,4,0,0,6
51,7,34.466748428959704,19.901696847294524,20.902618172234927,46.316452567426936,27.268636475760243,27.254428218112764,4.649199342490084,3.656071780977245,4,0,0,7
51,8,34.466748428959704,19.09186937723793,18.85836309969497,55.68490143200977,24.35421606980689,27.6927220667644,4.738441990791925,4.649199342490084,4,0,0,8
51,9,31.47633823314956,17.803736792707163,17.772497186387316,64.57683964769254,23.81156553641412,25.58809121737903,4.8353946008621,4.738441990791925,4,1,1,9
52,0,193.50597004581388,21.0,21.0,40.0,26.97908180760525,21.78795921492037,7.628802819259527,0.0,0,0,0,0
52,1,157.1261465734679,21.14544613022564,21.79864076143046,48.77806738405461,26.97908180760525,21.78795921492037,7.628802819259527,7.628802819259527,0,0,0,1
52,2,157.1261465734679,19.76175026688116,19.52805767870012,58.90792684149646,29.081853463384,27.19514352240409,8.686858000619516,7.628802819259527,0,0,0,2
52,3,156.98969820803384,18.118540857278354,18.2043945740772,69.09421805826933,27.508896327301755,29.081610432547564,8.68636343132109,8.686858000619516,0,0,0,3
52,4,138.47745343307446,18.29285029275881,18.126062603818283,79.71334180498685,32.88090113399442,26.11423079221399,7.834351443397368,8.68636343132109,0,0,0,4
52,5,103.25493034556794,18.23944933185832,18.093787357547317,75.63159575635507,37.35336772691018,23.303598669579863,6.69927036997844,7.834351443397368,1,0,0,5
52,6,79.72308714411339,18.07880649639584,18.126813266984044,72.3691193477669,38.4289474623262,26.779516934406207,4.704921919163732,6.69927036997844,2,0,0,6
52,7,61.49247862939558,17.91866006602038,17.883731438901957,68.35947471385508,37.22669584772122,23.8308339638798,3.712370495043966,4.704921919163732,3,1,1,7
52,8,37.40257604530777,19.292394614228385,19.05299225236977,65.39989355374281,39.69263163843063,27.198584138723422,3.011237823010976,3.712370495043966,4,1,1,8
52,9,17.5503665840264,20.20099401974656,20.08023989458596,62.60205693291513,38.70926911843311,29.08052743252425,2.481526182660171,3.011237823010976,5,1,1,9
53,0,151.79112560170884,21.0,21.0,40.0,32.15040635947739,16.98588571567614,6.51305022031198,0.0,0,0,0,0
53,1,120.4065355664564,21.06173191614094,21.939717714313524,48.84453257352764,32.15040635947739,16.98588571567614,6.51305022031198,6.51305022031198,0,0,0,1
53,2,120.4065355664564,19.751839503621945,19.372391435759265,57.019560790902105,25.609719925201645,19.8071035046565,6.485602323948595,6.51305022031198,0,0,0,2
53,3,118.04515342161945,18.1722706636936,18.25226515122968,66.31541134258637,26.723253109882407,24.9203610661413,6.464830846306827,6.485602323948595,0,0,0,3
53,4,104.30422188562812,18.23648446837071,18.117285477484824,75.45780786772124,29.276966697170145,21.514125109134675,5.796746867624979,6.464830846306827,0,0,0,4
53,5,77.9198861962658,18.163539225045845,18.19024066387047,70.08422339310297,29.95392794946264,23.526158302658114,4.814330335503388,5.796746867624979,1,0,0,5
53,6,58.93488415221046,18.072326697785154,18.091555777234717,65.15427296328825,30.705517754344644,25.239202080017986,3.703244495213281,4.814330335503388,2,0,0,6
53,7,42.14331341076138,17.874872990721883,18.01829290759228,60.29412384867626,27.31391237481465,29.01859254400765,3.270908043530888,3.703244495213281,3,1,0,7
53,8,24.478357508494827,19.02779446032059,18.120920331793904,54.38601950436998,23.082586011808587,27.427945408712063,2.5059359914149963,3.270908043530888,4,1,0,8
53,9,16.535488503054108,19.99159560602438,17.829144448395724,63.98473298760358,25.170508358217145,28.15567765974726,2.2656475064263253,2.5059359914149963,4,1,1,9
54,0,162.78374812310378,21.0,21.0,40.0,33.19546111629865,19.02161508290255,4.375828190331141,0.0,0,0,0,0
54,1,142.37059965996062,20.92888864456385,21.98043230165805,49.39907371585622,33.19546111629865,19.02161508290255,4.375828190331141,4.375828190331141,0,0,0,1
54,2,142.37059965996062,19.86689428367961,19.37154597207037,59.34822812283336,32.133670381405466,23.139409657356428,3.096660304303766,4.375828190331141,0,0,0,2
54,3,142.25504984561928,18.09811064342586,18.157087337281773,68.8941643561793,29.539202552698423,23.493776521445675,1.7681045383487723,3.096660304303766,0,0,0,3
54,4,137.08475911881146,18.16829933404293,18.215486900827432,78.55679316410934,28.6836594235974,24.997611731569428,2.072200654157589,1.7681045383487723,0,0,0,4
54,5,114.39655456087344,19.507587377783167,19.420561408342092,73.43277196716197,29.25501693806712,25.61153196778081,2.8360255697422554,2.072200654157589,1,0,0,5
54,6,90.30590582453424,20.690083056339272,20.69694319245762,68.79800303871937,29.27349989995337,28.311117164254465,3.011331092042398,2.8360255697422554,2,0,0,6
54,7,83.09185706174455,18.73349798560839,18.739854190475967,64.05456823859902,28.280102745977533,28.7008150311316,3.6070243813948495,3.011331092042398,3,0,0,7
54,8,53.921960981930624,19.348479189815905,18.84788927610409,59.67888428165056,34.22146010594014,24.802517911012835,4.484597988090421,3.6070243813948495,4,0,0,8
54,9,36.30912787179968,17.813776846512514,17.838591074939444,55.51189515701944,34.18081226281503,26.002581489234323,4.81569859788665,4.484597988090421,5,1,1,9
55,0,231.74930991311547,21.0,21.0,40.0,28.997468520857502,17.531056450986682,6.586273447994834,0.0,0,0,0,0
55,1,198.93998087746783,21.16933622748923,21.942705098312494,48.37513449493196,28.997468520857502,17.531056450986682,6.586273447994834,6.586273447994834,0,0,0,1
55,2,198.93998087746783,19.77608309349929,19.36563109407333,55.81171921371631,25.11821322887552,16.196146319926427,6.586015885204269,6.586273447994834,0,0,0,2
55,3,196.2111657709604,18.14434164366441,18.221856751246573,63.84408948669963,24.83529541209621,19.7889838822556,6.322845379872796,6.586015885204269,0,0,0,3
55,4,181.9890768391055,18.278891738157128,18.2818689052572,73.58592201116268,29.509372488704827,24.611919313867688,5.5482516308514604,6.322845379872796,0,0,0,4
55,5,157.2243776032632,18.17384771319573,18.071425231767883,67.83521104029828,30.70175814849115,20.68318090226213,4.73740734234239,5.5482516308514604,1,0,0,5
55,6,132.91431079326725,18.06511230046209,18.05562074740912,62.139789269899495,31.09262808722004,20.599473188342312,4.616292390967295,4.73740734234239,2,0,0,6
55,7,106.35964455783238,17.882150948382186,18.05667611177903,56.92511927132696,28.064920590705103,26.29802386166976,5.050817911229276,4.616292390967295,3,1,0,7
55,8,72.05680533355556,19.20992639648557,17.223763821267298,52.88977107715232,30.928517329550584,29.98621492503469,5.63724042300971,5.050817911229276,4,1,1,8
55,9,35.15712923578693,19.650622467420185,20.064523309508417,62.88188407533622,32.30456770133104,23.207171177468403,6.1499460162947726,5.63724042300971,4,1,1,9
56,0,292.8733873344702,21.0,21.0,40.0,26.61957445211669,15.038631154240514,7.097909666639003,0.0,0,0,0,0
56,1,255.92723363379815,21.337607592921927,21.90077262308481,47.498477009144295,26.61957445211669,15.038631154240514,7.097909666639003,7.097909666639003,0,0,0,1
56,2,255.92723363379815,19.851605116231536,19.482140451260666,55.639999136544205,27.628218140827848,17.6024603447272,7.459345216170991,7.097909666639003,0,0,0,2
56,3,254.6010493949745,18.186274895907086,18.18577578587852,64.42997740001478,29.44196293618293,19.39124963865361,7.350310155337353,7.459345216170991,0,0,0,3
56,4,235.8733972289546,18.272581147427424,18.266853785076965,74.73748651677562,33.800510476306364,23.46342906125385,7.5700916190526115,7.350310155337353,0,0,0,4
56,5,194.8381029494956,18.057549392079693,18.168241653314293,69.37711504208232,29.17798008029097,24.37551172696851,7.916034441141425,7.5700916190526115,1,0,0,5
56,6,157.0171080233945,18.145889253493756,18.119338372703265,65.37248397278688,33.60769767060292,27.47768527775572,7.217322862652798,7.916034441141425,2,0,0,6
56,7,123.16860981380138,17.86335038523878,17.94832015826908,60.70419602543747,29.63996201691753,27.758438275585707,6.852494942964192,7.217322862652798,3,1,1,7
56,8,72.17054337552239,19.21885219956322,19.033555088616406,56.8326384470157,34.90749453588269,26.91718558399636,6.374758304784875,6.852494942964192,4,1,1,8
56,9,36.1067825847239,20.737085040171024,20.664891326860666,67.27461848567069,32.20007127223505,25.810928942514856,6.010626798466414,6.374758304784875,4,1,1,9
57,0,249.51682262322177,21.0,21.0,40.0,31.569373378022984,21.37348539219084,7.750110584172605,0.0,0,0,0,0
57,1,214.1866507332463,20.874818886585736,21.942705098312494,49.52971457863849,31.569373378022984,21.37348539219084,7.750110584172605,7.750110584172605,0,0,0,1
57,2,214.1866507332463,19.864001689924383,19.238249137120505,58.99671951399151,33.931903163682385,18.662568699389933,9.04507127154356,7.750110584172605,0,0,0,2
57,3,211.93310902129903,18.233628454041323,18.277844387699417,70.36698002501147,38.11332586574945,25.05478808436148,9.3316282811542,9.04507127154356,0,0,0,3
57,4,163.4299460747795,18.26139243925917,18.26078821221854,68.09948286008137,41.91243799745935,28.823688864040044,8.880561798828143,9.3316282811542,1,0,0,4
57,5,124.67183933449576,18.00010498674492,18.101432483902048,64.04582293097403,34.41768733470548,26.39531305914268,7.861836943617614,8.880561798828143,2,0,0,5
57,6,90.95937794217208,18.07932043026253,18.113406107229377,60.69539360891858,35.51896376345633,29.200873336235624,6.474517102098555,7.861836943617614,3,0,0,6
57,7,65.12154051025243,18.02962930176081,17.93506507465263,58.05852190495935,39.86517393587248,28.81887215324292,5.238656713591158,6.474517102098555,4,0,1,7
57,8,39.448583560430336,17.883150493214426,19.191002201764764,55.93260765234624,41.52269859659381,30.0,3.9557327294411153,5.238656713591158,5,1,1,8
57,9,18.70780980309664,20.63483716918109,19.91793643671187,68.27562504567614,42.39978992351935,26.17252892831344,3.4567956262222816,3.9557327294411153,5,1,1,9
58,0,166.31285520503044,21.0,21.0,40.0,25.37415128584443,15.58139350111973,5.08344749683471,0.0,0,0,0,0
58,1,139.4840910811716,21.38515416141057,21.9116278700224,47.37199806165355,25.37415128584443,15.58139350111973,5.08344749683471,5.08344749683471,0,0,0,1
58,2,139.4840910811716,19.88293889072712,19.464524614411243,55.1639269229165,28.15605093014989,15.1324427435332,4.609003204200628,5.08344749683471,0,0,0,2
58,3,138.76652493691293,18.07422200230701,18.183880767075024,62.57878070861791,24.36715104550054,16.826481097285097,3.46779024005649,4.609003204200628,0,0,0,3
58,4,131.58725162440172,18.30790984818477,18.24318349704526,71.6160910621403,30.4921336234914,19.715146118299657,2.6304978670639123,3.46779024005649,0,0,0,4
58,5,116.3195306255838,18.18528361378561,18.164381091514205,66.10038376336107,32.25631431277226,20.434200694009803,2.8728639279386754,2.6304978670639123,1,0,0,5
58,6,89.5334351917717,19.61655942981797,19.42490984932236,61.24132316269544,33.11728453868787,23.22126767983641,3.348261929226514,2.8728639279386754,2,0,0,6
58,7,80.92761201297057,17.96715443748504,17.948408051825464,56.65363319619957,34.339751497315454,23.50641535548529,3.393588377371001,3.348261929226514,3,1,1,7
58,8,52.50004054225185,19.2195458802674,19.05749792587676,52.1622795184572,33.382480980706234,24.99888747628065,3.55344643383984,3.393588377371001,4,1,1,8
58,9,28.997170267233347,20.805149724543067,20.642592205070656,62.81659382483774,34.874615162463826,24.31601987298364,3.9171450458364174,3.55344643383984,4,1,1,9
59,0,225.4848322009888,21.0,21.0,40.0,26.483845303341628,21.9133357931149,7.650094558098215,0.0,0,0,0,0
59,1,188.32436038173344,21.08275649768117,21.9427050983125,48.711492597362174,26.483845303341628,21.9133357931149,7.650094558098215,7.650094558098215,0,0,0,1
59,2,188.32436038173344,19.84787254880946,19.444448789669178,58.20483748574591,30.00638194150466,22.73442299396057,8.519821414727545,7.650094558098215,0,0,0,2
59,3,187.7096962270368,18.12246928984217,18.190299320363167,67.81309986597785,28.629846433613373,24.74938901211956,9.1054755409023,8.519821414727545,0,0,0,3
59,4,166.50130518776717,18.19324283217576,18.140160231956592,77.0846062841517,29.021478211153376,22.48689077870142,8.705043444542765,9.1054755409023,0,0,0,4
59,5,121.6667793318043,18.166906844680312,18.12744099239032,71.30524323596127,29.86682044516908,21.3589403982174,8.17497913841543,8.705043444542765,1,0,0,5
59,6,83.24473954998126,18.04941407492877,18.121143764930707,66.0295925161308,29.47277910723153,24.55138356037698,7.353273107081593,8.17497913841543,2,0,0,6
59,7,54.503924737414586,17.936439563441173,18.01004366254115,61.30359906051655,29.159502363666185,27.918311771810146,5.563440395145084,7.353273107081593,3,1,0,7
59,8,26.4543229062482,19.15154482409914,17.822092517417488,56.22466276926629,28.59408296148077,26.522937642684443,4.1653379780364,5.563440395145084,4,1,1,8
59,9,10.63153909442226,19.982395791921338,20.23573272779124,66.37004875001952,31.81909662767957,24.54415882094948,2.637130635304324,4.1653379780364,4,1,1,9
60,0,163.00073766269705,21.0,21.0,40.0,28.238716441256617,21.80676443699532,6.108384533467637,0.0,0,0,0,0
60,1,133.8841683536814,20.93143057803259,22.036135288739903,49.00818655808535,28.238716441256617,21.80676443699532,6.108384533467637,6.108384533467637,0,0,0,1
60,2,133.8841683536814,19.8413793124002,19.39507958846326,58.46772491462403,29.14870320294833,23.404287666710992,6.232227172576165,6.108384533467637,0,0,0,2
60,3,133.15564210452197,18.248932020667723,18.128571769686214,68.62479738434843,34.0953042363352,22.33287615102256,5.994257226585736,6.232227172576165,0,0,0,3
60,4,121.46377942221272,18.17752128110977,18.245095547456625,79.24803777192119,33.70085846057591,25.31714369260612,5.045918220097278,5.994257226585736,0,0,0,4
60,5,100.44803351378911,18.074143914045944,18.200179488617017,74.64018878346063,29.90805416287307,27.82611812345712,4.000047098576806,5.045918220097278,1,0,0,5
60,6,84.95333372024578,18.000593311623096,18.03491700069915,69.32062437552506,27.072974659652346,26.707223074038943,3.0304426837785177,4.000047098576806,2,0,0,6
60,7,70.66588316143373,17.95931839603446,17.94465663480436,64.16814347551414,27.903639545750966,26.80479989863286,2.69959778364478,3.0304426837785177,3,1,1,7
60,8,44.57910191117017,19.15578554431009,19.151693126374468,60.04456199225601,30.42454731523256,30.0,3.2608476562829454,2.69959778364478,4,1,1,8
60,9,19.70844070664024,20.02977969852518,20.046274166185917,55.70716131173559,29.236662885997664,30.0,3.1088326505662414,3.2608476562829454,5,1,1,9
61,0,115.43245572527762,21.0,21.0,40.0,34.80509278865018,22.839674169226885,5.950740135573955,0.0,0,0,0,0
61,1,89.04972527113637,20.873313224597883,21.91310296290311,50.37605805241788,34.80509278865018,22.839674169226885,5.950740135573955,5.950740135573955,0,0,0,1
61,2,89.04972527113637,19.943828253649745,19.41619693187728,62.41500537302776,38.833880342049866,28.04916032800504,5.4358662334361165,5.950740135573955,0,0,0,2
61,3,89.04972527113637,18.259234293360063,18.236981959932866,73.73343941951991,35.95363782256288,26.92655132461576,4.309642334651941,5.4358662334361165,0,0,0,3
61,4,71.01398994474658,18.18214798966704,18.222209227112018,70.35370487777418,35.790527474666575,28.766502848968244,3.290464961303813,4.309642334651941,1,0,0,4
61,5,57.86444098874169,18.006519222437507,18.17466994302064,65.90467282515172,28.616488596541927,30.0,2.548595475398728,3.290464961303813,2,0,0,5
61,6,41.92094043996375,18.15405375839923,18.057294901687516,62.32647048293467,33.45443143212744,30.0,3.078377355962405,2.548595475398728,3,0,0,6
61,7,21.582702369563638,19.54849822029736,19.44347588195578,59.17362148688558,36.26000267262987,29.557502904875232,2.5422797588000146,3.078377355962405,4,0,0,7
61,8,16.7061494136777,17.885182877205413,17.854757135329532,56.38023260365115,38.01914653290039,29.79535967135276,1.946367979204196,2.5422797588000146,5,1,1,8
61,9,4.771269136397278,19.04137349516001,18.894831768609624,53.58125764566951,37.78347245565754,30.0,1.491860034660053,1.946367979204196,6,1,1,9
62,0,147.99140377479068,21.0,21.0,40.0,26.99117210300796,17.055563209259258,4.628507097592875,0.0,0,0,0,0
62,1,124.32723623362334,21.252523291537383,21.941111264185185,47.9284123562081,26.99117210300796,17.055563209259258,4.628507097592875,4.628507097592875,0,0,0,1
62,2,124.32723623362334,19.862059818587205,19.479861828945104,56.5059590522708,28.21705854636809,19.43597865398028,3.984692125971716,4.628507097592875,0,0,0,2
62,3,123.92237592813744,18.273789003964097,18.21840159640909,66.81322115169249,34.40650874457375,22.85605847443565,3.248759456524652,3.984692125971716,0,0,0,3
62,4,116.919228152594,18.24544014835498,18.21118788895806,77.89275204768235,37.40800633107499,24.14494309109093,3.187323965319643,3.248759456524652,0,0,0,4
62,5,97.19894401580376,18.068087386810006,18.079678335736308,72.60217444658909,33.312375671575445,20.62885987790645,3.812476386552361,3.187323965319643,1,0,0,5
62,6,68.02783367131622,19.421754106329782,19.34424593882776,66.89927250038184,27.67604444225004,23.974500301043022,3.646388793060941,3.812476386552361,2,0,0,6
62,7,59.0926776654247,17.99905598825148,18.01144915029212,62.32222503144229,30.49358893919986,27.41170290002481,3.1050840845017684,3.646388793060941,3,1,0,7
62,8,39.08483596365729,19.262501379921872,18.116733237481903,58.07205235777965,33.160499747933585,26.560763176162883,2.862374886398635,3.1050840845017684,4,1,0,8
62,9,28.04285665969229,20.21111793054948,17.816248632013803,68.76321323880433,32.751633619812885,26.64370460810192,3.2634216898493698,2.862374886398635,4,1,1,9
63,0,180.1226467032202,21.0,21.0,40.0,28.010417639701927,24.12407232294737,4.690605438706013,0.0,0,0,0,0
63,1,158.25592635857487,20.825965543642617,22.078536175283936,49.38420819327688,28.010417639701927,24.12407232294737,4.690605438706013,4.690605438706013,0,0,0,1
63,2,158.25592635857487,19.95085763830465,19.358919050034405,60.01442623464805,34.9325684176997,24.12419847880682,4.369617276530197,4.690605438706013,0,0,0,2
63,3,158.25592635857487,18.117248223559525,18.20131825380133,70.14102512497406,30.46723001799835,25.79165270603508,3.8843435649026543,4.369617276530197,0,0,0,3
63,4,138.21472703498046,18.159647466354865,18.17530042013072,64.94477145442086,29.17909350449297,25.286163881322544,3.4712255102307457,3.8843435649026543,1,0,0,4
63,5,117.43371465677568,18.16690902668361,18.174144358263472,60.11799824839143,30.024544838673823,26.49338179449605,3.831426576704161,3.4712255102307457,2,0,0,5
63,6,99.01336564373015,18.03776380553455,18.062009529330897,55.15787682577576,29.04799003102562,26.72911317666512,3.6279932001888544,3.831426576704161,3,0,0,6
63,7,82.29149442931107,18.022828035247983,18.002217088613964,51.45446974829319,33.05413687780154,29.70471269173977,3.2190489824693582,3.6279932001888544,4,0,0,7
63,8,66.02604822076694,17.94895256049414,17.85590574616519,48.69478743074487,38.001764902509294,30.0,3.10594675328625,3.2190489824693582,5,1,1,8
63,9,31.428084353413947,19.091207277674545,18.93343816183356,46.16593587200192,39.28415800698361,30.0,4.324745483419124,3.10594675328625,6,1,1,9
64,0,203.9008095292118,21.0,21.0,40.0,34.4068780681242,19.315241752097823,7.994737768917611,0.0,0,0,0,0
64,1,167.77450654553803,20.806897779380847,21.98630483504196,49.669981567639965,34.4068780681242,19.315241752097823,7.994737768917611,7.994737768917611,0,0,0,1
64,2,167.77450654553803,19.782342439124683,19.272977825489644,58.9116145419689,29.559765129886983,21.78264028305155,9.1885897638927,7.994737768917611,0,0,0,2
64,3,165.02526866784618,18.187697610985065,18.24910201634336,69.3844441622538,31.444645679141026,26.737741100219523,8.903726386780443,9.1885897638927,0,0,0,3
64,4,148.36086218968268,18.210930615185973,18.171953294766688,79.96584543286346,32.72066660719193,26.06489600730617,7.477378835570661,8.903726386780443,0,0,0,4
64,5,113.83696088738878,18.11408203614299,18.097433670781555,74.75088806579403,30.92476841434141,23.436579546384007,6.520977645658543,7.477378835570661,1,0,0,5
64,6,90.20370032427286,17.99551862878877,18.07875652927669,69.17309889093849,27.83595476940409,24.50966092584292,4.512748977259994,6.520977645658543,2,1,0,6
64,7,65.65082764145046,19.292408591767632,17.96015028194289,63.27599039553641,25.18969936262513,25.3819201073633,3.6707063607249935,4.512748977259994,3,1,1,7
64,8,38.6390974478804,19.51385150916421,19.956195337955933,58.69199337293775,27.866683207785176,30.0,3.376466274196257,3.6707063607249935,4,1,1,8
64,9,19.42746471790565,21.3230341382873,21.202464408572823,69.38279260263042,29.39332905384817,30.0,3.2019387883291253,3.376466274196257,4,1,1,9
65,0,186.9083997954177,21.0,21.0,40.0,34.33634858119019,18.15807638443375,7.0228212557817855,0.0,0,0,0,0
65,1,154.22346937655934,20.96128596582737,21.9427050983125,49.44899649381231,34.33634858119019,18.15807638443375,7.0228212557817855,7.0228212557817855,0,0,0,1
65,2,154.22346937655934,19.916716084667392,19.34422140516289,59.64379805237667,35.27061671220827,21.3671697242604,7.711789031980055,7.0228212557817855,0,0,0,2
65,3,153.77458398023083,18.092603291065476,18.255896088677147,69.876799888758,30.188036044000228,26.661974158118323,7.232430986993362,7.711789031980055,0,0,0,3
65,4,138.10497665714175,18.11744126267615,18.187278259417056,79.51489388472899,26.78958934655997,26.75537729772327,6.711440844597323,7.232430986993362,0,0,0,4
65,5,104.14868869738146,18.288888942108443,18.144397265196485,75.35256374644435,33.73403645198226,26.47524055754748,6.2083631874100496,6.711440844597323,1,0,0,5
65,6,81.93247675719242,18.066486467888083,18.04883250908991,71.19679617058634,34.19361476201069,26.052120927667072,4.515080316955119,6.2083631874100496,2,0,0,6
65,7,64.7736155540641,17.908268565675574,17.910547551922953,66.44168188349035,32.471788130164946,24.444243608190643,3.37023299475667,4.515080316955119,3,1,1,7
65,8,44.59194460822903,19.250015701781656,19.102728110062525,63.41527386791516,36.92507513063641,29.59488033839036,2.522708868229384,3.37023299475667,4,1,1,8
65,9,26.77291279656037,20.77535013702453,20.663235579544896,73.37401221072687,31.570682938250407,23.75564118848134,2.969838635278109,2.522708868229384,4,1,1,9
66,0,195.59211825637925,21.0,21.0,40.0,29.31504360639344,20.614515398284745,2.814576139775495,0.0,0,0,0,0
66,1,181.9548890664425,21.1011020264542,21.942705098312494,48.98732062084207,29.31504360639344,20.614515398284745,2.814576139775495,2.814576139775495,0,0,0,1
66,2,181.9548890664425,19.945602671479435,19.49239761152191,59.64317722686864,34.61770514340814,24.58149822340617,1.4225511163806484,2.814576139775495,0,0,0,2
66,3,181.9548890664425,18.2684421154802,18.13525754856197,69.49736368056205,34.10139227178551,20.64408802651121,1.7506694934024931,1.4225511163806484,0,0,0,3
66,4,161.64422472799995,19.377982218802742,19.279824768925124,64.4789675217465,31.179497835450704,24.27385683779628,2.5388330423053187,1.7506694934024931,1,0,0,4
66,5,131.59720380516154,20.55075312418626,20.48771288261605,59.92823321274688,31.33792494389403,26.7135511172192,3.7558776153548017,2.5388330423053187,2,0,0,5
66,6,110.24770497739928,19.52237653841027,20.84496262724347,56.46556528720304,34.096289302534245,30.0,4.312338372818843,3.7558776153548017,3,0,0,6
66,7,101.3616577909232,18.56702788086907,18.087729025196165,52.614238430370136,33.03161223437124,28.905460783223774,4.443023593238041,4.312338372818843,4,0,0,7
66,8,79.91524360183028,17.933401990390884,17.871890784335513,49.710546546075065,37.20171175391626,30.0,4.57614573852026,4.443023593238041,5,1,1,8
66,9,34.79067895800337,18.989359625398123,18.86059980974808,45.60600175673177,33.945482799601685,26.58482392626893,5.640570580478364,4.57614573852026,6,1,1,9
67,0,251.07422253461743,21.0,21.0,40.0,25.590782627592905,16.699253631893868,5.1715351288320885,0.0,0,0,0,0
67,1,224.05482751150237,21.33645289275504,21.93398507263788,47.61220652670762,25.590782627592905,16.699253631893868,5.1715351288320885,5.1715351288320885,0,0,0,1
67,2,224.05482751150237,19.835111148093095,19.466045196477367,55.20075787778387,25.824466749817184,16.334151867273114,4.362102633009901,5.1715351288320885,0,0,0,2
67,3,222.9704946948794,18.15681648738661,18.24614850164892,63.71599413018016,26.165291119148453,21.141576949719823,3.99831989342024,4.362102633009901,0,0,0,3
67,4,212.69018548971133,18.264386480346737,18.25067109110757,73.52936498641594,30.11410530523745,24.404621673850244,4.150969542407144,3.99831989342024,0,0,0,4
67,5,187.46847937367272,18.155832029954844,18.10898593170683,68.02609749760681,30.40570680297966,22.353918259191868,4.794396440340735,4.150969542407144,1,0,0,5
67,6,159.62744597814,18.05392870418185,18.061961202534643,62.53453093887087,30.23739692769644,22.58723330154833,5.3324473065777145,4.794396440340735,2,0,0,6
67,7,131.55951842610435,18.01602288109749,17.915643262244426,57.459267900587534,33.90328606694702,21.234141498145576,5.357286005534448,5.3324473065777145,3,0,1,7
67,8,95.30429964104748,17.08360462717974,19.11153415059537,52.775002141815264,30.583517425933955,26.72611724755344,6.118986718450916,5.357286005534448,4,1,1,8
67,9,42.06985966142745,19.423408274336705,18.686058438364263,47.84827022577024,31.205574706902144,24.757025759514413,6.654304997452504,6.118986718450916,5,1,1,9
68,0,207.65027891431663,21.0,21.0,40.0,28.73783201908008,24.222883992666183,6.008913957213684,0.0,0,0,0,0
68,1,179.95295428686413,20.954972862411687,21.913614270393133,49.53292888211433,28.73783201908008,24.222883992666183,6.008913957213684,6.008913957213684,0,0,0,1
68,2,179.95295428686413,19.800255911251316,19.40920439171618,59.55120760272748,30.415029430220592,25.242074573185807,6.373371290740911,6.008913957213684,0,0,0,2
68,3,179.41183306270383,18.138256025809337,18.074797738986216,68.78697020650077,29.82783072068763,21.48196152249732,6.460852410503342,6.373371290740911,0,0,0,3
68,4,163.33218907019284,18.11485774642832,18.14316730241497,77.00757471061443,26.300208210855885,19.369816811997826,6.26284602072541,6.460852410503342,0,0,0,4
68,5,127.14426313936526,18.12084070031427,18.091116582784693,69.43579476261881,24.84224322656957,16.425645951232532,6.383513516574722,6.26284602072541,1,0,0,5
68,6,93.31797864228956,18.091202042239708,18.141959154256188,62.93115735271098,26.5376002541792,20.65885857966617,6.151944383844501,6.383513516574722,2,0,0,6
68,7,65.11537726769457,17.945586145659316,17.91622170381482,56.21409881844562,26.68165262152072,19.334688854782826,5.375788755094094,6.151944383844501,3,1,1,7
68,8,31.873225340936152,19.05350031596874,18.81718451118068,48.50092691242515,26.36931758347845,14.113060716407826,4.155268990844802,5.375788755094094,4,1,1,8
68,9,15.543405202057734,20.43695669277612,20.36630822989149,56.64645588614805,26.16504947947876,19.08788926342626,2.72163668981307,4.155268990844802,4,1,1,9
69,0,247.04684891132823,21.0,21.0,40.0,34.47897559257653,17.000405795484077,4.6768886963296925,0.0,0,0,0,0
69,1,225.1809910594091,20.964879539641142,21.940008115909684,49.26628864985091,34.47897559257653,17.000405795484077,4.6768886963296925,4.6768886963296925,0,0,0,1
69,2,225.1809910594091,19.89892590717688,19.225861698952954,58.2284788646824,34.40811370256054,15.38183193539219,4.253408460395866,4.6768886963296925,0,0,0,2
69,3,224.03042794920248,18.11914497129832,18.282424313500403,68.1047926427027,32.86536226747748,22.00304761041306,4.149127274382144,4.253408460395866,0,0,0,3
69,4,214.2827123155647,18.083246791428063,18.20243038362136,77.21481745691858,27.75719200763277,22.85405696023317,4.189629262233371,4.149127274382144,0,0,0,4
69,5,185.72236116427808,18.15468481098122,18.170555833537232,71.55200807180054,27.99143255669372,23.881848637094976,5.150412246830568,4.189629262233371,1,0,0,5
69,6,156.2451745779898,18.03917410902807,18.07587786878241,65.89335825660153,27.08539292372149,24.810996991839588,5.685738634731204,5.150412246830568,2,0,0,6
69,7,124.08922082309256,17.964644921764922,18.01698127831348,61.100652472483375,28.18238409634329,28.52480599188921,6.1150134641262905,5.685738634731204,3,1,0,7
69,8,80.53195192944898,19.18969021536062,17.87632753440435,56.84869122243775,29.87014367652861,29.84118271210683,6.498255311827925,6.1150134641262905,4,1,1,8
69,9,40.31120829581018,19.98645380497345,20.32887217171445,67.12057300915733,29.82276590175704,27.243244024462804,6.703457272273133,6.498255311827925,4,1,1,9
70,0,202.52187894701504,21.0,21.0,40.0,33.24299805047452,19.67141175253978,6.786970779366362,0.0,0,0,0,0
70,1,170.94056495256322,20.96880984958011,21.942705098312494,49.52459376454257,33.24299805047452,19.67141175253978,6.786970779366362,6.786970779366362,0,0,0,1
70,2,170.94056495256322,19.878360613477856,19.436911239034814,60.1474611288512,33.23998489644054,25.77594490527406,6.647151138405601,6.786970779366362,0,0,0,2
70,3,170.94056495256322,18.10684227703529,18.20100349182616,70.13306281287635,28.694622394176463,26.78094251707436,6.1577138514755845,6.647151138405601,0,0,0,3
70,4,141.02983574054437,18.217662956935342,18.189670371756897,65.44728091588226,30.307260409695303,26.993951273670845,5.158055928842461,6.1577138514755845,1,0,0,4
70,5,118.2002901846405,18.13687253822491,18.119476391777138,60.36863938890659,29.650887320940804,25.46777086252769,4.305864539813851,5.158055928842461,2,0,0,5
70,6,96.28566675198996,18.12650841415429,18.11279610815444,56.41243033233423,33.111562944279505,28.242831185874,4.229395430818664,4.305864539813851,3,0,0,6
70,7,80.73808106783044,17.124523129290438,17.261498156824473,51.56172108117147,27.20246449317786,29.182484111473507,4.370321688021336,4.229395430818664,4,1,1,7
70,8,44.302604260713714,18.381541194510795,18.4162190012159,46.1460986555562,24.72901316582481,28.51752891409037,4.55443460088959,4.370321688021336,5,1,1,8
70,9,20.19750885900314,19.970124994545927,20.055434762602964,55.98297065413471,24.93181668878156,29.71747219221017,4.017515900285096,4.55443460088959,5,1,1,9
71,0,148.26422903951703,21.0,21.0,40.0,28.72181787013057,20.095375539056203,6.050453322083965,0.0,0,0,0,0
71,1,118.60134597520408,21.07702488842133,22.001907510781127,48.78709481365362,28.72181787013057,20.095375539056203,6.050453322083965,6.050453322083965,0,0,0,1
71,2,118.60134597520408,19.80748132878757,19.485502205133127,57.85328595502475,26.29672270524913,24.071005857923826,5.343228179213513,6.050453322083965,0,0,0,2
71,3,118.2043623690734,18.1046633514845,18.08143237573553,65.89433864137644,24.029890279474827,20.642624644701154,3.471033156431753,5.343228179213513,0,0,0,3
71,4,110.85371212366805,18.263796087084412,18.291665713018578,75.59716398940579,27.94918480244765,25.955400464382063,2.698007372086262,3.471033156431753,0,0,0,4
71,5,97.60307760849877,18.22263801416436,18.175862716609476,71.18649591439966,31.581085510665662,27.24853629485583,2.5303973671713065,2.698007372086262,1,0,0,5
71,6,84.41741065807432,18.082084511382977,18.011433158260555,66.58617863581003,32.82056599543873,24.95544912350779,2.648071668736638,2.5303973671713065,2,0,0,6
71,7,68.18537563246511,17.801214923282217,18.028413639001823,61.483826648152046,25.7460572439253,29.240876157974792,3.145551931651861,2.648071668736638,3,1,0,7
71,8,43.43663137474446,19.03406235204309,18.376328164602818,56.006747382364495,24.19722966724224,28.70788552282689,3.380877932100096,3.145551931651861,4,1,0,8
71,9,30.703578800395665,20.253607493345463,17.75825922914054,66.15986449391303,30.514849364166583,25.89135681110311,3.745234305208885,3.380877932100096,4,1,1,9
72,0,293.148042298587,21.0,21.0,40.0,33.43253265588527,20.77564676857712,5.925435235459448,0.0,0,0,0,0
72,1,265.7772511741933,20.887854143959917,22.015512935371543,49.75747229640323,33.43253265588527,20.77564676857712,5.925435235459448,5.925435235459448,0,0,0,1
72,2,265.7772511741933,19.842713204848963,19.25639276990481,58.50084449622711,30.487714937527382,18.08657506149419,6.463224790188449,5.925435235459448,0,0,0,2
72,3,263.46615535389265,18.17847206816572,18.13840738470175,67.39613177185845,31.91131834581384,17.506944296582464,7.116998119884714,6.463224790188449,0,0,0,3
72,4,244.23840179852425,18.215629806583557,18.288944640138595,77.49520552873987,33.42229884374357,22.68366647226437,7.654807115054047,7.116998119884714,0,0,0,4
72,5,204.30502174955015,18.176076412572527,18.11709732849617,72.53284295523959,34.72611947236998,21.038532897072848,7.623269427512436,7.654807115054047,1,0,0,5
72,6,165.9652690863911,17.956536319946768,18.172070874712844,67.69663690330053,29.68819038533247,26.77733154833945,7.465718567213869,7.623269427512436,2,1,0,6
72,7,118.973024911243,19.52622027125172,18.007158467345693,64.33644267244799,34.66558760637477,30.0,7.07830682264855,7.465718567213869,3,1,0,7
72,8,78.87003128852336,19.61682206680376,17.809692104143398,59.43127387011364,28.0977903354171,27.98460520716984,6.987296132814039,7.07830682264855,4,1,1,8
72,9,43.546899248559065,20.11808226060804,20.586307908074573,70.28471237320991,31.9962738196679,28.300606753089177,5.887188673327382,6.987296132814039,4,1,1,9
73,0,301.2737675241699,21.0,21.0,40.0,25.474168939060327,20.465489228499244,7.0736347763371406,0.0,0,0,0,0
73,1,265.59295038094143,21.179726999872106,21.98326455248676,48.269138470160726,25.474168939060327,20.465489228499244,7.0736347763371406,7.0736347763371406,0,0,0,1
73,2,265.59295038094143,19.842104914201983,19.543518922028465,57.48821319175268,27.046659053039008,24.17042273358294,7.199726216458332,7.0736347763371406,0,0,0,2
73,3,265.42156568169685,18.29384364614546,18.14434235569516,67.8697640965101,34.238841360311966,23.436441443895887,7.442096102201857,7.199726216458332,0,0,0,3
73,4,248.54196094193992,18.09410016271417,18.2011551986854,77.57122971461449,29.673339664773003,24.22369154691809,7.543832210165772,7.442096102201857,0,0,0,4
73,5,206.45509465952657,18.186301432160352,18.15528081686606,72.64693557395661,31.488411272790582,24.4877323902212,7.692832513159404,7.543832210165772,1,0,0,5
73,6,168.83875227129846,18.170074857542133,18.06485695091405,68.80571947902918,37.127409065521626,24.86583485154816,7.393667968310534,7.692832513159404,2,0,0,6
73,7,130.98975167201655,17.932491792220294,17.99077544220811,65.30521672433268,36.61674376091208,27.26935204632958,7.64827680275082,7.393667968310534,3,1,1,7
73,8,76.88162576895041,19.239346028175817,19.072667755775747,61.06618441140191,33.6214063436187,26.16174747343252,6.763515737883267,7.64827680275082,4,1,1,8
73,9,29.54450286243728,20.049484264361773,19.95130943905548,56.01470786177424,31.339245037803185,23.930329686487603,5.917140363314141,6.763515737883267,5,1,1,9
74,0,160.6318803553656,21.0,21.0,40.0,27.61324893252996,23.59697709440789,4.492950277699023,0.0,0,0,0,0
74,1,139.1060428610511,21.114428278397604,21.900801328966416,49.21784068484881,27.61324893252996,23.59697709440789,4.492950277699023,4.492950277699023,0,0,0,1
74,2,139.1060428610511,19.795308537724157,19.566647954444235,59.4207810643405,28.16021775687547,28.522784351411705,3.309782832618107,4.492950277699023,0,0,0,2
74,3,139.1033034526216,18.043735537617483,18.18336992381615,68.2932997175834,22.84699463775018,26.444775658043657,2.9795312639405687,3.309782832618107,0,0,0,3
74,4,130.96143051506172,18.20288512525077,18.17906614820313,77.26599629266197,23.72074106904016,26.127573236951893,3.13730582403114,2.9795312639405687,0,0,0,4
74,5,115.37746848186384,18.19075885358008,18.10543116122643,71.2044030009991,25.758683748044064,23.89913129827333,2.8469747212624408,3.13730582403114,1,0,0,5
74,6,101.86913545133837,18.099858239817426,18.060929948812564,65.55859517663089,27.886850654539508,24.08088365452599,2.5706349230806227,2.8469747212624408,2,0,0,6
74,7,83.57592540129963,17.932481387759847,17.960471503888137,59.98067160746983,27.375665126907545,24.969203933308822,3.507176899076086,2.5706349230806227,3,1,1,7
74,8,55.53946996278465,19.18404117346722,19.0488736335436,55.27529467859381,31.76543782469518,25.426912570438063,3.504556929814372,3.507176899076086,4,1,1,8
74,9,30.76672133402695,20.6446496513123,20.61461179737573,64.59072954962318,27.640910872922845,24.11150507724029,4.128791438126283,3.504556929814372,4,1,1,9
75,0,281.5231448607086,21.0,21.0,40.0,28.476900101995167,21.864983821136708,7.152679963622342,0.0,0,0,0,0
75,1,247.4869536621365,20.928060873421824,22.03729967642273,49.061539106163735,28.476900101995167,21.864983821136708,7.152679963622342,7.152679963622342,0,0,0,1
75,2,247.4869536621365,19.99501656399148,19.34214832244053,59.445294399935655,36.84617972118896,20.84134968865505,6.560177498422845,7.152679963622342,0,0,0,2
75,3,247.33185951912785,18.178192372848013,18.20593346506533,69.70407010597029,33.35517542493694,23.638022941922184,5.914280742715407,6.560177498422845,0,0,0,3
75,4,233.19268888316984,18.13488305382065,18.25590259204704,80.14253308556499,30.82881828472181,27.16264271302652,6.147911952144689,5.914280742715407,0,0,0,4
75,5,200.52687376687496,18.173798085600385,18.14237288912462,75.72653483768478,32.01872256474113,26.78128716925768,6.159812474665438,6.147911952144689,1,0,0,5
75,6,167.21874948053335,17.932768972588207,18.09294226195369,70.51062947030641,25.79242610977573,28.5636551825667,6.590401424968687,6.159812474665438,2,1,0,6
75,7,124.79119296356626,19.393516018957484,17.845584764806247,65.31493824687918,30.76074358481608,23.70763850725488,6.3885542042927925,6.590401424968687,3,1,1,7
75,8,76.33524832964542,19.5951009573218,19.821397250704347,60.35801400100358,33.84950972191625,21.945355578774866,6.056993079240105,6.3885542042927925,4,1,1,8
75,9,32.13892744363419,20.735383844946547,20.373491265133808,56.332946276339655,37.836015281993966,23.13583069209533,5.524540110751405,6.056993079240105,5,1,1,9
76,0,133.13681225944126,21.0,21.0,40.0,33.50485911613399,19.047745093036703,2.7940986427010595,0.0,0,0,0,0
76,1,120.07239053172852,20.984066564290437,21.942705098312494,49.459468757650725,33.50485911613399,19.047745093036703,2.7940986427010595,2.7940986427010595,0,0,0,1
76,2,120.07239053172852,19.96705028288164,19.392627541969876,60.35841048385528,37.44561764597466,23.10405861071733,1.420482864278352,2.7940986427010595,0,0,0,2
76,3,120.07239053172852,18.149199444466376,18.28872359791583,71.15501925362258,30.810646636622188,29.17051319541834,0.425507038066358,1.420482864278352,0,0,0,3
76,4,115.64201899306988,19.39865537577974,19.309375239286503,66.31142637629819,29.39781426889224,27.026669745972203,0.5537964423323327,0.425507038066358,1,0,0,4
76,5,100.26302829923247,20.525176980605355,20.53812688845079,61.5774214461422,28.86250629935225,28.170799644225564,1.922373836729674,0.5537964423323327,2,0,0,5
76,6,84.98442130832471,19.84975422757413,20.68872285964273,56.55400963321222,28.171028015677887,27.254461912488868,2.897520374870379,1.922373836729674,3,0,0,6
76,7,62.55563296812687,19.982537311605437,20.812566851132104,52.74144449363281,32.3870588391105,29.765357052115,3.749369331115913,2.897520374870379,4,0,0,7
76,8,47.39924919502689,19.11089480648451,19.15872055670161,48.97940647252605,32.43312210496244,30.0,4.305853257486647,3.749369331115913,5,0,0,8
76,9,46.78081644041169,17.871412271678764,17.750296235905125,60.150128558924,35.274245520149904,26.785321626505382,5.016752035089215,4.305853257486647,5,1,1,9
77,0,209.51073738433055,21.0,21.0,40.0,28.620354843606734,16.604283629544724,4.139397285665213,0.0,0,0,0,0
77,1,188.5821973508728,21.2283460631399,21.932085672590897,48.14043492516726,28.620354843606734,16.604283629544724,4.139397285665213,4.139397285665213,0,0,0,1
77,2,188.5821973508728,19.883185083530787,19.518114489577886,57.52132579335056,29.906747967338028,22.209312411458072,2.742404308123496,4.139397285665213,0,0,0,2
77,3,188.5455842330496,18.213855492930573,18.248538230847828,68.0824734569773,31.53681862185452,27.13622395384961,2.7793106005651573,2.742404308123496,0,0,0,3
77,4,181.8327438047465,18.308593702015763,18.23998583638595,80.24345342697028,37.69599389139493,29.865005941899373,3.0571344080533605,2.7793106005651573,0,0,0,4
77,5,162.74577412128696,18.18852386073491,18.15269988116201,77.77544707403557,39.62218692814047,30.0,3.840708402336632,3.0571344080533605,1,0,0,5
77,6,127.0545757762823,19.66950000934358,19.55892428078955,74.66735337586864,36.06614612129484,30.0,4.461399793125583,3.840708402336632,2,0,0,6
77,7,115.95045055730138,17.97076890476089,17.94270509831248,71.8118339357374,37.46933644371529,30.0,5.109819917186576,4.461399793125583,3,1,1,7
77,8,68.44119045713853,19.222762002957044,19.157977970662763,68.27066250379661,33.66015871144008,30.0,5.938657512520356,5.109819917186576,4,1,1,8
77,9,27.100394740921395,20.10554906458711,20.08834549466057,64.40041152032998,31.83193898074097,30.0,5.167599464527142,5.938657512520356,5,1,1,9
78,0,157.11338684084265,21.0,21.0,40.0,33.4912242231306,22.07624053967252,4.663755522675906,0.0,0,0,0,0
78,1,135.929534391487,20.81205495652669,22.04152481079345,50.00214365730456,33.4912242231306,22.07624053967252,4.663755522675906,4.663755522675906,0,0,0,1
78,2,135.929534391487,20.026493458702163,19.27111272782864,60.93529499041327,40.03335917902833,20.706370449353376,3.909751409048031,4.663755522675906,0,0,0,2
78,3,135.82324650181636,18.27785713146919,18.166390169529382,72.00947219632718,39.99732777369208,21.52587892582965,3.390601702908586,3.909751409048031,0,0,0,3
78,4,119.83474308971384,18.112184599343767,18.26619555762606,68.15168727572014,36.336047909632015,25.56514697588437,2.878154452531639,3.390601702908586,1,0,0,4
78,5,105.35233127389046,18.09416012230653,18.053338710284493,62.92139184843228,33.54405402495851,20.732082490108937,2.765917892564311,2.878154452531639,2,0,0,5
78,6,94.71194601028648,17.99989254073863,18.08725784600424,57.44414167145493,30.673935977514184,22.230229705945003,2.009015511342948,2.765917892564311,3,1,0,6
78,7,74.74192712072333,19.52589555694628,18.009852148507125,53.627718369563766,36.54339944048313,25.58758221567705,2.967629729848289,2.009015511342948,4,1,0,7
78,8,52.29439322266445,20.41478729970051,19.95314447982468,63.86958814034913,32.92011225999333,23.979164244369805,4.265675590056193,2.967629729848289,4,1,0,8
78,9,15.922474039222848,20.89580832352383,20.0801609560224,58.98143014486448,29.60952720156772,26.56737282351751,5.11797380976956,4.265675590056193,5,1,0,9
79,0,190.07886604894904,21.0,21.0,40.0,30.807503813548443,18.64224440194048,4.007768253181071,0.0,0,0,0,0
79,1,170.8020667521178,21.142863705494158,21.85599003284297,48.900954678788,30.807503813548443,18.64224440194048,4.007768253181071,4.007768253181071,0,0,0,1
79,2,170.8020667521178,19.733142551706944,19.393245496608834,57.116423602724,25.969725933269896,19.67176808859674,2.65019058782316,4.007768253181071,0,0,0,2
79,3,169.9799975824231,18.098031299744388,18.267408114823567,65.92084725777174,23.3712909204894,25.542173829775805,2.2909642788214786,2.65019058782316,0,0,0,3
79,4,163.74245402098984,18.268423436861703,18.177668971926938,75.4027190526681,27.52195293232688,25.15511259487516,2.5169192242542806,2.2909642788214786,0,0,0,4
79,5,146.07980819479707,18.11782354967353,18.187887995474785,69.93599475389937,25.913130416003447,27.049512368614696,3.295536998880117,2.5169192242542806,1,0,0,5
79,6,115.622124985113,19.535070381391797,19.48897267941008,65.27611878541488,29.34952596024305,28.09560754817648,3.8072104012105097,3.295536998880117,2,0,0,6
79,7,103.8282623592001,17.852495759966427,17.863015645640434,59.08715369776745,24.83905904294019,24.11113491457406,4.66260358717296,3.8072104012105097,3,1,1,7
79,8,65.84238185547535,19.00008589361565,18.977420229174783,53.52037464784107,26.69113399644885,25.71564905951573,4.748235062965594,4.66260358717296,4,1,1,8
79,9,33.420131530571794,20.62309661799612,20.55546838980532,64.17835189307617,31.46619053595176,27.744794159798808,5.403708387483926,4.748235062965594,4,1,1,9
80,0,122.28799375660276,21.0,21.0,40.0,26.668875993709456,19.651798152097108,4.345339683436851,0.0,0,0,0,0
80,1,100.4662807959506,21.15524336935659,21.993035963041944,48.33772134624518,26.668875993709456,19.651798152097108,4.345339683436851,4.345339683436851,0,0,0,1
80,2,100.4662807959506,19.755757046053493,19.349375112504298,55.151539950461896,22.803377786691687,15.051170014512271,3.579495477606298,4.345339683436851,0,0,0,2
80,3,98.34726590295882,18.177005046969096,18.21628237801641,62.80494537954829,24.153630135147267,18.365288915332712,3.9704210421732458,3.579495477606298,0,0,0,3
80,4,88.07355518034177,18.2130570657972,18.17927738716701,70.65197734606336,25.53597359375954,18.058648442435253,3.9804027986470927,3.9704210421732458,0,0,0,4
80,5,64.90994634111422,18.215024241843125,18.222556302004985,64.73723420721149,28.78718568591612,21.686463542684567,4.144057525473427,3.9804027986470927,1,0,0,5
80,6,45.87992371725886,18.15064870597291,18.098327566702174,60.03196929206007,33.4548759001857,23.738096793417515,3.7231318326983662,4.144057525473427,2,0,0,6
80,7,30.591620165357817,17.841636854311503,18.03087690423161,55.21063643417197,28.401463700136645,28.14668708937397,3.038178753268614,3.7231318326983662,3,1,0,7
80,8,20.63795231596765,19.10574578795431,17.147821471001887,50.13564476656093,27.101174540470343,28.03776063946832,1.6370851951852148,3.038178753268614,4,1,1,8
80,9,11.87423009060776,19.56714123208887,19.98465168757791,60.11657801564148,31.971485570696498,23.47814359086209,1.460620370893315,1.6370851951852148,4,1,1,9
81,0,37.95770090427564,21.0,21.0,40.0,32.4798363971435,15.52353309201925,3.696061366009841,0.0,0,0,0,0
81,1,19.821622663381525,21.15646283348952,21.910470661840385,48.640606508049295,32.4798363971435,15.52353309201925,3.696061366009841,3.696061366009841,0,0,0,1
81,2,19.821622663381525,19.893358708356438,19.48363298555048,58.56006221066407,32.14212797589164,22.96595926085714,1.9838421851704933,3.696061366009841,0,0,0,2
81,3,19.818173748256555,18.16942370510969,18.11907487340013,67.85108133448428,30.19706997924777,21.41970293086449,1.5121565208146883,1.9838421851704933,0,0,0,3
81,4,17.931053482311793,18.284317142655933,19.551064612792157,78.06525726480456,30.75490601936556,25.99051581574712,0.489472743897295,1.5121565208146883,0,0,0,4
81,5,15.29221386664202,20.32895184005232,19.95773139241153,73.410122368225,28.51564156338798,28.95583123339225,0.3298549519587216,0.489472743897295,1,0,0,5
81,6,11.790563103605416,21.249174985910937,21.354433074253663,68.72046072674918,28.79252992241598,28.487127624940552,0.4377063453795754,0.3298549519587216,2,0,0,6
81,7,7.969552771043372,21.073586941076197,21.342526948559897,63.79596061512203,33.289477314166845,22.685522065682303,0.651165420925656,0.4377063453795754,3,0,0,7
81,8,1.671517960828257,21.19347390569285,21.87444828377733,59.22652681860242,36.20594320677768,21.741646812557875,0.9063149407522648,0.651165420925656,4,0,0,8
81,9,0.2513426659357947,19.527998365185525,19.012165605936108,55.34285722649524,35.43479736997602,26.322593784984075,0.6669692918988646,0.9063149407522648,5,0,0,9
82,0,55.07225059217392,21.0,21.0,40.0,32.118625764341864,20.045580003349063,2.358073859189968,0.0,0,0,0,0
82,1,44.03573073699963,20.980890370378443,21.942705098312494,49.38955703818437,32.118625764341864,20.045580003349063,2.358073859189968,2.358073859189968,0,0,0,1
82,2,44.03573073699963,19.933176120445086,19.42245641077519,60.27781829239496,35.79955243282704,24.69078786834289,0.916266914162338,2.358073859189968,0,0,0,2
82,3,44.03573073699963,18.244578995559905,18.16684204162705,70.86867589381804,35.1928705636875,23.64522722199628,0.4922228837134313,0.916266914162338,0,0,0,3
82,4,40.23003515443688,19.391587499110337,19.255952720900847,65.6953357030796,31.270173857682444,23.32238063821515,0.4757119478203432,0.4922228837134313,1,0,0,4
82,5,38.87732120136437,20.516818984837883,20.503342712407264,61.06302342657061,30.15330021258947,27.44496491791611,0.1690892441340645,0.4757119478203432,2,0,0,5
82,6,38.87732120136437,20.96023177335396,21.426872646354106,57.3974330778762,34.74781961003898,28.221122897214283,0.0,0.1690892441340645,3,0,0,6
82,7,31.362656606608617,20.669145609413903,21.978282640368203,54.30448451665313,36.15028577098298,30.0,1.2338097957520815,0.0,4,0,0,7
82,8,12.753360335458389,20.842520119914926,21.94104255647061,51.33071248776061,38.70089371914127,28.111483898122447,2.9636320665985685,1.2338097957520815,5,0,0,8
82,9,2.9585238456742577,19.354758510633257,18.87531199525197,47.50726574051561,33.08234978158966,29.00961273371587,4.735385102262343,2.9636320665985685,6,0,0,9
83,0,40.25311217676362,21.0,21.0,40.0,30.29744152613354,20.98275176836561,2.111446034459793,0.0,0,0,0,0
83,1,30.20624971921431,21.041183987080984,21.9427050983125,49.23043479300985,30.29744152613354,20.98275176836561,2.111446034459793,2.111446034459793,0,0,0,1
83,2,28.323370821614,20.41477711612879,21.960858741770217,57.45846328425728,22.03478574494472,23.67648365087439,0.5773363591575897,2.111446034459793,0,0,0,2
83,3,28.323370821614,19.821842359964972,19.28624802474808,67.85731806731748,30.67995391883464,27.09146154261088,0.5254755446074306,0.5773363591575897,0,0,0,3
83,4,28.11677738142287,20.51403355852474,20.671684921715897,63.68456050368275,30.15134686869589,30.0,0.0258241800238916,0.5254755446074306,1,0,0,4
83,5,24.458528653826523,21.0567021074292,21.466980277694784,59.6343236894495,30.83201769870422,30.0,0.5113224256045756,0.0258241800238916,2,0,0,5
83,6,23.512229996045644,20.734184322660383,21.40995083608256,56.12588228900569,34.9699377400764,28.87205447968017,0.175371008230905,0.5113224256045756,3,0,0,6
83,7,16.014015448977627,20.68380515163698,21.57641485756691,52.37392094189156,32.4891036271437,30.0,1.2506808535782177,0.175371008230905,4,0,0,7
83,8,1.9618148511842408,20.49150585124673,21.038853159301645,49.87500710571001,39.45047868788029,30.0,2.640526847417409,1.2506808535782177,5,0,0,8
83,9,1.9618148511842408,19.301670868690252,19.07182917041842,60.50929124187102,31.18061580238675,27.89874050961884,3.649793515350097,2.640526847417409,5,0,0,9
84,0,220.27479962238115,21.0,21.0,40.0,33.42525817019494,23.205074348317183,4.985180508612881,0.0,0,0,0,0
84,1,197.84180618741075,20.88983759172833,21.942705098312494,50.19345985333218,33.42525817019494,23.205074348317183,4.985180508612881,4.985180508612881,0,0,0,1
84,2,197.84180618741075,19.896907725155945,19.4092676164132,61.37413390774845,35.35192434812153,26.762931509746625,4.444664822477446,4.985180508612881,0,0,0,2
84,3,197.84180618741075,18.240549941994672,18.218943202808145,72.79824371388847,35.93110764562279,27.53616905515513,4.379419802031475,4.444664822477446,0,0,0,3
84,4,169.8541996563046,18.1707182094422,18.23468681552187,69.53361520545565,35.196508286484296,30.0,5.0863245018328005,4.379419802031475,1,0,0,4
84,5,142.8156823665759,18.15841591065692,18.15,66.3447298929351,35.61730381933035,30.0,5.25448772920976,5.0863245018328005,2,0,0,5
84,6,116.11195578422512,18.08094700475761,18.043120904481317,63.24114753318962,36.799908972835375,29.291300139689685,5.42244044691405,5.25448772920976,3,0,0,6
84,7,92.4916481901098,17.84464059269049,17.883480524660694,58.72196345998032,31.896683691736225,26.330071457100964,4.755912148373406,5.42244044691405,4,1,1,7
84,8,65.34087685273315,19.875673901212075,19.65798597335085,69.45842951087735,34.97441551480144,24.672618101293164,4.525128556229441,4.755912148373406,4,1,1,8
84,9,40.53450332717881,21.331892485725668,21.309416510793294,80.67625726521308,33.355191483200976,28.966073818664164,4.1343955875923895,4.525128556229441,4,1,1,9
85,0,225.227565204246,21.0,21.0,40.0,32.71446738656055,22.068956455189312,7.212015054668651,0.0,0,0,0,0
85,1,192.60790720285576,20.77724967908467,22.041379129103788,49.86101629151497,32.71446738656055,22.068956455189312,7.212015054668651,7.212015054668651,0,0,0,1
85,2,192.60790720285576,19.966128540906023,19.303430773150243,60.82484854131957,37.541562901541525,23.36861626403956,7.789259514443041,7.212015054668651,0,0,0,2
85,3,192.5715517211107,18.27938148441132,18.145008103442983,72.18797840889226,40.0094778280926,23.119021436200143,7.858237884307617,7.789259514443041,0,0,0,3
85,4,153.22061477643987,18.10676519950956,18.250892842295343,68.43264711345965,36.07722797232219,26.39315371971887,7.101916824075714,7.858237884307617,1,0,0,4
85,5,121.45451785283136,18.134150362405688,18.116777177236543,64.23566367480714,35.28474609260663,24.73201258154608,6.05842845544079,7.101916824075714,2,0,0,5
85,6,97.20195375153374,18.04534053509388,18.162654650056595,60.87932867213365,34.68702776292505,30.0,4.766227010311496,6.05842845544079,3,0,0,6
85,7,75.6019147699011,17.929733533151968,17.942705098312484,57.40624958301552,34.03844950489925,30.0,4.391087401178006,4.766227010311496,4,1,1,7
85,8,50.28631824012901,19.92571783135431,19.83335674769741,69.00247610999423,34.42348070543724,30.0,4.219266088295347,4.391087401178006,4,1,1,8
85,9,27.936147488951647,21.52483385719868,21.41273262480933,81.06076212737206,36.99047787432122,30.0,3.725028458529561,4.219266088295347,4,1,1,9
86,0,100.72536499636551,21.0,21.0,40.0,28.11959436668013,18.532111711560244,6.032954694450151,0.0,0,0,0,0
86,1,70.66664352842994,21.17275023977284,21.9427050983125,48.39730709408327,28.11959436668013,18.532111711560244,6.032954694450151,6.032954694450151,0,0,0,1
86,2,70.66664352842994,19.79258249163262,19.423327742294003,56.474002730556286,25.89197295128752,18.97855836245149,5.131881555186517,6.032954694450151,0,0,0,2
86,3,69.68047863181785,18.15672914944154,18.19539923587898,65.01985383491424,26.228430423365204,21.24852015640127,3.3579531747689524,5.131881555186517,0,0,0,3
86,4,64.73928297530225,18.18144853848187,18.22526798443149,73.88877010624319,26.030347516210725,23.24140954672781,1.9616048736633425,3.3579531747689524,0,0,0,4
86,5,61.5927071461619,18.26157153526877,18.273566437514777,69.8739281326241,31.608924279649404,29.419731422466786,0.5759678917746444,1.9616048736633425,1,0,0,5
86,6,54.76312152847686,18.18692796808104,18.991825424955568,67.015951503969,38.09057759932536,29.36510779703524,1.1881640900713784,0.5759678917746444,2,0,0,6
86,7,39.09924499572897,20.17975295888617,19.75240950664778,64.48881944055327,39.29371075880148,30.0,1.957984566593487,1.1881640900713784,3,0,0,7
86,8,13.77146274148192,21.00699274640613,21.02627972563852,61.26906394850543,35.44580282195648,30.0,3.1659727817808805,1.957984566593487,4,0,0,8
86,9,2.567142240834721,19.29456923848984,18.91227748412678,56.758832003764695,28.63926629506424,29.63722290082053,4.006147371966305,3.1659727817808805,5,0,0,9
87,0,236.57377087184784,21.0,21.0,40.0,28.89998725413445,17.394499605093863,7.169425421129109,0.0,0,0,0,0
87,1,201.32583605029808,21.09960858515793,21.9427050983125,48.33300763466109,28.89998725413445,17.394499605093863,7.169425421129109,7.169425421129109,0,0,0,1
87,2,201.32583605029808,19.84288884596737,19.41075174796868,57.34172391359977,29.504415487248508,20.544008284633048,8.285949072393771,7.169425421129109,0,0,0,2
87,3,199.88450096067444,18.15378233783827,18.170422695065,66.56828548866812,29.693532379162782,21.56514303788363,9.229554426245931,8.285949072393771,0,0,0,3
87,4,176.84207197187888,18.115692381564035,18.26665571642817,75.8985964064171,26.20764162611661,25.62741902804437,9.334768311329446,9.229554426245931,0,0,0,4
87,5,134.21021350179095,18.123158874804957,18.0930069072468,69.47439936263187,24.865585366364343,22.777764390384416,7.845716118151063,9.334768311329446,1,0,0,5
87,6,102.88892455919924,18.079776986998127,18.071890223423942,63.38389898226998,25.98968963189492,23.507530477205744,5.835713776232738,7.845716118151063,2,0,0,6
87,7,75.64039585904132,18.017301236780952,17.940144947149385,57.94172248765642,29.719496555318408,23.37952291905067,5.167013170405298,5.835713776232738,3,0,1,7
87,8,48.452021334326346,17.219776087876845,19.140460559475155,53.91719777304888,33.20830094916067,27.766561747464124,4.536213491629927,5.167013170405298,4,1,1,8
87,9,23.658116180986607,20.151412650586067,19.56402362333275,64.50689916439174,29.695429342520125,29.13624505382905,4.132317525556623,4.536213491629927,4,1,1,9
88,0,84.25530965315488,21.0,21.0,40.0,33.9930016225108,23.28203541412352,2.1900827343048066,0.0,0,0,0,0
88,1,74.51540615810606,20.95850244370053,21.83427480512286,50.309506666594174,33.9930016225108,23.28203541412352,2.1900827343048066,2.1900827343048066,0,0,0,1
88,2,74.51540615810606,19.736621399558725,19.431000060904477,60.56529586491822,29.56054408436665,27.41606257298917,0.665652896477803,2.1900827343048066,0,0,0,2
88,3,72.66962845485972,18.562052365757733,19.733322940235716,55.06007839649496,26.470086633169405,26.27870520892363,0.3310841508743067,0.665652896477803,1,0,0,3
88,4,65.93675836439638,20.4487939877589,20.01452519086161,50.96871925590799,32.37397077888328,28.22958955118908,0.841608761307918,0.3310841508743067,2,0,0,4
88,5,55.080093289767305,19.98395521521064,20.59624425352336,46.46542587398393,32.26465901046929,26.05037775661933,1.8365326450473267,0.841608761307918,3,0,0,5
88,6,39.80684909191257,19.66017808084093,20.727539826473283,41.79749293411609,29.474608636600063,27.925763919689707,2.76813023427397,1.8365326450473267,4,0,0,6
88,7,30.53613742953325,19.77296464678289,20.850792857575208,52.61994505751702,34.57364081232357,25.551093206570474,3.583705721012332,2.76813023427397,4,0,0,7
88,8,3.576790129869999,19.99892279003608,21.10153473943223,48.5581689084603,31.2772604941457,29.490649788872524,4.123291512711265,3.583705721012332,5,0,0,8
88,9,3.576790129869999,19.212982844396407,18.8108452833264,59.52760783889698,32.25451310193657,28.686814289378347,4.632790858059635,4.123291512711265,5,0,0,9
89,0,133.15880968087117,21.0,21.0,40.0,25.451274024758565,22.90210619952161,2.1076070372282003,0.0,0,0,0,0
89,1,122.7755839734691,21.15090978182534,21.942705098312494,48.70360844037043,25.451274024758565,22.90210619952161,2.1076070372282003,2.1076070372282003,0,0,0,1
89,2,122.23177736077209,20.81816085961331,21.881504798619915,58.29476353961411,29.74789561369203,23.5362993821062,0.1630536790164121,2.1076070372282003,0,0,0,2
89,3,116.26349821003454,22.235738924829565,21.69435859916616,53.067041193511216,32.70464430430528,21.585787106234186,0.7460348938421937,0.1630536790164121,1,0,0,3
89,4,104.6340422527761,20.8433472831062,22.164040946760583,48.04264206468872,30.863699278529857,24.556305561345123,2.085443641695208,0.7460348938421937,2,0,0,4
89,5,91.49715375763871,19.79001522335635,20.94459870367723,43.5760676772568,32.661752224058645,25.85727895687513,3.4825778291841094,2.085443641695208,3,0,0,5
89,6,78.69359224771195,19.10386750505141,19.673913610811525,37.67397034146056,26.90340682049278,23.64049686952814,3.278130921209451,3.4825778291841094,4,0,0,6
89,7,78.69359224771195,18.313716605570782,18.150798130406308,47.385884157139856,26.775154462798177,27.179922290975707,3.480514509845352,3.278130921209451,4,0,0,7
89,8,72.73612483461467,17.863350723102556,17.906401554180473,57.72556846836663,27.442690617926555,30.0,3.683303640843687,3.480514509845352,4,1,1,8
89,9,32.94814539099589,18.901068404813152,18.83078281302172,52.84592775251264,29.546367684329223,26.67785056092639,4.973497430452348,3.683303640843687,5,1,1,9
90,0,208.95586547514745,21.0,21.0,40.0,28.98970170703149,22.45824879712918,6.617059226320238,0.0,0,0,0,0
90,1,177.56120234152243,21.156684098049944,21.816778786012293,49.26063109074892,28.98970170703149,22.45824879712918,6.617059226320238,6.617059226320238,0,0,0,1
90,2,177.56120234152243,19.78821993156751,19.466988254527795,58.84114717432724,29.69262644288172,23.53246291033116,6.148805805650116,6.617059226320238,0,0,0,2
90,3,177.0065799350781,18.14010513808646,18.18314542908092,68.63091836241225,29.19788334720543,25.18973436437796,6.079983234448373,6.148805805650116,0,0,0,3
90,4,163.4007487268448,18.17698088135805,18.253190807658232,78.95485121239454,28.776417583859995,28.57876491604169,5.653238221655965,6.079983234448373,0,0,0,4
90,5,138.4158242352059,18.162230056749404,18.17842470167917,74.64467688823399,29.38792042133023,30.0,4.731696080271095,5.653238221655965,1,0,0,5
90,6,113.60671392167367,18.1987373238324,18.005415981313835,71.14057408001429,36.46004152857455,27.406053981315985,4.941815505757779,4.731696080271095,2,0,0,6
90,7,89.09299476595345,17.875499825972064,17.917896517570853,66.80834659405615,33.09977791155359,26.16562494423448,4.963356223012962,4.941815505757779,3,1,1,7
90,8,54.9049840925238,19.142308808138026,19.00389083450869,62.12894122555427,31.810792574570463,25.525844267085763,4.273501334178706,4.963356223012962,4,1,1,8
90,9,23.005397084313223,20.01897163082483,19.96497699408251,58.26895351390657,33.332479299534256,28.55647785797851,3.9874483760263217,4.273501334178706,5,1,1,9
91,0,205.0104624923813,21.0,21.0,40.0,34.971743829866924,22.02957570915735,4.682381795911601,0.0,0,0,0,0
91,1,184.2532641125284,20.845291996578744,21.92777708157443,50.260237517024365,34.971743829866924,22.02957570915735,4.682381795911601,4.682381795911601,0,0,0,1
91,2,184.2532641125284,19.749291814939006,19.35615136880648,60.11605840731774,29.087153266660543,25.66740723496929,3.9595998477428873,4.682381795911601,0,0,0,2
91,3,183.52423052216963,18.266672312617256,18.131954021122997,70.8595163012736,34.920768897524106,24.765108291119624,3.7305963469993983,3.9595998477428873,0,0,0,3
91,4,159.20456028820956,18.160861357008304,18.182348235940832,66.35447699252228,33.693326916690914,24.61201025691284,4.31741114420191,3.7305963469993983,1,0,0,4
91,5,130.89637309283893,18.059534488615185,18.118594883706717,60.75260203466807,29.170051347450265,23.04175444224856,5.301561305145457,4.31741114420191,2,0,0,5
91,6,102.09742260887998,18.010275993821928,18.09075315277857,55.02868116584307,26.81910595417078,24.714666996801395,5.423493115881088,5.301561305145457,3,0,0,6
91,7,76.26807509183536,17.939777386163026,18.02131088911004,49.985863004851055,26.6727203466978,28.6449565366799,4.893406295771161,5.423493115881088,4,1,0,7
91,8,58.90774712897337,19.983230004621003,17.877100869266403,61.64810941779337,34.790257849679534,30.0,4.324798075903325,4.893406295771161,4,1,1,8
91,9,25.204493137485844,19.68128434498787,20.159009739707244,58.81076787118609,37.637996017710336,29.932328723360296,4.21290674893594,4.324798075903325,5,1,1,9
92,0,66.8302687428443,21.0,21.0,40.0,27.065947488318407,17.376935257325343,4.661795681377699,0.0,0,0,0,0
92,1,43.18749409237341,21.217755060527303,21.9427050983125,47.999718894215874,27.065947488318407,17.376935257325343,4.661795681377699,4.661795681377699,0,0,0,1
92,2,43.18749409237341,19.878130042387514,19.40137722190281,56.284248755851024,29.49427817771545,16.530887720257606,2.900088198674786,4.661795681377699,0,0,0,2
92,3,42.89112663023815,18.12027164366046,18.238090730962615,65.09403998909401,28.00786036073844,20.935424268389266,1.3891117352713782,2.900088198674786,0,0,0,3
92,4,40.722379277626,18.25819870007686,18.240860700242116,75.05798228595853,31.6472855333335,23.70794944924712,0.873080240278071,1.3891117352713782,0,0,0,4
92,5,35.13567184034522,18.05117105857793,19.392657599202145,69.70310203559552,26.705838462230226,26.878160146864204,0.8678265859613807,0.873080240278071,1,0,0,5
92,6,26.34842549343625,20.305312856108127,19.68385277388832,64.51058057754489,32.71834895067292,21.76764294904577,1.098405793363621,0.8678265859613807,2,0,0,6
92,7,18.565270733535662,21.010035804988583,21.04190447408329,58.29710971659578,28.2712592755334,20.542791496971606,0.9728943449875732,1.098405793363621,3,0,0,7
92,8,8.125161022533382,20.394492947318582,21.387918443964136,52.363627765449664,30.552081972887542,19.81746274296733,1.6995508328729427,0.9728943449875732,4,0,0,8
92,9,1.512258202313197,19.447078565599345,19.07055520831644,46.17209149341395,27.948849164808426,20.987060434993165,1.87858257132217,1.6995508328729427,5,0,0,9
93,0,99.07808998838492,21.0,21.0,40.0,28.27672314685522,22.63261691160744,3.072379387462028,0.0,0,0,0,0
93,1,84.6206800996133,20.900054224776856,22.02373955571611,49.16368121052328,28.27672314685522,22.63261691160744,3.072379387462028,3.072379387462028,0,0,0,1
93,2,84.6206800996133,19.733613703317967,19.328783863486347,57.4112214593938,24.6029400383865,21.2167280108942,0.5121653530295818,3.072379387462028,0,0,0,2
93,3,84.3424589255638,18.263526216720862,19.08978581616826,65.5647469880007,24.6054086528025,20.69195539501366,0.1884179499261205,0.5121653530295818,0,0,0,3
93,4,77.20760159833016,19.77150233861985,19.595665474432835,59.23873806944826,22.293394279507464,25.89544506186779,0.8918571659042063,0.1884179499261205,1,0,0,4
93,5,62.9897091124024,20.820983017249205,20.804993363282676,54.22977443888368,29.47139663455322,26.034360973421364,1.7772365607409708,0.8918571659042063,2,0,0,5
93,6,48.1603690266578,19.706223979323763,20.72318570379697,48.96578109921623,30.394830679874104,23.694095210862294,3.165785860189388,1.7772365607409708,3,0,0,6
93,7,30.353226634769022,19.396857883843637,20.04542161567801,44.6105144825429,34.74867933497493,24.388728350173245,3.71938912357075,3.165785860189388,4,0,0,7
93,8,30.353226634769022,18.596831090185443,18.224095643510942,54.84769937006037,32.890782865653094,23.98246650944396,3.8348572223139694,3.71938912357075,4,0,0,8
93,9,24.721056787429934,17.825169781338243,17.878702575822953,65.75711901127801,33.41978176381356,27.18810513184,3.66131683950656,3.8348572223139694,4,1,1,9
94,0,249.8248205812811,21.0,21.0,40.0,29.554693354139125,18.02535461582833,7.811426527632514,0.0,0,0,0,0
94,1,212.00392999425495,21.050635132811,21.9427050983125,48.56440863459415,29.554693354139125,18.02535461582833,7.811426527632514,7.811426527632514,0,0,0,1
94,2,212.00392999425495,19.838108171715724,19.38895822963632,57.73064214428688,29.99998355987032,20.923535938422617,7.915596555623323,7.811426527632514,0,0,0,2
94,3,210.7499278009194,18.12882450423577,18.21357425483789,67.27846448564271,28.9412087716588,24.102248680318056,7.713137180669317,7.915596555623323,0,0,0,3
94,4,194.89770150552656,18.23392218735664,18.17721738762526,77.18915946258642,31.36680830824302,23.692608230333143,6.560314228773335,7.713137180669317,0,0,0,4
94,5,164.18988720828912,17.992826798956784,18.151413147006053,70.69801395319566,23.508148256082208,23.76326558063576,5.74689393556595,6.560314228773335,1,1,0,5
94,6,128.60660158269286,19.40879815077941,18.03060943663249,64.41615257821366,26.005111144437336,22.42899232788485,5.278706867973844,5.74689393556595,2,1,0,6
94,7,97.48357230929544,19.74427605821822,17.96995763164483,58.74373667145582,28.028292634620712,23.7916189945024,5.277810524250457,5.278706867973844,3,1,1,7
94,8,56.12644617956781,19.64633437360572,20.077523268981142,52.70447079722216,27.41859394204349,22.36326231221393,5.169640766215956,5.277810524250457,4,1,1,8
94,9,26.168024695939543,21.454824472151664,21.16694463093169,62.20583758964352,30.355764849687365,22.42960621932021,4.993070247271379,5.169640766215956,4,1,1,9
95,0,176.90511106489143,21.0,21.0,40.0,32.571571039308665,22.40559973019679,5.317958751712844,0.0,0,0,0,0
95,1,152.68905059587993,20.80506968682421,22.048111994603936,49.895890738510985,32.571571039308665,22.40559973019679,5.317958751712844,5.317958751712844,0,0,0,1
95,2,152.68905059587993,19.858877330766997,19.277270232341607,59.37913895654508,31.559716313492576,21.124996008919044,4.512108285838666,5.317958751712844,0,0,0,2
95,3,151.85011513993038,18.053504324092906,18.215558901104128,68.58395620135263,26.734932518137946,24.40294106412629,4.010530879295906,4.512108285838666,0,0,0,3
95,4,143.97014790212577,18.18213919978814,18.180147510541147,77.71197029987451,26.571382676297155,24.13980675993552,3.126356000307401,4.010530879295906,0,0,0,4
95,5,128.16406665412973,18.18643663797162,18.102594115162944,71.7412611766075,28.3932145748782,21.76951251808285,2.887320428291002,3.126356000307401,1,0,0,5
95,6,108.352408603341,18.08357724696493,18.03994953344322,65.85098484663857,29.70733183874901,20.90224410586804,3.772781352674967,2.887320428291002,2,0,0,6
95,7,78.14467680458021,19.296016420148405,18.809780659576045,59.8660236374394,30.28628131414441,19.79726752363799,4.023651494389383,3.772781352674967,3,0,0,7
95,8,63.16155840012031,17.884168772669213,17.82888120168376,53.998512197417085,31.99471994760506,18.741327607826527,4.141612731559471,4.023651494389383,4,1,1,8
95,9,26.309907839081163,18.864074851700305,18.62264538348676,47.37198129146621,29.710029860088312,16.80924288462907,4.606456320129894,4.141612731559471,5,1,1,9
96,0,169.7888361151147,21.0,21.0,40.0,30.951060259904587,16.20258696163729,5.189564356705251,0.0,0,0,0,0
96,1,144.12483858990555,21.16432985948805,21.92405173923275,48.48765649987754,30.951060259904587,16.20258696163729,5.189564356705251,5.189564356705251,0,0,0,1
96,2,144.12483858990555,19.915008325997366,19.384872926665366,57.53938859382839,32.69917114618926,17.58822937575991,4.25090791983298,5.189564356705251,0,0,0,2
96,3,143.7068602014131,18.102958236052352,18.240572748933225,66.832558346962,29.51185402832009,22.116866822422164,3.3048657233919205,4.25090791983298,0,0,0,3
96,4,137.1175195776886,18.116213462550288,18.16316481930244,75.30274909752096,26.05201732458676,21.00459795629633,2.696507003811034,3.3048657233919205,0,0,0,4
96,5,121.79075694095472,18.219315300289047,18.22537178266054,70.07512359462623,29.51778233903909,24.77318708932355,2.7262035167335497,2.696507003811034,1,0,0,5
96,6,104.36834505625096,18.10291967162104,18.05734312195324,65.25855500352473,31.799020835715226,24.775598102609774,3.464697540283019,2.7262035167335497,2,0,0,6
96,7,75.27987002639469,19.49175445256708,19.30345536419541,60.74862295681078,34.18837897981699,24.08977631621657,3.6360593787320337,3.464697540283019,3,0,0,7
96,8,63.57269193828527,17.79967834262079,17.825991285392348,55.56971756221535,31.67229611085739,22.889340585834667,4.131938602735017,3.6360593787320337,4,1,1,8
96,9,26.835255483722435,18.81217490407924,18.762219982452372,50.44003932371817,28.469086418503974,26.36603447873395,4.592179556820354,4.131938602735017,5,1,1,9
97,0,271.53357188719434,21.0,21.0,40.0,25.74624457539805,23.99470783301664,7.161468431630273,0.0,0,0,0,0
97,1,237.35432698496348,21.06058608038196,21.90689170789477,48.95337143351465,25.74624457539805,23.99470783301664,7.161468431630273,7.161468431630273,0,0,0,1
97,2,237.35432698496348,19.7645568643756,19.43770792771808,58.10587624694095,27.24755569183167,23.5996932716478,8.146168038116139,7.161468431630273,0,0,0,2
97,3,235.6865967782429,18.130810830105585,18.18121324831857,67.36659776618497,26.28809719711157,25.1603556875774,8.945759258582381,8.146168038116139,0,0,0,3
97,4,214.50299405739963,18.28215982071843,18.188093990223077,77.52222004465327,31.125578401785297,25.294545367483057,8.5568896963664,8.945759258582381,0,0,0,4
97,5,173.09061304378858,18.24549360029464,18.169974835724915,73.71705824729756,35.900258416517154,26.29328715372887,7.868649901147535,8.5568896963664,1,0,0,5
97,6,138.59893601073742,17.9031415502996,18.076113207544083,68.69388104015977,28.19259084712164,27.2342024465573,7.043721625194324,7.868649901147535,2,1,0,6
97,7,93.95860306917372,19.31807744448875,17.998021049381343,64.1227386491992,27.938097827996906,30.0,6.672100045841353,7.043721625194324,3,1,1,7
97,8,54.06278014539749,19.584871206970107,19.970857992676116,59.79521187604267,29.896512284109445,29.39500564279867,4.986977865472029,6.672100045841353,4,1,1,8
97,9,21.874996511960436,20.69233679513202,20.549475023672414,55.83880349777293,31.353286787390346,30.0,4.023472954179632,4.986977865472029,5,1,1,9
98,0,125.01163740174496,21.0,21.0,40.0,32.36557186423817,17.598937635510342,4.164480213099557,0.0,0,0,0,0
98,1,104.8752580797389,21.09185343049369,21.942705098312494,48.993611709954735,32.36557186423817,17.598937635510342,4.164480213099557,4.164480213099557,0,0,0,1
98,2,104.8752580797389,19.97558538491882,19.445652938839675,59.57352431007583,36.255569754784936,22.52172246811,2.918470662313587,4.164480213099557,0,0,0,2
98,3,104.8752580797389,18.29144283491989,18.264381062750928,70.93260073629412,36.20402772264635,26.90195242301085,2.9424141428703865,2.918470662313587,0,0,0,3
98,4,90.44270229176648,18.20852165371321,18.209998439311168,67.72097446048238,37.35960057705839,28.131364557320808,2.661336004820958,2.9424141428703865,1,0,0,4
98,5,78.8041853269142,18.06409580069842,18.0908579863679,63.203932268267565,33.06439061197947,25.174263875715987,2.269556264388969,2.661336004820958,2,0,0,5
98,6,65.79455295611385,18.010346068777707,18.058454998527008,58.2747914514199,30.71694896648893,25.2322687176907,2.4968786422352545,2.269556264388969,3,0,0,6
98,7,38.60634434612147,19.41395763888821,19.282759040030164,53.61926114689234,31.65378604131045,25.8154900446476,3.3985260762490483,2.4968786422352545,4,0,0,7
98,8,4.866266748530061,20.491076187896613,20.29725661796733,49.20215953080431,35.2264186949781,23.56746121564393,4.217509699698926,3.3985260762490483,5,0,0,8
98,9,1.6628742288546283,19.536228471103737,18.91773200902501,60.21639277765783,34.322579934890555,26.86760476985126,4.536949672707271,4.217509699698926,5,0,0,9
99,0,118.7306900354013,21.0,21.0,40.0,30.8160831342532,21.123359991682484,2.3091296276005293,0.0,0,0,0,0
99,1,107.84240773896948,20.931640441798432,22.022467199833653,49.34909976266842,30.8160831342532,21.123359991682484,2.3091296276005293,2.3091296276005293,0,0,0,1
99,2,107.84240773896948,19.86135140188445,19.393058929149262,59.07921261437672,30.55420238786085,23.50198012162969,1.1908137979180042,2.3091296276005293,0,0,0,2
99,3,107.72688430854689,18.210608876177112,18.204424175851425,69.84462293434213,33.584646196717216,26.223188914201728,1.533824359173963,1.1908137979180042,0,0,0,3
99,4,92.36722973742836,19.395427231512688,19.34588158252481,65.48594276962378,30.84424824181074,28.27419528753179,1.9199568213898148,1.533824359173963,1,0,0,4
99,5,75.54465144747579,20.60611163832241,20.54303919627808,61.25500711769973,31.86247105206172,27.96566421502689,2.102822286244072,1.9199568213898148,2,0,0,5
99,6,62.54070863891981,19.522663299714964,20.7014876852512,56.626246102464535,31.30957500493805,26.30841935486638,2.6881227969031807,2.102822286244072,3,0,0,6
99,7,38.61081231051426,19.56609753567,21.053611056472874,52.09177913016971,28.798766516115133,29.343083637802536,3.878599834830625,2.6881227969031807,4,0,0,7
99,8,4.152548935033807,20.252314979171384,21.013569962824896,48.1555103992332,33.209022408591885,28.25615130842749,5.148069847758547,3.878599834830625,5,0,0,8
99,9,2.982843389321709,19.39165354118937,18.893250940700835,58.195391908276335,32.13915431045234,23.637965184231728,5.428476534698603,5.148069847758547,5,0,0,9
0,0,34.440587318266324,21.0,21.0,40.0,32.969097664154,15.4710408718597,3.48812593193225,0.0,0,0,0,0
0,1,34.440587318266324,19.25938195328308,18.909420817437194,48.71922493648246,32.969097664154,15.4710408718597,3.48812593193225,3.48812593193225,0,0,0,1
0,2,31.515329770855743,18.1511592829508,18.09319528335132,58.35209347337499,34.098941577065816,19.416994739003783,2.237250383112821,3.48812593193225,0,0,0,2
0,3,27.43492066531895,17.85990088680678,15.941156650126263,53.14002304022256,33.61700679934285,20.76037968314361,1.1091079406719566,2.237250383112821,1,1,1,3
0,4,23.19888164399917,18.02427238297521,18.38754272756008,48.98910121625781,35.44515142724666,24.827505106282526,0.5295048776649726,1.1091079406719566,2,1,1,4
0,5,18.81486176346529,19.632576074296743,19.47353134636564,45.23967383725861,32.503181227782214,30.0,0.5480024850667341,0.5295048776649726,3,1,1,5
0,6,16.548891489039,20.778787895794903,20.81628738577053,41.03588126398217,30.24481328432489,29.73411686413934,0.2832462843032866,0.5480024850667341,4,1,1,6
0,7,10.447733536840946,22.457957208373276,22.548435238301224,50.80461173374795,24.59216549300006,29.67855933903202,1.016859658699676,0.2832462843032866,4,0,0,7
0,8,0.0,23.873017715640344,23.840786899680904,60.00838268395104,25.69321559175705,25.438845242704595,1.7412889228068242,1.016859658699676,4,0,0,8
0,9,0.0,21.96478105651418,21.83381142327388,69.38258938756618,29.55543501630084,22.523491114894377,2.587035092277435,1.7412889228068242,4,0,0,9
1,0,95.9389558992763,21.0,21.0,40.0,25.7342414983848,16.144992366405123,3.0877237926443666,0.0,0,0,0,0
1,1,95.9389558992763,19.114684829967697,18.922899847328104,47.53826209566218,25.7342414983848,16.144992366405123,3.0877237926443666,3.0877237926443666,0,0,0,1
1,2,93.04162084865406,18.02222710660369,18.07153723839412,55.19141872958136,22.84453563940076,19.67300121570576,1.9380198740122785,3.0877237926443666,0,0,0,2
1,3,87.28083148535714,17.972661989294366,15.870552447267915,49.195871334705856,28.60173119013869,21.42300550499739,1.4607419500760848,1.9380198740122785,1,1,1,3
1,4,73.84540630762281,17.79383778053666,18.40767387586479,42.810747536539736,24.350130853755847,23.51029248976572,1.679428147216791,1.4607419500760848,2,1,1,4
1,5,52.53223541743009,19.614997312228752,19.183107479712746,37.99275447753672,34.47682771181968,22.089877515941293,2.66414636127409,1.679428147216791,3,1,1,5
1,6,25.919586439586347,20.638620886216756,20.556351976400347,32.682861426364525,32.21286023602414,21.62106725746368,3.326581122230468,2.66414636127409,4,1,1,6
1,7,0.0,22.508515223110617,22.23055714147315,43.28654075079518,37.02063365464495,21.88869592552539,4.319931073264391,3.326581122230468,4,0,0,7
1,8,0.0,20.89889576208621,20.68930745130265,53.525191748541694,35.76509059783254,21.11630383409252,5.473906504024445,4.319931073264391,4,0,0,8
1,9,0.0,19.397490013526717,19.13321450955312,65.10577819743516,40.34709562158727,23.989495761154217,5.904224431669166,5.473906504024445,4,0,0,9
2,0,46.76970201314007,21.0,21.0,40.0,27.721293233033787,22.818338600598924,2.160487259115344,0.0,0,0,0,0
2,1,40.28824023579404,22.15442586466068,19.05636677201198,49.09713373005388,27.721293233033787,22.818338600598924,2.160487259115344,2.160487259115344,0,0,0,1
2,2,40.28824023579404,18.365241147270407,19.282916873803305,58.49182733229344,26.389921148875032,25.80282108578918,0.7137980780762005,2.160487259115344,0,0,0,2
2,3,36.82177178203797,17.907993448188954,16.48712741814958,52.689503662570885,27.307563536933053,23.79063829794164,1.127224405034616,0.7137980780762005,1,1,1,3
2,4,29.037296366548567,18.251195342844625,18.54936401401273,47.22536708732025,29.69078795928531,23.28623106710005,0.9730594269361756,1.127224405034616,2,1,1,4
2,5,18.518111092728468,19.706430069031192,19.49083105869977,41.14749467672955,27.937397972884,21.629977523834345,1.3148981592275122,0.9730594269361756,3,1,1,5
2,6,9.56381105817161,20.82843290894037,20.738128218546503,35.94872968949066,31.100262650557788,23.35104297589282,1.119287504319607,1.3148981592275122,4,1,1,6
2,7,5.757301252463577,22.434764042009824,22.406448578876244,44.46180637519686,25.032606994366216,22.26226348177931,0.6344183009513386,1.119287504319607,4,0,0,7
2,8,0.0,23.796321963587467,23.723220984955297,53.25517891327986,26.46592526731451,22.386144388702185,0.9595502087439296,0.6344183009513386,4,0,0,8
2,9,0.0,21.798742539648664,21.68041731863367,61.3280115242492,25.930922895586534,18.918147165354213,2.5247596241545507,0.9595502087439296,4,0,0,9
3,0,84.86116159498395,21.0,21.0,40.0,32.26903443186937,16.978933102062314,3.585774298766909,0.0,0,0,0,0
3,1,84.86116159498395,19.24538068863739,18.93957866204125,48.864634156107705,32.26903443186937,16.978933102062314,3.585774298766909,3.585774298766909,0,0,0,1
3,2,81.3576537481645,18.202868130612288,18.133411483472116,58.77483826478002,33.350904657636065,21.70578483498792,2.587347300506578,3.585774298766909,0,0,0,2
3,3,73.21418765629174,17.864646796218047,16.076465004156393,53.853798115216335,30.62293243831953,25.37128895299335,2.1985683194967263,2.587347300506578,1,1,1,3
3,4,56.86305849377767,18.074417579800315,18.465698704145552,49.723147318071454,33.82197200642916,26.56330134276599,2.043891145314259,2.1985683194967263,2,1,1,4
3,5,43.11336472777138,19.75975410153364,19.52706525743634,46.56088787921501,35.765225339686424,30.0,1.7187117207507852,2.043891145314259,3,1,1,5
3,6,24.08011545218335,20.88483782857292,20.873169768000277,42.35971944071693,32.03362218255116,27.959886492459493,2.379156159448504,1.7187117207507852,4,1,1,6
3,7,5.885481989164408,22.66362934060588,22.5431099170218,52.61181945749844,31.57855164606743,25.377559558274285,3.032438910503157,2.379156159448504,4,0,0,7
3,8,5.885481989164408,21.127045750524044,20.984892176957093,63.775981048419766,35.46929499083572,26.55382495872718,3.450322844313641,3.032438910503157,4,0,0,8
3,9,5.885481989164408,19.47493988930908,19.431514318991518,74.49606348015257,31.929797814504514,27.62621569512222,3.5145769360620824,3.450322844313641,4,0,0,9
4,0,145.04809131715237,21.0,21.0,40.0,31.365327650566044,22.007154082152155,6.196280805323791,0.0,0,0,0,0
4,1,145.04809131715237,19.22730655301132,19.040143081643045,49.60704671188928,31.365327650566044,22.007154082152155,6.196280805323791,6.196280805323791,0,0,0,1
4,2,137.40670968380908,18.13365127811403,18.09270983284004,59.675716691222405,31.633591567781178,24.30346387295844,6.631269941074765,6.196280805323791,0,0,0,2
4,3,137.40670968380908,16.930045463394592,16.794158243867248,71.42871682747575,36.35146392844239,28.94298127296512,5.966692813805103,6.631269941074765,0,1,1,3
4,4,93.8334437761546,18.378520590682943,18.155358691321208,68.99888856706754,41.51534535158693,28.31894209058969,5.446658238456807,5.966692813805103,1,1,1,4
4,5,58.618582295634944,19.655865505214543,19.61642506011862,65.75638970120758,35.319450745222504,30.0,4.401857685064957,5.446658238456807,2,1,1,5
4,6,36.64736128720628,21.014098822975388,20.74394374510964,61.67321923477422,37.37420676699273,23.27484619726643,2.746402626053583,4.401857685064957,3,1,1,6
4,7,17.53083134662804,22.07995398493351,21.869828888285557,58.21242852263234,39.33264963313126,24.77406863274712,2.3895662425722803,2.746402626053583,4,0,1,7
4,8,4.429401281314776,23.60440231019974,23.479444903945847,70.30512040724344,38.29068417179338,28.890937409379404,2.1835716775522105,2.3895662425722803,4,0,0,8
4,9,0.0,21.07632477221874,20.98697458911009,66.76434399424842,35.002111755189766,28.660241505949053,2.214700640657388,2.1835716775522105,5,0,0,9
5,0,200.38184810132168,21.0,21.0,40.0,32.81367886473842,16.657447977782923,7.626198917282052,0.0,0,0,0,0
5,1,200.38184810132168,19.25627357729477,18.93314895955566,48.90480283165384,32.81367886473842,16.657447977782923,7.626198917282052,7.626198917282052,0,0,0,1
5,2,190.38372557412143,18.11162529305689,18.073849352713065,58.18749294771116,31.606218228676816,19.96428241608611,7.878775016079938,7.626198917282052,0,0,0,2
5,3,190.38372557412143,16.86232856456191,16.614943582425376,68.04928940948483,33.86182316647451,20.925934954490288,7.568433150630026,7.878775016079938,0,1,1,3
5,4,147.62794033802274,18.825984648058583,18.656544161781024,78.55745253781963,35.28074154611529,23.09794250018918,7.125964206016454,7.568433150630026,0,1,1,4
5,5,96.1903840104814,20.062671874208934,19.883676402077946,73.69741189507597,33.91224422051305,22.42086331979994,6.429694540942667,7.125964206016454,1,1,1,5
5,6,56.11210011572142,21.150018930971296,21.12140367246832,68.7747942881088,30.050576373092493,25.934881365978743,5.009785486844997,6.429694540942667,2,1,1,6
5,7,20.87567650688183,22.103559744888774,22.10234930037169,63.46076083796737,27.15033819019525,26.66058708679685,4.404552951104948,5.009785486844997,3,0,0,7
5,8,12.002659503317798,19.901379210317188,19.78097903206845,58.46542998320365,30.80983041575277,24.771664835559893,4.436508501782018,4.404552951104948,4,0,0,8
5,9,12.002659503317798,18.541253499550912,18.29912221218745,70.27040139514993,39.74787077635845,25.83530373445421,5.475309228596505,4.436508501782018,4,0,0,9
6,0,72.90787804644772,21.0,21.0,40.0,29.01257819165574,17.67497995388691,5.474584484043433,0.0,0,0,0,0
6,1,72.90787804644772,19.18025156383312,18.95349959907774,48.40376046619768,29.01257819165574,17.67497995388691,5.474584484043433,5.474584484043433,0,0,0,1
6,2,67.58045319121182,18.098271929778917,18.194946727356303,57.73349632378941,27.85689903172367,23.974966843785936,3.747444294252605,5.474584484043433,0,0,0,2
6,3,58.006265569488335,17.929893186358395,16.042426619611923,53.00556498806338,31.18282104234684,25.88422709250853,2.551421025749117,3.747444294252605,1,1,1,3
6,4,39.7633658439583,17.956871794881756,18.463163863543944,47.54140371591035,27.98713844472981,24.989743376642245,2.2803624656912547,2.551421025749117,2,1,1,4
6,5,27.249128065679223,19.66321415323174,19.34307215439289,42.82699988165911,32.77745991641811,24.364741004408312,1.5642797222848843,2.2803624656912547,3,1,1,5
6,6,17.919912914143143,20.746394272652832,20.70786264602638,38.16439305801254,32.079336702378924,25.35062538847351,1.1661518939420097,1.5642797222848843,4,1,1,6
6,7,6.435838058113419,22.503581624822107,22.404999095583516,48.19344673073677,30.61203285489704,25.1049319935709,1.914012476004954,1.1661518939420097,4,0,0,7
6,8,0.0,20.895843600552134,23.84665670966667,58.44775391779578,30.45322787214557,26.515145389293345,2.145279352704473,1.914012476004954,4,0,0,8
6,9,0.0,21.09304460140517,20.153013540698613,68.9167164535822,30.45012968760041,27.7107732889908,2.16845960480527,2.145279352704473,4,0,0,9
7,0,232.6179536798116,21.0,21.0,40.0,30.779173783334635,20.680614680722343,7.845378414083635,0.0,0,0,0,0
7,1,232.6179536798116,19.21558347566669,19.013612293614447,49.262761923530256,30.779173783334635,20.680614680722343,7.845378414083635,7.845378414083635,0,0,0,1
7,2,223.3899621920816,18.060417456122536,18.01869446424429,58.11454585737656,31.01902742537257,18.15754998488469,7.8555193269582,7.845378414083635,0,0,0,2
7,3,223.3899621920816,16.81991206746589,16.59932014946806,68.31552102443551,34.16376251975196,22.508321741686643,7.363419334507431,7.8555193269582,0,1,1,3
7,4,184.47194590968863,18.861478742863543,18.682593129741715,79.84769515109312,38.16039673152284,25.90723730546388,6.486336047065486,7.363419334507431,0,1,1,4
7,5,130.6946960661943,20.144454643388038,19.961642659647865,75.92689694068889,36.68750221857296,24.863618834736847,6.722156230436796,6.486336047065486,1,1,1,5
7,6,75.78559613383621,21.335277854027904,21.231327746405963,72.36695919000292,35.74779326113881,27.808108123939096,6.86363749154476,6.722156230436796,2,1,1,6
7,7,20.71092963549226,22.40563605213836,22.29443726362437,69.10942189872846,36.17754748869626,29.05835644866782,6.884333312292993,6.86363749154476,3,0,0,7
7,8,7.999877301422392,20.273434832388048,20.10473636236491,66.3736770242022,39.11882801297138,29.015922684104915,6.355526167034934,6.884333312292993,4,0,0,8
7,9,7.999877301422392,18.75956625494344,18.70277670982982,78.14026879928726,35.36995430602813,30.0,5.547577588169711,6.355526167034934,4,0,0,9
8,0,73.81118962744794,21.0,21.0,40.0,32.21736375634937,19.458250283585784,2.6155685206487416,0.0,0,0,0,0
8,1,65.96448406550172,22.244347275126987,18.989165005671715,49.30161052718833,32.21736375634937,19.458250283585784,2.6155685206487416,2.6155685206487416,0,0,0,1
8,2,65.96448406550172,18.453621436142495,19.288215197723108,59.355382527134005,31.47616742569292,24.378121462894168,1.0817492472498542,2.6155685206487416,0,0,0,2
8,3,63.16498831102604,17.893797520658957,16.632478879751407,55.714755429085855,34.780299379992755,28.32732785307307,0.9714126554572792,1.0817492472498542,1,1,1,3
8,4,54.33047652476569,18.38769877283352,18.566507888888815,50.57108477163821,32.368354523625115,22.38903071277685,1.104313973282543,0.9714126554572792,2,1,1,4
8,5,41.15183445210689,19.92193720867232,19.73700442943104,47.40379378499277,36.150887258824426,29.586385037589807,1.6473302590823506,1.104313973282543,3,1,1,5
8,6,30.04224884310024,21.145776502271627,21.0459747262826,44.09212757334361,36.34963410056533,28.58555361249489,1.3886982011258318,1.6473302590823506,4,1,1,6
8,7,19.96314371563213,22.80926010705456,22.675449809622133,53.33264010251982,29.761861114551024,21.574319603094565,1.679850854578018,1.3886982011258318,4,0,0,7
8,8,7.282037169004058,24.05235385563807,24.00365672867367,61.74189326661956,25.580041971796938,21.138031162090503,2.113517757771345,1.679850854578018,4,0,0,8
8,9,7.282037169004058,22.123873920823463,22.068212728683203,71.88567914887919,29.933941262016344,26.420424750537165,2.6739149201227184,2.113517757771345,4,0,0,9
9,0,143.33617480455234,21.0,21.0,40.0,33.24437219818739,19.98399187856279,4.816835470534411,0.0,0,0,0,0
9,1,143.33617480455234,19.26488744396375,18.999679837571257,49.58110553381504,33.24437219818739,19.98399187856279,4.816835470534411,4.816835470534411,0,0,0,1
9,2,139.56450274538386,18.00054058681351,18.05180331313468,58.08753008683389,27.85407359904675,19.40384058439131,3.2669729024753416,4.816835470534411,0,0,0,2
9,3,129.3504749713317,17.76596592584094,15.912444952435782,51.99291484850224,25.01012455105857,24.46423523598781,2.6687820699070857,3.2669729024753416,1,1,1,3
9,4,108.808735132973,17.931087145292395,18.34077034818192,47.57581240610489,33.056264888307936,25.737610431706766,2.567717479794837,2.6687820699070857,2,1,1,4
9,5,83.9860292223023,19.587034359392945,19.402515958827827,43.91102780332515,33.02704542917933,29.946373444266555,3.102838238833836,2.567717479794837,3,1,1,5
9,6,47.30574952944448,20.824328163205408,20.772975403284114,40.671402324142576,35.33541400454128,30.0,4.58503496160723,3.102838238833836,4,1,1,6
9,7,11.387510053522874,22.72077328288584,22.509759003198635,52.43934224071302,38.349224682063095,27.028219298883776,5.986373245986933,4.58503496160723,4,0,0,7
9,8,11.387510053522874,21.217176069205056,21.059284622640977,64.89148518041836,40.11917920538199,29.059392681869905,6.334199935528179,5.986373245986933,4,0,0,8
9,9,11.387510053522874,19.76590789593101,19.55538593000285,78.01248977949496,42.89446999487001,30.0,5.905328841960904,6.334199935528179,4,0,0,9
10,0,59.06722647087226,21.0,21.0,40.0,25.90433139596119,21.46027891507768,3.540414306427775,0.0,0,0,0,0
10,1,59.06722647087226,19.118086627919222,19.029205578301557,48.525629855987,25.90433139596119,21.46027891507768,3.540414306427775,3.540414306427775,0,0,0,1
10,2,57.32720999347489,18.14363267681455,18.079357283599634,57.83797104307545,30.48931019196516,21.24591862519289,1.297423150968267,3.540414306427775,0,0,0,2
10,3,54.60035619536558,17.994058463625887,16.0076452412008,53.51786032649848,34.814540824005924,24.518177417233144,0.7176368103101821,1.297423150968267,1,1,1,3
10,4,45.94452180951991,18.17267640121287,18.545175082212623,50.49603189860704,38.858330954607,27.68706666821836,1.0819792982307084,0.7176368103101821,2,1,1,4
10,5,36.14514173193929,19.869822277847163,19.55830400619277,47.16587966959523,37.41046049216204,27.422027124438983,1.224922509697578,1.0819792982307084,3,1,1,5
10,6,21.86693811942704,21.048890535420163,20.91793814707617,43.69951491133878,37.64807241751762,26.427678925502114,1.7847754515640313,1.224922509697578,4,1,1,6
10,7,7.328990534170258,22.822308963272707,22.69144313096687,55.02327966164998,35.70869080442363,27.201113363971903,2.422991264209464,1.7847754515640313,4,0,0,7
10,8,7.328990534170258,21.345862101978696,21.19352341556617,67.54766558658852,39.57992180521409,30.0,2.8478227644657115,2.422991264209464,4,0,0,8
10,9,7.328990534170258,19.76168849268644,19.672869187544585,79.55835378617903,36.72604555328055,30.0,3.4331580719918824,2.8478227644657115,4,0,0,9
11,0,73.97897040536432,21.0,21.0,40.0,34.82587986096777,15.596075442048257,4.799463810209832,0.0,0,0,0,0
11,1,73.97897040536432,19.29651759721936,18.911921508840965,49.07595195454289,34.82587986096777,15.596075442048257,4.799463810209832,4.799463810209832,0,0,0,1
11,2,70.0962975066868,18.06793334281221,18.113386150100236,58.27526444554273,31.8779489654034,19.22934265126242,3.0888686722699545,4.799463810209832,0,0,0,2
11,3,62.00733820069068,17.913990621304478,15.867721857093802,52.77372495931408,33.48666984206323,19.282555234444267,2.157889836550654,3.0888686722699545,1,1,1,3
11,4,45.39307587150935,17.954526372694296,18.30996020683513,47.4535413304281,33.34954868670936,20.42720893059076,2.0767827911476653,2.157889836550654,2,1,1,4
11,5,33.88446544412451,19.468245626322933,19.27365008233164,41.619569644506186,27.660324605054164,23.26205491760185,1.4385763034231056,2.0767827911476653,3,1,1,5
11,6,22.94973464917679,20.45508054155373,20.49209434783908,34.53478840893947,22.52084021289357,21.452597367291343,1.3668413493684646,1.4385763034231056,4,1,1,6
11,7,13.847955045575397,22.2220081596211,22.03925082574618,42.84531090353848,27.3761145069524,18.79345490748656,1.5169632672668991,1.3668413493684646,4,0,0,7
11,8,0.0,23.44933623064556,23.41660059112816,50.45385274840227,23.323909449951604,18.945767465958323,2.307992507595899,1.5169632672668991,4,0,0,8
11,9,0.0,21.42039200804877,21.418309971961733,58.0567740817544,21.41679412453456,20.82165772742172,3.1948679005549963,2.307992507595899,4,0,0,9
12,0,44.5690264851841,21.0,21.0,40.0,26.68594523517113,17.989768671675385,3.320456356147975,0.0,0,0,0,0
12,1,44.5690264851841,19.133718904703425,18.959795373433508,48.04162850323237,26.68594523517113,17.989768671675385,3.320456356147975,3.320456356147975,0,0,0,1
12,2,42.596046837017006,18.079720277711687,18.157028637234973,57.11597892230178,26.19352513331667,24.21953275040224,1.379961674883056,3.320456356147975,0,0,0,2
12,3,38.69914530204552,17.93535215572244,16.010363877540637,52.62059750663646,32.9525812324119,25.406410902780777,1.0389320555536008,1.379961674883056,1,1,1,3
12,4,28.995434852960013,18.02144298564965,18.527052292911453,48.52806337463066,32.095695704802225,28.501336895165583,1.212963806135689,1.0389320555536008,2,1,1,4
12,5,20.631058052598256,19.66360899719183,19.454458564252807,43.77916790166276,29.91198137187892,27.03859933385496,1.0455471000452197,1.212963806135689,3,1,1,5
12,6,12.730119243865651,20.69492824105507,20.809064793892908,38.658757968493006,26.158520167291893,28.72809131509836,0.9876173510915758,1.0455471000452197,4,1,1,6
12,7,6.555920645409692,22.35280162762262,22.4896253607045,47.68956551073374,20.808959032893394,29.362193979555126,1.02903309974266,0.9876173510915758,4,0,0,7
12,8,1.3043465471657671,23.75643548041496,23.749580616670546,56.351360009428845,23.20573386964927,24.915346678656856,0.8752623497073209,1.02903309974266,4,0,0,8
12,9,0.0,24.80228449508445,21.83990030177479,66.00098456439417,25.91552896350606,27.693496341856868,0.434782182388589,0.8752623497073209,4,0,0,9
13,0,135.50193645464603,21.0,21.0,40.0,29.72369114070828,15.898684800310212,4.21110481848003,0.0,0,0,0,0
13,1,135.50193645464603,19.194473822814167,18.917973696006207,48.21202766938333,29.72369114070828,15.898684800310212,4.21110481848003,4.21110481848003,0,0,0,1
13,2,130.82481334605032,18.172033170712204,18.04607331703425,57.54065446355119,33.51982753892794,18.305876873115736,3.424457236432632,4.21110481848003,0,0,0,2
13,3,118.24192031729874,17.78554254908207,16.02086079508415,52.05306477284032,28.020524147543284,24.82619979295188,3.3656848806544994,3.424457236432632,1,1,1,3
13,4,85.44451307411157,17.917140846716926,18.32958091719357,46.3730017906637,28.812825331466435,22.964602545330152,4.099675905398395,3.3656848806544994,2,1,1,4
13,5,51.18433447086936,19.476216818940134,19.35544558521551,41.49082537076475,28.031045814821496,28.179085185739893,4.282522325405276,4.099675905398395,3,1,1,5
13,6,22.81916864481417,20.593262306048484,20.68931340546687,36.69754130074215,26.85649546185668,29.847481926906653,3.5456457282568987,4.282522325405276,4,1,1,6
13,7,0.0,22.405722503604576,22.393045333388766,47.12889680078318,28.57253350987129,29.37944149035664,3.803194774135694,3.5456457282568987,4,0,0,7
13,8,0.0,20.84813109179733,20.85405220049186,57.9098351821151,29.894102118510705,30.0,4.471584176260079,3.803194774135694,4,0,0,8
13,9,0.0,19.279262843788672,19.231288742438785,68.38580656024449,30.254864713342,27.944976276265702,4.6814320876455815,4.471584176260079,4,0,0,9
14,0,240.14121182140792,21.0,21.0,40.0,26.261996141262443,21.0592616014806,6.718174782949236,0.0,0,0,0,0
14,1,240.14121182140792,19.12523992282525,19.02118523202961,48.51782639369375,26.261996141262443,21.0592616014806,6.718174782949236,6.718174782949236,0,0,0,1
14,2,230.60701611494244,18.202235880635424,18.101125108209143,58.53787142210776,33.165643814379706,22.501273010142626,7.095742357852822,6.718174782949236,0,0,0,2
14,3,230.60701611494244,16.918637397248805,16.765863407417704,69.30984642409005,34.49983332225874,25.34447224430956,7.694860524137188,7.095742357852822,0,1,1,3
14,4,188.3013122022884,18.885172397672736,18.87364655888708,80.62606874570497,32.86790178674952,30.0,7.050950652109013,7.694860524137188,0,1,1,4
14,5,135.13079618255978,20.212388789404567,20.132214031146248,77.11236881290304,33.99720182290064,29.8155763281998,6.646314502466072,7.050950652109013,1,1,1,5
14,6,84.21914251009518,21.391494801919546,21.356561109994907,73.25358917367151,32.42248732052146,29.47318135041445,6.363956709058075,6.646314502466072,2,1,1,6
14,7,27.57735879404451,22.431949915251007,22.340402413197925,69.17681547358009,32.89298551828559,27.79160503676208,7.0802229645063335,6.363956709058075,3,0,0,7
14,8,13.769057729403668,20.21284930204221,19.985712673702224,64.23912762521888,34.3158890617833,21.585845113987737,6.904150532320421,7.0802229645063335,4,0,0,8
14,9,13.769057729403668,18.635631476957563,18.49014573305153,74.43146228139557,33.65270902180258,22.97137240140121,7.120588356391643,6.904150532320421,4,0,0,9
15,0,269.30966745772787,21.0,21.0,40.0,27.966960170684136,18.15766526431868,7.050567612508024,0.0,0,0,0,0
15,1,269.30966745772787,19.159339203413683,18.963153305286376,48.3024325783005,27.966960170684136,18.15766526431868,7.050567612508024,7.050567612508024,0,0,0,1
15,2,259.18144824126654,18.19957225686037,18.05826242436985,57.72796742996174,33.754886275556096,18.60919623367299,7.3089941957224385,7.050567612508024,0,0,0,2
15,3,259.18144824126654,16.82399647652256,16.73246742989651,67.71637343939324,31.09362215775104,24.397522339090624,7.830606684433463,7.3089941957224385,0,1,1,3
15,4,210.53811522493837,18.93708799945,18.729532633483597,79.23990972417641,37.885175012142064,26.134471014431107,8.107222169388034,7.830606684433463,0,1,1,4
15,5,144.90733118815362,20.16264467168789,20.07112785186287,75.47554353974644,35.054679672512414,27.36550819176548,8.20384800459809,8.107222169388034,1,1,1,5
15,6,85.35640196802956,21.31962734522049,21.222698549976677,70.66291915575974,31.40786162982004,25.18866957025388,7.443866152515507,8.20384800459809,2,1,1,6
15,7,28.00545134722804,22.183981954561258,22.25194439263519,65.22472475980602,25.58847613483113,27.53266610987048,7.168868827600191,7.443866152515507,3,0,0,7
15,8,13.49199137050754,19.92090939839554,19.9786775888398,60.32131246300813,26.092153906678394,30.0,7.25672998836025,7.168868827600191,4,0,0,8
15,9,13.49199137050754,18.554802033300792,18.40499331660934,71.44150778521775,34.2013879395368,27.577474961627782,7.582481516187621,7.25672998836025,4,0,0,9
16,0,191.7931651667525,21.0,21.0,40.0,34.62841056110579,15.575079902738878,7.829453572332031,0.0,0,0,0,0
16,1,191.7931651667525,19.29256821122212,18.91150159805478,49.03662828349204,34.62841056110579,15.575079902738878,7.829453572332031,7.829453572332031,0,0,0,1
16,2,182.2916413538325,18.161761659820165,18.00853105359347,58.701763295261685,35.31239211518222,18.38280239464918,7.930253572494083,7.829453572332031,0,0,0,2
16,3,182.2916413538325,16.837190019940063,16.5845485005323,68.18673077048724,33.81239940752076,18.88186434373233,6.4602827464301935,7.930253572494083,0,1,1,3
16,4,149.2648688843553,18.7325143677145,18.59521475672701,77.75151910501,31.89615815503073,21.24155481454018,5.504462078246204,6.4602827464301935,0,1,1,4
16,5,110.34202999921904,19.96824906234709,19.74594576826268,72.05597490289695,32.433039984202544,19.25838111516936,4.865354860642032,5.504462078246204,1,1,1,5
16,6,67.83206561269881,21.04118755357401,20.92930250967405,66.30540734419037,30.15726869561384,21.228467089349618,5.313745548315031,4.865354860642032,2,1,1,6
16,7,26.983561751495586,22.042301344490237,21.89785015856362,61.03710958974104,31.48292371505573,22.58208876022572,5.106062982650403,5.313745548315031,3,0,1,7
16,8,0.0,19.68535947289567,22.71935094315264,55.69558438981484,27.06269380489693,26.59549952884645,5.396712350299118,5.106062982650403,4,0,0,8
16,9,0.0,19.913271882868333,19.0006869217683,64.11175103117796,23.437928671026736,23.31855266987953,6.212880434788941,5.396712350299118,4,0,0,9
17,0,56.35985885863203,21.0,21.0,40.0,25.81871451238587,16.634519240858396,2.162420574632746,0.0,0,0,0,0
17,1,49.8725971347338,22.11637429024772,18.93269038481717,47.64158207558397,25.81871451238587,16.634519240858396,2.162420574632746,2.162420574632746,0,0,0,1
17,2,49.8725971347338,18.282145859313847,19.13745971313237,56.28930012919906,26.516221983085657,21.52665609255376,0.0,2.162420574632746,0,0,0,2
17,3,49.8725971347338,17.862597751582207,16.351407129042425,50.01244674424899,26.782585747821816,21.67933989134448,0.0,0.0,1,1,1,3
17,4,45.73986148707264,18.14214864132675,18.36602592691128,43.38388655570696,28.99099700570732,17.517001946836952,0.5165919559576447,0.0,2,1,1,4
17,5,35.138783032007986,19.60229204591436,19.356816757063037,37.530960010150736,29.866339952854123,20.95073479405577,1.3251348068830813,0.5165919559576447,3,1,1,5
17,6,16.308629653616112,20.77716690481495,20.58877956031389,32.455696892193416,34.11946184014111,21.0179652823182,2.353769172298984,1.3251348068830813,4,1,1,6
17,7,0.0,22.408492954909327,22.302410745866588,41.42097206200832,28.96850244820124,20.83858182854821,2.718104942269352,2.353769172298984,4,0,0,7
17,8,0.0,20.797650161385857,20.724203935649054,51.29064718941295,30.047536454031103,24.783992031550195,3.485124369501524,2.718104942269352,4,0,0,8
17,9,0.0,19.05201097720289,19.02170247734616,59.29574186399631,23.54493328550933,20.92781490662042,4.446323825838461,3.485124369501524,4,0,0,9
18,0,217.0264330236181,21.0,21.0,40.0,34.443744382523725,18.677464581644607,5.439305139141203,0.0,0,0,0,0
18,1,217.0264330236181,19.28887488765048,18.97354929163289,49.5618176135503,34.443744382523725,18.677464581644607,5.439305139141203,5.439305139141203,0,0,0,1
18,2,211.32034296093343,18.063321359242146,18.126611689246865,59.78810178830429,32.17039161744754,24.64229824229684,5.173678751356942,5.439305139141203,0,0,0,2
18,3,211.32034296093343,16.948237881761724,16.62596623591117,70.4861729242241,37.29897793767242,22.13475059521549,4.217622972729792,5.173678751356942,0,1,1,3
18,4,175.45819726203516,18.11609289838994,17.992686909360756,65.44544607120515,33.166834700111565,22.16246056089426,4.482768212362283,4.217622972729792,1,1,1,4
18,5,134.09604455954104,19.400166930754057,19.277116494236168,60.29118868371181,31.351090865406764,23.34747920407466,5.170269087811764,4.482768212362283,2,1,1,5
18,6,87.32530519798547,20.56583406097159,20.506165483356284,54.853188840241856,28.975704260183488,24.14651883165008,5.846342420194445,5.170269087811764,3,1,1,6
18,7,41.97294366919581,21.724029633701768,21.526203205875863,50.65339631776001,35.39375135420171,24.60740129867693,5.669045191098707,5.846342420194445,4,1,1,7
18,8,9.256604174963998,23.184131747140714,23.120445889595885,61.39901727818587,32.92479175960908,26.77310246497904,5.452723249038635,5.669045191098707,4,0,0,8
18,9,9.256604174963998,21.45635454897973,21.308437901903226,72.88376224819073,36.07762946962353,27.72650925262572,5.09481180561829,5.452723249038635,4,0,0,9
19,0,68.90831711027779,21.0,21.0,40.0,27.195361581889124,23.8040828251533,2.545518663374168,0.0,0,0,0,0
19,1,61.27176112015529,22.143907231637783,19.076081656503067,49.17989999326764,27.195361581889124,23.8040828251533,2.545518663374168,2.545518663374168,0,0,0,1
19,2,61.27176112015529,18.45146232609732,19.302206922022588,59.44970500203058,30.267313050831127,26.78715922007411,0.3549780248563962,2.545518663374168,0,0,0,2
19,3,61.27176112015529,17.767370799523068,16.624473153377302,53.82090684113064,24.28029346821377,27.78193897123093,0.0,0.3549780248563962,1,1,1,3
19,4,55.58718238703726,18.24590667716497,18.64046952403952,49.15566486385332,27.41532234845933,30.0,0.7105723416397536,0.0,2,1,1,4
19,5,47.48261019151101,19.78479972323423,19.6419830537048,44.44837085692348,29.202045367427065,27.97965459407385,1.0130715244407815,0.7105723416397536,3,1,1,5
19,6,31.113228780361425,21.030184069688737,20.850467386710086,40.217293471306704,35.477716024779184,24.34963183290538,2.046172676393698,1.0130715244407815,4,1,1,6
19,7,8.092299682671081,22.683685510193182,22.57285409748757,49.9241813739783,31.08223794740131,22.84491706744089,3.836821516281724,2.046172676393698,4,0,0,7
19,8,8.092299682671081,21.12582817921996,20.98432249060257,60.668874810542206,34.2152484678489,25.47749284639502,3.9305006163559337,3.836821516281724,4,0,0,8
19,9,8.092299682671081,19.40580463140501,19.34976956169776,70.04551389252939,28.50838907949843,23.58405026487481,4.076617915245646,3.9305006163559337,4,0,0,9
20,0,122.61491868662524,21.0,21.0,40.0,34.03487760059643,23.695520081705304,4.413504388883472,0.0,0,0,0,0
20,1,122.61491868662524,19.28069755201193,19.07391040163411,50.39147158281431,34.03487760059643,23.695520081705304,4.413504388883472,4.413504388883472,0,0,0,1
20,2,118.97937994188524,18.064790817477256,18.09535931026196,60.58021625569502,32.24508737946167,24.35904969209785,3.656268232980983,4.413504388883472,0,0,0,2
20,3,110.46231823072294,17.825630668264218,15.9733333945228,55.19656629242833,28.49635640722365,24.927810463516977,2.2581158873762464,3.656268232980983,1,1,1,3
20,4,92.31092958395716,17.99556339441122,18.46757289109968,51.52449218382688,33.55845294528952,29.37446867359129,2.2689235808457227,2.2581158873762464,2,1,1,4
20,5,72.59543640816278,19.621068649400783,19.48031500228912,47.31684936677297,29.957539905256056,30.0,2.464436646974297,2.2689235808457227,3,1,1,5
20,6,40.56979377298454,20.768687745487757,20.75142301566311,42.476638638442495,29.708907464702243,26.73436626679511,4.00320532939728,2.464436646974297,4,1,1,6
20,7,9.511629573161688,22.56729997712532,22.367362906635808,52.20701565734591,32.15673728843194,21.90091281658705,5.176360699970475,4.00320532939728,4,0,0,7
20,8,9.511629573161688,20.892261444094995,20.773284692928872,61.55746976247088,30.44743043317154,21.49953681752274,5.582599594033492,5.176360699970475,4,0,0,8
20,9,9.511629573161688,19.26140961879016,19.052534371107008,70.56073373127676,31.12327340584094,18.89485975419172,5.259059928808536,5.582599594033492,4,0,0,9
21,0,92.58286410993732,21.0,21.0,40.0,34.599403986625305,23.335456982769287,2.858771193312025,0.0,0,0,0,0
21,1,92.58286410993732,19.29198807973251,19.066709139655387,50.42827497449103,34.599403986625305,23.335456982769287,2.858771193312025,2.858771193312025,0,0,0,1
21,2,91.7496100825516,18.14885519791894,18.206355244198814,62.36484783455082,37.47192643224938,28.842367234749485,0.8403912450439786,2.858771193312025,0,0,0,2
21,3,91.0870433454816,18.04815198779547,16.158514593698527,60.90945320507352,45.24780761401495,30.0,0.1857265619816808,0.8403912450439786,1,0,1,3
21,4,80.06242297506641,18.02255023694032,18.60798810220601,59.30893930949911,47.49971781369669,26.94187165533436,1.4562996934998558,0.1857265619816808,2,0,1,4
21,5,60.463045170152654,19.947841620775847,19.45239042261408,56.43497538329842,41.67892950288291,25.687937573779973,2.44992222561422,1.4562996934998558,3,0,1,5
21,6,36.38365863269735,20.993630225963457,20.9843169943078,53.29462081428133,36.89217430811269,28.99474475290343,3.009923317181913,2.44992222561422,4,0,1,6
21,7,26.583478870515563,19.81689094969397,22.7341783321829,64.86418009735128,34.2753293503886,30.0,3.2667265873939293,3.009923317181913,4,0,0,7
21,8,26.583478870515563,20.33567499454677,19.403093167783737,76.18074060549844,32.86978060081759,30.0,3.187670722431196,3.2667265873939293,4,0,0,8
21,9,17.481153184248953,17.96933404152184,18.070296019310007,70.82226478878053,26.599923791479128,26.96409944897689,3.2638060420261024,3.187670722431196,5,1,0,9
22,0,52.56213077825492,21.0,21.0,40.0,28.166889866459577,18.23033519432189,2.688792673307084,0.0,0,0,0,0
22,1,52.56213077825492,19.16333779732919,18.96460670388644,48.35150051094067,28.166889866459577,18.23033519432189,2.688792673307084,2.688792673307084,0,0,0,1
22,2,51.51122068533646,18.000506998657062,18.02687644960044,55.96818635890426,24.2117838105442,18.10313756703134,0.7776770281755178,2.688792673307084,0,0,0,2
22,3,47.34544451569842,17.974877145809764,15.867276104026104,50.27549895992109,29.126588814660344,22.580703413210927,1.0496384388982352,0.7776770281755178,1,1,1,3
22,4,39.35701089768371,17.881639867774098,18.425585610437157,44.85039517052708,28.80529816515105,24.38856967154888,0.9985542022518386,1.0496384388982352,2,1,1,4
22,5,34.935608411229616,19.62628405307111,19.268853422567787,40.04941430814129,33.18678140820518,23.474436022984865,0.5526753108067615,0.9985542022518386,3,1,1,5
22,6,22.407037578498706,20.659521259596968,20.61713914116839,34.68874436235444,30.516199506748173,23.035634127769363,1.5660713540913638,0.5526753108067615,4,1,1,6
22,7,9.323238859471036,22.52570231974357,22.34780151411986,45.84063785130118,35.74286794254805,26.212095884933824,2.1806331198379447,1.5660713540913638,4,0,0,7
22,8,0.0,20.970160000601965,23.89615208757982,57.49337382101879,35.553164894724866,29.18425715926184,3.107746286490346,2.1806331198379447,4,0,0,8
22,9,0.0,21.250706952997927,20.25823652832264,69.32542900825614,35.73363992909633,30.0,4.690460433701024,3.107746286490346,4,0,0,9
23,0,87.3446198152418,21.0,21.0,40.0,25.76796364159105,19.96838472796109,5.173609915985651,0.0,0,0,0,0
23,1,87.3446198152418,19.11535927283182,18.999367694559226,48.23254270651938,25.76796364159105,19.96838472796109,5.173609915985651,5.173609915985651,0,0,0,1
23,2,83.03738901741931,18.083339420605085,18.11004966493095,57.81682514539924,29.54670338300439,23.69931016632816,3.286395155416964,5.173609915985651,0,0,0,2
23,3,74.87208402091724,17.708379149162518,16.014862714449574,51.45089693499445,21.739602451765208,26.22746304598596,2.162845408407277,3.286395155416964,1,1,1,3
23,4,66.36364134991494,17.76795458095101,18.35030489055912,45.28828131370288,22.69090546100109,26.405674420712387,1.0635553338752883,2.162845408407277,2,1,1,4
23,5,53.878827731162566,19.424185645422583,19.178738037049232,39.38800096709254,27.045561924466508,23.508436149920485,1.5606017023440475,1.0635553338752883,3,1,1,5
23,6,30.055560424230038,20.469671251035678,20.57761832545256,34.329925327464906,26.75863675896801,28.47427635421184,2.9779084133665665,1.5606017023440475,4,1,1,6
23,7,0.0,22.342814987392977,22.22337057345684,44.57385803593385,30.631875924912688,26.27886134435924,5.009260070705006,2.9779084133665665,4,0,0,7
23,8,0.0,20.7351031511013,20.66606654620433,54.52959049917635,30.27656062484088,25.03306417095077,5.620503144535842,5.009260070705006,4,0,0,8
23,9,0.0,19.14967824938731,19.032916978186822,64.49216476879263,31.11062373234024,24.237011098861345,5.905771797368791,5.620503144535842,4,0,0,9
24,0,176.78220216646295,21.0,21.0,40.0,28.41961949667652,21.42062755476349,5.087325733921341,0.0,0,0,0,0
24,1,176.78220216646295,19.168392389933533,19.028412551095272,48.9712444692592,28.41961949667652,21.42062755476349,5.087325733921341,5.087325733921341,0,0,0,1
24,2,170.56855068667903,18.143017101097072,18.170998630470823,59.609903892621446,30.516954707366715,28.586708755756867,5.010087191728491,5.087325733921341,0,0,0,2
24,3,160.7599163926267,16.10367438809683,16.085934720765827,54.44155021631012,27.543758889885048,27.076498463940936,4.904317147026156,5.010087191728491,1,1,1,3
24,4,122.8129956568293,17.489683038258022,17.411785288231837,49.7502396033066,30.71573955284951,26.55475704157539,4.743365091974677,4.904317147026156,2,1,1,4
24,5,86.01163782784047,18.88815708349521,18.71835731583097,44.73828398304971,32.573795038310955,22.91534040470633,4.600169728623603,4.743365091974677,3,1,1,5
24,6,51.40300639211453,20.02254858140602,20.03001558491218,38.79859484537141,26.254353342943705,24.080707003287944,4.326078929465744,4.600169728623603,4,1,1,6
24,7,26.12464460007737,21.7858305688468,21.809339696076268,48.360665712876894,25.91757725826013,27.205038672325863,4.2130602986728585,4.326078929465744,4,1,1,7
24,8,0.0,23.244528731364813,23.197962862724523,57.55351914417935,26.523532237626466,24.547875714053824,4.354107433346229,4.2130602986728585,4,0,0,8
24,9,0.0,21.395681569333178,21.22963989451967,66.66592217635606,29.81251653007518,20.81194475979547,3.806267622593431,4.354107433346229,4,0,0,9
25,0,45.555964548336455,21.0,21.0,40.0,32.18852103928587,21.555851194735737,3.82053127158419,0.0,0,0,0,0
25,1,45.555964548336455,19.24377042078572,19.03111702389472,49.67398700212389,32.18852103928587,21.555851194735737,3.82053127158419,3.82053127158419,0,0,0,1
25,2,43.660110280260966,18.08948897105864,18.04622327843925,59.66298202960666,32.82918286729137,22.66523395205737,1.782093593711708,3.82053127158419,0,0,0,2
25,3,40.9202149465253,17.9406987267578,16.05850965144213,56.15376791631655,34.654980191227864,29.182719179382627,0.7237441636289053,1.782093593711708,1,1,1,3
25,4,36.99154462065248,18.058071253479792,18.510229005667536,51.806190615598325,32.402537313734385,26.77758879338659,0.4910837907341021,0.7237441636289053,2,1,1,4
25,5,32.6733110871851,19.686169637929567,19.430731809955407,46.88637977784503,30.99528800863112,25.00576289273945,0.5397791916834228,0.4910837907341021,3,1,1,5
25,6,24.39855611295376,20.84077356862228,20.710383799808127,42.19989436585037,33.82417956350818,23.47312370318817,1.0343443717789171,0.5397791916834228,4,1,1,6
25,7,13.17365438323569,22.589802721350026,22.50533740553685,53.12308905392125,33.43176362829917,27.252651305427925,1.870816954953012,1.0343443717789171,4,0,0,7
25,8,6.43506349012284,21.092754099322743,23.8649892037298,63.80345198398575,35.995287064157075,23.34006254731237,2.24619696437095,1.870816954953012,4,0,0,8
25,9,6.43506349012284,21.286394760730023,20.216482701472135,74.84032015870429,36.61400535039012,24.70192895360177,2.925182112335702,2.24619696437095,4,0,0,9
26,0,254.53998923365756,21.0,21.0,40.0,27.940953683034884,18.170431886567712,6.965563246551776,0.0,0,0,0,0
26,1,254.53998923365756,19.1588190736607,18.963408637731355,48.30004940252847,27.940953683034884,18.170431886567712,6.965563246551776,6.965563246551776,0,0,0,1
26,2,243.2859070962314,18.1047655624348,18.09679628641211,57.09171335809904,28.87827550665968,19.96430202428799,8.037966652431532,6.965563246551776,0,0,0,2
26,3,243.2859070962314,16.678511764895248,16.60223463777124,65.05447177606217,24.08547113150123,20.152075634960617,7.895794746741033,8.037966652431532,0,1,1,3
26,4,197.8352339441425,18.560808293014222,18.49312403779696,73.29712512213958,25.160444128521195,20.632074460797707,7.57511219201482,7.895794746741033,0,1,1,4
26,5,138.02972813821717,19.683168018805045,19.7267604845748,67.08093800336286,23.81730049550588,24.981659955734564,7.475688225740667,7.57511219201482,1,1,1,5
26,6,80.49940953016497,20.87825108841189,20.8914926527966,61.98821079686249,26.86221960127477,28.178184807056525,7.191289826006526,7.475688225740667,2,1,1,6
26,7,34.184740207679056,21.908653937020016,21.889239451934085,57.06563522403589,28.3788960253002,27.606795236774268,5.789333665310738,7.191289826006526,3,1,1,7
26,8,0.0,22.7389494272462,22.68410398461787,53.04148771065957,32.005223833362955,28.97173442565745,4.273092525959882,5.789333665310738,4,0,0,8
26,9,0.0,21.00955355429561,20.955895753420595,64.4724906136312,33.50557168317574,30.0,3.819352347703983,4.273092525959882,4,0,0,9
27,0,62.451202802558655,21.0,21.0,40.0,33.71081447619661,15.18451614086729,2.9478453291346094,0.0,0,0,0,0
27,1,62.451202802558655,19.27421628952393,18.903690322817347,48.8011595110715,33.71081447619661,15.18451614086729,2.9478453291346094,2.9478453291346094,0,0,0,1
27,2,60.55613948850583,18.113663124827102,18.161678318634088,58.39747011428719,31.118722750848004,22.19411393368359,1.4201837540545412,2.9478453291346094,0,0,0,2
27,3,57.66304282698028,17.98250582355653,16.03063864124842,54.262469565799776,35.02898961023811,25.332118453720696,0.772826815944811,1.4201837540545412,1,1,1,3
27,4,53.75301090633247,17.99388502062873,18.54313830007227,49.520517517563945,29.40224952501167,27.586905762567007,0.4887539900809765,0.772826815944811,2,1,1,4
27,5,45.29088886060936,19.54065617402668,19.501249886671086,44.17909139654099,23.695129474110423,29.96361429798427,1.0577652557153892,0.4887539900809765,3,1,1,5
27,6,27.27819404309176,20.793617456580208,20.77476867041733,40.25512744786697,31.53353361847768,30.0,2.2515868521897,1.0577652557153892,4,1,1,6
27,7,10.506107380430109,22.51743030947769,22.531867380743066,50.62618726154889,28.588938597037,29.02806036786257,2.795347777110276,2.2515868521897,4,0,0,7
27,8,10.506107380430109,21.09355205257152,20.8760810666844,61.78488227443939,36.32487164849459,25.66787842311929,4.320651884373138,2.795347777110276,4,0,0,8
27,9,10.506107380430109,19.509910223616693,19.239843057756417,72.24732531044914,37.44505330735414,20.67963022603335,5.413786653702503,4.320651884373138,4,0,0,9
28,0,206.6603553141513,21.0,21.0,40.0,25.97211810438348,22.46236121316544,6.63486851691597,0.0,0,0,0,0
28,1,206.6603553141513,19.11944236208767,19.04924722426331,48.71820627715881,25.97211810438348,22.46236121316544,6.63486851691597,6.63486851691597,0,0,0,1
28,2,198.74694032146127,18.14320753033282,18.027079896652683,58.030117376247375,31.42300871233525,20.309830727045707,6.234863696921138,6.63486851691597,0,0,0,2
28,3,198.74694032146127,16.809946097147424,16.667837116406538,68.0195299092752,32.17204991842274,23.324686376176302,5.693844945486135,6.234863696921138,0,1,1,3
28,4,163.94323293353733,18.790029942687443,18.649286065403462,78.13463818268156,32.68193726934052,23.513108694028084,5.800617897987333,5.693844945486135,0,1,1,4
28,5,116.04908858004973,19.98743894669369,20.004776401033425,74.03742487706447,30.9076613166444,29.66337587437175,5.98676804418595,5.800617897987333,1,1,1,5
28,6,71.7316062663715,21.380844633270307,21.19389628832624,71.47314885484377,39.08735543210727,30.0,5.539685289209778,5.98676804418595,2,1,1,6
28,7,27.05108421105713,22.41112146222976,22.29078393667888,68.16620421046476,36.89126004702173,28.070158595317093,5.585065256914295,5.539685289209778,3,0,0,7
28,8,13.9588507058292,20.239978358632023,20.05646492755619,64.68006828537393,37.47332298216413,26.4925885451091,6.546116752613965,5.585065256914295,4,0,0,8
28,9,13.9588507058292,18.73656894388827,18.640628568958103,76.34234705249149,36.17007890387185,28.620358691225714,7.114802477509094,6.546116752613965,4,0,0,9
29,0,122.80650898451206,21.0,21.0,40.0,30.31986999720141,18.504111555298973,6.086083192820235,0.0,0,0,0,0
29,1,122.80650898451206,19.20639739994403,18.97008223110598,48.78831667945007,30.31986999720141,18.504111555298973,6.086083192820235,6.086083192820235,0,0,0,1
29,2,115.1249605998444,18.09169515248564,18.13778333568458,58.17599043357589,29.355941699133417,22.79780137934336,5.850459089465539,6.086083192820235,0,0,0,2
29,3,115.1249605998444,16.895429974702235,16.619056129159386,68.01628138377644,33.897826292914075,20.770456763755654,4.963154538235211,5.850459089465539,0,1,1,3
29,4,90.58800228869146,18.719846726261714,18.67375123812374,77.42263385234168,29.353947902146498,22.9035658121048,4.089493051858822,4.963154538235211,0,1,1,4
29,5,65.69507302175371,20.00737228751452,19.86105340299581,72.58162978578778,32.2231214224641,24.21574487445868,3.1116161583672173,4.089493051858822,1,1,1,5
29,6,43.383045498280815,21.146093670390616,21.063616279846727,67.73477124479021,31.362497116938822,25.04384432196351,2.789003440434112,3.1116161583672173,2,1,1,6
29,7,22.393829979029995,22.09665006432375,22.06349922802574,62.50877250938842,28.597354849302185,25.702652176243443,2.6236519399063525,2.789003440434112,3,0,0,7
29,8,0.0,19.900948069875625,22.77766569379294,57.85039534474991,32.057420772528616,25.396039423924105,4.478765995805999,2.6236519399063525,4,0,0,8
29,9,0.0,20.14819076524909,19.13792612260857,67.3973676193782,30.20060131615604,22.83813354288997,5.009997585552624,4.478765995805999,4,0,0,9
30,0,134.55571346067333,21.0,21.0,40.0,26.98377311064561,24.58554254525746,4.959174443712167,0.0,0,0,0,0
30,1,134.55571346067333,19.139675462212917,19.09171085090515,49.28247681806255,26.98377311064561,24.58554254525746,4.959174443712167,4.959174443712167,0,0,0,1
30,2,128.20861584877136,18.135299999246936,18.168443810755207,58.81931959819316,28.623212673727974,24.359247215886565,4.803832261004551,4.959174443712167,0,0,0,2
30,3,119.56012153819576,16.14763273232421,16.076747190071202,54.04710580835925,29.934077220474578,26.886957280448097,4.32424715528779,4.803832261004551,1,1,1,3
30,4,88.02247691612496,17.488055362892858,17.412190121038275,49.06314602271185,30.2506065420194,25.394061315495023,3.9422055777588527,4.32424715528779,2,1,1,4
30,5,58.28562731541646,18.92648704825692,18.85919535235968,45.673607438794335,34.502563422680495,30.0,3.7171062000885615,3.9422055777588527,3,1,1,5
30,6,31.67268767396098,20.230616619730164,20.11920200172128,40.95794758686284,31.85766469186392,25.277558352961115,3.3266174551819354,3.7171062000885615,4,1,1,6
30,7,13.489579526415277,21.97363734241436,21.879328581227902,50.43241829626183,29.51130285750289,23.12464552804701,3.0305180245909504,3.3266174551819354,4,1,1,7
30,8,0.0,23.33094915235528,23.23603414088925,58.65755218433552,25.92778512908729,19.76740313798875,2.2482632544025463,3.0305180245909504,4,0,0,8
30,9,0.0,21.266280273231832,21.26732451843784,65.93612240370659,20.90400706520915,19.53249415351907,1.87231872392484,2.2482632544025463,4,0,0,9
31,0,215.4109554807218,21.0,21.0,40.0,33.50093312201388,19.75388834365709,7.58331455309953,0.0,0,0,0,0
31,1,215.4109554807218,19.27001866244028,18.995077766873145,49.58586786382077,33.50093312201388,19.75388834365709,7.58331455309953,7.58331455309953,0,0,0,1
31,2,206.1562398211613,18.16045995527386,18.03391554616041,59.63520183260029,35.07472468689059,20.75490847299558,8.229294183696464,7.58331455309953,0,0,0,2
31,3,206.1562398211613,16.976084540514048,16.7233403105118,71.42427569984005,40.01511622740632,25.479738590592348,7.787299070881485,8.229294183696464,0,1,1,3
31,4,142.9507440619935,18.30207725994136,18.063072722515543,67.67659247901807,39.127130658378846,23.38574033705456,7.900686969895974,7.787299070881485,1,1,1,4
31,5,87.2347789498425,19.577078793890717,19.473165110699515,63.80238099280446,35.29534420432466,26.514591983377496,6.964495639018876,7.900686969895974,2,1,1,5
31,6,48.45869603345728,20.761127813034523,20.69482109023659,58.79894549506365,30.205255422380155,25.331214034615343,4.847010364548152,6.964495639018876,3,1,1,6
31,7,20.360839250750832,21.75682113435074,21.807828113204177,54.31891083693715,28.444251899297225,30.0,3.512232097838306,4.847010364548152,4,1,1,7
31,8,3.421501761433486,23.252124376482268,23.219519880597108,64.02135847583197,27.38380349710275,26.51868338564631,2.823222914886224,3.512232097838306,4,0,0,8
31,9,3.421501761433486,21.43015650258145,21.31691176634361,73.99334618343926,30.775617979549487,24.624313729379868,2.5918647187003905,2.823222914886224,4,0,0,9
32,0,244.19703750955532,21.0,21.0,40.0,31.66212388872196,21.294204847178563,7.35711691912836,0.0,0,0,0,0
32,1,244.19703750955532,19.23324247777444,19.02588409694357,49.532139172462095,31.66212388872196,21.294204847178563,7.35711691912836,7.35711691912836,0,0,0,1
32,2,235.21828575238007,18.135325464226863,18.138922594899977,60.17379471395684,33.58600460806516,25.53430395579454,7.848297385853472,7.35711691912836,0,0,0,2
32,3,235.21828575238007,16.77907103001704,16.680594317950856,69.15806533636521,27.39124660607387,22.521367962861547,8.75668234581866,7.848297385853472,0,1,1,3
32,4,180.87638396992787,18.725669524086445,18.660690438612008,78.94332391248663,29.544326299916992,24.818221345202023,9.0569836304087,8.75668234581866,0,1,1,4
32,5,112.76291614781618,19.947279518411328,19.785770896678446,72.94257018081238,29.522964985285064,20.472847616524625,8.51418347776396,9.0569836304087,1,1,1,5
32,6,56.405584179209214,21.052004470218904,20.923607844040447,67.08537264691934,29.81790383442188,20.97544319950564,7.044666496075872,8.51418347776396,2,1,1,6
32,7,20.659382192995142,21.940329954908016,21.966236427690067,61.473318575176606,26.392940455279607,25.76231470170524,4.468275248276759,7.044666496075872,3,1,1,7
32,8,0.0,22.745062670413606,22.658899618663003,56.39709970819689,29.52583645073378,25.606280954934427,2.582422774124393,4.468275248276759,4,0,0,8
32,9,0.0,20.906066209241832,20.792741588192317,65.58296711320841,28.995636761621714,22.036959932886727,2.258648202625749,2.582422774124393,4,0,0,9
33,0,268.91899555995,21.0,21.0,40.0,26.00162013788841,16.797779870414136,7.6579645831349055,0.0,0,0,0,0
33,1,268.91899555995,19.12003240275777,18.935955597408284,47.70389200149446,26.00162013788841,16.797779870414136,7.6579645831349055,7.6579645831349055,0,0,0,1
33,2,254.9539763533443,18.039848316244647,17.986464699406145,55.04100001855842,25.654478662441235,15.107232543469667,9.65702320297105,7.6579645831349055,0,0,1,2
33,3,224.4620965797841,16.720866323303714,19.53499333170668,64.19929325650526,30.48690535495586,20.3925015225266,10.16395992452006,9.65702320297105,0,1,1,3
33,4,168.32536643835243,20.469583158207527,19.41406705824672,73.8109902293846,31.98110819399595,21.417208322000366,9.356121690238613,10.16395992452006,0,1,1,4
33,5,99.35914575824236,20.956982515411244,21.24082577435757,69.76500631439981,31.24811173442331,29.60753318232789,8.620777585013757,9.356121690238613,1,1,1,5
33,6,38.16865649429623,22.12646807803717,22.1345767670732,64.51216277326571,24.74389293996263,29.406976275959007,7.648811157993268,8.620777585013757,2,0,0,6
33,7,9.755546952236726,20.051162306632413,22.97870336381901,59.49779879230988,29.48853623324298,25.987219428113484,5.6826219084119005,7.648811157993268,3,0,0,7
33,8,1.0700638981691173,19.831191238738747,18.908482645041836,55.54426004605378,31.79577150725637,29.57345768020978,4.342741527033804,5.6826219084119005,4,0,0,8
33,9,0.0,18.06632820131622,18.0688477549288,65.91180617549742,30.16282877349672,27.434649723412427,3.5323790611115102,4.342741527033804,4,0,0,9
34,0,135.32931299589146,21.0,21.0,40.0,28.28820844287196,17.71995470429493,5.676146240065776,0.0,0,0,0,0
34,1,135.32931299589146,19.16576416885744,18.9543990940859,48.28146936649004,28.28820844287196,17.71995470429493,5.676146240065776,5.676146240065776,0,0,0,1
34,2,129.19611613355988,18.1107400015434,18.193648228449923,57.87470865429316,30.23951126885254,23.056262552275875,4.332161365992684,5.676146240065776,0,0,0,2
34,3,121.96850013536528,16.234555972962,16.088236355710116,53.98298671902101,33.892506687075425,27.82014922807932,3.613807999097305,4.332161365992684,1,1,1,3
34,4,97.64170271972952,17.573105815317845,17.55990958880272,50.29681572423722,32.85460558453446,30.0,3.040849676954469,3.613807999097305,2,1,1,4
34,5,75.09545370281748,18.934247711751144,18.95285325553453,45.934607886806965,29.18325577808365,29.91558956952605,2.8182811271140045,3.040849676954469,3,1,1,5
34,6,43.51792630810984,20.281191278333075,20.18323604532825,41.42893596474495,31.460250574350667,26.841572080860384,3.947190924338456,2.8182811271140045,4,1,1,6
34,7,18.07752644500209,22.047137634508385,21.91962829911565,50.99927627607984,30.50667627495129,22.661881010242528,4.240066643851292,3.947190924338456,4,0,1,7
34,8,6.208010770395656,20.572809179587296,23.42342991400325,62.16593228641536,35.70929057264517,26.327687262552125,3.956505224868811,4.240066643851292,4,0,0,8
34,9,6.208010770395656,20.907031349568484,19.80973518377381,73.91598619803729,38.6917872801413,26.5862900066472,3.8222970293201737,3.956505224868811,4,0,0,9
35,0,191.29092781124652,21.0,21.0,40.0,33.91127088394596,20.42283520936855,4.080045843852792,0.0,0,0,0,0
35,1,191.29092781124652,19.27822541767892,19.00845670418737,49.78013909679661,33.91127088394596,20.42283520936855,4.080045843852792,4.080045843852792,0,0,0,1
35,2,186.6538481851219,18.07552906575768,18.133916145669183,60.183734345406805,32.48061004231343,25.317141338854327,4.290070929384669,4.080045843852792,0,0,0,2
35,3,176.97419675672347,16.161729219428512,15.980580764243117,55.43670975551856,32.57129553060911,24.38967897001181,4.839825714199206,4.290070929384669,1,1,1,3
35,4,131.99294894262542,17.52694305374749,17.4694154141227,51.9825333289854,34.86853655302945,29.27492774400851,5.622655976762259,4.839825714199206,2,1,1,4
35,5,85.43649886679901,19.001187738008728,18.87192258135489,48.60133084388471,35.9375237549187,28.61135132785524,5.8195562594783,5.622655976762259,3,1,1,5
35,6,39.32915578287607,20.29806565670581,20.262289417211708,45.072332922296965,33.72778932451251,30.0,5.763417885490367,5.8195562594783,4,1,1,6
35,7,9.524511186154747,22.19417013760468,22.08907638648663,56.71398377076215,35.233584597671275,29.44225344935753,4.967440766120221,5.763417885490367,4,0,0,7
35,8,9.524511186154747,20.834498816097547,20.590385934998366,69.17495791586106,41.50484223058399,27.72279190885437,5.014560465496604,4.967440766120221,4,0,0,8
35,9,9.524511186154747,19.310894982263584,19.175830257595624,81.68261036034174,39.950943737389096,29.536014287503573,5.234779722672472,5.014560465496604,4,0,0,9
36,0,194.4521757321931,21.0,21.0,40.0,27.685076794675016,24.52235008408805,7.375738873931075,0.0,0,0,0,0
36,1,194.4521757321931,19.1537015358935,19.090447001681763,49.39733683817735,27.685076794675016,24.52235008408805,7.375738873931075,7.375738873931075,0,0,0,1
36,2,186.89173964969623,18.11414182367761,18.00439519498386,59.04053736894024,29.797915439657466,23.7754208423586,6.794390280786736,7.375738873931075,0,0,0,2
36,3,186.89173964969623,16.78348086501722,16.569209946468753,68.32329659078084,31.96531496180538,19.60556960397569,6.620683228736877,6.794390280786736,0,1,1,3
36,4,146.15242915259046,18.713401368800174,18.49326587222007,77.35781441730197,32.20630215506365,17.985463547831475,6.7898850828509705,6.620683228736877,0,1,1,4
36,5,97.25283641401955,19.87444297665692,19.714878940911216,71.51901525352646,31.087897218617087,19.80766298263012,6.112449092321362,6.7898850828509705,1,1,1,5
36,6,53.51294858278014,21.116079514834265,20.82201554179161,66.48836323085743,36.2409628645229,19.144303676204725,5.467485978904927,6.112449092321362,2,1,1,6
36,7,17.97570388383694,22.02799659879788,21.898669000432356,61.36109189563514,32.86291604800712,21.985576534091265,4.4421555873679,5.467485978904927,3,0,1,7
36,8,0.0,19.69614410545482,22.715496429265617,56.19117358472948,27.79193136217813,26.81963357723485,3.5951407767673875,4.4421555873679,4,0,0,8
36,9,0.0,20.083408940662533,18.979971606357957,65.89600194630302,31.89864748896018,22.017065630892795,3.3091032055361915,3.5951407767673875,4,0,0,9
37,0,147.0999934899725,21.0,21.0,40.0,33.93792267834392,22.819069160221524,7.953062398517254,0.0,0,0,0,0
37,1,147.0999934899725,19.27875845356688,19.05638138320443,50.21625853094178,33.93792267834392,22.819069160221524,7.953062398517254,7.953062398517254,0,0,0,1
37,2,138.425703787685,18.09723450682368,18.056983273930545,59.76477634642296,31.89120346981068,21.156117727307,8.053705764268091,7.953062398517254,0,0,0,2
37,3,138.425703787685,16.85629170515588,16.56541122313586,69.37963044656408,34.281824353146646,19.13403175874846,7.64205416651797,8.053705764268091,0,1,1,3
37,4,98.55655143145437,18.70232924765888,18.63599815094497,79.04009154521091,30.674495195905592,22.994733129910152,6.644858726038436,7.64205416651797,0,1,1,4
37,5,63.08698774245295,19.92271947256571,19.73177647929975,72.72141141368414,29.385835469428915,18.843719355422373,4.433695461125177,6.644858726038436,1,1,1,5
37,6,37.60416433870171,21.05415593845923,20.93281591670731,67.60274090007275,31.91371045548319,22.982564468898016,3.185352925468905,4.433695461125177,2,1,1,6
37,7,19.513401200575803,22.02343235485125,21.977831483652405,62.750951650132,30.239546248830663,26.139402362609644,2.2613453922657376,3.185352925468905,3,0,1,7
37,8,0.0,22.87077504351933,22.72367181633083,58.62204452727912,34.21706742800142,26.177893000593663,2.4391751500719754,2.2613453922657376,4,0,0,8
37,9,0.0,21.133048224234724,20.96563892886471,69.86390111001245,36.51588598464552,25.938872808317434,2.5055689530439653,2.4391751500719754,4,0,0,9
38,0,164.24085243018098,21.0,21.0,40.0,27.41719516140864,24.44350780714981,6.733652532076555,0.0,0,0,0,0
38,1,164.24085243018098,19.148343903228174,19.088870156143,49.33492653434052,27.41719516140864,24.44350780714981,6.733652532076555,6.733652532076555,0,0,0,1
38,2,155.91626068747706,18.082938646571545,18.19293826851201,59.55941705893938,27.93529941864322,28.86742571801713,6.869949038682512,6.733652532076555,0,0,0,2
38,3,155.91626068747706,16.82221631047467,16.7457468175734,69.50517396881992,28.713842685424147,26.54036236946776,6.498408300365173,6.869949038682512,0,1,1,3
38,4,122.24304180910036,18.763977726526377,18.726538628069523,79.35062805336892,28.85798222637257,25.83898491001079,5.612203146396117,6.498408300365173,0,1,1,4
38,5,78.85646726036688,20.000573592350545,19.949975952596635,74.46369971604203,29.637599961921737,26.54613149737328,5.423321818591685,5.612203146396117,1,1,1,5
38,6,43.78576754053449,21.26530313961026,21.18533694118932,71.12000912916606,34.75727451735574,30.0,4.383837464979049,5.423321818591685,2,1,1,6
38,7,13.51356764001008,22.41622528099153,22.225281178608757,68.27469084146726,39.13635380411853,28.389655708665888,3.784024987565551,4.383837464979049,3,0,0,7
38,8,5.871467564680882,20.30429721714244,20.073592823649257,66.0108071162055,42.57779136836207,28.178410157961466,3.8210500376646,3.784024987565551,4,0,0,8
38,9,5.871467564680882,18.83081698284707,18.698341843626192,78.38101899367686,39.40386109136349,29.319538227921853,3.4429446129317776,3.8210500376646,4,0,0,9
39,0,87.04895399270127,21.0,21.0,40.0,26.884939390196006,24.75378607633906,3.549699653460328,0.0,0,0,0,0
39,1,87.04895399270127,19.13769878780392,19.095075721526783,49.29497058397631,26.884939390196006,24.75378607633906,3.549699653460328,3.549699653460328,0,0,0,1
39,2,83.90870070858244,18.046292468175256,17.951300176698588,57.18624997270672,25.67244403654346,18.167997011958807,2.6241006566328373,3.549699653460328,0,0,1,2
39,3,71.35308387654875,17.90763512437338,18.822903686194003,50.80089793367236,27.73699280911009,20.12216252958788,1.8037262674076469,2.6241006566328373,1,1,1,3
39,4,58.914907242742686,19.619279643371726,19.195510641614625,44.54795436332901,28.02708980154136,20.56766814099561,1.5547720792257582,1.8037262674076469,2,1,1,4
39,5,40.45128206505369,20.44916307774933,20.536156161598065,38.24733443944139,25.1683850728276,23.161504238907817,2.307953147211124,1.5547720792257582,3,1,1,5
39,6,18.938941370606457,21.599353010140945,21.462962644866035,32.0270894957903,27.145519492865287,21.63089748685088,2.689042586805904,2.307953147211124,4,1,1,6
39,7,0.0,23.21220312268408,23.15104260410072,42.122852461672245,30.595726720484485,25.491845312193,3.15649022843441,2.689042586805904,4,0,0,7
39,8,0.0,21.55724034565993,21.458353362986696,52.05221368291035,30.51243740408976,24.650680491677463,2.84357949728947,3.15649022843441,4,0,0,8
39,9,0.0,19.851001548486888,19.807594455115545,62.22196044491923,30.076126265468627,26.42246685680295,3.1455647244653067,2.84357949728947,4,0,0,9
40,0,221.58165897976917,21.0,21.0,40.0,26.13526509433376,24.3194108763197,7.44725631006753,0.0,0,0,0,0
40,1,221.58165897976917,19.122705301886675,19.086388217526395,49.08184167471762,26.13526509433376,24.3194108763197,7.44725631006753,7.44725631006753,0,0,0,1
40,2,211.8779052258584,18.052476821830115,18.117842220298964,58.78559724466917,25.789493528433376,28.120259637964104,8.158871391106395,7.44725631006753,0,0,0,2
40,3,211.8779052258584,16.732348212384718,16.735806469029225,68.68809690577379,26.93024659843937,28.08364040769745,8.292765895521203,8.158871391106395,0,1,1,3
40,4,162.74351779014756,18.807536682586036,18.752855966452085,79.97088605803917,32.6821619570299,30.0,8.189064572618467,8.292765895521203,0,1,1,4
40,5,105.9898145499346,20.005508725207907,20.05308389779973,75.49034743827441,28.441452112418013,30.0,7.094212905026619,8.189064572618467,1,1,1,5
40,6,60.710520379563775,21.25574054248455,21.2101401276591,71.40867322320533,31.111879312116848,29.545486159721573,5.659911771296353,7.094212905026619,2,1,1,6
40,7,18.215870485007745,22.35512999976878,22.259191462100947,68.1952411822446,35.48093310577375,30.0,5.311831236819503,5.659911771296353,3,0,0,7
40,8,7.109557403090577,20.1842509520152,20.055687102294197,64.90998806025962,36.474598825575775,28.607328274507715,5.553156540958584,5.311831236819503,4,0,0,8
40,9,7.109557403090577,18.620009862422204,18.563984579759403,75.29113156961272,31.2013706876807,26.47164880872539,4.821941149821948,5.553156540958584,4,0,0,9
41,0,150.76837515930805,21.0,21.0,40.0,26.44633370645822,20.839991102824285,3.102958583894277,0.0,0,0,0,0
41,1,150.76837515930805,19.128926674129165,19.016799822056488,48.51153846567085,26.44633370645822,20.839991102824285,3.102958583894277,3.102958583894277,0,0,0,1
41,2,147.43842370974804,17.939178944459513,18.070374968459145,56.28762674921613,20.533088878220013,22.66740158592044,2.561894358551016,3.102958583894277,0,1,0,2
41,3,132.45875583407906,19.06021971702414,15.86761161928769,51.22941385100614,31.44730754616413,23.784843019335973,2.9959335751337983,2.561894358551016,1,1,1,3
41,4,105.41142820965132,18.169515935231587,19.080290678675023,45.49354778241509,26.90889751196228,24.558513218087423,3.380915953053469,2.9959335751337983,2,1,1,4
41,5,69.96768665752171,19.94017106574657,19.603690644270745,38.89617783030267,24.92183898297999,21.75943906083988,4.430467694016202,3.380915953053469,3,1,1,5
41,6,29.20881709293606,20.911941124875213,20.884869465887117,32.96219329602333,28.383770929439788,21.982981657897223,5.094858695573207,4.430467694016202,4,1,1,6
41,7,0.0,22.56909570749899,22.50723876266345,41.72634597268575,26.094329609583674,22.595407482985337,4.86813618215601,5.094858695573207,4,0,0,7
41,8,0.0,20.87702698179445,20.843648286262088,50.42542240725407,25.46249568170993,22.865706732558507,5.241234641353593,4.86813618215601,4,0,0,8
41,9,0.0,19.23383090290011,19.235586552009355,60.38140159980602,27.86194674585024,27.44904876832725,5.14979609092859,5.241234641353593,4,0,0,9
42,0,178.95137266367794,21.0,21.0,40.0,29.987010434134508,19.76712411690996,5.834657414711694,0.0,0,0,0,0
42,1,178.95137266367794,19.19974020868269,18.9953424823382,48.955744219188006,29.987010434134508,19.76712411690996,5.834657414711694,5.834657414711694,0,0,0,1
42,2,171.39388288365674,18.149981224121007,18.10894751221321,58.86366113134814,33.29933263576874,21.74465020956532,5.9607067277296135,5.834657414711694,0,0,0,2
42,3,171.39388288365674,16.818166409073996,16.70072792754502,68.50507916623688,30.025431641112768,23.53800188604692,5.919797200873134,5.9607067277296135,0,1,1,3
42,4,139.74736068054153,18.77208093619139,18.63036997658904,77.95540148502197,30.67445793148462,21.82733272843251,5.274420367185867,5.919797200873134,0,1,1,4
42,5,103.97812507147832,20.0372497484389,19.89179118301586,73.58822570496861,34.23491916577876,24.83632650059146,4.471154451132899,5.274420367185867,1,1,1,5
42,6,66.58065424797675,21.20255623937911,21.010420115411005,68.27978135329604,32.8153302518961,21.026645572145227,4.674683852937698,4.471154451132899,2,1,1,6
42,7,25.21195441307755,22.25457731998552,21.98667047093471,63.757211228153466,37.24266403063518,20.96527971857273,5.1710874793624,4.674683852937698,3,0,1,7
42,8,0.0,19.89048587517186,22.831834825666466,58.83529865961974,31.47026491514456,24.51910970411249,5.04239088261551,5.1710874793624,4,0,0,8
42,9,0.0,20.27013506081079,19.197226835348932,69.65944981789158,34.829675058591924,25.30449804291834,4.839419026145672,5.04239088261551,4,0,0,9
43,0,50.97078630710521,21.0,21.0,40.0,29.811094768392017,22.949714610376667,2.890251659731517,0.0,0,0,0,0
43,1,50.97078630710521,19.19622189536784,19.058994292207533,49.49694568817837,29.811094768392017,22.949714610376667,2.890251659731517,2.890251659731517,0,0,0,1
43,2,49.94747120857373,18.258434232808423,18.161467107472223,60.95800739355175,37.56502398388372,26.107541045968468,0.8512263544070675,2.890251659731517,0,0,0,2
43,3,47.42848182443616,17.8668615895808,16.167051357880457,57.50247239378896,36.323127454673454,27.81278921331106,0.7078410405916155,0.8512263544070675,1,1,1,3
43,4,43.45731278935497,18.14187600966999,18.55903373969341,54.06727349399867,34.444080987749395,29.80481401341568,0.4963961293851486,0.7078410405916155,2,1,1,4
43,5,36.23938834951466,19.8486451887462,19.569514332378485,50.78464844465249,36.39785218583333,28.698675317799022,0.9022405549800392,0.4963961293851486,3,1,1,5
43,6,25.11181065495237,21.01872905293837,20.88448298813216,46.826464693177314,36.121344844371016,25.22207875854469,1.3909472118202864,0.9022405549800392,4,1,1,6
43,7,16.5826108952526,22.73786229294129,22.70848352989373,58.058867796396505,32.942434293400204,29.45980516892865,1.4215332932832951,1.3909472118202864,4,0,0,7
43,8,7.11096512523957,24.168010061409205,24.00551647493427,67.83651368889943,31.44280786390493,22.87744709444464,1.578607628335505,1.4215332932832951,4,0,0,8
43,9,7.11096512523957,22.22848033591136,22.087107687178825,78.13993272195358,33.37362654202585,23.86759030827504,2.483839210756724,1.578607628335505,4,0,0,9
44,0,73.97786364429423,21.0,21.0,40.0,25.90418423101937,18.722284496043383,4.654610242215172,0.0,0,0,0,0
44,1,73.97786364429423,19.118083684620387,18.97444568992087,48.0327643708713,25.90418423101937,18.722284496043383,4.654610242215172,4.654610242215172,0,0,0,1
44,2,71.4199909185865,18.11883595037428,18.07541274962944,56.24820061192786,25.941797518713987,19.69951493160024,1.7241495182611497,4.654610242215172,0,0,0,2
44,3,67.50268458307286,17.92509301048137,15.901077338799611,49.73567462360201,27.15978129825489,19.99285209993484,1.006061654220312,1.7241495182611497,1,1,1,3
44,4,54.72054663062893,17.865817657313045,18.29167191278287,43.09240915566457,27.74691262881912,18.67939032708398,1.5977672440554924,1.006061654220312,2,1,1,4
44,5,37.79246913405716,19.386257257313265,19.11996225366701,36.00402746708543,25.440185706857164,18.513249356592056,2.116009687071472,1.5977672440554924,3,1,1,5
44,6,17.228034770470074,20.431967629788502,20.363470283481604,29.462590647576185,27.205655019715987,19.78636264967712,2.5705542954483858,2.116009687071472,4,1,1,6
44,7,0.0,22.21925738743373,22.085625885390414,39.39480123588084,31.443991504786457,23.7349562080172,2.871339128411679,2.5705542954483858,4,0,0,7
44,8,0.0,20.64097276756964,20.586360903051464,49.90255799197047,31.555746089639232,26.82068033308093,3.297581507654737,2.871339128411679,4,0,0,8
44,9,0.0,19.06552967106533,19.06495153493887,60.80417788360208,30.70631986380228,29.85823508970669,4.743905309020032,3.297581507654737,4,0,0,9
45,0,38.46238312259696,21.0,21.0,40.0,30.254637820087137,24.15019091140085,3.5976983036800734,0.0,0,0,0,0
45,1,38.46238312259696,19.205092756401744,19.08300381822802,49.79286917166784,30.254637820087137,24.15019091140085,3.5976983036800734,3.5976983036800734,0,0,0,1
45,2,36.18047586404288,18.067130695012757,18.049996756043143,59.21313093549671,29.105258078665106,23.22952949816192,2.0809784299933503,3.5976983036800734,0,0,0,2
45,3,33.904932448145495,17.938101453951468,15.961157960957966,54.4489344949381,31.93629455773724,24.92928077249275,0.5922896772768235,2.0809784299933503,1,1,1,3
45,4,29.695929365258134,18.094970317685014,18.472013229973346,50.89909339347224,37.20700033061553,26.404993550129674,0.5261253853609194,0.5922896772768235,2,1,1,4
45,5,22.670758773093866,19.791564146883434,19.5412912579155,47.933533531005175,36.858000764071846,30.0,0.8781463240205345,0.5261253853609194,3,1,1,5
45,6,16.46468558447638,21.014683417498432,20.937325865504715,45.10548829916208,37.621970934205024,30.0,0.7757591485771851,0.8781463240205345,4,1,1,6
45,7,11.56206188328328,22.80520206367529,22.73271290846296,56.7667560864561,34.784821040522374,30.0,0.8171039501988502,0.7757591485771851,4,0,0,7
45,8,4.326089489663839,24.30176200072615,24.187672096046327,68.6458599134639,36.39342691166532,29.601594349489066,1.205995398936574,0.8171039501988502,4,0,0,8
45,9,4.326089489663839,22.416824991970746,22.25172164755721,79.56705525498317,35.31991162187953,25.353395831005383,1.573667991162541,1.205995398936574,4,0,0,9
46,0,108.69834547211616,21.0,21.0,40.0,29.4495500706672,18.6187221624415,4.5438854064702365,0.0,0,0,0,0
46,1,108.69834547211616,19.188991001413346,18.97237444324883,48.652289001959566,29.4495500706672,18.6187221624415,4.5438854064702365,4.5438854064702365,0,0,0,1
46,2,104.42358181141964,18.222083600429396,18.073465719521867,58.98074213288544,36.822589690922285,20.557705480888096,3.318594556676413,4.5438854064702365,0,0,0,2
46,3,94.2470700400242,17.868243021502106,16.146155204205858,55.21273960173126,33.221464617825134,29.178521320207217,2.760994152168577,3.318594556676413,1,1,1,3
46,4,75.57473964648116,18.090243682860223,18.555351533619767,51.43777915219192,32.46862777867955,29.89270305721302,2.3340412991928807,2.760994152168577,2,1,1,4
46,5,56.63523907889376,19.78049553307008,19.480035086671915,47.18454170675725,33.87532048638328,25.828915927868483,2.3674375709484248,2.3340412991928807,3,1,1,5
46,6,30.52743692694862,20.86248636666074,20.744045760059038,41.83303282732503,32.01583273682822,21.586895710770563,3.263475268993142,2.3674375709484248,4,1,1,6
46,7,9.666285157921084,22.59385099854921,22.477989725387044,52.097997346696445,32.298626710154295,24.728953953020262,3.4768586281712563,3.263475268993142,4,0,0,7
46,8,9.666285157921084,20.984269341418468,20.83628785501464,61.73241048108606,31.33075541544981,22.19376199782585,4.762002933142295,3.4768586281712563,4,0,0,8
46,9,9.666285157921084,19.31818741499032,19.21651450758276,71.4669062627603,30.69194989342392,23.388582226988508,4.7117340763246425,4.762002933142295,4,0,0,9
47,0,74.6718919259018,21.0,21.0,40.0,29.243793583307443,15.3766626812058,4.877650132873091,0.0,0,0,0,0
47,1,74.6718919259018,19.18487587166615,18.90753325362412,48.03168212761239,29.243793583307443,15.3766626812058,4.877650132873091,4.877650132873091,0,0,0,1
47,2,69.1408099460189,18.17370430536861,18.036862573159084,56.722048942239184,32.835549464245176,15.444266172570392,3.821886412746363,4.877650132873091,0,0,0,2
47,3,64.78193131839463,16.132288562940765,15.945832518132102,51.388238725445376,32.53824128736074,21.16281306378475,2.179439313812137,3.821886412746363,1,1,1,3
47,4,49.91981656935162,17.493616032039455,17.337282248518544,46.96485072415244,34.68624269827398,24.0727128500986,1.857764343630376,2.179439313812137,2,1,1,4
47,5,39.60732497398237,18.836306099083608,18.746931989272483,42.315025677212745,32.15734210240793,25.3436298590382,1.2890614494211567,1.857764343630376,3,1,1,5
47,6,28.75625636859766,20.161017824823148,20.068164413332767,38.15343730493164,33.09834007672874,27.11505785504288,1.356383575673089,1.2890614494211567,4,1,1,6
47,7,15.73187695217127,21.930052879362588,21.85340735257399,47.97951149367323,29.907189280175064,24.682111768389365,2.170729902737732,1.356383575673089,4,1,1,7
47,8,0.0,23.42736495078738,23.330005828387527,58.4811288579364,32.179978856086194,26.16233983426476,2.621979492028545,2.170729902737732,4,0,0,8
47,9,0.0,21.59918742193356,21.493407953408244,69.24847569432065,33.283976898865824,26.534616636602195,3.019997386790584,2.621979492028545,4,0,0,9
48,0,126.940067097567,21.0,21.0,40.0,32.077185826254336,16.38042125620044,5.698919282270699,0.0,0,0,0,0
48,1,126.940067097567,19.241543716525086,18.92760842512401,48.72236927484186,32.077185826254336,16.38042125620044,5.698919282270699,5.698919282270699,0,0,0,1
48,2,120.35205220833092,18.248286143092383,18.186015712714013,60.288923274639885,37.868272213754224,26.39036111845704,5.13764505915,5.698919282270699,0,0,0,2
48,3,110.72053244456008,16.27292885828149,16.19544534899556,56.65513787772619,33.97693430189244,29.16870238192036,4.815759881885412,5.13764505915,1,1,1,3
48,4,74.99246861173927,17.6747634866231,17.566626502132003,52.765124927953295,34.14562607144157,27.576524207597902,4.466007979102603,4.815759881885412,2,1,1,4
48,5,47.52985333322619,19.0838613789114,19.017551140925946,49.45388692794833,34.93756666663909,30.0,3.432826909814134,4.466007979102603,3,1,1,5
48,6,24.858317901994216,20.442629073014366,20.33676495653083,46.04699178317258,35.346998739268926,29.05913934531021,2.833941928903997,3.432826909814134,4,1,1,6
48,7,6.87826491256357,22.29425114429174,22.209312029080355,57.89727693458063,35.834917507822496,30.0,2.996675498238441,2.833941928903997,4,0,0,7
48,8,6.87826491256357,20.76886760285998,20.65719740162052,68.58430850096646,33.11499719058823,26.257400400444176,3.4115616200073817,2.996675498238441,4,0,0,8
48,9,6.87826491256357,19.10948807555529,19.038108699900203,78.03024471339864,28.860722601873697,23.61670080052735,3.813120106325147,3.4115616200073817,4,0,0,9
49,0,94.95790038763018,21.0,21.0,40.0,34.66788230859014,19.37149424433721,3.408745208019633,0.0,0,0,0,0
49,1,94.95790038763018,19.293357646171803,18.987429884886744,49.727087779526926,34.66788230859014,19.37149424433721,3.408745208019633,3.408745208019633,0,0,0,1
49,2,92.96350008244248,18.210194747155185,18.164813616464,60.504661961080224,36.92967849045933,22.945733629281232,1.647990222651701,3.408745208019633,0,0,0,2
49,3,90.36073130129029,17.97572951392728,16.034319414657357,56.673149882788096,39.473976133722616,22.573178986876645,0.7195915587041898,1.647990222651701,1,1,1,3
49,4,82.85949958201226,18.18319484753421,18.512563343556188,53.38488551144147,38.858962312456505,26.206235624506657,0.9376539649097528,0.7195915587041898,2,1,1,4
49,5,65.32853661217354,19.87020788555903,19.521388589404165,49.904920668653205,38.25031634262834,25.74987897521464,2.1913703712298416,0.9376539649097528,3,1,1,5
49,6,41.09036406179607,20.98137683748177,20.9375030389516,46.302908109351634,35.37406590857813,27.9480865397465,3.029771568797183,2.1913703712298416,4,1,1,6
49,7,25.703814328370942,22.785838001963874,22.712782112487027,57.87887037067473,34.310901451794976,30.0,2.564424955570855,3.029771568797183,4,0,0,7
49,8,9.480000541116542,24.213808854080117,24.16953186197388,69.12142211848368,32.88415438431264,29.574466436848137,2.7039689645424,2.564424955570855,4,0,0,8
49,9,9.480000541116542,22.334690485773315,22.233859455491743,80.00200355945657,33.0766905338719,27.37098413819972,3.462652050004342,2.7039689645424,4,0,0,9
50,0,180.1732468221114,21.0,21.0,40.0,29.218066717050583,15.959486398172444,7.9803937171331825,0.0,0,0,0,0
50,1,180.1732468221114,19.184361334341013,18.91918972796345,48.13195956074014,29.218066717050583,15.959486398172444,7.9803937171331825,7.9803937171331825,0,0,0,1
50,2,168.40397154708845,18.087097148764016,18.097975603273188,56.28851878200612,25.95947195458388,19.354745941338184,8.00085261415287,7.9803937171331825,0,0,0,2
50,3,168.40397154708845,16.747401571836253,16.56869056584487,64.70295049925963,27.759608177781093,18.98723469584954,7.5448545155498685,8.00085261415287,0,1,1,3
50,4,134.8504577999339,18.60765837492334,18.604222315305098,74.08083862647376,27.475923277652807,24.62345520687017,5.592252291192419,7.5448545155498685,0,1,1,4
50,5,96.01520489062251,19.955577692298608,19.656974266436748,68.40888089461693,33.40208461630324,18.420372428936545,4.854406613663929,5.592252291192419,1,1,1,5
50,6,61.0764144145101,21.01666423915323,20.89440723252781,62.9468532739899,31.79031858007983,21.198416860881103,4.367348809514051,4.854406613663929,2,1,1,6
50,7,23.650429963476725,22.03679035293784,21.87269966317252,57.88389272874197,32.62208216813495,22.58369258048766,4.678248056379172,4.367348809514051,3,0,1,7
50,8,0.0,19.84179936643946,22.64983215350343,53.57301550810931,35.721868217105595,23.662147223824093,4.730085992695345,4.678248056379172,4,0,0,8
50,9,0.0,20.065114321430677,19.184551409151915,64.30648354143992,30.769015885463187,28.861362077484664,5.528298786979815,4.730085992695345,4,0,0,9
51,0,96.75302793703504,21.0,21.0,40.0,30.64393802657934,20.32068332507236,2.1840935358026163,0.0,0,0,0,0
51,1,90.20074732962718,22.212878760531588,19.006413666501448,49.17363184329731,30.64393802657934,20.32068332507236,2.1840935358026163,2.1840935358026163,0,0,0,1
51,2,90.20074732962718,18.388444493709336,19.244704888546877,58.36439939426033,28.17188819807372,22.88793152949864,0.3721148471313862,2.1840935358026163,0,0,0,2
51,3,88.62528437508684,17.88977965762296,16.44322021598749,52.30250186033605,28.18376723601623,21.472357575515527,0.5156233421108458,0.3721148471313862,1,1,1,3
51,4,78.59288534245972,18.251756078599676,18.547829704515813,47.33278316250609,31.30924767039048,24.41453734166527,1.2540498790783896,0.5156233421108458,2,1,1,4
51,5,57.14377030275846,19.74987695006421,19.56199254341088,42.29427199092166,30.14736027311659,25.19424432919215,2.681139379962658,1.2540498790783896,3,1,1,5
51,6,27.895196054940502,20.78453392226922,20.81926294759259,36.5023009225298,26.11876556017168,25.03695072654021,3.656071780977245,2.681139379962658,4,1,1,6
51,7,0.0,22.51499577306401,22.50429290031405,46.316452567426936,27.268636475760243,27.254428218112764,4.649199342490084,3.656071780977245,4,0,0,7
51,8,0.0,20.836863891816257,20.906844873580397,55.68490143200977,24.35421606980689,27.6927220667644,4.738441990791925,4.649199342490084,4,0,0,8
51,9,0.0,19.178692304108907,19.193228523198968,64.57683964769254,23.81156553641412,25.58809121737903,4.8353946008621,4.738441990791925,4,0,0,9
52,0,190.8496986868537,21.0,21.0,40.0,26.97908180760525,21.78795921492037,7.628802819259527,0.0,0,0,0,0
52,1,190.8496986868537,19.139581636152105,19.03575918429841,48.77806738405461,26.97908180760525,21.78795921492037,7.628802819259527,7.628802819259527,0,0,0,1
52,2,179.81120877457073,18.121786652441877,18.14686127748554,58.90792684149646,29.081853463384,27.19514352240409,8.686858000619516,7.628802819259527,0,0,0,2
52,3,179.81120877457073,16.782125590457436,16.806057485049255,69.09421805826933,27.508896327301755,29.081610432547564,8.68636343132109,8.686858000619516,0,1,1,3
52,4,132.80510011418653,18.86859528915916,18.726082313946005,79.71334180498685,32.88090113399442,26.11423079221399,7.834351443397368,8.68636343132109,0,1,1,4
52,5,79.21093715435902,20.18600042796604,19.947758939383377,75.63159575635507,37.35336772691018,23.303598669579863,6.69927036997844,7.834351443397368,1,1,1,5
52,6,41.57156180104915,21.39303444126636,21.23151827728276,72.3691193477669,38.4289474623262,26.779516934406207,4.704921919163732,6.69927036997844,2,1,1,6
52,7,11.872597840697418,22.444060314016475,22.224597925534727,68.35947471385508,37.22669584772122,23.8308339638798,3.712370495043966,4.704921919163732,3,0,0,7
52,8,5.850122194675466,20.25453458060688,20.07049234715726,65.39989355374281,39.69263163843063,27.198584138723422,3.011237823010976,3.712370495043966,4,0,0,8
52,9,5.850122194675466,18.8001360665326,18.662773902849302,77.60205693291513,38.70926911843311,29.08052743252425,2.481526182660171,3.011237823010976,4,0,0,9
53,0,153.4584934675911,21.0,21.0,40.0,32.15040635947739,16.98588571567614,6.51305022031198,0.0,0,0,0,0
53,1,153.4584934675911,19.243008127189547,18.939717714313524,48.84453257352764,32.15040635947739,16.98588571567614,6.51305022031198,6.51305022031198,0,0,0,1
53,2,145.36023321137995,17.98248894471053,18.05354257585782,57.019560790902105,25.609719925201645,19.8071035046565,6.485602323948595,6.51305022031198,0,1,0,2
53,3,125.96574067245948,19.66863219281301,16.611258262594003,66.31541134258637,26.723253109882407,24.9203610661413,6.464830846306827,6.485602323948595,0,1,1,3
53,4,91.1852594667096,19.545589047656197,20.307544394961187,75.45780786772124,29.276966697170145,21.514125109134675,5.796746867624979,6.464830846306827,0,1,1,4
53,5,52.6706167826825,21.189987008575308,20.83284501144772,70.08422339310297,29.95392794946264,23.526158302658114,4.814330335503388,5.796746867624979,1,1,1,5
53,6,23.04466082097625,22.07081346452812,22.068629750179863,65.15427296328825,30.705517754344644,25.239202080017986,3.703244495213281,4.814330335503388,2,0,0,6
53,7,6.690120603321816,19.95140523527513,22.986153952963463,60.29412384867626,27.31391237481465,29.01859254400765,3.270908043530888,3.703244495213281,3,0,0,7
53,8,1.678248620491823,19.63147076090928,18.807953333540844,54.38601950436998,23.082586011808587,27.427945408712063,2.5059359914149963,3.270908043530888,4,0,0,8
53,9,0.0,18.070909360440886,18.14642270861402,63.98473298760358,25.170508358217145,28.15567765974726,2.2656475064263253,2.5059359914149963,4,0,0,9
54,0,107.24110383074895,21.0,21.0,40.0,33.19546111629865,19.02161508290255,4.375828190331141,0.0,0,0,0,0
54,1,107.24110383074895,19.26390922232597,18.98043230165805,49.39907371585622,33.19546111629865,19.02161508290255,4.375828190331141,4.375828190331141,0,0,0,1
54,2,103.816076963523,18.0355827838425,18.11041492760289,59.34822812283336,32.133670381405466,23.139409657356428,3.096660304303766,4.375828190331141,0,0,0,2
54,3,97.10164743984026,17.87253245949946,15.931644580702796,53.8941643561793,29.539202552698423,23.493776521445675,1.7681045383487723,3.096660304303766,1,1,1,3
54,4,80.52404220657955,17.887124773055948,18.39567018285439,48.55679316410933,28.6836594235974,24.997611731569428,2.072200654157589,1.7681045383487723,2,1,1,4
54,5,57.83583764864151,19.531344978703245,19.305911656357985,43.43277196716196,29.25501693806712,25.61153196778081,2.8360255697422554,2.072200654157589,3,1,1,5
54,6,33.745188912302325,20.62842048542483,20.676802827414438,38.798003038719365,29.27349989995337,28.311117164254465,3.011331092042398,2.8360255697422554,4,1,1,6
54,7,12.103042623933224,22.402914995308148,22.396814538414343,49.05456823859901,28.280102745977533,28.7008150311316,3.6070243813948495,3.011331092042398,4,0,0,7
54,8,12.103042623933224,20.936097522072338,20.749548815241933,59.67888428165055,34.22146010594014,24.802517911012835,4.484597988090421,3.6070243813948495,4,0,0,8
54,9,12.103042623933224,19.321469692710675,19.213869689288185,70.51189515701942,34.18081226281503,26.002581489234323,4.81569859788665,4.484597988090421,4,0,0,9
55,0,175.95502201384343,21.0,21.0,40.0,28.997468520857502,17.531056450986682,6.586273447994834,0.0,0,0,0,0
55,1,175.95502201384343,19.17994937041715,18.950621129019734,48.37513449493196,28.997468520857502,17.531056450986682,6.586273447994834,6.586273447994834,0,0,0,1
55,2,167.14281707328598,17.972399724324426,18.024008284942727,55.81171921371631,25.11821322887552,16.196146319926427,6.586015885204269,6.586273447994834,0,1,0,2
55,3,148.1742809336676,19.610125698192405,16.493716899410103,63.84408948669963,24.83529541209621,19.7889838822556,6.322845379872796,6.586015885204269,0,1,1,3
55,4,114.88477114855884,19.462160397190363,20.29913397332831,73.58592201116268,29.509372488704827,24.611919313867688,5.5482516308514604,6.322845379872796,0,1,1,4
55,5,76.98551240981973,21.174868764436404,20.72340514667044,67.83521104029828,30.70175814849115,20.68318090226213,4.73740734234239,5.5482516308514604,1,1,1,5
55,6,40.05517328208137,22.008356279077585,21.93393226642982,62.139789269899495,31.09262808722004,20.599473188342312,4.616292390967295,4.73740734234239,2,0,1,6
55,7,14.801083725934983,19.86686975370776,22.853859022921377,56.92511927132696,28.064920590705103,26.29802386166976,5.050817911229276,4.616292390967295,3,0,0,7
55,8,3.5266028799155653,19.68365178476865,18.76870895591425,52.88977107715232,30.928517329550584,29.98621492503469,5.63724042300971,5.050817911229276,4,0,0,8
55,9,0.0,18.103161128099007,18.002224515586448,62.88188407533622,32.30456770133104,23.207171177468403,6.1499460162947726,5.63724042300971,4,0,0,9
56,0,245.69100361806213,21.0,21.0,40.0,26.61957445211669,15.038631154240514,7.097909666639003,0.0,0,0,0,0
56,1,245.69100361806213,19.13239148904233,18.90077262308481,47.498477009144295,26.61957445211669,15.038631154240514,7.097909666639003,7.097909666639003,0,0,0,1
56,2,234.0568842979528,18.117041090733647,18.09168030056072,55.639999136544205,27.628218140827848,17.6024603447272,7.459345216170991,7.097909666639003,0,0,0,2
56,3,234.0568842979528,16.7862546679677,16.59284863906899,64.42997740001478,29.44196293618293,19.39124963865361,7.350310155337353,7.459345216170991,0,1,1,3
56,4,188.63633458363708,18.760300891670312,18.61158107203888,74.73748651677562,33.800510476306364,23.46342906125385,7.5700916190526115,7.350310155337353,0,1,1,4
56,5,125.30805905450568,19.921303610642724,19.869870189465708,69.37711504208232,29.17798008029097,24.37551172696851,7.916034441141425,7.5700916190526115,1,1,1,5
56,6,67.56947615328329,21.1704671502843,21.063296928780463,65.37248397278688,33.60769767060292,27.47768527775572,7.217322862652798,7.916034441141425,2,1,1,6
56,7,12.74951660956975,22.124622641004404,22.11914323262892,60.70419602543747,29.63996201691753,27.758438275585707,6.852494942964192,7.217322862652798,3,0,0,7
56,8,0.0,19.99972772090881,19.841565364383733,56.8326384470157,34.90749453588269,26.91718558399636,6.374758304784875,6.852494942964192,4,0,0,8
56,9,0.0,18.4561538620351,18.375819722398216,67.27461848567069,32.20007127223505,25.810928942514856,6.010626798466414,6.374758304784875,4,0,0,9
57,0,257.8233933860536,21.0,21.0,40.0,31.569373378022984,21.37348539219084,7.750110584172605,0.0,0,0,0,0
57,1,257.8233933860536,19.23138746756046,19.027469707843817,49.52971457863849,31.569373378022984,21.37348539219084,7.750110584172605,7.750110584172605,0,0,0,1
57,2,247.3452024999248,18.17163086911832,17.986261877162654,58.99671951399151,33.931903163682385,18.662568699389933,9.04507127154356,7.750110584172605,0,0,1,2
57,3,219.35031765646215,16.91280780603559,19.707247747994533,70.36698002501147,38.11332586574945,25.05478808436148,9.3316282811542,9.04507127154356,0,1,1,3
57,4,148.30582326583703,20.12914484886907,19.029037883613,68.09948286008137,41.91243799745935,28.823688864040044,8.880561798828143,9.3316282811542,1,1,1,4
57,5,85.41112771689612,20.687225029835115,20.85680963390068,64.04582293097403,34.41768733470548,26.39531305914268,7.861836943617614,8.880561798828143,2,1,1,5
57,6,33.61499090010767,22.030632564560072,21.853395374795987,60.69539360891858,35.51896376345633,29.200873336235624,6.474517102098555,7.861836943617614,3,0,1,6
57,7,7.421707332151882,20.061235571275542,22.89348069255218,58.05852190495935,39.86517393587248,28.81887215324292,5.238656713591158,6.474517102098555,4,0,0,7
57,8,7.421707332151882,20.67761815715833,19.59749064884347,70.93260765234623,41.52269859659381,30.0,3.9557327294411153,5.238656713591158,4,0,0,8
57,9,0.0,18.164061025679707,18.01656356920183,68.27562504567614,42.39978992351935,26.17252892831344,3.4567956262222816,3.9557327294411153,5,0,0,9
58,0,115.31797748871908,21.0,21.0,40.0,25.37415128584443,15.58139350111973,5.08344749683471,0.0,0,0,0,0
58,1,115.31797748871908,19.10748302571689,18.9116278700224,47.37199806165355,25.37415128584443,15.58139350111973,5.08344749683471,5.08344749683471,0,0,0,1
58,2,108.51347125834128,18.116103914187494,17.957806512600293,55.1639269229165,28.15605093014989,15.1324427435332,4.609003204200628,5.08344749683471,0,0,1,2
58,3,91.17452005805882,15.90415300441395,18.800828825925805,47.57878070861791,24.36715104550054,16.826481097285097,3.46779024005649,4.609003204200628,1,1,1,3
58,4,70.13053712154752,19.05429096766198,17.96974847110459,41.6160910621403,30.4921336234914,19.715146118299657,2.6304978670639123,3.46779024005649,2,1,1,4
58,5,47.14762569803811,19.68596775752928,19.77488823412125,36.10038376336107,32.25631431277226,20.434200694009803,2.8728639279386754,2.6304978670639123,3,1,1,5
58,6,20.361530264226005,21.033068958505293,20.808472478350662,31.241323162695444,33.11728453868787,23.22126767983641,3.348261929226514,2.8728639279386754,4,1,1,6
58,7,0.0,22.724504302820783,22.57521652403057,41.65363319619958,34.339751497315454,23.50641535548529,3.393588377371001,3.348261929226514,4,0,0,7
58,8,0.0,21.122835923191182,20.999950386739737,52.16227951845722,33.382480980706234,24.99888747628065,3.55344643383984,3.393588377371001,4,0,0,8
58,9,0.0,19.54160821393799,19.36730196908382,62.81659382483777,34.874615162463826,24.31601987298364,3.9171450458364174,3.55344643383984,4,0,0,9
59,0,240.80551737443196,21.0,21.0,40.0,26.483845303341628,21.9133357931149,7.650094558098215,0.0,0,0,0,0
59,1,240.80551737443196,19.129676906066837,19.0382667158623,48.711492597362174,26.483845303341628,21.9133357931149,7.650094558098215,7.650094558098215,0,0,0,1
59,2,229.29447774846625,18.151756336128827,18.119888134449702,58.20483748574591,30.00638194150466,22.73442299396057,8.519821414727545,7.650094558098215,0,0,0,2
59,3,229.29447774846625,16.797351611868255,16.729302923942114,67.81309986597785,28.629846433613373,24.74938901211956,9.1054755409023,8.519821414727545,0,1,1,3
59,4,177.06421708120968,18.749921900461292,18.6396447581901,77.0846062841517,29.021478211153376,22.48689077870142,8.705043444542765,9.1054755409023,0,1,1,4
59,5,111.66438397388622,19.94880493226832,19.81173047401064,71.30524323596127,29.86682044516908,21.3589403982174,8.17497913841543,8.705043444542765,1,1,1,5
59,6,52.83819911723347,21.06113534623151,21.003829772771724,66.0295925161308,29.47277910723153,24.55138356037698,7.353273107081593,8.17497913841543,2,1,1,6
59,7,8.3306759560728,22.046533613118296,22.03890147331911,61.30359906051655,29.159502363666185,27.918311771810146,5.563440395145084,7.353273107081593,3,0,0,7
59,8,0.0,19.80188772546905,19.762754461032888,56.22466276926629,28.59408296148077,26.522937642684443,4.1653379780364,5.563440395145084,4,0,0,8
59,9,0.0,18.34189582850156,18.208137051697804,66.37004875001952,31.81909662767957,24.54415882094948,2.637130635304324,4.1653379780364,4,0,0,9
60,0,139.08223079157315,21.0,21.0,40.0,28.238716441256617,21.80676443699532,6.108384533467637,0.0,0,0,0,0
60,1,139.08223079157315,19.16477432882513,19.036135288739903,49.00818655808535,28.238716441256617,21.80676443699532,6.108384533467637,6.108384533467637,0,0,0,1
60,2,130.98992836554595,18.16510536474478,18.079823671034717,58.46772491462403,29.14870320294833,23.404287666710992,6.232227172576165,6.108384533467637,0,0,0,2
60,3,130.98992836554595,16.88662679845848,16.67696274486525,68.62479738434843,34.0953042363352,22.33287615102256,5.994257226585736,6.232227172576165,0,1,1,3
60,4,100.7144190449623,18.83888795398069,18.73411287469927,79.24803777192119,33.70085846057591,25.31714369260612,5.045918220097278,5.994257226585736,0,1,1,4
60,5,68.71404225634785,20.03300029258372,20.022794095579822,74.64018878346063,29.90805416287307,27.82611812345712,4.000047098576806,5.045918220097278,1,1,1,5
60,6,44.47050078611972,21.165036038316057,21.16078286570496,69.32062437552506,27.072974659652346,26.707223074038943,3.0304426837785177,4.000047098576806,2,1,1,6
60,7,22.87371851696147,22.146758420145296,22.126057578986263,64.16814347551414,27.903639545750966,26.80479989863286,2.69959778364478,3.0304426837785177,3,0,0,7
60,8,6.569480235546746,19.92085811805249,22.91857742409554,60.04456199225601,30.42454731523256,30.0,3.2608476562829454,2.69959778364478,4,0,0,8
60,9,6.569480235546746,20.21943204928054,19.335382999747672,70.70716131173559,29.236662885997664,30.0,3.1088326505662414,3.2608476562829454,4,0,0,9
61,0,111.56655655247904,21.0,21.0,40.0,34.80509278865018,22.839674169226885,5.950740135573955,0.0,0,0,0,0
61,1,111.56655655247904,19.296101855773006,19.05679348338454,50.37605805241788,34.80509278865018,22.839674169226885,5.950740135573955,5.950740135573955,0,0,0,1
61,2,106.33966835626497,18.19988937751776,18.131522750941837,62.41500537302776,38.833880342049866,28.04916032800504,5.4358662334361165,5.950740135573955,0,0,0,2
61,3,106.33966835626497,16.965248121959203,16.805216379973036,73.73343941951991,35.95363782256288,26.92655132461576,4.309642334651941,5.4358662334361165,0,1,1,3
61,4,80.01594866583446,18.2812199123774,18.18874894245928,70.35370487777418,35.790527474666575,28.766502848968244,3.290464961303813,4.309642334651941,1,1,1,4
61,5,59.62718486264463,19.512650209432117,19.568061728476707,65.90467282515172,28.616488596541927,30.0,2.548595475398728,3.290464961303813,2,1,1,5
61,6,35.00016601494539,20.863720728558206,20.778008644202284,62.32647048293467,33.45443143212744,30.0,3.078377355962405,2.548595475398728,3,1,1,6
61,7,14.66192794454528,21.993826556853914,21.8854901868056,59.17362148688558,36.26000267262987,29.557502904875232,2.5422797588000146,3.078377355962405,4,1,1,7
61,8,2.983720069320106,23.582530108110024,23.450555281893568,71.38023260365115,38.01914653290039,29.79535967135276,1.946367979204196,2.5422797588000146,4,0,0,8
61,9,0.0,21.108056552369813,20.9919795511216,68.58125764566951,37.78347245565754,30.0,1.491860034660053,1.946367979204196,5,0,0,9
62,0,133.1006215541065,21.0,21.0,40.0,26.99117210300796,17.055563209259258,4.628507097592875,0.0,0,0,0,0
62,1,133.1006215541065,19.13982344206016,18.941111264185185,47.9284123562081,26.99117210300796,17.055563209259258,4.628507097592875,4.628507097592875,0,0,0,1
62,2,127.47178589791528,18.07052164625506,18.0825850837102,56.5059590522708,28.21705854636809,19.43597865398028,3.984692125971716,4.628507097592875,0,0,0,2
62,3,120.97426698486598,16.166132620681633,15.931504584042324,51.81322115169249,34.40650874457375,22.85605847443565,3.248759456524652,3.984692125971716,1,1,1,3
62,4,95.47567526230884,17.549607761563866,17.35473490775598,47.89275204768235,37.40800633107499,24.14494309109093,3.187323965319643,3.248759456524652,2,1,1,4
62,5,64.97586416988995,18.88667588486674,18.691467425135723,42.60217444658909,33.312375671575445,20.62885987790645,3.812476386552361,3.187323965319643,3,1,1,5
62,6,35.804753825402415,20.03440410938645,20.018935764481625,36.89927250038184,27.67604444225004,23.974500301043022,3.646388793060941,3.812476386552361,4,1,1,6
62,7,17.17424931839181,21.874259568601392,21.81726235128934,47.32222503144228,30.49358893919986,27.41170290002481,3.1050840845017684,3.646388793060941,4,1,1,7
62,8,0.0,23.40855037462518,23.29365480838338,58.07205235777964,33.160499747933585,26.560763176162883,2.862374886398635,3.1050840845017684,4,0,0,8
62,9,0.0,21.56108557150135,21.47339566113968,68.7632132388043,32.751633619812885,26.64370460810192,3.2634216898493698,2.862374886398635,4,0,0,9
63,0,148.9806506286113,21.0,21.0,40.0,28.010417639701927,24.12407232294737,4.690605438706013,0.0,0,0,0,0
63,1,148.9806506286113,19.16020835279404,19.08248144645895,49.38420819327688,28.010417639701927,24.12407232294737,4.690605438706013,4.690605438706013,0,0,0,1
63,2,143.6398519591337,18.257077894506114,18.079325836427067,60.01442623464805,34.9325684176997,24.12419847880682,4.369617276530197,4.690605438706013,0,0,0,2
63,3,135.8711648293284,16.141358372255556,16.101172443440007,55.141025124974064,30.46723001799835,25.79165270603508,3.8843435649026543,4.369617276530197,1,1,1,3
63,4,108.10136074748242,17.479397946143013,17.41359513232427,49.94477145442086,29.17909350449297,25.286163881322544,3.4712255102307457,3.8843435649026543,2,1,1,4
63,5,77.44994813384913,18.835172458323427,18.784290041585496,45.11799824839144,30.024544838673823,26.49338179449605,3.831426576704161,3.4712255102307457,3,1,1,5
63,6,48.4260025323383,20.10208556306884,20.07097275100301,40.15787682577577,29.04799003102562,26.72911317666512,3.6279932001888544,3.831426576704161,4,1,1,6
63,7,29.11170863752215,21.97699715539097,21.91934251528949,51.45446974829321,33.05413687780154,29.70471269173977,3.2190489824693582,3.6279932001888544,4,1,1,7
63,8,10.476028117804647,23.597445052153653,23.454706146133915,63.69478743074488,38.001764902509294,30.0,3.10594675328625,3.2190489824693582,4,0,0,8
63,9,10.476028117804647,21.845035265153637,21.702173776819883,76.16593587200192,39.28415800698361,30.0,4.324745483419124,3.10594675328625,4,0,0,9
64,0,196.3070198167924,21.0,21.0,40.0,34.4068780681242,19.315241752097823,7.994737768917611,0.0,0,0,0,0
64,1,196.3070198167924,19.28813756136249,18.98630483504196,49.669981567639965,34.4068780681242,19.315241752097823,7.994737768917611,7.994737768917611,0,0,0,1
64,2,186.42208377179577,17.98020540227505,18.0840144696222,58.9116145419689,29.559765129886983,21.78264028305155,9.1885897638927,7.994737768917611,0,1,0,2
64,3,159.71090461145445,19.78065811772617,16.6553773059436,69.3844441622538,31.444645679141026,26.737741100219523,8.903726386780443,9.1885897638927,0,1,1,3
64,4,114.84663159803048,19.67454224934033,20.479011080877385,79.96584543286346,32.72066660719193,26.06489600730617,7.477378835570661,8.903726386780443,0,1,1,4
64,5,62.67881043276215,21.350969789927845,20.959865363107586,74.75088806579403,30.92476841434141,23.436579546384007,6.520977645658543,7.477378835570661,1,1,1,5
64,6,26.5768186146822,22.137929250230982,22.18873470140584,69.17309889093849,27.83595476940409,24.50966092584292,4.512748977259994,6.520977645658543,2,0,0,6
64,7,8.223286811057232,20.001118681477788,22.989721461020096,63.27599039553641,25.18969936262513,25.3819201073633,3.6707063607249935,4.512748977259994,3,0,0,7
64,8,1.470354262664717,19.744207243523583,18.89029274550519,58.69199337293775,27.866683207785176,30.0,3.376466274196257,3.6707063607249935,4,0,0,8
64,9,0.0,18.090905462289665,18.141808398709912,69.38279260263042,29.39332905384817,30.0,3.2019387883291253,3.376466274196257,4,0,0,9
65,0,181.27617379763672,21.0,21.0,40.0,34.33634858119019,18.15807638443375,7.0228212557817855,0.0,0,0,0,0
65,1,181.27617379763672,19.286726971623803,18.96316152768868,49.44899649381231,34.33634858119019,18.15807638443375,7.0228212557817855,7.0228212557817855,0,0,0,1
65,2,172.32482960084567,18.1669787983395,18.06600148101651,59.64379805237667,35.27061671220827,21.3671697242604,7.711789031980055,7.0228212557817855,0,0,0,2
65,3,172.32482960084567,16.800750150679274,16.760522108158536,69.876799888758,30.188036044000228,26.661974158118323,7.232430986993362,7.711789031980055,0,1,1,3
65,4,132.05618453326173,18.725035195342585,18.73641936712207,79.51489388472899,26.78958934655997,26.75537729772327,6.711440844597323,7.232430986993362,0,1,1,4
65,5,82.38927903398132,20.07674800622815,19.92815683680561,75.35256374644435,33.73403645198226,26.47524055754748,6.2083631874100496,6.711440844597323,1,1,1,5
65,6,46.26863649834037,21.263790799192023,21.145538273331915,71.19679617058634,34.19361476201069,26.052120927667072,4.515080316955119,6.2083631874100496,2,1,1,6
65,7,19.30677254028701,22.25860106467254,22.133525931991084,66.44168188349035,32.471788130164946,24.444243608190643,3.37023299475667,4.515080316955119,3,0,0,7
65,8,6.693228199140092,20.088902479521625,22.97982112348114,63.41527386791516,36.92507513063641,29.59488033839036,2.522708868229384,3.37023299475667,4,0,0,8
65,9,6.693228199140092,20.353271978397697,19.32969555021446,73.37401221072687,31.570682938250407,23.75564118848134,2.969838635278109,2.522708868229384,4,0,0,9
66,0,131.32894830154945,21.0,21.0,40.0,29.31504360639344,20.614515398284745,2.814576139775495,0.0,0,0,0,0
66,1,131.32894830154945,19.18630087212787,19.012290307965696,48.98732062084207,29.31504360639344,20.614515398284745,2.814576139775495,2.814576139775495,0,0,0,1
66,2,129.58626398868472,18.171559986929086,18.130787557937712,59.64317722686864,34.61770514340814,24.58149822340617,1.4225511163806484,2.814576139775495,0,0,0,2
66,3,123.11142678926107,17.917755325620906,15.962348921756504,54.497363680562046,34.10139227178551,20.64408802651121,1.7506694934024931,1.4225511163806484,1,1,1,3
66,4,102.80076245081852,17.969031005761675,18.417540106967905,49.4789675217465,31.179497835450704,24.27385683779628,2.5388330423053187,1.7506694934024931,2,1,1,4
66,5,72.75374152798011,19.610696963099613,19.383656756204243,44.92823321274688,31.33792494389403,26.7135511172192,3.7558776153548017,2.5388330423053187,3,1,1,5
66,6,38.25503454542937,20.795328928703118,20.781515204721043,41.46556528720304,34.096289302534245,30.0,4.312338372818843,3.7558776153548017,4,1,1,6
66,7,11.596892986001125,22.610845144443463,22.532466232615143,52.614238430370136,33.03161223437124,28.905460783223774,4.443023593238041,4.312338372818843,4,0,0,7
66,8,11.596892986001125,21.13947261629293,21.01895205476311,64.71054654607507,37.20171175391626,30.0,4.57614573852026,4.443023593238041,4,0,0,8
66,9,11.596892986001125,19.539417575425293,19.428360566417588,75.60600175673177,33.945482799601685,26.58482392626893,5.640570580478364,4.57614573852026,4,0,0,9
67,0,172.69220181733672,21.0,21.0,40.0,25.590782627592905,16.699253631893868,5.1715351288320885,0.0,0,0,0,0
67,1,172.69220181733672,19.111815652551854,18.93398507263788,47.61220652670762,25.590782627592905,16.699253631893868,5.1715351288320885,5.1715351288320885,0,0,0,1
67,2,166.35782181491265,18.05715654847258,17.993965428244344,55.20075787778387,25.824466749817184,16.334151867273114,4.362102633009901,5.1715351288320885,0,0,1,2
67,3,146.36622234781143,15.944126945558864,18.862609998238767,48.71599413018016,26.165291119148453,21.141576949719823,3.99831989342024,4.362102633009901,1,1,1,3
67,4,113.15846600855429,19.095791287028156,18.10605669859644,43.52936498641595,30.11410530523745,24.404621673850244,4.150969542407144,3.99831989342024,2,1,1,4
67,5,74.8032944858284,19.743190639638385,19.879075245292142,38.02609749760683,30.40570680297966,22.353918259191868,4.794396440340735,4.150969542407144,3,1,1,5
67,6,32.14371603320669,21.05515027762073,20.86138162340164,32.53453093887089,30.23739692769644,22.58723330154833,5.3324473065777145,4.794396440340735,4,1,1,6
67,7,0.0,22.754144876978625,22.558892581868328,42.45926790058756,33.90328606694702,21.234141498145576,5.357286005534448,5.3324473065777145,4,0,0,7
67,8,0.0,21.06595445904575,21.047382144011227,52.775002141815285,30.583517425933955,26.72611724755344,6.118986718450916,5.357286005534448,4,0,0,8
67,9,0.0,19.479622019946017,19.356222735508624,62.84827022577026,31.205574706902144,24.757025759514413,6.654304997452504,6.118986718450916,4,0,0,9
68,0,221.86874401462725,21.0,21.0,40.0,28.73783201908008,24.222883992666183,6.008913957213684,0.0,0,0,0,0
68,1,221.86874401462725,19.1747566403816,19.08445767985333,49.53292888211433,28.73783201908008,24.222883992666183,6.008913957213684,6.008913957213684,0,0,0,1
68,2,214.10920129521745,18.112281036780672,18.16623795660281,59.55120760272748,30.415029430220592,25.242074573185807,6.373371290740911,6.008913957213684,0,0,0,2
68,3,214.10920129521745,16.837278601097157,16.654174141186708,68.78697020650077,29.82783072068763,21.48196152249732,6.460852410503342,6.373371290740911,0,1,1,3
68,4,176.53212517086496,18.66239732757077,18.57872083756675,77.00757471061443,26.300208210855885,19.369816811997826,6.26284602072541,6.460852410503342,0,1,1,4
68,5,125.46401703826716,19.785501663655158,19.642272665149623,69.43579476261881,24.84224322656957,16.425645951232532,6.383513516574722,6.26284602072541,1,1,1,5
68,6,76.24846196751116,20.851766103269902,20.7771599693313,62.93115735271098,26.5376002541792,20.65885857966617,6.151944383844501,6.383513516574722,2,1,1,6
68,7,33.24215192675842,21.79816396332265,21.67360652816948,56.21409881844562,26.68165262152072,19.334688854782826,5.375788755094094,6.151944383844501,3,1,1,7
68,8,0.0,22.463704555880536,22.255946649085075,48.50092691242515,26.36931758347845,14.113060716407826,4.155268990844802,5.375788755094094,4,0,0,8
68,9,0.0,20.523275247492297,20.444059415209885,56.64645588614805,26.16504947947876,19.08788926342626,2.72163668981307,4.155268990844802,4,0,0,9
69,0,182.62374021333403,21.0,21.0,40.0,34.47897559257653,17.000405795484077,4.6768886963296925,0.0,0,0,0,0
69,1,182.62374021333403,19.28957951185153,18.940008115909684,49.26628864985091,34.47897559257653,17.000405795484077,4.6768886963296925,4.6768886963296925,0,0,0,1
69,2,177.6419583070296,18.134211742725785,17.954050489051934,58.2284788646824,34.40811370256054,15.38183193539219,4.253408460395866,4.6768886963296925,0,0,1,2
69,3,156.89632193511886,16.077295963285962,18.914098046246828,53.10479264270271,32.86536226747748,22.00304761041306,4.149127274382144,4.253408460395866,1,1,1,3
69,4,123.37928783725192,19.119496555199028,18.170393229362773,47.214817456918574,27.75719200763277,22.85405696023317,4.189629262233371,4.149127274382144,2,1,1,4
69,5,82.17598986260737,19.74061865362373,19.943157972982632,41.55200807180054,27.99143255669372,23.881848637094976,5.150412246830568,4.189629262233371,3,1,1,5
69,6,36.69008078475774,21.029788238351127,20.923538523905822,35.89335825660154,27.08539292372149,24.810996991839588,5.685738634731204,5.150412246830568,4,1,1,6
69,7,0.0,22.66941236608818,22.70813571833269,46.10065247248339,28.18238409634329,28.52480599188921,6.1150134641262905,5.685738634731204,4,0,0,7
69,8,0.0,21.115813112669127,21.10361688770734,56.848691222437765,29.87014367652861,29.84118271210683,6.498255311827925,6.1150134641262905,4,0,0,8
69,9,0.0,19.5006642861478,19.45273271609045,67.12057300915734,29.82276590175704,27.243244024462804,6.703457272273133,6.498255311827925,4,0,0,9
70,0,186.0120025158301,21.0,21.0,40.0,33.24299805047452,19.67141175253978,6.786970779366362,0.0,0,0,0,0
70,1,186.0120025158301,19.26485996100949,18.9934282350508,49.52459376454257,33.24299805047452,19.67141175253978,6.786970779366362,6.786970779366362,0,0,0,1
70,2,178.56821125830908,18.071096576285715,18.176118048630624,60.1474611288512,33.23998489644054,25.77594490527406,6.647151138405601,6.786970779366362,0,0,0,2
70,3,178.56821125830908,16.808187151635135,16.738407112389616,70.13306281287635,28.694622394176463,26.78094251707436,6.1577138514755845,6.647151138405601,0,1,1,3
70,4,137.30376382756938,18.0843507194307,18.03901854848387,65.44728091588226,30.307260409695303,26.993951273670845,5.158055928842461,6.1577138514755845,1,1,1,4
70,5,102.85684750905858,19.384439189650838,19.314376511766618,60.36863938890659,29.650887320940804,25.46777086252769,4.305864539813851,5.158055928842461,2,1,1,5
70,6,69.02168406250928,20.66618892284081,20.589833091037967,56.41243033233423,33.111562944279505,28.242831185874,4.229395430818664,4.305864539813851,3,1,1,6
70,7,34.05911055833859,21.640510919651067,21.70301806155783,51.56172108117147,27.20246449317786,29.182484111473507,4.370321688021336,4.229395430818664,4,1,1,7
70,8,6.732502953001046,23.101249474459,23.15826764685228,61.1460986555562,24.72901316582481,28.51752891409037,4.55443460088959,4.370321688021336,4,0,0,8
70,9,6.732502953001046,21.231266665912216,21.3098743242628,70.98297065413472,24.93181668878156,29.71747219221017,4.017515900285096,4.55443460088959,4,0,0,9
71,0,115.43408537444434,21.0,21.0,40.0,28.72181787013057,20.095375539056203,6.050453322083965,0.0,0,0,0,0
71,1,115.43408537444434,19.17443635740261,19.001907510781127,48.78709481365362,28.72181787013057,20.095375539056203,6.050453322083965,6.050453322083965,0,0,0,1
71,2,108.46149430976912,18.03573276606974,18.14986088116376,57.85328595502475,26.29672270524913,24.071005857923826,5.343228179213513,6.050453322083965,0,0,0,2
71,3,108.46149430976912,16.68852906579619,16.586545318572508,65.89433864137644,24.029890279474827,20.642624644701154,3.471033156431753,5.343228179213513,0,1,1,3
71,4,86.877435333079,17.910174705243797,17.900894142649594,60.597163989405786,27.94918480244765,25.955400464382063,2.698007372086262,3.471033156431753,1,1,1,4
71,5,66.63425639570856,19.287915705688693,19.20404889015076,56.18649591439966,31.581085510665662,27.24853629485583,2.5303973671713065,2.698007372086262,2,1,1,5
71,6,45.44968304581546,20.56521536570584,20.4330730729286,51.58617863581003,32.82056599543873,24.95544912350779,2.648071668736638,2.5303973671713065,3,1,1,6
71,7,20.285267592600576,21.4870346966599,21.596573762774064,46.483826648152046,25.7460572439253,29.240876157974792,3.145551931651861,2.648071668736638,4,1,1,7
71,8,0.0,22.980704358319738,23.03805575559718,56.00674738236449,24.19722966724224,28.70788552282689,3.380877932100096,3.145551931651861,4,0,0,8
71,9,0.0,21.234636649825077,21.124961379580576,66.15986449391303,30.514849364166583,25.89135681110311,3.745234305208885,3.380877932100096,4,0,0,9
72,0,257.203925295481,21.0,21.0,40.0,33.43253265588527,20.77564676857712,5.925435235459448,0.0,0,0,0,0
72,1,257.203925295481,19.268650653117707,19.015512935371543,49.75747229640323,33.43253265588527,20.77564676857712,5.925435235459448,5.925435235459448,0,0,0,1
72,2,250.24319588117493,18.05582940110788,17.96296810633724,58.50084449622711,30.487714937527382,18.08657506149419,6.463224790188449,5.925435235459448,0,0,1,2
72,3,228.8922015215208,16.7400509527385,19.479821860185066,67.39613177185845,31.91131834581384,17.506944296582464,7.116998119884714,6.463224790188449,0,1,1,3
72,4,182.9633588311965,20.471059477119944,19.434355557456392,77.49520552873987,33.42229884374357,22.68366647226437,7.654807115054047,7.116998119884714,0,1,1,4
72,5,121.977203411097,21.039158665369705,21.076418109762823,72.53284295523959,34.72611947236998,21.038532897072848,7.623269427512436,7.654807115054047,1,1,1,5
72,6,62.25145487338607,22.151362273175256,22.08196726311746,67.69663690330053,29.68819038533247,26.77733154833945,7.465718567213869,7.623269427512436,2,0,0,6
72,7,26.859920760143314,20.130605890263038,23.05811264115288,64.33644267244799,34.66558760637477,30.0,7.07830682264855,7.465718567213869,3,0,0,7
72,8,12.885328494515235,19.82871025679146,18.94819452895957,59.43127387011364,28.0977903354171,27.98460520716984,6.987296132814039,7.07830682264855,4,0,0,8
72,9,10.886724812139766,18.17975852128703,18.07946674596884,70.28471237320991,31.9962738196679,28.300606753089177,5.887188673327382,6.987296132814039,4,0,0,9
73,0,260.6612042786488,21.0,21.0,40.0,25.474168939060327,20.465489228499244,7.0736347763371406,0.0,0,0,0,0
73,1,260.6612042786488,19.109483378781206,19.009309784569982,48.269138470160726,25.474168939060327,20.465489228499244,7.0736347763371406,7.0736347763371406,0,0,0,1
73,2,250.5164106313396,18.11639155084713,18.13850643288018,57.48821319175268,27.046659053039008,24.17042273358294,7.199726216458332,7.0736347763371406,0,0,0,2
73,3,250.5164106313396,16.910093053876,16.687410590937766,67.8697640965101,34.238841360311966,23.436441443895887,7.442096102201857,7.199726216458332,0,1,1,3
73,4,205.253417370345,18.7716461623334,18.729457938857777,77.57122971461449,29.673339664773003,24.22369154691809,7.543832210165772,7.442096102201857,0,1,1,4
73,5,143.7107572650698,20.041641935782984,19.914284825174285,72.64693557395661,31.488411272790582,24.4877323902212,7.692832513159404,7.543832210165772,1,1,1,5
73,6,84.56141351858551,21.3036116571499,21.09658730605304,68.80571947902918,37.127409065521626,24.86583485154816,7.393667968310534,7.692832513159404,2,1,1,6
73,7,23.37519909657896,22.324075854307523,22.19923532534493,65.30521672433268,36.61674376091208,27.26935204632958,7.64827680275082,7.393667968310534,3,0,0,7
73,8,9.848167620812426,20.08189717668408,19.97015615796913,61.06618441140191,33.6214063436187,26.16174747343252,6.763515737883267,7.64827680275082,4,0,0,8
73,9,9.848167620812426,18.54074265023028,18.42608664881845,71.01470786177424,31.339245037803185,23.930329686487603,5.917140363314141,6.763515737883267,4,0,0,9
74,0,104.61729446934598,21.0,21.0,40.0,27.61324893252996,23.59697709440789,4.492950277699023,0.0,0,0,0,0
74,1,104.61729446934598,19.1522649786506,19.07193954188816,49.21784068484881,27.61324893252996,23.59697709440789,4.492950277699023,4.492950277699023,0,0,0,1
74,2,100.66295616385908,18.11382464672206,18.13095179437113,59.4207810643405,28.16021775687547,28.522784351411705,3.309782832618107,4.492950277699023,0,0,0,2
74,3,89.48238514145014,17.729412975010185,16.04377074119296,53.2932997175834,22.84699463775018,26.444775658043657,2.9795312639405687,3.309782832618107,1,1,1,3
74,4,64.38393854920102,17.81220625691212,18.366035570415523,47.26599629266197,23.72074106904016,26.127573236951893,3.13730582403114,2.9795312639405687,2,1,1,4
74,5,41.6081407791015,19.421161992596318,19.21782214954988,41.2044030009991,25.758683748044064,23.89913129827333,2.8469747212624408,3.13730582403114,3,1,1,5
74,6,21.043061394456515,20.51477890059961,20.499661513513274,35.55859517663089,27.886850654539508,24.08088365452599,2.5706349230806227,2.8469747212624408,4,1,1,6
74,7,0.0,22.244448979138483,22.20085497139241,44.98067160746983,27.375665126907545,24.969203933308822,3.507176899076086,2.5706349230806227,4,0,0,7
74,8,0.0,20.72186153138338,20.60816922862206,55.275294678593816,31.76543782469518,25.426912570438063,3.504556929814372,3.507176899076086,4,0,0,8
74,9,0.0,19.041573115734224,19.005092690648965,64.59072954962318,27.640910872922845,24.11150507724029,4.128791438126283,3.504556929814372,4,0,0,9
75,0,220.7043002157682,21.0,21.0,40.0,28.476900101995167,21.864983821136708,7.152679963622342,0.0,0,0,0,0
75,1,220.7043002157682,19.169538002039904,19.03729967642273,49.061539106163735,28.476900101995167,21.864983821136708,7.152679963622342,7.152679963622342,0,0,0,1
75,2,212.82457851730845,18.216132170286336,18.03950671988819,59.445294399935655,36.84617972118896,20.84134968865505,6.560177498422845,7.152679963622342,0,0,0,2
75,3,212.82457851730845,16.86294209320507,16.721586678664217,69.70407010597029,33.35517542493694,23.638022941922184,5.914280742715407,6.560177498422845,0,1,1,3
75,4,175.9371068044403,18.80111609916697,18.77019921209532,80.14253308556499,30.82881828472181,27.16264271302652,6.147911952144689,5.914280742715407,0,1,1,4
75,5,126.6586070071168,20.085533906614597,19.99006026482642,75.72653483768478,32.01872256474113,26.78128716925768,6.159812474665438,6.147911952144689,1,1,1,5
75,6,73.93539560736728,21.135544853075743,21.21961152706801,70.51062947030641,25.79242610977573,28.5636551825667,6.590401424968687,6.159812474665438,2,1,1,6
75,7,22.82696197302494,22.230350342172336,22.06406823842343,65.31493824687918,30.76074358481608,23.70763850725488,6.3885542042927925,6.590401424968687,3,0,0,7
75,8,10.712975814544729,19.97724133845657,19.789042886718413,60.35801400100358,33.84950972191625,21.945355578774866,6.056993079240105,6.3885542042927925,4,0,0,8
75,9,10.712975814544729,18.530613340895417,18.293069184618886,71.33294627633965,37.836015281993966,23.13583069209533,5.524540110751405,6.056993079240105,4,0,0,9
76,0,86.7752151983809,21.0,21.0,40.0,33.50485911613399,19.047745093036703,2.7940986427010595,0.0,0,0,0,0
76,1,78.39291927027773,22.270097182322683,18.98095490186073,49.459468757650725,33.50485911613399,19.047745093036703,2.7940986427010595,2.7940986427010595,0,0,0,1
76,2,78.39291927027773,18.57580935042025,19.27572085385369,60.35841048385528,37.44561764597466,23.10405861071733,1.420482864278352,2.7940986427010595,0,0,0,2
76,3,77.1809453282575,17.809988429081955,16.718907032004143,56.15501925362258,30.810646636622188,29.17051319541834,0.425507038066358,1.420482864278352,1,1,1,3
76,4,72.75057378959883,18.355002131617404,18.634903660282344,51.311426376298186,29.39781426889224,27.026669745972203,0.5537964423323327,0.425507038066358,2,1,1,4
76,5,57.37158309576144,19.80739805995416,19.70959346825214,46.5774214461422,28.86250629935225,28.170799644225564,1.922373836729674,0.5537964423323327,3,1,1,5
76,6,34.1914200967984,20.93139605925109,20.94240611469792,41.55400963321221,28.171028015677887,27.254461912488868,2.897520374870379,1.922373836729674,4,1,1,6
76,7,11.695204110102924,22.735308761688767,22.67957170931481,52.7414444936328,32.3870588391105,29.765357052115,3.749369331115913,2.897520374870379,4,0,0,7
76,8,11.695204110102924,21.169703194507253,21.13776186812019,63.97940647252604,32.43312210496244,30.0,4.305853257486647,3.749369331115913,4,0,0,8
76,9,11.695204110102924,19.6463478913148,19.486151811358035,75.15012855892398,35.274245520149904,26.785321626505382,5.016752035089215,4.305853257486647,4,0,0,9
77,0,144.79098134983872,21.0,21.0,40.0,28.620354843606734,16.604283629544724,4.139397285665213,0.0,0,0,0,0
77,1,144.79098134983872,19.17240709687213,18.932085672590897,48.14043492516726,28.620354843606734,16.604283629544724,4.139397285665213,4.139397285665213,0,0,0,1
77,2,140.9658289326204,18.07528990281756,18.17048169814647,57.52132579335056,29.906747967338028,22.209312411458072,2.742404308123496,4.139397285665213,0,0,0,2
77,3,130.56632524488452,17.90466382954035,16.04633783189898,53.0824734569773,31.53681862185452,27.13622395384961,2.7793106005651573,2.742404308123496,1,1,1,3
77,4,106.10924998045763,18.145826824141874,18.54670486444438,50.24345342697028,37.69599389139493,29.865005941899373,3.0571344080533605,2.7793106005651573,2,1,1,4
77,5,75.38358276176459,19.906919802784486,19.594212652130924,47.77544707403556,39.62218692814047,30.0,3.840708402336632,3.0571344080533605,3,1,1,5
77,6,39.69238441675992,21.0499264545398,21.02241567730997,44.66735337586864,36.06614612129484,30.0,4.461399793125583,3.840708402336632,4,1,1,6
77,7,9.033464913640463,22.920519169934717,22.77938567422936,56.81183393573739,37.46933644371529,30.0,5.109819917186576,4.461399793125583,4,0,0,7
77,8,9.033464913640463,21.30969542805932,21.27883230254212,68.2706625037966,33.66015871144008,30.0,5.938657512520356,5.109819917186576,4,0,0,8
77,9,9.033464913640463,19.704141691245404,19.676761849285747,79.40041152032998,31.83193898074097,30.0,5.167599464527142,5.938657512520356,4,0,0,9
78,0,113.46364875364752,21.0,21.0,40.0,33.4912242231306,22.07624053967252,4.663755522675906,0.0,0,0,0,0
78,1,113.46364875364752,19.26982448446261,19.04152481079345,50.00214365730456,33.4912242231306,22.07624053967252,4.663755522675906,4.663755522675906,0,0,0,1
78,2,109.2236940994019,18.236689558744263,18.05736553036529,60.93529499041327,40.03335917902833,20.706370449353376,3.909751409048031,4.663755522675906,0,0,0,2
78,3,102.44249069358472,16.312667643003813,15.997035874560254,57.00947219632718,39.99732777369208,21.52587892582965,3.390601702908586,3.909751409048031,1,1,1,3
78,4,79.41725507333162,17.61144787414242,17.490719386000535,53.151687275720136,36.336047909632015,25.56514697588437,2.878154452531639,3.390601702908586,2,1,1,4
78,5,57.289911932817134,18.991452172654704,18.77143128840028,47.92139184843228,33.54405402495851,20.732082490108937,2.765917892564311,2.878154452531639,3,1,1,5
78,6,41.21778784207355,20.17377314438686,20.07090528423181,42.44414167145493,30.673935977514184,22.230229705945003,2.009015511342948,2.765917892564311,4,1,1,6
78,7,23.41200946298381,22.06824820097729,21.87999221452768,53.62771836956376,36.54339944048313,25.58758221567705,2.967629729848289,2.009015511342948,4,0,1,7
78,8,10.614982692815232,20.49957713252215,23.37723496814456,63.86958814034912,32.92011225999333,23.979164244369805,4.265675590056193,2.967629729848289,4,0,0,8
78,9,10.614982692815232,20.67569956636225,19.75155912811452,73.98143014486446,29.60952720156772,26.56737282351751,5.11797380976956,4.265675590056193,4,0,0,9
79,0,119.61634166239122,21.0,21.0,40.0,30.807503813548443,18.64224440194048,4.007768253181071,0.0,0,0,0,0
79,1,119.61634166239122,19.21615007627097,18.97284488803881,48.900954678788,30.807503813548443,18.64224440194048,4.007768253181071,4.007768253181071,0,0,0,1
79,2,116.3877759119044,17.9850365057365,18.03071772857805,57.116423602724,25.969725933269896,19.67176808859674,2.65019058782316,4.007768253181071,0,1,0,2
79,3,104.932954517797,18.888662308965085,15.918375600298344,50.92084725777174,23.3712909204894,25.542173829775805,2.2909642788214786,2.65019058782316,1,1,1,3
79,4,84.79760072376277,18.160768209827555,19.00451741567854,45.4027190526681,27.52195293232688,25.15511259487516,2.5169192242542806,2.2909642788214786,2,1,1,4
79,5,58.43330473272184,19.911908618987944,19.681511496284877,39.935994753899365,25.913130416003447,27.049512368614696,3.295536998880117,2.5169192242542806,3,1,1,5
79,6,27.97562152303776,20.96947000267217,21.01351077124176,35.27611878541488,29.34952596024305,28.09560754817648,3.8072104012105097,3.295536998880117,4,1,1,6
79,7,0.0,22.638433742717996,22.6106630295798,44.08715369776745,24.83905904294019,24.11113491457406,4.66260358717296,3.8072104012105097,4,0,0,7
79,8,0.0,20.98445571880474,20.973277234007533,53.520374647841074,26.69113399644885,25.71564905951573,4.748235062965594,4.66260358717296,4,0,0,8
79,9,0.0,19.415921768452492,19.344847386368592,64.17835189307618,31.46619053595176,27.744794159798808,5.403708387483926,4.748235062965594,4,0,0,9
80,0,142.7215592286871,21.0,21.0,40.0,26.668875993709456,19.651798152097108,4.345339683436851,0.0,0,0,0,0
80,1,142.7215592286871,19.13337751987419,18.993035963041944,48.33772134624518,26.668875993709456,19.651798152097108,4.345339683436851,4.345339683436851,0,0,0,1
80,2,137.77317057058465,18.02619264360976,17.94168654178933,55.151539950461896,22.803377786691687,15.051170014512271,3.579495477606298,4.345339683436851,0,0,1,2
80,3,117.9210653597184,15.863237222546989,18.772822228696825,47.80494537954829,24.153630135147267,18.365288915332712,3.9704210421732458,3.579495477606298,1,1,1,3
80,4,86.07784297054167,18.926089074169862,17.90366706929843,40.65197734606336,25.53597359375954,18.058648442435253,3.9804027986470927,3.9704210421732458,2,1,1,4
80,5,52.925382766754254,19.538475775860825,19.703187934457624,34.73723420721148,28.78718568591612,21.686463542684567,4.144057525473427,3.9804027986470927,3,1,1,5
80,6,23.140328105167328,20.95255301143654,20.70880378172213,30.03196929206005,33.4548759001857,23.738096793417515,3.7231318326983662,4.144057525473427,4,1,1,6
80,7,4.911255585555645,22.52178254477945,22.589811781478527,40.21063643417197,28.401463700136645,28.14668708937397,3.038178753268614,3.7231318326983662,4,0,0,7
80,8,0.0,20.945150421442843,23.94347337241308,50.13564476656093,27.101174540470343,28.03776063946832,1.6370851951852148,3.038178753268614,4,0,0,8
80,9,0.0,21.196353762982145,20.126990038094387,60.11657801564148,31.971485570696498,23.47814359086209,1.460620370893315,1.6370851951852148,4,0,0,9
81,0,29.431511295012854,21.0,21.0,40.0,32.4798363971435,15.52353309201925,3.696061366009841,0.0,0,0,0,0
81,1,29.431511295012854,19.249596727942876,18.910470661840385,48.640606508049295,32.4798363971435,15.52353309201925,3.696061366009841,3.696061366009841,0,0,0,1
81,2,26.90532811535064,18.07988934265528,18.15430195795726,58.56006221066407,32.14212797589164,22.96595926085714,1.9838421851704933,3.696061366009841,0,0,0,2
81,3,21.304437969080897,17.831693278456896,15.929913153285153,52.85108133448428,30.19706997924777,21.41970293086449,1.5121565208146883,1.9838421851704933,1,1,1,3
81,4,17.388656017902537,17.915259094207958,18.39050532768711,48.06525726480456,30.75490601936556,25.99051581574712,0.489472743897295,1.5121565208146883,2,1,1,4
81,5,14.749816402232764,19.5218988544549,19.388128777811232,43.41012236822501,28.51564156338798,28.95583123339225,0.3298549519587216,0.489472743897295,3,1,1,5
81,6,11.24816563919616,20.66529752147153,20.69932049851512,38.72046072674918,28.79252992241598,28.487127624940552,0.4377063453795754,0.3298549519587216,4,1,1,6
81,7,7.341173113642223,22.52767620014635,22.305390202063585,48.79596061512203,33.289477314166845,22.685522065682303,0.651165420925656,0.4377063453795754,4,0,0,7
81,8,1.9032834691286336,23.95836094373009,23.735760815270528,59.22652681860242,36.20594320677768,21.741646812557875,0.9063149407522648,0.651165420925656,4,0,0,8
81,9,1.9032834691286336,22.04495562136838,21.92949158820641,70.34285722649524,35.43479736997602,26.322593784984075,0.6669692918988646,0.9063149407522648,4,0,0,9
82,0,49.87078481057021,21.0,21.0,40.0,32.118625764341864,20.045580003349063,2.358073859189968,0.0,0,0,0,0
82,1,42.79656323300031,22.24237251528684,19.00091160006698,49.38955703818437,32.118625764341864,20.045580003349063,2.358073859189968,2.358073859189968,0,0,0,1
82,2,42.79656323300031,18.54654466497029,19.29680764824657,60.27781829239496,35.79955243282704,24.69078786834289,0.916266914162338,2.358073859189968,0,0,0,2
82,3,41.37188657026053,17.947573378880417,16.59716853958359,55.86867589381804,35.1928705636875,23.64522722199628,0.4922228837134313,0.916266914162338,1,1,1,3
82,4,37.56619098769778,18.36068171288041,18.606847300280112,50.69533570307961,31.270173857682444,23.32238063821515,0.4757119478203432,0.4922228837134313,2,1,1,4
82,5,36.213477034625264,19.818083996596467,19.690067614483088,46.06302342657061,30.15330021258947,27.44496491791611,0.1690892441340645,0.4757119478203432,3,1,1,5
82,6,36.213477034625264,21.05442215986957,20.96229314024709,42.397433077876194,34.74781961003898,28.221122897214283,0.0,0.1690892441340645,4,1,1,6
82,7,28.810618260112776,22.859413345841272,22.764046336308358,54.30448451665313,36.15028577098298,30.0,1.2338097957520815,0.0,4,0,0,7
82,8,11.028825860521364,24.382974778232704,24.199796684672204,66.33071248776061,38.70089371914127,28.111483898122447,2.9636320665985685,1.2338097957520815,4,0,0,8
82,9,11.028825860521364,22.40371234159245,22.377211028703115,77.5072657405156,33.08234978158966,29.00961273371587,4.735385102262343,2.9636320665985685,4,0,0,9
83,0,45.41033319180681,21.0,21.0,40.0,30.29744152613354,20.98275176836561,2.111446034459793,0.0,0,0,0,0
83,1,39.07599508842743,22.205948830522672,19.019655035367315,49.23043479300985,30.29744152613354,20.98275176836561,2.111446034459793,2.111446034459793,0,0,0,1
83,2,39.07599508842743,18.2715682869636,19.2602903836288,57.45846328425728,22.03478574494472,23.67648365087439,0.5773363591575897,2.111446034459793,0,0,0,2
83,3,37.437072660295165,17.977470576132244,16.490152219806536,52.85731806731748,30.67995391883464,27.09146154261088,0.5254755446074306,0.5773363591575897,1,1,1,3
83,4,37.23047922010403,18.28306454041,18.726233109933798,48.68456050368274,30.15134686869589,30.0,0.0258241800238916,0.5254755446074306,2,1,1,4
83,5,33.13989981526743,19.880004680369844,19.730413755538624,44.6343236894495,30.83201769870422,30.0,0.5113224256045756,0.0258241800238916,3,1,1,5
83,6,31.736931749420183,21.10164841223565,21.024568024477094,41.12588228900569,34.9699377400764,28.87205447968017,0.175371008230905,0.5113224256045756,4,1,1,6
83,7,24.23284662795088,22.837722509212316,22.81106455299701,52.37392094189156,32.4891036271437,30.0,1.2506808535782177,0.175371008230905,4,0,0,7
83,8,8.38968554344642,24.41967015663199,24.238657969738977,64.87500710571001,39.45047868788029,30.0,2.640526847417409,1.2506808535782177,4,0,0,8
83,9,8.38968554344642,22.40000304656823,22.388669196780786,75.50929124187101,31.18061580238675,27.89874050961884,3.649793515350097,2.640526847417409,4,0,0,9
84,0,178.17139300359756,21.0,21.0,40.0,33.42525817019494,23.205074348317183,4.985180508612881,0.0,0,0,0,0
84,1,178.17139300359756,19.2685051634039,19.064101486966344,50.19345985333218,33.42525817019494,23.205074348317183,4.985180508612881,4.985180508612881,0,0,0,1
84,2,173.533959749751,18.156365490860512,18.1432381615222,61.37413390774845,35.35192434812153,26.762931509746625,4.444664822477446,4.985180508612881,0,0,0,2
84,3,164.77512014568805,16.258769598771444,16.09480902576359,57.79824371388847,35.93110764562279,27.53616905515513,4.379419802031475,4.444664822477446,1,1,1,3
84,4,124.08452413102565,17.63115155913176,17.576409565304427,54.533615205455646,35.196508286484296,30.0,5.0863245018328005,4.379419802031475,2,1,1,4
84,5,82.04862229734755,19.090242381621277,18.99431890338287,51.34472989293511,35.61730381933035,30.0,5.25448772920976,5.0863245018328005,3,1,1,5
84,6,38.669098722035145,20.45966223597281,20.33826710278142,48.24114753318962,36.799908972835375,29.291300139689685,5.42244044691405,5.25448772920976,4,1,1,6
84,7,10.133625831794705,22.221497704607906,22.14658399987261,58.72196345998032,31.896683691736225,26.330071457100964,4.755912148373406,5.42244044691405,4,0,0,7
84,8,10.133625831794705,20.74659311991445,20.563031283064877,69.45842951087735,34.97441551480144,24.672618101293164,4.525128556229441,4.755912148373406,4,0,0,8
84,9,10.133625831794705,19.136195437164798,19.103481634928936,80.67625726521308,33.355191483200976,28.966073818664164,4.1343955875923895,4.525128556229441,4,0,0,9
85,0,219.6231494072867,21.0,21.0,40.0,32.71446738656055,22.068956455189312,7.212015054668651,0.0,0,0,0,0
85,1,219.6231494072867,19.254289347731213,19.041379129103788,49.86101629151497,32.71446738656055,22.068956455189312,7.212015054668651,7.212015054668651,0,0,0,1
85,2,210.84091093005804,18.2094260958173,18.116949454074756,60.82484854131957,37.541562901541525,23.36861626403956,7.789259514443041,7.212015054668651,0,0,0,2
85,3,210.84091093005804,17.040481959439408,16.730415824124325,72.18797840889226,40.0094778280926,23.119021436200143,7.858237884307617,7.789259514443041,0,1,1,3
85,4,154.02557633745232,18.264643740065345,18.163982095607807,68.43264711345965,36.07722797232219,26.39315371971887,7.101916824075714,7.858237884307617,1,1,1,4
85,5,105.558148693926,19.626182399548902,19.44532622266496,64.23566367480714,35.28474609260663,24.73201258154608,6.05842845544079,7.101916824075714,2,1,1,5
85,6,67.42833261143404,20.848791008722145,20.80930730652883,60.87932867213365,34.68702776292505,30.0,4.766227010311496,6.05842845544079,3,1,1,6
85,7,32.299633402009995,21.96369577494441,21.89477189550442,57.40624958301552,34.03844950489925,30.0,4.391087401178006,4.766227010311496,4,1,1,7
85,8,6.984036872237912,23.5071465822072,23.439354131930457,69.00247610999423,34.42348070543724,30.0,4.219266088295347,4.391087401178006,4,0,0,8
85,9,6.984036872237912,21.762860912994377,21.643389090590976,81.06076212737206,36.99047787432122,30.0,3.725028458529561,4.219266088295347,4,0,0,9
86,0,72.54429357755572,21.0,21.0,40.0,28.11959436668013,18.532111711560244,6.032954694450151,0.0,0,0,0,0
86,1,72.54429357755572,19.162391887333605,18.970642234231207,48.39730709408327,28.11959436668013,18.532111711560244,6.032954694450151,6.032954694450151,0,0,0,1
86,2,65.86946647274007,18.015182634286788,18.017207343646884,56.474002730556286,25.89197295128752,18.97855836245149,5.131881555186517,6.032954694450151,0,0,0,2
86,3,59.15356012320217,15.946742706628989,15.846537088481682,50.01985383491424,26.228430423365204,21.24852015640127,3.3579531747689524,5.131881555186517,1,1,1,3
86,4,43.46072113389543,17.205257113714406,17.179540039768938,43.88877010624318,26.030347516210725,23.24140954672781,1.9616048736633425,3.3579531747689524,2,1,1,4
86,5,38.85297799969827,18.64418474188116,18.608116006921147,39.873928132624094,31.608924279649404,29.419731422466786,0.5759678917746444,1.9616048736633425,3,1,1,5
86,6,29.34766527912724,20.119936578703545,19.956247803145743,37.015951503969,38.09057759932536,29.36510779703524,1.1881640900713784,0.5759678917746444,4,1,1,6
86,7,17.599757879566315,22.03830896898702,21.901541386478332,49.488819440553264,39.29371075880148,30.0,1.957984566593487,1.1881640900713784,4,0,1,7
86,8,8.101839534223673,20.55403867733472,23.4861528956482,61.26906394850543,35.44580282195648,30.0,3.1659727817808805,1.957984566593487,4,0,0,8
86,9,8.101839534223673,20.737983568178137,19.87830843479922,71.7588320037647,28.63926629506424,29.63722290082053,4.006147371966305,3.1659727817808805,4,0,0,9
87,0,254.15872107546053,21.0,21.0,40.0,28.89998725413445,17.394499605093863,7.169425421129109,0.0,0,0,0,0
87,1,254.15872107546053,19.17799974508269,18.94788999210188,48.33300763466109,28.89998725413445,17.394499605093863,7.169425421129109,7.169425421129109,0,0,0,1
87,2,243.08586231932887,18.103573281610284,18.06162739871005,57.34172391359977,29.504415487248508,20.544008284633048,8.285949072393771,7.169425421129109,0,0,0,2
87,3,243.08586231932887,16.769213972979887,16.619229951024376,66.56828548866812,29.693532379162782,21.56514303788363,9.229554426245931,8.285949072393771,0,1,1,3
87,4,187.0772524513522,18.61916009334341,18.652550847968616,75.8985964064171,26.20764162611661,25.62741902804437,9.334768311329446,9.229554426245931,0,1,1,4
87,5,124.31152350614369,19.817295342423968,19.765521696516803,69.47439936263187,24.865585366364343,22.777764390384416,7.845716118151063,9.334768311329446,1,1,1,5
87,6,77.62581329628179,20.92429541327517,20.890184323953537,63.38389898226998,25.98968963189492,23.507530477205744,5.835713776232738,7.845716118151063,2,1,1,6
87,7,36.289707933039416,21.948494247773525,21.831928101844664,57.94172248765642,29.719496555318408,23.37952291905067,5.167013170405298,5.835713776232738,3,1,1,7
87,8,0.0,22.74057625273456,22.66671131247928,53.91719777304888,33.20830094916067,27.766561747464124,4.536213491629927,5.167013170405298,4,0,0,8
87,9,0.0,20.923403151845854,20.934378948148616,64.50689916439174,29.695429342520125,29.13624505382905,4.132317525556623,4.536213491629927,4,0,0,9
88,0,82.20004705390019,21.0,21.0,40.0,33.9930016225108,23.28203541412352,2.1900827343048066,0.0,0,0,0,0
88,1,75.62979885098578,22.279860032450216,19.065640708282476,50.309506666594174,33.9930016225108,23.28203541412352,2.1900827343048066,2.1900827343048066,0,0,0,1
88,2,75.62979885098578,18.471848218079398,19.39322438510217,60.56529586491822,29.56054408436665,27.41606257298917,0.665652896477803,2.1900827343048066,0,0,0,2
88,3,74.67274598529181,17.804849216740248,16.633945252244274,55.06007839649496,26.470086633169405,26.27870520892363,0.3310841508743067,0.665652896477803,1,1,1,3
88,4,67.93987589482848,18.36200643025879,18.630389995053694,50.96871925590799,32.37397077888328,28.22958955118908,0.841608761307918,0.3310841508743067,2,1,1,4
88,5,53.24761473444987,19.874834204631725,19.67003351011625,46.46542587398393,32.26465901046929,26.05037775661933,1.8365326450473267,0.841608761307918,3,1,1,5
88,6,31.102572860258107,20.95396254019127,20.984425854207704,41.79749293411609,29.474608636600063,27.925763919689707,2.76813023427397,1.8365326450473267,4,1,1,6
88,7,9.600338534184113,22.81102218914096,22.62143224282097,52.61994505751702,34.57364081232357,25.551093206570474,3.583705721012332,2.76813023427397,4,0,0,7
88,8,9.600338534184113,21.134416310630268,21.1555610804208,63.5581689084603,31.2772604941457,29.490649788872524,4.123291512711265,3.583705721012332,4,0,0,8
88,9,9.600338534184113,19.586046705167806,19.50834929797948,74.52760783889698,32.25451310193657,28.686814289378347,4.632790858059635,4.123291512711265,4,0,0,9
89,0,100.19380144876727,21.0,21.0,40.0,25.451274024758565,22.90210619952161,2.1076070372282003,0.0,0,0,0,0
89,1,93.87098033708268,22.109025480495173,19.058042123990436,48.70360844037043,25.451274024758565,22.90210619952161,2.1076070372282003,2.1076070372282003,0,0,0,1
89,2,93.87098033708268,18.419785732504167,19.210848814823876,58.29476353961411,29.74789561369203,23.5362993821062,0.1630536790164121,2.1076070372282003,0,0,0,2
89,3,91.65230619578224,17.88778771409594,16.454136727761863,53.067041193511216,32.70464430430528,21.585787106234186,0.7460348938421937,0.1630536790164121,1,1,1,3
89,4,74.96875706222059,18.24879743476898,18.55274485632551,48.04264206468872,30.863699278529857,24.556305561345123,2.085443641695208,0.7460348938421937,2,1,1,4
89,5,47.10813442874772,19.802226287019657,19.574952595209027,43.5760676772568,32.661752224058645,25.85727895687513,3.4825778291841094,2.085443641695208,3,1,1,5
89,6,20.88308705907211,20.82370757964117,20.826631488165063,37.67397034146056,26.90340682049278,23.64049686952814,3.278130921209451,3.4825778291841094,4,1,1,6
89,7,0.0,22.52129935435984,22.52851753836622,47.385884157139856,26.775154462798177,27.179922290975707,3.480514509845352,3.278130921209451,4,0,0,7
89,8,0.0,20.915059239998698,20.96403997243825,57.72556846836663,27.442690617926555,30.0,3.683303640843687,3.480514509845352,4,0,0,8
89,9,0.0,19.351164010836666,19.27909944863673,67.84592775251264,29.546367684329223,26.67785056092639,4.973497430452348,3.683303640843687,4,0,0,9
90,0,174.2651356368815,21.0,21.0,40.0,28.98970170703149,22.45824879712918,6.617059226320238,0.0,0,0,0,0
90,1,174.2651356368815,19.17979403414063,19.049164975942585,49.26063109074892,28.98970170703149,22.45824879712918,6.617059226320238,6.617059226320238,0,0,0,1
90,2,167.22984016539897,18.05841628627169,18.070911069503296,58.84114717432724,29.69262644288172,23.53246291033116,6.148805805650116,6.617059226320238,0,0,0,2
90,3,167.22984016539897,16.75132409621511,16.667412681589077,68.63091836241225,29.19788334720543,25.18973436437796,6.079983234448373,6.148805805650116,0,1,1,3
90,4,133.3104108354632,18.694078287807663,18.71529865883911,78.95485121239454,28.776417583859995,28.57876491604169,5.653238221655965,6.079983234448373,0,1,1,4
90,5,95.45684219329442,19.967866188384857,19.973741668648817,74.64467688823399,29.38792042133023,30.0,4.731696080271095,5.653238221655965,1,1,1,5
90,6,55.92231814723218,21.303805688276235,21.12096329325188,71.14057408001429,36.46004152857455,27.406053981315985,4.941815505757779,4.731696080271095,2,1,1,6
90,7,16.215468363128487,22.26842033897756,22.18458999813848,66.80834659405615,33.09977791155359,26.16562494423448,4.963356223012962,4.941815505757779,3,0,0,7
90,8,7.668465694771074,20.02020105038025,19.91965118648228,62.12894122555427,31.810792574570463,25.525844267085763,4.273501334178706,4.963356223012962,4,0,0,8
90,9,7.668465694771074,18.531795514681644,18.46644044501992,73.26895351390657,33.332479299534256,28.55647785797851,3.9874483760263217,4.273501334178706,4,0,0,9
91,0,195.4760397893156,21.0,21.0,40.0,34.971743829866924,22.02957570915735,4.682381795911601,0.0,0,0,0,0
91,1,195.4760397893156,19.29943487659734,19.04059151418315,50.260237517024365,34.971743829866924,22.02957570915735,4.682381795911601,4.682381795911601,0,0,0,1
91,2,191.51164115836863,18.02414348640581,18.092773215109087,60.11605840731774,29.087153266660543,25.66740723496929,3.9595998477428873,4.682381795911601,0,0,0,2
91,3,184.05044846436985,16.168617254625197,15.94491512388612,55.8595163012736,34.920768897524106,24.765108291119624,3.7305963469993983,3.9595998477428873,1,1,1,3
91,4,149.51115931075458,17.484105887365537,17.369590193391694,51.35447699252228,33.693326916690914,24.61201025691284,4.31741114420191,3.7305963469993983,2,1,1,4
91,5,107.09866886959092,18.793092007506168,18.704880777594283,45.75260203466807,29.170051347450265,23.04175444224856,5.301561305145457,4.31741114420191,3,1,1,5
91,6,63.7107239425422,19.997238187891835,19.981612777718016,40.028681165843054,26.81910595417078,24.714666996801395,5.423493115881088,5.301561305145457,4,1,1,6
91,7,34.35028616791523,21.7642986282448,21.808430975096588,49.98586300485104,26.6727203466978,28.6449565366799,4.893406295771161,5.423493115881088,4,1,1,7
91,8,8.401497712495281,23.40285842883747,23.29381356778834,61.64810941779336,34.790257849679534,30.0,4.324798075903325,4.893406295771161,4,0,0,8
91,9,8.401497712495281,21.65720049136597,21.535800603793707,73.81076787118607,37.637996017710336,29.932328723360296,4.21290674893594,4.324798075903325,4,0,0,9
92,0,48.32398464305757,21.0,21.0,40.0,27.065947488318407,17.376935257325343,4.661795681377699,0.0,0,0,0,0
92,1,48.32398464305757,19.14131894976637,18.94753870514651,47.999718894215874,27.065947488318407,17.376935257325343,4.661795681377699,4.661795681377699,0,0,0,1
92,2,44.01631268431715,18.136230924686025,18.064193035052654,56.284248755851024,29.49427817771545,16.530887720257606,2.900088198674786,4.661795681377699,0,0,0,2
92,3,38.74917202398768,17.838570101526546,15.926999852382712,50.094039989094014,28.00786036073844,20.935424268389266,1.3891117352713782,2.900088198674786,1,1,1,3
92,4,31.76453010176311,17.93342175086675,18.34810610392817,45.05798228595852,31.6472855333335,23.70794944924712,0.873080240278071,1.3891117352713782,2,1,1,4
92,5,24.821917414072065,19.465712055174016,19.34475318294827,39.70310203559552,26.705838462230226,26.878160146864204,0.8678265859613807,0.873080240278071,3,1,1,5
92,6,16.034671067163096,20.70093250533463,20.51820604696981,34.510580577544886,32.71834895067292,21.76764294904577,1.098405793363621,0.8678265859613807,4,1,1,6
92,7,10.197304997237657,22.32933366360543,22.22958224554364,43.29710971659578,28.2712592755334,20.542791496971606,0.9728943449875732,1.098405793363621,4,0,0,7
92,8,0.0,23.74029618417804,23.55552922499818,52.363627765449664,30.552081972887542,19.81746274296733,1.6995508328729427,0.9728943449875732,4,0,0,8
92,9,0.0,21.721678275236,21.63787258839366,61.17209149341395,27.948849164808426,20.987060434993165,1.87858257132217,1.6995508328729427,4,0,0,9
93,0,70.52432735854796,21.0,21.0,40.0,28.27672314685522,22.63261691160744,3.072379387462028,0.0,0,0,0,0
93,1,70.52432735854796,19.165534462937103,19.05265233823215,49.16368121052328,28.27672314685522,22.63261691160744,3.072379387462028,3.072379387462028,0,0,0,1
93,2,69.9374611857316,17.954403079800954,18.01880114030372,57.4112214593938,24.6029400383865,21.2167280108942,0.5121653530295818,3.072379387462028,0,1,0,2
93,3,68.99537143610101,18.897004682866083,15.799416199559476,50.56474698800071,24.6054086528025,20.69195539501366,0.1884179499261205,0.5121653530295818,1,1,1,3
93,4,61.86051410886736,17.987324108498147,18.988641669137333,44.23873806944825,22.293394279507464,25.89544506186779,0.8918571659042063,0.1884179499261205,2,1,1,4
93,5,47.6426216229396,19.921515265035392,19.552379283621,39.22977443888368,29.47139663455322,26.034360973421364,1.7772365607409708,0.8918571659042063,3,1,1,5
93,6,22.3163347414245,20.9157787632807,20.892504848324783,33.96578109921623,30.394830679874104,23.694095210862294,3.165785860189388,1.7772365607409708,4,1,1,6
93,7,0.0,22.74791522299106,22.547698377781803,44.6105144825429,34.74867933497493,24.388728350173245,3.71938912357075,3.165785860189388,4,0,0,7
93,8,0.0,21.103514349191947,20.985413075630543,54.84769937006037,32.890782865653094,23.98246650944396,3.8348572223139694,3.71938912357075,4,0,0,8
93,9,0.0,19.4979926870997,19.408789536528648,65.75711901127801,33.41978176381356,27.18810513184,3.66131683950656,3.8348572223139694,4,0,0,9
94,0,221.76433252810403,21.0,21.0,40.0,29.554693354139125,18.02535461582833,7.811426527632514,0.0,0,0,0,0
94,1,221.76433252810403,19.191093867082785,18.96050709231657,48.56440863459415,29.554693354139125,18.02535461582833,7.811426527632514,7.811426527632514,0,0,0,1
94,2,211.14630212468967,18.132459543354837,18.07844772696342,57.73064214428688,29.99998355987032,20.923535938422617,7.915596555623323,7.811426527632514,0,0,0,2
94,3,211.14630212468967,16.772925576305195,16.692349919395802,67.27846448564271,28.9412087716588,24.102248680318056,7.713137180669317,7.915596555623323,0,1,1,3
94,4,171.78441675204965,18.767328889006382,18.638017584521,77.18915946258642,31.36680830824302,23.692608230333143,6.560314228773335,7.713137180669317,0,1,1,4
94,5,125.80926526752204,19.825877280848648,19.869773018685333,70.69801395319566,23.508148256082208,23.76326558063576,5.74689393556595,6.560314228773335,1,1,1,5
94,6,83.5796103237313,20.98972921835454,20.905038120672483,64.41615257821366,26.005111144437336,22.42899232788485,5.278706867973844,5.74689393556595,2,1,1,6
94,7,41.35712612972765,21.94321258891475,21.883886445417,58.74373667145582,28.028292634620712,23.7916189945024,5.277810524250457,5.278706867973844,3,1,1,7
94,8,0.0,22.654372621077982,22.57106383153071,52.70447079722216,27.41859394204349,22.36326231221393,5.169640766215956,5.277810524250457,4,0,0,8
94,9,0.0,20.853360283923084,20.71982974817993,62.20583758964352,30.355764849687365,22.42960621932021,4.993070247271379,5.169640766215956,4,0,0,9
95,0,140.48750633105257,21.0,21.0,40.0,32.571571039308665,22.40559973019679,5.317958751712844,0.0,0,0,0,0
95,1,140.48750633105257,19.251431420786176,19.048111994603936,49.895890738510985,32.571571039308665,22.40559973019679,5.317958751712844,5.317958751712844,0,0,0,1
95,2,135.3043093644719,18.115330798333822,18.07127294930368,59.37913895654508,31.559716313492576,21.124996008919044,4.512108285838666,5.317958751712844,0,0,0,2
95,3,127.28324760588008,16.01935656113263,15.98593408676144,53.58395620135264,26.734932518137946,24.40294106412629,4.010530879295906,4.512108285838666,1,1,1,3
95,4,102.27239960342088,17.321500172235076,17.282895396219207,47.71197029987452,26.571382676297155,24.13980675993552,3.126356000307401,4.010530879295906,2,1,1,4
95,5,79.17383617709285,18.676756679212097,18.555864070880947,41.7412611766075,28.3932145748782,21.76951251808285,2.887320428291002,3.126356000307401,3,1,1,5
95,6,48.99158535569312,19.93069208306717,19.790858110908907,35.85098484663857,29.70733183874901,20.90224410586804,3.772781352674967,2.887320428291002,4,1,1,6
95,7,24.849676389356823,21.70215321606087,21.534323131898223,44.8660236374394,30.28628131414441,19.79726752363799,4.023651494389383,3.772781352674967,4,1,1,7
95,8,0.0,23.16383934122178,22.949120519675,53.998512197417085,31.99471994760506,18.741327607826527,4.141612731559471,4.023651494389383,4,0,0,8
95,9,0.0,21.22011961306082,21.026519520015665,62.37198129146621,29.710029860088312,16.80924288462907,4.606456320129894,4.141612731559471,4,0,0,9
96,0,130.00795822785858,21.0,21.0,40.0,30.951060259904587,16.20258696163729,5.189564356705251,0.0,0,0,0,0
96,1,130.00795822785858,19.219021205198093,18.92405173923275,48.48765649987754,30.951060259904587,16.20258696163729,5.189564356705251,5.189564356705251,0,0,0,1
96,2,124.31698382220696,18.10904569845412,18.078824568340465,57.53938859382839,32.69917114618926,17.58822937575991,4.25090791983298,5.189564356705251,0,0,0,2
96,3,117.70725237542312,16.077540432794436,15.93870702771057,51.832558346962,29.51185402832009,22.116866822422164,3.3048657233919205,4.25090791983298,1,1,1,3
96,4,96.13519634493484,17.300231791268892,17.240933425428242,45.30274909752096,26.05201732458676,21.00459795629633,2.696507003811034,3.3048657233919205,2,1,1,4
96,5,74.32556821106645,18.66769033773088,18.59058794248876,40.07512359462624,29.51778233903909,24.77318708932355,2.7262035167335497,2.696507003811034,3,1,1,5
96,6,46.60798788880231,19.990640283526822,19.87330254743735,35.258555003524734,31.799020835715226,24.775598102609774,3.464697540283019,2.7262035167335497,4,1,1,6
96,7,24.791631616410104,21.84764629142928,21.68087555898412,45.74862295681078,34.18837897981699,24.08977631621657,3.6360593787320337,3.464697540283019,4,1,1,7
96,8,0.0,23.28897024334889,23.16334235258198,55.56971756221535,31.67229611085739,22.889340585834667,4.131938602735017,3.6360593787320337,4,0,0,8
96,9,0.0,21.36137311461145,21.35700044304612,65.44003932371817,28.469086418503974,26.36603447873395,4.592179556820354,4.131938602735017,4,0,0,9
97,0,251.2748726825535,21.0,21.0,40.0,25.74624457539805,23.99470783301664,7.161468431630273,0.0,0,0,0,0
97,1,251.2748726825535,19.11492489150796,19.07989415666033,48.95337143351465,25.74624457539805,23.99470783301664,7.161468431630273,7.161468431630273,0,0,0,1
97,2,241.28273199059495,18.07007719958425,18.06340098412773,58.10587624694095,27.24755569183167,23.5996932716478,8.146168038116139,7.161468431630273,0,0,0,2
97,3,241.28273199059495,16.692120595981663,16.671568630427934,67.36659776618497,26.28809719711157,25.1603556875774,8.945759258582381,8.146168038116139,0,1,1,3
97,4,189.94139381239657,18.72579402339945,18.615338952379524,77.52222004465327,31.125578401785297,25.294545367483057,8.5568896963664,8.945759258582381,0,1,1,4
97,5,126.99219460321628,20.04765184509038,19.88864894114059,73.71705824729756,35.900258416517154,26.29328715372887,7.868649901147535,8.5568896963664,1,1,1,5
97,6,70.6424216016617,21.1113367351539,21.139869838327552,68.69388104015977,28.19259084712164,27.2342024465573,7.043721625194324,7.868649901147535,2,1,1,6
97,7,17.26562123493087,22.118789978415123,22.15146809090309,64.1227386491992,27.938097827996906,30.0,6.672100045841353,7.043721625194324,3,0,0,7
97,8,7.2916655039868115,19.917153192061065,19.89731962548846,59.79521187604267,29.896512284109445,29.39500564279867,4.986977865472029,6.672100045841353,4,0,0,8
97,9,7.2916655039868115,18.44789837034672,18.42678270457069,70.83880349777293,31.353286787390346,30.0,4.023472954179632,4.986977865472029,4,0,0,9
98,0,103.65350039850838,21.0,21.0,40.0,32.36557186423817,17.598937635510342,4.164480213099557,0.0,0,0,0,0
98,1,103.65350039850838,19.247311437284765,18.951978752710207,48.993611709954735,32.36557186423817,17.598937635510342,4.164480213099557,4.164480213099557,0,0,0,1
98,2,100.1379007695383,18.204968403177112,18.069131797267307,59.57352431007583,36.255569754784936,22.52172246811,2.918470662313587,4.164480213099557,0,0,0,2
98,3,89.23358477858916,17.940253014525883,16.08905453123419,55.93260073629412,36.20402772264635,26.90195242301085,2.9424141428703865,2.918470662313587,1,1,1,3
98,4,67.9428967400215,18.175405732951926,18.54620055754469,52.72097446048238,37.35960057705839,28.131364557320808,2.661336004820958,2.9424141428703865,2,1,1,4
98,5,49.786446624909736,19.784334964964465,19.515293982861365,48.203932268267565,33.06439061197947,25.174263875715987,2.269556264388969,2.661336004820958,3,1,1,5
98,6,29.8114174870277,20.85881585853594,20.829834548190902,43.2747914514199,30.71694896648893,25.2322687176907,2.4968786422352545,2.269556264388969,4,1,1,6
98,7,9.42026102953341,22.631326305614017,22.52325477878427,53.61926114689235,31.65378604131045,25.8154900446476,3.3985260762490483,2.4968786422352545,4,0,0,7
98,8,9.42026102953341,21.100584231166813,20.899826539629053,64.20215953080432,35.2264186949781,23.56746121564393,4.217509699698926,3.3985260762490483,4,0,0,8
98,9,9.42026102953341,19.4638176935128,19.374945497673348,75.21639277765784,34.322579934890555,26.86760476985126,4.536949672707271,4.217509699698926,4,0,0,9
99,0,98.17183817648744,21.0,21.0,40.0,30.8160831342532,21.123359991682484,2.3091296276005293,0.0,0,0,0,0
99,1,91.24444929368585,22.216321662685065,19.022467199833653,49.34909976266842,30.8160831342532,21.123359991682484,2.3091296276005293,2.3091296276005293,0,0,0,1
99,2,91.24444929368585,18.44675576815044,19.26386766168125,59.07921261437672,30.55420238786085,23.50198012162969,1.1908137979180042,2.3091296276005293,0,0,0,2
99,3,86.68356783050388,17.944870835895525,16.57897243936619,54.84462293434213,33.584646196717216,26.223188914201728,1.533824359173963,1.1908137979180042,1,1,1,3
99,4,71.32391325938535,18.34043477753707,18.69880323741029,50.485942769623776,30.84424824181074,28.27419528753179,1.9199568213898148,1.533824359173963,2,1,1,4
99,5,54.501334969432776,19.901366895061013,19.715920220358356,46.255007117699726,31.86247105206172,27.96566421502689,2.102822286244072,1.9199568213898148,3,1,1,5
99,6,32.99635259420733,21.02615370083208,20.981764590241443,41.62624610246452,31.30957500493805,26.30841935486638,2.6881227969031807,2.102822286244072,4,1,1,6
99,7,9.724753585223583,22.71558529302928,22.73978836864021,52.0917791301697,28.798766516115133,29.343083637802536,3.878599834830625,2.6881227969031807,4,0,0,7
99,8,9.724753585223583,21.21543415557723,21.109115810890668,63.15551039923319,33.209022408591885,28.25615130842749,5.148069847758547,3.878599834830625,4,0,0,8
99,9,9.724753585223583,19.58017772110413,19.442049441985688,73.19539190827632,32.13915431045234,23.637965184231728,5.428476534698603,5.148069847758547,4,0,0,9
